Time,Driver,DriverNumber,LapTime,LapNumber,Stint,PitOutTime,PitInTime,IsPersonalBest,Compound,TyreLife,FreshTyre,Team,TrackStatus,Position,IsAccurate,RoundNumber,EventName,IsSlick,CompoundName,IsValid,DeltaToRep,PctFromRep,DeltaToFastest,PctFromFastest,DeltaToLapRep,PctFromLapRep,FuelAdjLapTime
0 days 00:48:24.706000,NOR,1,,1.0,1.0,,,False,MEDIUM,5.0,False,McLaren,12,4.0,False,2,Chinese Grand Prix,True,C3,False,,,,,,,
0 days 00:50:02.796000,NOR,1,98.09,2.0,1.0,,,True,MEDIUM,6.0,False,McLaren,1,4.0,True,2,Chinese Grand Prix,True,C3,True,-0.988,-0.997,3.337,3.522,-1.345,-1.353,98.148
0 days 00:51:40.743000,NOR,1,97.947,3.0,1.0,,,True,MEDIUM,7.0,False,McLaren,1,4.0,True,2,Chinese Grand Prix,True,C3,True,-1.131,-1.142,3.194,3.371,-1.315,-1.325,98.063
0 days 00:53:18.765000,NOR,1,98.022,4.0,1.0,,,False,MEDIUM,8.0,False,McLaren,1,4.0,True,2,Chinese Grand Prix,True,C3,True,-1.056,-1.066,3.269,3.45,-0.968,-0.978,98.196
0 days 00:54:56.285000,NOR,1,97.52,5.0,1.0,,,True,MEDIUM,9.0,False,McLaren,1,4.0,True,2,Chinese Grand Prix,True,C3,True,-1.558,-1.572,2.767,2.92,-1.222,-1.238,97.752
0 days 00:56:33.654000,NOR,1,97.369,6.0,1.0,,,True,MEDIUM,10.0,False,McLaren,1,4.0,True,2,Chinese Grand Prix,True,C3,True,-1.709,-1.725,2.616,2.761,-1.309,-1.327,97.658
0 days 00:58:12.293000,NOR,1,98.639,7.0,1.0,,,False,MEDIUM,11.0,False,McLaren,1,5.0,True,2,Chinese Grand Prix,True,C3,True,-0.439,-0.443,3.886,4.101,-0.573,-0.578,98.986
0 days 00:59:49.648000,NOR,1,97.355,8.0,1.0,,,True,MEDIUM,12.0,False,McLaren,1,5.0,True,2,Chinese Grand Prix,True,C3,True,-1.723,-1.739,2.602,2.746,-1.885,-1.899,97.76
0 days 01:01:27.190000,NOR,1,97.542,9.0,1.0,,,False,MEDIUM,13.0,False,McLaren,1,5.0,True,2,Chinese Grand Prix,True,C3,True,-1.536,-1.55,2.789,2.943,-1.757,-1.769,98.005
0 days 01:03:05.039000,NOR,1,97.849,10.0,1.0,,,False,MEDIUM,14.0,False,McLaren,1,5.0,True,2,Chinese Grand Prix,True,C3,True,-1.229,-1.24,3.096,3.267,-1.871,-1.876,98.37
0 days 01:04:43.021000,NOR,1,97.982,11.0,1.0,,,False,MEDIUM,15.0,False,McLaren,1,5.0,True,2,Chinese Grand Prix,True,C3,True,-1.096,-1.106,3.229,3.408,-2.228,-2.223,98.561
0 days 01:06:21.096000,NOR,1,98.075,12.0,1.0,,,False,MEDIUM,16.0,False,McLaren,1,5.0,True,2,Chinese Grand Prix,True,C3,True,-1.003,-1.012,3.322,3.506,-1.591,-1.596,98.712
0 days 01:08:10.434000,NOR,1,109.338,13.0,1.0,,0 days 01:08:08.812000,False,MEDIUM,17.0,False,McLaren,124,5.0,False,2,Chinese Grand Prix,True,C3,False,10.26,10.355,14.585,15.393,-5.676,-4.935,110.033
0 days 01:10:46.109000,NOR,1,,14.0,2.0,0 days 01:08:31.262000,,False,SOFT,4.0,False,McLaren,4,3.0,False,2,Chinese Grand Prix,True,C4,False,,,,,,,
0 days 01:13:14.080000,NOR,1,147.971,15.0,2.0,,,False,SOFT,5.0,False,McLaren,4,3.0,False,2,Chinese Grand Prix,True,C4,False,48.893,49.348,53.218,56.165,1.116,0.76,148.782
0 days 01:15:36.304000,NOR,1,142.224,16.0,2.0,,,False,SOFT,6.0,False,McLaren,41,3.0,False,2,Chinese Grand Prix,True,C4,False,43.146,43.548,47.471,50.1,4.951,3.607,143.092
0 days 01:17:12.870000,NOR,1,96.566,17.0,2.0,,,True,SOFT,7.0,False,McLaren,1,3.0,True,2,Chinese Grand Prix,True,C4,True,-2.512,-2.535,1.813,1.913,-1.783,-1.813,97.492
0 days 01:18:49.394000,NOR,1,96.524,18.0,2.0,,,True,SOFT,8.0,False,McLaren,1,4.0,True,2,Chinese Grand Prix,True,C4,True,-2.554,-2.578,1.771,1.869,-0.839,-0.862,97.508
0 days 01:20:25.102000,NOR,1,95.708,19.0,2.0,,,True,SOFT,9.0,False,McLaren,1,4.0,True,2,Chinese Grand Prix,True,C4,True,-3.37,-3.401,0.955,1.008,-2.174,-2.221,96.75
0 days 00:48:25.726000,GAS,10,,1.0,1.0,,,False,MEDIUM,7.0,False,Alpine,12,6.0,False,2,Chinese Grand Prix,True,C3,False,,,,,,,
0 days 00:50:06.164000,GAS,10,100.438,2.0,1.0,,,True,MEDIUM,8.0,False,Alpine,1,8.0,True,2,Chinese Grand Prix,True,C3,True,1.36,1.373,5.685,6.0,1.003,1.009,100.496
0 days 00:51:45.531000,GAS,10,99.367,3.0,1.0,,,True,MEDIUM,9.0,False,Alpine,1,9.0,True,2,Chinese Grand Prix,True,C3,True,0.289,0.292,4.614,4.87,0.105,0.106,99.483
0 days 00:53:24.628000,GAS,10,99.097,4.0,1.0,,,True,MEDIUM,10.0,False,Alpine,1,8.0,True,2,Chinese Grand Prix,True,C3,True,0.019,0.019,4.344,4.585,0.107,0.108,99.271
0 days 00:55:04.732000,GAS,10,100.104,5.0,1.0,,,False,MEDIUM,11.0,False,Alpine,1,10.0,True,2,Chinese Grand Prix,True,C3,True,1.026,1.036,5.351,5.647,1.362,1.379,100.336
0 days 00:56:43.473000,GAS,10,98.741,6.0,1.0,,,True,MEDIUM,12.0,False,Alpine,1,10.0,True,2,Chinese Grand Prix,True,C3,True,-0.337,-0.34,3.988,4.209,0.063,0.064,99.03
0 days 00:58:23.001000,GAS,10,99.528,7.0,1.0,,,False,MEDIUM,13.0,False,Alpine,1,10.0,True,2,Chinese Grand Prix,True,C3,True,0.45,0.454,4.775,5.039,0.316,0.319,99.875
0 days 01:00:02.237000,GAS,10,99.236,8.0,1.0,,,False,MEDIUM,14.0,False,Alpine,1,10.0,True,2,Chinese Grand Prix,True,C3,True,0.158,0.159,4.483,4.731,-0.004,-0.004,99.641
0 days 01:01:41.623000,GAS,10,99.386,9.0,1.0,,,False,MEDIUM,15.0,False,Alpine,1,10.0,True,2,Chinese Grand Prix,True,C3,True,0.308,0.311,4.633,4.89,0.087,0.088,99.849
0 days 01:03:21.620000,GAS,10,99.997,10.0,1.0,,,False,MEDIUM,16.0,False,Alpine,1,10.0,True,2,Chinese Grand Prix,True,C3,True,0.919,0.928,5.244,5.534,0.277,0.278,100.518
0 days 01:05:01.831000,GAS,10,100.211,11.0,1.0,,,False,MEDIUM,17.0,False,Alpine,1,10.0,True,2,Chinese Grand Prix,True,C3,True,1.133,1.144,5.458,5.76,0.001,0.001,100.79
0 days 01:06:41.050000,GAS,10,99.219,12.0,1.0,,,False,MEDIUM,18.0,False,Alpine,1,9.0,True,2,Chinese Grand Prix,True,C3,True,0.141,0.142,4.466,4.713,-0.447,-0.448,99.856
0 days 01:08:34.943000,GAS,10,113.893,13.0,1.0,,,False,MEDIUM,19.0,False,Alpine,124,9.0,False,2,Chinese Grand Prix,True,C3,False,14.815,14.953,19.14,20.2,-1.121,-0.975,114.588
0 days 01:10:54.570000,GAS,10,139.627,14.0,1.0,,,False,MEDIUM,20.0,False,Alpine,4,9.0,False,2,Chinese Grand Prix,True,C3,False,40.549,40.926,44.874,47.359,2.319,1.689,140.38
0 days 01:13:22.216000,GAS,10,147.646,15.0,1.0,,,False,MEDIUM,21.0,False,Alpine,4,9.0,False,2,Chinese Grand Prix,True,C3,False,48.568,49.02,52.893,55.822,0.791,0.539,148.457
0 days 01:15:39.763000,GAS,10,137.547,16.0,1.0,,,False,MEDIUM,22.0,False,Alpine,41,9.0,False,2,Chinese Grand Prix,True,C3,False,38.469,38.827,42.794,45.164,0.274,0.2,138.415
0 days 01:17:18.112000,GAS,10,98.349,17.0,1.0,,,True,MEDIUM,23.0,False,Alpine,1,9.0,True,2,Chinese Grand Prix,True,C3,True,-0.729,-0.736,3.596,3.795,0.0,0.0,99.275
0 days 01:18:56.807000,GAS,10,98.695,18.0,1.0,,,False,MEDIUM,24.0,False,Alpine,1,11.0,True,2,Chinese Grand Prix,True,C3,True,-0.383,-0.387,3.942,4.16,1.332,1.368,99.679
0 days 01:20:35.459000,GAS,10,98.652,19.0,1.0,,,False,MEDIUM,25.0,False,Alpine,1,11.0,True,2,Chinese Grand Prix,True,C3,True,-0.426,-0.43,3.899,4.115,0.77,0.787,99.694
0 days 00:48:33.236000,PER,11,,1.0,1.0,,,False,MEDIUM,1.0,True,Cadillac,12,18.0,False,2,Chinese Grand Prix,True,C3,False,,,,,,,
0 days 00:50:15.608000,PER,11,102.372,2.0,1.0,,,True,MEDIUM,2.0,True,Cadillac,1,20.0,True,2,Chinese Grand Prix,True,C3,True,3.294,3.325,7.619,8.041,2.937,2.954,102.43
0 days 00:51:55.519000,PER,11,99.911,3.0,1.0,,,True,MEDIUM,3.0,True,Cadillac,1,20.0,True,2,Chinese Grand Prix,True,C3,True,0.833,0.841,5.158,5.444,0.649,0.654,100.027
0 days 00:53:35.561000,PER,11,100.042,4.0,1.0,,,False,MEDIUM,4.0,True,Cadillac,1,20.0,True,2,Chinese Grand Prix,True,C3,True,0.964,0.973,5.289,5.582,1.052,1.063,100.216
0 days 00:55:15.207000,PER,11,99.646,5.0,1.0,,,True,MEDIUM,5.0,True,Cadillac,1,20.0,True,2,Chinese Grand Prix,True,C3,True,0.568,0.573,4.893,5.164,0.904,0.916,99.878
0 days 00:56:54.662000,PER,11,99.455,6.0,1.0,,,True,MEDIUM,6.0,True,Cadillac,1,20.0,True,2,Chinese Grand Prix,True,C3,True,0.377,0.381,4.702,4.962,0.777,0.787,99.744
0 days 00:58:34.614000,PER,11,99.952,7.0,1.0,,,False,MEDIUM,7.0,True,Cadillac,1,20.0,True,2,Chinese Grand Prix,True,C3,True,0.874,0.882,5.199,5.487,0.74,0.746,100.299
0 days 01:00:14.975000,PER,11,100.361,8.0,1.0,,,False,MEDIUM,8.0,True,Cadillac,1,21.0,True,2,Chinese Grand Prix,True,C3,True,1.283,1.295,5.608,5.919,1.121,1.13,100.766
0 days 01:01:55.194000,PER,11,100.219,9.0,1.0,,,False,MEDIUM,9.0,True,Cadillac,1,21.0,True,2,Chinese Grand Prix,True,C3,True,1.141,1.152,5.466,5.769,0.92,0.926,100.682
0 days 01:03:35.847000,PER,11,100.653,10.0,1.0,,,False,MEDIUM,10.0,True,Cadillac,1,20.0,True,2,Chinese Grand Prix,True,C3,True,1.575,1.59,5.9,6.227,0.933,0.936,101.174
0 days 01:05:17.362000,PER,11,101.515,11.0,1.0,,,False,MEDIUM,11.0,True,Cadillac,1,20.0,True,2,Chinese Grand Prix,True,C3,True,2.437,2.46,6.762,7.136,1.305,1.302,102.094
0 days 01:06:59.091000,PER,11,101.729,12.0,1.0,,,False,MEDIUM,12.0,True,Cadillac,1,20.0,True,2,Chinese Grand Prix,True,C3,True,2.651,2.676,6.976,7.362,2.063,2.07,102.366
0 days 01:09:06.295000,PER,11,127.204,13.0,1.0,,0 days 01:09:04.638000,False,MEDIUM,13.0,True,Cadillac,124,19.0,False,2,Chinese Grand Prix,True,C3,False,28.126,28.388,32.451,34.248,12.19,10.599,127.899
0 days 01:11:38.165000,PER,11,,14.0,2.0,0 days 01:09:30.421000,,False,SOFT,1.0,True,Cadillac,4,19.0,False,2,Chinese Grand Prix,True,C4,False,,,,,,,
0 days 01:13:35.175000,PER,11,117.01,15.0,2.0,,,False,SOFT,2.0,True,Cadillac,4,19.0,False,2,Chinese Grand Prix,True,C4,False,17.932,18.099,22.257,23.489,-29.845,-20.323,117.821
0 days 01:15:45.971000,PER,11,130.796,16.0,2.0,,,False,SOFT,3.0,True,Cadillac,41,19.0,False,2,Chinese Grand Prix,True,C4,False,31.718,32.013,36.043,38.039,-6.477,-4.718,131.664
0 days 01:17:25.489000,PER,11,99.518,17.0,2.0,,,False,SOFT,4.0,True,Cadillac,1,19.0,True,2,Chinese Grand Prix,True,C4,True,0.44,0.444,4.765,5.029,1.169,1.189,100.444
0 days 01:19:04.351000,PER,11,98.862,18.0,2.0,,,True,SOFT,5.0,True,Cadillac,1,19.0,True,2,Chinese Grand Prix,True,C4,True,-0.216,-0.218,4.109,4.337,1.499,1.54,99.846
0 days 01:20:43.938000,PER,11,99.587,19.0,2.0,,,False,SOFT,6.0,True,Cadillac,1,19.0,True,2,Chinese Grand Prix,True,C4,True,0.509,0.514,4.834,5.102,1.705,1.742,100.629
0 days 00:48:26.702000,ANT,12,,1.0,1.0,,,False,MEDIUM,4.0,False,Mercedes,12,8.0,False,2,Chinese Grand Prix,True,C3,False,,,,,,,
0 days 00:50:04.359000,ANT,12,97.657,2.0,1.0,,,True,MEDIUM,5.0,False,Mercedes,1,6.0,True,2,Chinese Grand Prix,True,C3,True,-1.421,-1.434,2.904,3.065,-1.778,-1.788,97.715
0 days 00:51:41.595000,ANT,12,97.236,3.0,1.0,,,True,MEDIUM,6.0,False,Mercedes,1,6.0,True,2,Chinese Grand Prix,True,C3,True,-1.842,-1.859,2.483,2.62,-2.026,-2.041,97.352
0 days 00:53:19.714000,ANT,12,98.119,4.0,1.0,,,False,MEDIUM,7.0,False,Mercedes,1,5.0,True,2,Chinese Grand Prix,True,C3,True,-0.959,-0.968,3.366,3.552,-0.871,-0.88,98.293
0 days 00:54:57.951000,ANT,12,98.237,5.0,1.0,,,False,MEDIUM,8.0,False,Mercedes,1,6.0,True,2,Chinese Grand Prix,True,C3,True,-0.841,-0.849,3.484,3.677,-0.505,-0.511,98.469
0 days 00:56:35.202000,ANT,12,97.251,6.0,1.0,,,False,MEDIUM,9.0,False,Mercedes,1,5.0,True,2,Chinese Grand Prix,True,C3,True,-1.827,-1.844,2.498,2.636,-1.427,-1.446,97.54
0 days 00:58:11.687000,ANT,12,96.485,7.0,1.0,,,True,MEDIUM,10.0,False,Mercedes,1,4.0,True,2,Chinese Grand Prix,True,C3,True,-2.593,-2.617,1.732,1.828,-2.727,-2.749,96.832
0 days 00:59:48.512000,ANT,12,96.825,8.0,1.0,,,False,MEDIUM,11.0,False,Mercedes,1,4.0,True,2,Chinese Grand Prix,True,C3,True,-2.253,-2.274,2.072,2.187,-2.415,-2.433,97.23
0 days 01:01:25.589000,ANT,12,97.077,9.0,1.0,,,False,MEDIUM,12.0,False,Mercedes,1,4.0,True,2,Chinese Grand Prix,True,C3,True,-2.001,-2.02,2.324,2.453,-2.222,-2.238,97.54
0 days 01:03:03.117000,ANT,12,97.528,10.0,1.0,,,False,MEDIUM,13.0,False,Mercedes,1,4.0,True,2,Chinese Grand Prix,True,C3,True,-1.55,-1.564,2.775,2.929,-2.192,-2.198,98.049
0 days 01:04:40.491000,ANT,12,97.374,11.0,1.0,,,False,MEDIUM,14.0,False,Mercedes,1,3.0,True,2,Chinese Grand Prix,True,C3,True,-1.704,-1.72,2.621,2.766,-2.836,-2.83,97.953
0 days 01:06:17.557000,ANT,12,97.066,12.0,1.0,,,False,MEDIUM,15.0,False,Mercedes,1,3.0,True,2,Chinese Grand Prix,True,C3,True,-2.012,-2.031,2.313,2.441,-2.6,-2.609,97.703
0 days 01:08:06.745000,ANT,12,109.188,13.0,1.0,,0 days 01:08:05.124000,False,MEDIUM,16.0,False,Mercedes,124,2.0,False,2,Chinese Grand Prix,True,C3,False,10.11,10.204,14.435,15.234,-5.826,-5.065,109.883
0 days 01:10:51.880000,ANT,12,,14.0,2.0,0 days 01:08:38.700000,,False,SOFT,6.0,False,Mercedes,4,7.0,False,2,Chinese Grand Prix,True,C4,False,,,,,,,
0 days 01:13:19.754000,ANT,12,147.874,15.0,2.0,,,False,SOFT,7.0,False,Mercedes,4,7.0,False,2,Chinese Grand Prix,True,C4,False,48.796,49.25,53.121,56.063,1.019,0.694,148.685
0 days 01:15:39.445000,ANT,12,139.691,16.0,2.0,,,False,SOFT,8.0,False,Mercedes,41,8.0,False,2,Chinese Grand Prix,True,C4,False,40.613,40.991,44.938,47.426,2.418,1.761,140.559
0 days 01:17:16.592000,ANT,12,97.147,17.0,2.0,,,False,SOFT,9.0,False,Mercedes,1,7.0,True,2,Chinese Grand Prix,True,C4,True,-1.931,-1.949,2.394,2.527,-1.202,-1.222,98.073
0 days 01:18:51.352000,ANT,12,94.76,18.0,2.0,,,True,SOFT,10.0,False,Mercedes,1,5.0,True,2,Chinese Grand Prix,True,C4,True,-4.318,-4.358,0.007,0.007,-2.603,-2.674,95.744
0 days 01:20:26.524000,ANT,12,95.172,19.0,2.0,,,False,SOFT,11.0,False,Mercedes,1,5.0,True,2,Chinese Grand Prix,True,C4,True,-3.906,-3.942,0.419,0.442,-2.71,-2.769,96.214
0 days 00:48:33.562000,ALO,14,,1.0,1.0,,,False,HARD,1.0,True,Aston Martin,12,19.0,False,2,Chinese Grand Prix,True,C2,False,,,,,,,
0 days 00:50:14.749000,ALO,14,101.187,2.0,1.0,,,True,HARD,2.0,True,Aston Martin,1,19.0,True,2,Chinese Grand Prix,True,C2,True,2.109,2.129,6.434,6.79,1.752,1.762,101.245
0 days 00:51:54.944000,ALO,14,100.195,3.0,1.0,,,True,HARD,3.0,True,Aston Martin,1,19.0,True,2,Chinese Grand Prix,True,C2,True,1.117,1.127,5.442,5.743,0.933,0.94,100.311
0 days 00:53:34.805000,ALO,14,99.861,4.0,1.0,,,True,HARD,4.0,True,Aston Martin,1,19.0,True,2,Chinese Grand Prix,True,C2,True,0.783,0.79,5.108,5.391,0.871,0.88,100.035
0 days 00:55:14.515000,ALO,14,99.71,5.0,1.0,,,True,HARD,5.0,True,Aston Martin,1,19.0,True,2,Chinese Grand Prix,True,C2,True,0.632,0.638,4.957,5.231,0.968,0.98,99.942
0 days 00:56:53.770000,ALO,14,99.255,6.0,1.0,,,True,HARD,6.0,True,Aston Martin,1,19.0,True,2,Chinese Grand Prix,True,C2,True,0.177,0.179,4.502,4.751,0.577,0.585,99.544
0 days 00:58:33.360000,ALO,14,99.59,7.0,1.0,,,False,HARD,7.0,True,Aston Martin,1,19.0,True,2,Chinese Grand Prix,True,C2,True,0.512,0.517,4.837,5.105,0.378,0.381,99.937
0 days 01:00:12.643000,ALO,14,99.283,8.0,1.0,,,False,HARD,8.0,True,Aston Martin,1,18.0,True,2,Chinese Grand Prix,True,C2,True,0.205,0.207,4.53,4.781,0.043,0.043,99.688
0 days 01:01:51.978000,ALO,14,99.335,9.0,1.0,,,False,HARD,9.0,True,Aston Martin,1,18.0,True,2,Chinese Grand Prix,True,C2,True,0.257,0.259,4.582,4.836,0.036,0.036,99.798
0 days 01:03:31.452000,ALO,14,99.474,10.0,1.0,,,False,HARD,10.0,True,Aston Martin,1,18.0,True,2,Chinese Grand Prix,True,C2,True,0.396,0.4,4.721,4.982,-0.246,-0.247,99.995
0 days 01:05:11.339000,ALO,14,99.887,11.0,1.0,,,False,HARD,11.0,True,Aston Martin,1,18.0,True,2,Chinese Grand Prix,True,C2,True,0.809,0.817,5.134,5.418,-0.323,-0.322,100.466
0 days 01:06:51.078000,ALO,14,99.739,12.0,1.0,,,False,HARD,12.0,True,Aston Martin,1,18.0,True,2,Chinese Grand Prix,True,C2,True,0.661,0.667,4.986,5.262,0.073,0.073,100.376
0 days 01:08:49.797000,ALO,14,118.719,13.0,1.0,,,False,HARD,13.0,True,Aston Martin,124,17.0,False,2,Chinese Grand Prix,True,C2,False,19.641,19.824,23.966,25.293,3.705,3.221,119.414
0 days 01:11:04.104000,ALO,14,134.307,14.0,1.0,,,False,HARD,14.0,True,Aston Martin,4,13.0,False,2,Chinese Grand Prix,True,C2,False,35.229,35.557,39.554,41.744,-3.001,-2.186,135.06
0 days 01:13:27.369000,ALO,14,143.265,15.0,1.0,,,False,HARD,15.0,True,Aston Martin,4,13.0,False,2,Chinese Grand Prix,True,C2,False,44.187,44.598,48.512,51.198,-3.59,-2.445,144.076
0 days 01:15:42.703000,ALO,14,135.334,16.0,1.0,,,False,HARD,16.0,True,Aston Martin,41,13.0,False,2,Chinese Grand Prix,True,C2,False,36.256,36.593,40.581,42.828,-1.939,-1.413,136.202
0 days 01:17:23.422000,ALO,14,100.719,17.0,1.0,,,False,HARD,17.0,True,Aston Martin,1,16.0,True,2,Chinese Grand Prix,True,C2,True,1.641,1.656,5.966,6.296,2.37,2.41,101.645
0 days 01:19:03.791000,ALO,14,100.369,18.0,1.0,,,False,HARD,18.0,True,Aston Martin,1,18.0,True,2,Chinese Grand Prix,True,C2,True,1.291,1.303,5.616,5.927,3.006,3.087,101.353
0 days 01:20:42.278000,ALO,14,98.487,19.0,1.0,,,True,HARD,19.0,True,Aston Martin,1,17.0,True,2,Chinese Grand Prix,True,C2,True,-0.591,-0.596,3.734,3.941,0.605,0.618,99.529
0 days 00:48:23.584000,LEC,16,,1.0,1.0,,,False,MEDIUM,5.0,False,Ferrari,12,3.0,False,2,Chinese Grand Prix,True,C3,False,,,,,,,
0 days 00:50:01.249000,LEC,16,97.665,2.0,1.0,,,True,MEDIUM,6.0,False,Ferrari,1,3.0,True,2,Chinese Grand Prix,True,C3,True,-1.413,-1.426,2.912,3.073,-1.77,-1.78,97.723
0 days 00:51:38.785000,LEC,16,97.536,3.0,1.0,,,True,MEDIUM,7.0,False,Ferrari,1,3.0,True,2,Chinese Grand Prix,True,C3,True,-1.542,-1.556,2.783,2.937,-1.726,-1.739,97.652
0 days 00:53:16.857000,LEC,16,98.072,4.0,1.0,,,False,MEDIUM,8.0,False,Ferrari,1,3.0,True,2,Chinese Grand Prix,True,C3,True,-1.006,-1.015,3.319,3.503,-0.918,-0.927,98.246
0 days 00:54:53.886000,LEC,16,97.029,5.0,1.0,,,True,MEDIUM,9.0,False,Ferrari,1,3.0,True,2,Chinese Grand Prix,True,C3,True,-2.049,-2.068,2.276,2.402,-1.713,-1.735,97.261
0 days 00:56:31.421000,LEC,16,97.535,6.0,1.0,,,False,MEDIUM,10.0,False,Ferrari,1,3.0,True,2,Chinese Grand Prix,True,C3,True,-1.543,-1.557,2.782,2.936,-1.143,-1.158,97.824
0 days 00:58:08.788000,LEC,16,97.367,7.0,1.0,,,False,MEDIUM,11.0,False,Ferrari,1,3.0,True,2,Chinese Grand Prix,True,C3,True,-1.711,-1.727,2.614,2.759,-1.845,-1.86,97.714
0 days 00:59:45.734000,LEC,16,96.946,8.0,1.0,,,True,MEDIUM,12.0,False,Ferrari,1,2.0,True,2,Chinese Grand Prix,True,C3,True,-2.132,-2.152,2.193,2.314,-2.294,-2.312,97.351
0 days 01:01:24.241000,LEC,16,98.507,9.0,1.0,,,False,MEDIUM,13.0,False,Ferrari,1,2.0,True,2,Chinese Grand Prix,True,C3,True,-0.571,-0.576,3.754,3.962,-0.792,-0.798,98.97
0 days 01:03:01.643000,LEC,16,97.402,10.0,1.0,,,False,MEDIUM,14.0,False,Ferrari,1,2.0,True,2,Chinese Grand Prix,True,C3,True,-1.676,-1.692,2.649,2.796,-2.318,-2.325,97.923
0 days 01:04:39.140000,LEC,16,97.497,11.0,1.0,,,False,MEDIUM,15.0,False,Ferrari,1,2.0,True,2,Chinese Grand Prix,True,C3,True,-1.581,-1.596,2.744,2.896,-2.713,-2.707,98.076
0 days 01:06:16.968000,LEC,16,97.828,12.0,1.0,,,False,MEDIUM,16.0,False,Ferrari,1,2.0,True,2,Chinese Grand Prix,True,C3,True,-1.25,-1.262,3.075,3.245,-1.838,-1.844,98.465
0 days 01:08:07.625000,LEC,16,110.657,13.0,1.0,,0 days 01:08:05.920000,False,MEDIUM,17.0,False,Ferrari,124,3.0,False,2,Chinese Grand Prix,True,C3,False,11.579,11.687,15.904,16.785,-4.357,-3.788,111.352
0 days 01:10:43.508000,LEC,16,,14.0,2.0,0 days 01:08:29.044000,,False,SOFT,6.0,False,Ferrari,4,2.0,False,2,Chinese Grand Prix,True,C4,False,,,,,,,
0 days 01:13:12.167000,LEC,16,148.659,15.0,2.0,,,False,SOFT,7.0,False,Ferrari,4,2.0,False,2,Chinese Grand Prix,True,C4,False,49.581,50.042,53.906,56.891,1.804,1.228,149.47
0 days 01:15:35.763000,LEC,16,143.596,16.0,2.0,,,False,SOFT,8.0,False,Ferrari,41,2.0,False,2,Chinese Grand Prix,True,C4,False,44.518,44.932,48.843,51.548,6.323,4.606,144.464
0 days 01:17:11.639000,LEC,16,95.876,17.0,2.0,,,True,SOFT,9.0,False,Ferrari,1,2.0,True,2,Chinese Grand Prix,True,C4,True,-3.202,-3.232,1.123,1.185,-2.473,-2.515,96.802
0 days 01:18:46.392000,LEC,16,94.753,18.0,2.0,,,True,SOFT,10.0,False,Ferrari,1,2.0,True,2,Chinese Grand Prix,True,C4,True,-4.325,-4.365,0.0,0.0,-2.61,-2.681,95.737
0 days 01:20:21.400000,LEC,16,95.008,19.0,2.0,,,False,SOFT,11.0,False,Ferrari,1,2.0,True,2,Chinese Grand Prix,True,C4,True,-4.07,-4.108,0.255,0.269,-2.874,-2.936,96.05
0 days 00:48:32.512000,STR,18,,1.0,1.0,,,False,MEDIUM,1.0,True,Aston Martin,12,16.0,False,2,Chinese Grand Prix,True,C3,False,,,,,,,
0 days 00:50:13.833000,STR,18,101.321,2.0,1.0,,,True,MEDIUM,2.0,True,Aston Martin,1,17.0,True,2,Chinese Grand Prix,True,C3,True,2.243,2.264,6.568,6.932,1.886,1.897,101.379
0 days 00:51:53.984000,STR,18,100.151,3.0,1.0,,,True,MEDIUM,3.0,True,Aston Martin,1,18.0,True,2,Chinese Grand Prix,True,C3,True,1.073,1.083,5.398,5.697,0.889,0.896,100.267
0 days 00:53:34.059000,STR,18,100.075,4.0,1.0,,,True,MEDIUM,4.0,True,Aston Martin,1,18.0,True,2,Chinese Grand Prix,True,C3,True,0.997,1.006,5.322,5.617,1.085,1.096,100.249
0 days 00:55:13.548000,STR,18,99.489,5.0,1.0,,,True,MEDIUM,5.0,True,Aston Martin,1,18.0,True,2,Chinese Grand Prix,True,C3,True,0.411,0.415,4.736,4.998,0.747,0.757,99.721
0 days 00:56:53.187000,STR,18,99.639,6.0,1.0,,,False,MEDIUM,6.0,True,Aston Martin,1,18.0,True,2,Chinese Grand Prix,True,C3,True,0.561,0.566,4.886,5.157,0.961,0.974,99.928
0 days 00:58:32.894000,STR,18,99.707,7.0,1.0,,,False,MEDIUM,7.0,True,Aston Martin,1,18.0,True,2,Chinese Grand Prix,True,C3,True,0.629,0.635,4.954,5.228,0.495,0.499,100.054
0 days 01:00:13.556000,STR,18,100.662,8.0,1.0,,,False,MEDIUM,8.0,True,Aston Martin,1,19.0,True,2,Chinese Grand Prix,True,C3,True,1.584,1.599,5.909,6.236,1.422,1.433,101.067
0 days 01:01:53.193000,STR,18,99.637,9.0,1.0,,,False,MEDIUM,9.0,True,Aston Martin,1,19.0,True,2,Chinese Grand Prix,True,C3,True,0.559,0.564,4.884,5.154,0.338,0.34,100.1
0 days 01:03:33.257000,STR,18,100.064,10.0,1.0,,,False,MEDIUM,10.0,True,Aston Martin,1,19.0,True,2,Chinese Grand Prix,True,C3,True,0.986,0.995,5.311,5.605,0.344,0.345,100.585
0 days 01:05:13.945000,STR,18,100.688,11.0,1.0,,,False,MEDIUM,11.0,True,Aston Martin,1,19.0,True,2,Chinese Grand Prix,True,C3,True,1.61,1.625,5.935,6.264,0.478,0.477,101.267
0 days 01:06:55.015000,STR,18,101.07,12.0,1.0,,,False,MEDIUM,12.0,True,Aston Martin,1,19.0,True,2,Chinese Grand Prix,True,C3,True,1.992,2.011,6.317,6.667,1.404,1.409,101.707
0 days 01:09:00.031000,STR,18,125.016,13.0,1.0,,0 days 01:08:58.326000,False,MEDIUM,13.0,True,Aston Martin,124,18.0,False,2,Chinese Grand Prix,True,C3,False,25.938,26.179,30.263,31.939,10.002,8.696,125.711
0 days 01:11:32.783000,STR,18,,14.0,2.0,0 days 01:09:21.427000,,False,MEDIUM,8.0,False,Aston Martin,4,18.0,False,2,Chinese Grand Prix,True,C3,False,,,,,,,
0 days 01:13:34.156000,STR,18,121.373,15.0,2.0,,,False,MEDIUM,9.0,False,Aston Martin,4,18.0,False,2,Chinese Grand Prix,True,C3,False,22.295,22.502,26.62,28.094,-25.482,-17.352,122.184
0 days 01:15:45.556000,STR,18,131.4,16.0,2.0,,,False,MEDIUM,10.0,False,Aston Martin,41,18.0,False,2,Chinese Grand Prix,True,C3,False,32.322,32.623,36.647,38.676,-5.873,-4.278,132.268
0 days 01:17:24.887000,STR,18,99.331,17.0,2.0,,,True,MEDIUM,11.0,False,Aston Martin,1,18.0,True,2,Chinese Grand Prix,True,C3,True,0.253,0.255,4.578,4.832,0.982,0.998,100.257
0 days 01:19:03.419000,STR,18,98.532,18.0,2.0,,,True,MEDIUM,12.0,False,Aston Martin,1,17.0,True,2,Chinese Grand Prix,True,C3,True,-0.546,-0.551,3.779,3.988,1.169,1.201,99.516
0 days 01:20:42.682000,STR,18,99.263,19.0,2.0,,,False,MEDIUM,13.0,False,Aston Martin,1,18.0,True,2,Chinese Grand Prix,True,C3,True,0.185,0.187,4.51,4.76,1.381,1.411,100.305
0 days 00:48:33.059000,ALB,23,,1.0,1.0,0 days 00:46:51.896000,,False,MEDIUM,1.0,True,Williams,12,17.0,False,2,Chinese Grand Prix,True,C3,False,,,,,,,
0 days 00:50:13.120000,ALB,23,100.061,2.0,1.0,,,True,MEDIUM,2.0,True,Williams,1,16.0,True,2,Chinese Grand Prix,True,C3,True,0.983,0.992,5.308,5.602,0.626,0.63,100.119
0 days 00:51:52.596000,ALB,23,99.476,3.0,1.0,,,True,MEDIUM,3.0,True,Williams,1,16.0,True,2,Chinese Grand Prix,True,C3,True,0.398,0.402,4.723,4.985,0.214,0.216,99.592
0 days 00:53:32.551000,ALB,23,99.955,4.0,1.0,,,False,MEDIUM,4.0,True,Williams,1,17.0,True,2,Chinese Grand Prix,True,C3,True,0.877,0.885,5.202,5.49,0.965,0.975,100.129
0 days 00:55:11.603000,ALB,23,99.052,5.0,1.0,,,True,MEDIUM,5.0,True,Williams,1,17.0,True,2,Chinese Grand Prix,True,C3,True,-0.026,-0.026,4.299,4.537,0.31,0.314,99.284
0 days 00:56:50.162000,ALB,23,98.559,6.0,1.0,,,True,MEDIUM,6.0,True,Williams,1,17.0,True,2,Chinese Grand Prix,True,C3,True,-0.519,-0.524,3.806,4.017,-0.119,-0.121,98.848
0 days 00:58:28.953000,ALB,23,98.791,7.0,1.0,,,False,MEDIUM,7.0,True,Williams,1,17.0,True,2,Chinese Grand Prix,True,C3,True,-0.287,-0.29,4.038,4.262,-0.421,-0.424,99.138
0 days 01:00:08.197000,ALB,23,99.244,8.0,1.0,,,False,MEDIUM,8.0,True,Williams,1,17.0,True,2,Chinese Grand Prix,True,C3,True,0.166,0.168,4.491,4.74,0.004,0.004,99.649
0 days 01:01:47.122000,ALB,23,98.925,9.0,1.0,,,False,MEDIUM,9.0,True,Williams,1,17.0,True,2,Chinese Grand Prix,True,C3,True,-0.153,-0.154,4.172,4.403,-0.374,-0.377,99.388
0 days 01:03:26.390000,ALB,23,99.268,10.0,1.0,,,False,MEDIUM,10.0,True,Williams,1,17.0,True,2,Chinese Grand Prix,True,C3,True,0.19,0.192,4.515,4.765,-0.452,-0.453,99.789
0 days 01:05:06.378000,ALB,23,99.988,11.0,1.0,,,False,MEDIUM,11.0,True,Williams,1,17.0,True,2,Chinese Grand Prix,True,C3,True,0.91,0.918,5.235,5.525,-0.222,-0.222,100.567
0 days 01:06:47.549000,ALB,23,101.171,12.0,1.0,,,False,MEDIUM,12.0,True,Williams,1,17.0,True,2,Chinese Grand Prix,True,C3,True,2.093,2.112,6.418,6.773,1.505,1.51,101.808
0 days 01:08:48.142000,ALB,23,120.593,13.0,1.0,,0 days 01:08:46.532000,False,MEDIUM,13.0,True,Williams,124,16.0,False,2,Chinese Grand Prix,True,C3,False,21.515,21.715,25.84,27.271,5.579,4.851,121.288
0 days 01:11:20.587000,ALB,23,,14.0,2.0,0 days 01:09:10.753000,,False,SOFT,10.0,False,Williams,4,16.0,False,2,Chinese Grand Prix,True,C4,False,,,,,,,
0 days 01:13:31.148000,ALB,23,130.561,15.0,2.0,,,False,SOFT,11.0,False,Williams,4,16.0,False,2,Chinese Grand Prix,True,C4,False,31.483,31.776,35.808,37.791,-16.294,-11.095,131.372
0 days 01:15:44.350000,ALB,23,133.202,16.0,2.0,,,False,SOFT,12.0,False,Williams,41,16.0,False,2,Chinese Grand Prix,True,C4,False,34.124,34.442,38.449,40.578,-4.071,-2.966,134.07
0 days 01:17:24.009000,ALB,23,99.659,17.0,2.0,,,False,SOFT,13.0,False,Williams,1,17.0,True,2,Chinese Grand Prix,True,C4,True,0.581,0.586,4.906,5.178,1.31,1.332,100.585
0 days 01:19:02.539000,ALB,23,98.53,18.0,2.0,,,True,SOFT,14.0,False,Williams,1,16.0,True,2,Chinese Grand Prix,True,C4,True,-0.548,-0.553,3.777,3.986,1.167,1.199,99.514
0 days 01:20:40.697000,ALB,23,98.158,19.0,2.0,,,True,SOFT,15.0,False,Williams,1,16.0,True,2,Chinese Grand Prix,True,C4,True,-0.92,-0.929,3.405,3.594,0.276,0.282,99.2
0 days 00:48:34.346000,HUL,27,,1.0,1.0,,,False,MEDIUM,7.0,False,Audi,12,20.0,False,2,Chinese Grand Prix,True,C3,False,,,,,,,
0 days 00:50:14.289000,HUL,27,99.943,2.0,1.0,,,True,MEDIUM,8.0,False,Audi,1,18.0,True,2,Chinese Grand Prix,True,C3,True,0.865,0.873,5.19,5.477,0.508,0.511,100.001
0 days 00:51:53.376000,HUL,27,99.087,3.0,1.0,,,True,MEDIUM,9.0,False,Audi,1,17.0,True,2,Chinese Grand Prix,True,C3,True,0.009,0.009,4.334,4.574,-0.175,-0.176,99.203
0 days 00:53:32.108000,HUL,27,98.732,4.0,1.0,,,True,MEDIUM,10.0,False,Audi,1,16.0,True,2,Chinese Grand Prix,True,C3,True,-0.346,-0.349,3.979,4.199,-0.258,-0.261,98.906
0 days 00:55:10.135000,HUL,27,98.027,5.0,1.0,,,True,MEDIUM,11.0,False,Audi,1,16.0,True,2,Chinese Grand Prix,True,C3,True,-1.051,-1.061,3.274,3.455,-0.715,-0.724,98.259
0 days 00:56:48.294000,HUL,27,98.159,6.0,1.0,,,False,MEDIUM,12.0,False,Audi,1,16.0,True,2,Chinese Grand Prix,True,C3,True,-0.919,-0.928,3.406,3.595,-0.519,-0.526,98.448
0 days 00:58:27.106000,HUL,27,98.812,7.0,1.0,,,False,MEDIUM,13.0,False,Audi,1,16.0,True,2,Chinese Grand Prix,True,C3,True,-0.266,-0.268,4.059,4.284,-0.4,-0.403,99.159
0 days 01:00:05.952000,HUL,27,98.846,8.0,1.0,,,False,MEDIUM,14.0,False,Audi,1,16.0,True,2,Chinese Grand Prix,True,C3,True,-0.232,-0.234,4.093,4.32,-0.394,-0.397,99.251
0 days 01:01:45.128000,HUL,27,99.176,9.0,1.0,,,False,MEDIUM,15.0,False,Audi,1,16.0,True,2,Chinese Grand Prix,True,C3,True,0.098,0.099,4.423,4.668,-0.123,-0.124,99.639
0 days 01:03:25.227000,HUL,27,100.099,10.0,1.0,,,False,MEDIUM,16.0,False,Audi,1,16.0,True,2,Chinese Grand Prix,True,C3,True,1.021,1.031,5.346,5.642,0.379,0.38,100.62
0 days 01:05:05.798000,HUL,27,100.571,11.0,1.0,,,False,MEDIUM,17.0,False,Audi,1,16.0,True,2,Chinese Grand Prix,True,C3,True,1.493,1.507,5.818,6.14,0.361,0.36,101.15
0 days 01:06:47.539000,HUL,27,101.741,12.0,1.0,,,False,MEDIUM,18.0,False,Audi,1,16.0,True,2,Chinese Grand Prix,True,C3,True,2.663,2.688,6.988,7.375,2.075,2.082,102.378
0 days 01:09:17.539000,HUL,27,,13.0,1.0,,,True,MEDIUM,19.0,False,Audi,124,,False,2,Chinese Grand Prix,True,C3,False,,,,,,,
0 days 00:48:31.485000,VER,3,,1.0,1.0,,,False,MEDIUM,6.0,False,Red Bull Racing,12,15.0,False,2,Chinese Grand Prix,True,C3,False,,,,,,,
0 days 00:50:10.585000,VER,3,99.1,2.0,1.0,,,True,MEDIUM,7.0,False,Red Bull Racing,1,14.0,True,2,Chinese Grand Prix,True,C3,True,0.022,0.022,4.347,4.588,-0.335,-0.337,99.158
0 days 00:51:49.854000,VER,3,99.269,3.0,1.0,,,False,MEDIUM,8.0,False,Red Bull Racing,1,14.0,True,2,Chinese Grand Prix,True,C3,True,0.191,0.193,4.516,4.766,0.007,0.007,99.385
0 days 00:53:28.039000,VER,3,98.185,4.0,1.0,,,True,MEDIUM,9.0,False,Red Bull Racing,1,13.0,True,2,Chinese Grand Prix,True,C3,True,-0.893,-0.901,3.432,3.622,-0.805,-0.813,98.359
0 days 00:55:06.363000,VER,3,98.324,5.0,1.0,,,False,MEDIUM,10.0,False,Red Bull Racing,1,13.0,True,2,Chinese Grand Prix,True,C3,True,-0.754,-0.761,3.571,3.769,-0.418,-0.423,98.556
0 days 00:56:45.216000,VER,3,98.853,6.0,1.0,,,False,MEDIUM,11.0,False,Red Bull Racing,1,13.0,True,2,Chinese Grand Prix,True,C3,True,-0.225,-0.227,4.1,4.327,0.175,0.177,99.142
0 days 00:58:24.599000,VER,3,99.383,7.0,1.0,,,False,MEDIUM,12.0,False,Red Bull Racing,1,13.0,True,2,Chinese Grand Prix,True,C3,True,0.305,0.308,4.63,4.886,0.171,0.172,99.73
0 days 01:00:03.931000,VER,3,99.332,8.0,1.0,,,False,MEDIUM,13.0,False,Red Bull Racing,1,13.0,True,2,Chinese Grand Prix,True,C3,True,0.254,0.256,4.579,4.833,0.092,0.093,99.737
0 days 01:01:43.406000,VER,3,99.475,9.0,1.0,,,False,MEDIUM,14.0,False,Red Bull Racing,1,13.0,True,2,Chinese Grand Prix,True,C3,True,0.397,0.401,4.722,4.983,0.176,0.177,99.938
0 days 01:03:23.155000,VER,3,99.749,10.0,1.0,,,False,MEDIUM,15.0,False,Red Bull Racing,1,13.0,True,2,Chinese Grand Prix,True,C3,True,0.671,0.677,4.996,5.273,0.029,0.029,100.27
0 days 01:05:03.367000,VER,3,100.212,11.0,1.0,,,False,MEDIUM,16.0,False,Red Bull Racing,1,13.0,True,2,Chinese Grand Prix,True,C3,True,1.134,1.145,5.459,5.761,0.002,0.002,100.791
0 days 01:06:42.963000,VER,3,99.596,12.0,1.0,,,False,MEDIUM,17.0,False,Red Bull Racing,1,11.0,True,2,Chinese Grand Prix,True,C3,True,0.518,0.523,4.843,5.111,-0.07,-0.07,100.233
0 days 01:08:43.517000,VER,3,120.554,13.0,1.0,,0 days 01:08:41.903000,False,MEDIUM,18.0,False,Red Bull Racing,124,13.0,False,2,Chinese Grand Prix,True,C3,False,21.476,21.676,25.801,27.23,5.54,4.817,121.249
0 days 01:11:15.709000,VER,3,,14.0,2.0,0 days 01:09:05.940000,,False,SOFT,9.0,False,Red Bull Racing,4,14.0,False,2,Chinese Grand Prix,True,C4,False,,,,,,,
0 days 01:13:28.680000,VER,3,132.971,15.0,2.0,,,False,SOFT,10.0,False,Red Bull Racing,4,14.0,False,2,Chinese Grand Prix,True,C4,False,33.893,34.208,38.218,40.334,-13.884,-9.454,133.782
0 days 01:15:42.883000,VER,3,134.203,16.0,2.0,,,False,SOFT,11.0,False,Red Bull Racing,41,14.0,False,2,Chinese Grand Prix,True,C4,False,35.125,35.452,39.45,41.635,-3.07,-2.236,135.071
0 days 01:17:19.578000,VER,3,96.695,17.0,2.0,,,True,SOFT,12.0,False,Red Bull Racing,1,12.0,True,2,Chinese Grand Prix,True,C4,True,-2.383,-2.405,1.942,2.05,-1.654,-1.682,97.621
0 days 01:18:56.539000,VER,3,96.961,18.0,2.0,,,False,SOFT,13.0,False,Red Bull Racing,1,10.0,True,2,Chinese Grand Prix,True,C4,True,-2.117,-2.137,2.208,2.33,-0.402,-0.413,97.945
0 days 01:20:32.313000,VER,3,95.774,19.0,2.0,,,True,SOFT,14.0,False,Red Bull Racing,1,9.0,True,2,Chinese Grand Prix,True,C4,True,-3.304,-3.335,1.021,1.078,-2.108,-2.154,96.816
0 days 00:48:27.833000,LAW,30,,1.0,1.0,,,False,HARD,1.0,True,Racing Bulls,12,10.0,False,2,Chinese Grand Prix,True,C2,False,,,,,,,
0 days 00:50:07.004000,LAW,30,99.171,2.0,1.0,,,True,HARD,2.0,True,Racing Bulls,1,10.0,True,2,Chinese Grand Prix,True,C2,True,0.093,0.094,4.418,4.663,-0.264,-0.266,99.229
0 days 00:51:46.259000,LAW,30,99.255,3.0,1.0,,,False,HARD,3.0,True,Racing Bulls,1,10.0,True,2,Chinese Grand Prix,True,C2,True,0.177,0.179,4.502,4.751,-0.007,-0.007,99.371
0 days 00:53:25.379000,LAW,30,99.12,4.0,1.0,,,True,HARD,4.0,True,Racing Bulls,1,10.0,True,2,Chinese Grand Prix,True,C2,True,0.042,0.042,4.367,4.609,0.13,0.131,99.294
0 days 00:55:04.148000,LAW,30,98.769,5.0,1.0,,,True,HARD,5.0,True,Racing Bulls,1,9.0,True,2,Chinese Grand Prix,True,C2,True,-0.309,-0.312,4.016,4.238,0.027,0.027,99.001
0 days 00:56:43.171000,LAW,30,99.023,6.0,1.0,,,False,HARD,6.0,True,Racing Bulls,1,9.0,True,2,Chinese Grand Prix,True,C2,True,-0.055,-0.056,4.27,4.506,0.345,0.35,99.312
0 days 00:58:22.606000,LAW,30,99.435,7.0,1.0,,,False,HARD,7.0,True,Racing Bulls,1,9.0,True,2,Chinese Grand Prix,True,C2,True,0.357,0.36,4.682,4.941,0.223,0.225,99.782
0 days 01:00:01.754000,LAW,30,99.148,8.0,1.0,,,False,HARD,8.0,True,Racing Bulls,1,9.0,True,2,Chinese Grand Prix,True,C2,True,0.07,0.071,4.395,4.638,-0.092,-0.093,99.553
0 days 01:01:40.865000,LAW,30,99.111,9.0,1.0,,,False,HARD,9.0,True,Racing Bulls,1,8.0,True,2,Chinese Grand Prix,True,C2,True,0.033,0.033,4.358,4.599,-0.188,-0.189,99.574
0 days 01:03:19.556000,LAW,30,98.691,10.0,1.0,,,True,HARD,10.0,True,Racing Bulls,1,7.0,True,2,Chinese Grand Prix,True,C2,True,-0.387,-0.391,3.938,4.156,-1.029,-1.032,99.212
0 days 01:04:58.486000,LAW,30,98.93,11.0,1.0,,,False,HARD,11.0,True,Racing Bulls,1,7.0,True,2,Chinese Grand Prix,True,C2,True,-0.148,-0.149,4.177,4.408,-1.28,-1.277,99.509
0 days 01:06:37.499000,LAW,30,99.013,12.0,1.0,,,False,HARD,12.0,True,Racing Bulls,1,7.0,True,2,Chinese Grand Prix,True,C2,True,-0.065,-0.066,4.26,4.496,-0.653,-0.655,99.65
0 days 01:08:30.469000,LAW,30,112.97,13.0,1.0,,,False,HARD,13.0,True,Racing Bulls,124,7.0,False,2,Chinese Grand Prix,True,C2,False,13.892,14.021,18.217,19.226,-2.044,-1.777,113.665
0 days 01:10:50.225000,LAW,30,139.756,14.0,1.0,,,False,HARD,14.0,True,Racing Bulls,4,5.0,False,2,Chinese Grand Prix,True,C2,False,40.678,41.057,45.003,47.495,2.448,1.783,140.509
0 days 01:13:16.687000,LAW,30,146.462,15.0,1.0,,,False,HARD,15.0,True,Racing Bulls,4,5.0,False,2,Chinese Grand Prix,True,C2,False,47.384,47.825,51.709,54.572,-0.393,-0.268,147.273
0 days 01:15:37.059000,LAW,30,140.372,16.0,1.0,,,False,HARD,16.0,True,Racing Bulls,41,5.0,False,2,Chinese Grand Prix,True,C2,False,41.294,41.678,45.619,48.145,3.099,2.258,141.24
0 days 01:17:15.784000,LAW,30,98.725,17.0,1.0,,,False,HARD,17.0,True,Racing Bulls,1,6.0,True,2,Chinese Grand Prix,True,C2,True,-0.353,-0.356,3.972,4.192,0.376,0.382,99.651
0 days 01:18:53.697000,LAW,30,97.913,18.0,1.0,,,True,HARD,18.0,True,Racing Bulls,1,7.0,True,2,Chinese Grand Prix,True,C2,True,-1.165,-1.176,3.16,3.335,0.55,0.565,98.897
0 days 01:20:31.579000,LAW,30,97.882,19.0,1.0,,,True,HARD,19.0,True,Racing Bulls,1,7.0,True,2,Chinese Grand Prix,True,C2,True,-1.196,-1.207,3.129,3.302,0.0,0.0,98.924
0 days 00:48:28.295000,OCO,31,,1.0,1.0,,,False,MEDIUM,8.0,False,Haas F1 Team,12,11.0,False,2,Chinese Grand Prix,True,C3,False,,,,,,,
0 days 00:50:07.491000,OCO,31,99.196,2.0,1.0,,,True,MEDIUM,9.0,False,Haas F1 Team,1,11.0,True,2,Chinese Grand Prix,True,C3,True,0.118,0.119,4.443,4.689,-0.239,-0.24,99.254
0 days 00:51:46.897000,OCO,31,99.406,3.0,1.0,,,False,MEDIUM,10.0,False,Haas F1 Team,1,11.0,True,2,Chinese Grand Prix,True,C3,True,0.328,0.331,4.653,4.911,0.144,0.145,99.522
0 days 00:53:26.228000,OCO,31,99.331,4.0,1.0,,,False,MEDIUM,11.0,False,Haas F1 Team,1,11.0,True,2,Chinese Grand Prix,True,C3,True,0.253,0.255,4.578,4.832,0.341,0.344,99.505
0 days 00:55:05.347000,OCO,31,99.119,5.0,1.0,,,True,MEDIUM,12.0,False,Haas F1 Team,1,11.0,True,2,Chinese Grand Prix,True,C3,True,0.041,0.041,4.366,4.608,0.377,0.382,99.351
0 days 00:56:44.070000,OCO,31,98.723,6.0,1.0,,,True,MEDIUM,13.0,False,Haas F1 Team,1,11.0,True,2,Chinese Grand Prix,True,C3,True,-0.355,-0.358,3.97,4.19,0.045,0.046,99.012
0 days 00:58:23.564000,OCO,31,99.494,7.0,1.0,,,False,MEDIUM,14.0,False,Haas F1 Team,1,11.0,True,2,Chinese Grand Prix,True,C3,True,0.416,0.42,4.741,5.004,0.282,0.284,99.841
0 days 01:00:02.910000,OCO,31,99.346,8.0,1.0,,,False,MEDIUM,15.0,False,Haas F1 Team,1,11.0,True,2,Chinese Grand Prix,True,C3,True,0.268,0.27,4.593,4.847,0.106,0.107,99.751
0 days 01:01:42.309000,OCO,31,99.399,9.0,1.0,,,False,MEDIUM,16.0,False,Haas F1 Team,1,11.0,True,2,Chinese Grand Prix,True,C3,True,0.321,0.324,4.646,4.903,0.1,0.101,99.862
0 days 01:03:21.999000,OCO,31,99.69,10.0,1.0,,,False,MEDIUM,17.0,False,Haas F1 Team,1,11.0,True,2,Chinese Grand Prix,True,C3,True,0.612,0.618,4.937,5.21,-0.03,-0.03,100.211
0 days 01:05:02.910000,OCO,31,100.911,11.0,1.0,,,False,MEDIUM,18.0,False,Haas F1 Team,1,12.0,True,2,Chinese Grand Prix,True,C3,True,1.833,1.85,6.158,6.499,0.701,0.7,101.49
0 days 01:06:43.253000,OCO,31,100.343,12.0,1.0,,,False,MEDIUM,19.0,False,Haas F1 Team,1,12.0,True,2,Chinese Grand Prix,True,C3,True,1.265,1.277,5.59,5.9,0.677,0.679,100.98
0 days 01:08:38.267000,OCO,31,115.014,13.0,1.0,,,False,MEDIUM,20.0,False,Haas F1 Team,124,10.0,False,2,Chinese Grand Prix,True,C3,False,15.936,16.084,20.261,21.383,0.0,0.0,115.709
0 days 01:10:55.575000,OCO,31,137.308,14.0,1.0,,,False,MEDIUM,21.0,False,Haas F1 Team,4,10.0,False,2,Chinese Grand Prix,True,C3,False,38.23,38.586,42.555,44.912,0.0,0.0,138.061
0 days 01:13:22.891000,OCO,31,147.316,15.0,1.0,,,False,MEDIUM,22.0,False,Haas F1 Team,4,10.0,False,2,Chinese Grand Prix,True,C3,False,48.238,48.687,52.563,55.474,0.461,0.314,148.127
0 days 01:15:40.164000,OCO,31,137.273,16.0,1.0,,,False,MEDIUM,23.0,False,Haas F1 Team,41,10.0,False,2,Chinese Grand Prix,True,C3,False,38.195,38.55,42.52,44.875,0.0,0.0,138.141
0 days 01:17:18.806000,OCO,31,98.642,17.0,1.0,,,True,MEDIUM,24.0,False,Haas F1 Team,1,10.0,True,2,Chinese Grand Prix,True,C3,True,-0.436,-0.44,3.889,4.104,0.293,0.298,99.568
0 days 01:18:56.169000,OCO,31,97.363,18.0,1.0,,,True,MEDIUM,25.0,False,Haas F1 Team,1,9.0,True,2,Chinese Grand Prix,True,C3,True,-1.715,-1.731,2.61,2.755,0.0,0.0,98.347
0 days 01:20:34.566000,OCO,31,98.397,19.0,1.0,,,False,MEDIUM,26.0,False,Haas F1 Team,1,10.0,True,2,Chinese Grand Prix,True,C3,True,-0.681,-0.687,3.644,3.846,0.515,0.526,99.439
0 days 00:48:43.370000,LIN,41,,1.0,1.0,,,False,MEDIUM,7.0,False,Racing Bulls,12,22.0,False,2,Chinese Grand Prix,True,C3,False,,,,,,,
0 days 00:50:25.215000,LIN,41,101.845,2.0,1.0,,,True,MEDIUM,8.0,False,Racing Bulls,1,22.0,True,2,Chinese Grand Prix,True,C3,True,2.767,2.793,7.092,7.485,2.41,2.424,101.903
0 days 00:52:04.807000,LIN,41,99.592,3.0,1.0,,,True,MEDIUM,9.0,False,Racing Bulls,1,22.0,True,2,Chinese Grand Prix,True,C3,True,0.514,0.519,4.839,5.107,0.33,0.332,99.708
0 days 00:53:44.115000,LIN,41,99.308,4.0,1.0,,,True,MEDIUM,10.0,False,Racing Bulls,1,22.0,True,2,Chinese Grand Prix,True,C3,True,0.23,0.232,4.555,4.807,0.318,0.321,99.482
0 days 00:55:23.184000,LIN,41,99.069,5.0,1.0,,,True,MEDIUM,11.0,False,Racing Bulls,1,22.0,True,2,Chinese Grand Prix,True,C3,True,-0.009,-0.009,4.316,4.555,0.327,0.331,99.301
0 days 00:57:01.659000,LIN,41,98.475,6.0,1.0,,,True,MEDIUM,12.0,False,Racing Bulls,1,22.0,True,2,Chinese Grand Prix,True,C3,True,-0.603,-0.609,3.722,3.928,-0.203,-0.206,98.764
0 days 00:58:40.763000,LIN,41,99.104,7.0,1.0,,,False,MEDIUM,13.0,False,Racing Bulls,1,22.0,True,2,Chinese Grand Prix,True,C3,True,0.026,0.026,4.351,4.592,-0.108,-0.109,99.451
0 days 01:00:20.050000,LIN,41,99.287,8.0,1.0,,,False,MEDIUM,14.0,False,Racing Bulls,1,22.0,True,2,Chinese Grand Prix,True,C3,True,0.209,0.211,4.534,4.785,0.047,0.047,99.692
0 days 01:01:59.497000,LIN,41,99.447,9.0,1.0,,,False,MEDIUM,15.0,False,Racing Bulls,1,22.0,True,2,Chinese Grand Prix,True,C3,True,0.369,0.372,4.694,4.954,0.148,0.149,99.91
0 days 01:03:39.351000,LIN,41,99.854,10.0,1.0,,,False,MEDIUM,16.0,False,Racing Bulls,1,22.0,True,2,Chinese Grand Prix,True,C3,True,0.776,0.783,5.101,5.383,0.134,0.134,100.375
0 days 01:05:36.965000,LIN,41,117.614,11.0,1.0,,0 days 01:05:35.165000,False,MEDIUM,17.0,False,Racing Bulls,1,22.0,False,2,Chinese Grand Prix,True,C3,False,18.536,18.708,22.861,24.127,17.404,17.368,118.193
0 days 00:48:29.870000,COL,43,,1.0,1.0,,,False,MEDIUM,7.0,False,Alpine,12,12.0,False,2,Chinese Grand Prix,True,C3,False,,,,,,,
0 days 00:50:09.768000,COL,43,99.898,2.0,1.0,,,True,MEDIUM,8.0,False,Alpine,1,13.0,True,2,Chinese Grand Prix,True,C3,True,0.82,0.828,5.145,5.43,0.463,0.466,99.956
0 days 00:51:49.501000,COL,43,99.733,3.0,1.0,,,True,MEDIUM,9.0,False,Alpine,1,13.0,True,2,Chinese Grand Prix,True,C3,True,0.655,0.661,4.98,5.256,0.471,0.475,99.849
0 days 00:53:28.817000,COL,43,99.316,4.0,1.0,,,True,MEDIUM,10.0,False,Alpine,1,14.0,True,2,Chinese Grand Prix,True,C3,True,0.238,0.24,4.563,4.816,0.326,0.329,99.49
0 days 00:55:07.390000,COL,43,98.573,5.0,1.0,,,True,MEDIUM,11.0,False,Alpine,1,14.0,True,2,Chinese Grand Prix,True,C3,True,-0.505,-0.51,3.82,4.032,-0.169,-0.171,98.805
0 days 00:56:46.022000,COL,43,98.632,6.0,1.0,,,False,MEDIUM,12.0,False,Alpine,1,14.0,True,2,Chinese Grand Prix,True,C3,True,-0.446,-0.45,3.879,4.094,-0.046,-0.047,98.921
0 days 00:58:25.333000,COL,43,99.311,7.0,1.0,,,False,MEDIUM,13.0,False,Alpine,1,14.0,True,2,Chinese Grand Prix,True,C3,True,0.233,0.235,4.558,4.81,0.099,0.1,99.658
0 days 01:00:04.856000,COL,43,99.523,8.0,1.0,,,False,MEDIUM,14.0,False,Alpine,1,14.0,True,2,Chinese Grand Prix,True,C3,True,0.445,0.449,4.77,5.034,0.283,0.285,99.928
0 days 01:01:44.125000,COL,43,99.269,9.0,1.0,,,False,MEDIUM,15.0,False,Alpine,1,14.0,True,2,Chinese Grand Prix,True,C3,True,0.191,0.193,4.516,4.766,-0.03,-0.03,99.732
0 days 01:03:24.078000,COL,43,99.953,10.0,1.0,,,False,MEDIUM,16.0,False,Alpine,1,14.0,True,2,Chinese Grand Prix,True,C3,True,0.875,0.883,5.2,5.488,0.233,0.234,100.474
0 days 01:05:05.353000,COL,43,101.275,11.0,1.0,,,False,MEDIUM,17.0,False,Alpine,1,15.0,True,2,Chinese Grand Prix,True,C3,True,2.197,2.217,6.522,6.883,1.065,1.063,101.854
0 days 01:06:46.016000,COL,43,100.663,12.0,1.0,,,False,MEDIUM,18.0,False,Alpine,1,15.0,True,2,Chinese Grand Prix,True,C3,True,1.585,1.6,5.91,6.237,0.997,1.0,101.3
0 days 01:08:47.483000,COL,43,121.467,13.0,1.0,,0 days 01:08:45.837000,False,MEDIUM,19.0,False,Alpine,124,15.0,False,2,Chinese Grand Prix,True,C3,False,22.389,22.597,26.714,28.193,6.453,5.611,122.162
0 days 01:11:18.689000,COL,43,,14.0,2.0,0 days 01:09:09.366000,,False,SOFT,6.0,False,Alpine,4,15.0,False,2,Chinese Grand Prix,True,C4,False,,,,,,,
0 days 01:13:29.833000,COL,43,131.144,15.0,2.0,,,False,SOFT,7.0,False,Alpine,4,15.0,False,2,Chinese Grand Prix,True,C4,False,32.066,32.364,36.391,38.406,-15.711,-10.698,131.955
0 days 01:15:43.412000,COL,43,133.579,16.0,2.0,,,False,SOFT,8.0,False,Alpine,41,15.0,False,2,Chinese Grand Prix,True,C4,False,34.501,34.822,38.826,40.976,-3.694,-2.691,134.447
0 days 01:17:21.199000,COL,43,97.787,17.0,2.0,,,True,SOFT,9.0,False,Alpine,1,14.0,True,2,Chinese Grand Prix,True,C4,True,-1.291,-1.303,3.034,3.202,-0.562,-0.571,98.713
0 days 01:18:58.477000,COL,43,97.278,18.0,2.0,,,True,SOFT,10.0,False,Alpine,1,14.0,True,2,Chinese Grand Prix,True,C4,True,-1.8,-1.817,2.525,2.665,-0.085,-0.087,98.262
0 days 01:20:37.024000,COL,43,98.547,19.0,2.0,,,False,SOFT,11.0,False,Alpine,1,14.0,True,2,Chinese Grand Prix,True,C4,True,-0.531,-0.536,3.794,4.004,0.665,0.679,99.589
0 days 00:48:22.967000,HAM,44,,1.0,1.0,,,False,MEDIUM,6.0,False,Ferrari,12,2.0,False,2,Chinese Grand Prix,True,C3,False,,,,,,,
0 days 00:50:00.440000,HAM,44,97.473,2.0,1.0,,,True,MEDIUM,7.0,False,Ferrari,1,1.0,True,2,Chinese Grand Prix,True,C3,True,-1.605,-1.62,2.72,2.871,-1.962,-1.973,97.531
0 days 00:51:38.170000,HAM,44,97.73,3.0,1.0,,,False,MEDIUM,8.0,False,Ferrari,1,2.0,True,2,Chinese Grand Prix,True,C3,True,-1.348,-1.361,2.977,3.142,-1.532,-1.543,97.846
0 days 00:53:15.782000,HAM,44,97.612,4.0,1.0,,,False,MEDIUM,9.0,False,Ferrari,1,1.0,True,2,Chinese Grand Prix,True,C3,True,-1.466,-1.48,2.859,3.017,-1.378,-1.392,97.786
0 days 00:54:53.580000,HAM,44,97.798,5.0,1.0,,,False,MEDIUM,10.0,False,Ferrari,1,2.0,True,2,Chinese Grand Prix,True,C3,True,-1.28,-1.292,3.045,3.214,-0.944,-0.956,98.03
0 days 00:56:31.047000,HAM,44,97.467,6.0,1.0,,,True,MEDIUM,11.0,False,Ferrari,1,2.0,True,2,Chinese Grand Prix,True,C3,True,-1.611,-1.626,2.714,2.864,-1.211,-1.227,97.756
0 days 00:58:08.480000,HAM,44,97.433,7.0,1.0,,,True,MEDIUM,12.0,False,Ferrari,1,2.0,True,2,Chinese Grand Prix,True,C3,True,-1.645,-1.66,2.68,2.828,-1.779,-1.793,97.78
0 days 00:59:46.669000,HAM,44,98.189,8.0,1.0,,,False,MEDIUM,13.0,False,Ferrari,1,3.0,True,2,Chinese Grand Prix,True,C3,True,-0.889,-0.897,3.436,3.626,-1.051,-1.059,98.594
0 days 01:01:25.150000,HAM,44,98.481,9.0,1.0,,,False,MEDIUM,14.0,False,Ferrari,1,3.0,True,2,Chinese Grand Prix,True,C3,True,-0.597,-0.603,3.728,3.934,-0.818,-0.824,98.944
0 days 01:03:02.719000,HAM,44,97.569,10.0,1.0,,,False,MEDIUM,15.0,False,Ferrari,1,3.0,True,2,Chinese Grand Prix,True,C3,True,-1.509,-1.523,2.816,2.972,-2.151,-2.157,98.09
0 days 01:04:40.873000,HAM,44,98.154,11.0,1.0,,,False,MEDIUM,16.0,False,Ferrari,1,4.0,True,2,Chinese Grand Prix,True,C3,True,-0.924,-0.933,3.401,3.589,-2.056,-2.052,98.733
0 days 01:06:18.487000,HAM,44,97.614,12.0,1.0,,,False,MEDIUM,17.0,False,Ferrari,1,4.0,True,2,Chinese Grand Prix,True,C3,True,-1.464,-1.478,2.861,3.019,-2.052,-2.059,98.251
0 days 01:08:08.517000,HAM,44,110.03,13.0,1.0,,0 days 01:08:06.947000,False,MEDIUM,18.0,False,Ferrari,124,4.0,False,2,Chinese Grand Prix,True,C3,False,10.952,11.054,15.277,16.123,-4.984,-4.333,110.725
0 days 01:10:48.994000,HAM,44,,14.0,2.0,0 days 01:08:34.653000,,False,SOFT,6.0,False,Ferrari,4,4.0,False,2,Chinese Grand Prix,True,C4,False,,,,,,,
0 days 01:13:15.410000,HAM,44,146.416,15.0,2.0,,,False,SOFT,7.0,False,Ferrari,4,4.0,False,2,Chinese Grand Prix,True,C4,False,47.338,47.779,51.663,54.524,-0.439,-0.299,147.227
0 days 01:15:36.783000,HAM,44,141.373,16.0,2.0,,,False,SOFT,8.0,False,Ferrari,41,4.0,False,2,Chinese Grand Prix,True,C4,False,42.295,42.689,46.62,49.202,4.1,2.987,142.241
0 days 01:17:13.210000,HAM,44,96.427,17.0,2.0,,,True,SOFT,9.0,False,Ferrari,1,4.0,True,2,Chinese Grand Prix,True,C4,True,-2.651,-2.676,1.674,1.767,-1.922,-1.954,97.353
0 days 01:18:48.136000,HAM,44,94.926,18.0,2.0,,,True,SOFT,10.0,False,Ferrari,1,3.0,True,2,Chinese Grand Prix,True,C4,True,-4.152,-4.191,0.173,0.183,-2.437,-2.503,95.91
0 days 01:20:23.265000,HAM,44,95.129,19.0,2.0,,,False,SOFT,11.0,False,Ferrari,1,3.0,True,2,Chinese Grand Prix,True,C4,True,-3.949,-3.986,0.376,0.397,-2.753,-2.813,96.171
0 days 00:48:30.206000,BOR,5,,1.0,1.0,,,False,MEDIUM,7.0,False,Audi,12,13.0,False,2,Chinese Grand Prix,True,C3,False,,,,,,,
0 days 00:50:09.210000,BOR,5,99.004,2.0,1.0,,,True,MEDIUM,8.0,False,Audi,1,12.0,True,2,Chinese Grand Prix,True,C3,True,-0.074,-0.075,4.251,4.486,-0.431,-0.433,99.062
0 days 00:51:48.456000,BOR,5,99.246,3.0,1.0,,,False,MEDIUM,9.0,False,Audi,1,12.0,True,2,Chinese Grand Prix,True,C3,True,0.168,0.17,4.493,4.742,-0.016,-0.016,99.362
0 days 00:53:26.972000,BOR,5,98.516,4.0,1.0,,,True,MEDIUM,10.0,False,Audi,1,12.0,True,2,Chinese Grand Prix,True,C3,True,-0.562,-0.567,3.763,3.971,-0.474,-0.479,98.69
0 days 00:55:05.728000,BOR,5,98.756,5.0,1.0,,,False,MEDIUM,11.0,False,Audi,1,12.0,True,2,Chinese Grand Prix,True,C3,True,-0.322,-0.325,4.003,4.225,0.014,0.014,98.988
0 days 00:56:44.476000,BOR,5,98.748,6.0,1.0,,,False,MEDIUM,12.0,False,Audi,1,12.0,True,2,Chinese Grand Prix,True,C3,True,-0.33,-0.333,3.995,4.216,0.07,0.071,99.037
0 days 00:58:23.940000,BOR,5,99.464,7.0,1.0,,,False,MEDIUM,13.0,False,Audi,1,12.0,True,2,Chinese Grand Prix,True,C3,True,0.386,0.39,4.711,4.972,0.252,0.254,99.811
0 days 01:00:03.298000,BOR,5,99.358,8.0,1.0,,,False,MEDIUM,14.0,False,Audi,1,12.0,True,2,Chinese Grand Prix,True,C3,True,0.28,0.283,4.605,4.86,0.118,0.119,99.763
0 days 01:01:42.708000,BOR,5,99.41,9.0,1.0,,,False,MEDIUM,15.0,False,Audi,1,12.0,True,2,Chinese Grand Prix,True,C3,True,0.332,0.335,4.657,4.915,0.111,0.112,99.873
0 days 01:03:22.527000,BOR,5,99.819,10.0,1.0,,,False,MEDIUM,16.0,False,Audi,1,12.0,True,2,Chinese Grand Prix,True,C3,True,0.741,0.748,5.066,5.347,0.099,0.099,100.34
0 days 01:05:02.737000,BOR,5,100.21,11.0,1.0,,,False,MEDIUM,17.0,False,Audi,1,11.0,True,2,Chinese Grand Prix,True,C3,True,1.132,1.143,5.457,5.759,0.0,0.0,100.789
0 days 01:06:44.612000,BOR,5,101.875,12.0,1.0,,,False,MEDIUM,18.0,False,Audi,1,14.0,True,2,Chinese Grand Prix,True,C3,True,2.797,2.823,7.122,7.516,2.209,2.216,102.512
0 days 01:08:42.103000,BOR,5,117.491,13.0,1.0,,,False,MEDIUM,19.0,False,Audi,124,12.0,False,2,Chinese Grand Prix,True,C3,False,18.413,18.584,22.738,23.997,2.477,2.154,118.186
0 days 01:10:58.177000,BOR,5,136.074,14.0,1.0,,,False,MEDIUM,20.0,False,Audi,4,12.0,False,2,Chinese Grand Prix,True,C3,False,36.996,37.34,41.321,43.609,-1.234,-0.899,136.827
0 days 01:13:25.032000,BOR,5,146.855,15.0,1.0,,,False,MEDIUM,21.0,False,Audi,4,12.0,False,2,Chinese Grand Prix,True,C3,False,47.777,48.222,52.102,54.987,0.0,0.0,147.666
0 days 01:15:41.307000,BOR,5,136.275,16.0,1.0,,,False,MEDIUM,22.0,False,Audi,41,12.0,False,2,Chinese Grand Prix,True,C3,False,37.197,37.543,41.522,43.821,-0.998,-0.727,137.143
0 days 01:17:20.155000,BOR,5,98.848,17.0,1.0,,,False,MEDIUM,23.0,False,Audi,1,13.0,True,2,Chinese Grand Prix,True,C3,True,-0.23,-0.232,4.095,4.322,0.499,0.507,99.774
0 days 01:18:57.955000,BOR,5,97.8,18.0,1.0,,,True,MEDIUM,24.0,False,Audi,1,13.0,True,2,Chinese Grand Prix,True,C3,True,-1.278,-1.29,3.047,3.216,0.437,0.449,98.784
0 days 01:20:36.499000,BOR,5,98.544,19.0,1.0,,,False,MEDIUM,25.0,False,Audi,1,13.0,True,2,Chinese Grand Prix,True,C3,True,-0.534,-0.539,3.791,4.001,0.662,0.676,99.586
0 days 00:48:30.643000,SAI,55,,1.0,1.0,,,False,HARD,1.0,True,Williams,12,14.0,False,2,Chinese Grand Prix,True,C2,False,,,,,,,
0 days 00:50:10.880000,SAI,55,100.237,2.0,1.0,,,True,HARD,2.0,True,Williams,1,15.0,True,2,Chinese Grand Prix,True,C2,True,1.159,1.17,5.484,5.788,0.802,0.807,100.295
0 days 00:51:50.529000,SAI,55,99.649,3.0,1.0,,,True,HARD,3.0,True,Williams,1,15.0,True,2,Chinese Grand Prix,True,C2,True,0.571,0.576,4.896,5.167,0.387,0.39,99.765
0 days 00:53:29.413000,SAI,55,98.884,4.0,1.0,,,True,HARD,4.0,True,Williams,1,15.0,True,2,Chinese Grand Prix,True,C2,True,-0.194,-0.196,4.131,4.36,-0.106,-0.107,99.058
0 days 00:55:08.142000,SAI,55,98.729,5.0,1.0,,,True,HARD,5.0,True,Williams,1,15.0,True,2,Chinese Grand Prix,True,C2,True,-0.349,-0.352,3.976,4.196,-0.013,-0.013,98.961
0 days 00:56:46.476000,SAI,55,98.334,6.0,1.0,,,True,HARD,6.0,True,Williams,1,15.0,True,2,Chinese Grand Prix,True,C2,True,-0.744,-0.751,3.581,3.779,-0.344,-0.349,98.623
0 days 00:58:25.717000,SAI,55,99.241,7.0,1.0,,,False,HARD,7.0,True,Williams,1,15.0,True,2,Chinese Grand Prix,True,C2,True,0.163,0.165,4.488,4.737,0.029,0.029,99.588
0 days 01:00:05.416000,SAI,55,99.699,8.0,1.0,,,False,HARD,8.0,True,Williams,1,15.0,True,2,Chinese Grand Prix,True,C2,True,0.621,0.627,4.946,5.22,0.459,0.463,100.104
0 days 01:01:44.745000,SAI,55,99.329,9.0,1.0,,,False,HARD,9.0,True,Williams,1,15.0,True,2,Chinese Grand Prix,True,C2,True,0.251,0.253,4.576,4.829,0.03,0.03,99.792
0 days 01:03:24.514000,SAI,55,99.769,10.0,1.0,,,False,HARD,10.0,True,Williams,1,15.0,True,2,Chinese Grand Prix,True,C2,True,0.691,0.697,5.016,5.294,0.049,0.049,100.29
0 days 01:05:04.899000,SAI,55,100.385,11.0,1.0,,,False,HARD,11.0,True,Williams,1,14.0,True,2,Chinese Grand Prix,True,C2,True,1.307,1.319,5.632,5.944,0.175,0.175,100.964
0 days 01:06:44.292000,SAI,55,99.393,12.0,1.0,,,False,HARD,12.0,True,Williams,1,13.0,True,2,Chinese Grand Prix,True,C2,True,0.315,0.318,4.64,4.897,-0.273,-0.274,100.03
0 days 01:08:40.951000,SAI,55,116.659,13.0,1.0,,,False,HARD,13.0,True,Williams,124,11.0,False,2,Chinese Grand Prix,True,C2,False,17.581,17.745,21.906,23.119,1.645,1.43,117.354
0 days 01:10:57.362000,SAI,55,136.411,14.0,1.0,,,False,HARD,14.0,True,Williams,4,11.0,False,2,Chinese Grand Prix,True,C2,False,37.333,37.68,41.658,43.965,-0.897,-0.653,137.164
0 days 01:13:24.290000,SAI,55,146.928,15.0,1.0,,,False,HARD,15.0,True,Williams,4,11.0,False,2,Chinese Grand Prix,True,C2,False,47.85,48.295,52.175,55.064,0.073,0.05,147.739
0 days 01:15:40.812000,SAI,55,136.522,16.0,1.0,,,False,HARD,16.0,True,Williams,41,11.0,False,2,Chinese Grand Prix,True,C2,False,37.444,37.792,41.769,44.082,-0.751,-0.547,137.39
0 days 01:17:19.425000,SAI,55,98.613,17.0,1.0,,,False,HARD,17.0,True,Williams,1,11.0,True,2,Chinese Grand Prix,True,C2,True,-0.465,-0.469,3.86,4.074,0.264,0.268,99.539
0 days 01:18:57.338000,SAI,55,97.913,18.0,1.0,,,True,HARD,18.0,True,Williams,1,12.0,True,2,Chinese Grand Prix,True,C2,True,-1.165,-1.176,3.16,3.335,0.55,0.565,98.897
0 days 01:20:36.432000,SAI,55,99.094,19.0,1.0,,,False,HARD,19.0,True,Williams,1,12.0,True,2,Chinese Grand Prix,True,C2,True,0.016,0.016,4.341,4.581,1.212,1.238,100.136
0 days 00:48:27.095000,HAD,6,,1.0,1.0,,,False,SOFT,4.0,False,Red Bull Racing,12,9.0,False,2,Chinese Grand Prix,True,C4,False,,,,,,,
0 days 00:50:06.553000,HAD,6,99.458,2.0,1.0,,,True,SOFT,5.0,False,Red Bull Racing,1,9.0,True,2,Chinese Grand Prix,True,C4,True,0.38,0.384,4.705,4.966,0.023,0.023,99.516
0 days 00:51:45.088000,HAD,6,98.535,3.0,1.0,,,True,SOFT,6.0,False,Red Bull Racing,1,8.0,True,2,Chinese Grand Prix,True,C4,True,-0.543,-0.548,3.782,3.991,-0.727,-0.732,98.651
0 days 00:53:24.836000,HAD,6,99.748,4.0,1.0,,,False,SOFT,7.0,False,Red Bull Racing,1,9.0,True,2,Chinese Grand Prix,True,C4,True,0.67,0.676,4.995,5.272,0.758,0.766,99.922
0 days 00:55:03.540000,HAD,6,98.704,5.0,1.0,,,False,SOFT,8.0,False,Red Bull Racing,1,8.0,True,2,Chinese Grand Prix,True,C4,True,-0.374,-0.377,3.951,4.17,-0.038,-0.038,98.936
0 days 00:56:42.833000,HAD,6,99.293,6.0,1.0,,,False,SOFT,9.0,False,Red Bull Racing,1,8.0,True,2,Chinese Grand Prix,True,C4,True,0.215,0.217,4.54,4.791,0.615,0.623,99.582
0 days 00:58:22.017000,HAD,6,99.184,7.0,1.0,,,False,SOFT,10.0,False,Red Bull Racing,1,8.0,True,2,Chinese Grand Prix,True,C4,True,0.106,0.107,4.431,4.676,-0.028,-0.028,99.531
0 days 01:00:01.220000,HAD,6,99.203,8.0,1.0,,,False,SOFT,11.0,False,Red Bull Racing,1,8.0,True,2,Chinese Grand Prix,True,C4,True,0.125,0.126,4.45,4.696,-0.037,-0.037,99.608
0 days 01:01:41.386000,HAD,6,100.166,9.0,1.0,,,False,SOFT,12.0,False,Red Bull Racing,1,9.0,True,2,Chinese Grand Prix,True,C4,True,1.088,1.098,5.413,5.713,0.867,0.873,100.629
0 days 01:03:21.044000,HAD,6,99.658,10.0,1.0,,,False,SOFT,13.0,False,Red Bull Racing,1,9.0,True,2,Chinese Grand Prix,True,C4,True,0.58,0.585,4.905,5.177,-0.062,-0.062,100.179
0 days 01:05:01.482000,HAD,6,100.438,11.0,1.0,,,False,SOFT,14.0,False,Red Bull Racing,1,9.0,True,2,Chinese Grand Prix,True,C4,True,1.36,1.373,5.685,6.0,0.228,0.228,101.017
0 days 01:06:42.482000,HAD,6,101.0,12.0,1.0,,,False,SOFT,15.0,False,Red Bull Racing,1,10.0,True,2,Chinese Grand Prix,True,C4,True,1.922,1.94,6.247,6.593,1.334,1.338,101.637
0 days 01:08:45.316000,HAD,6,122.834,13.0,1.0,,0 days 01:08:43.646000,False,SOFT,16.0,False,Red Bull Racing,124,14.0,False,2,Chinese Grand Prix,True,C4,False,23.756,23.977,28.081,29.636,7.82,6.799,123.529
0 days 01:11:24.507000,HAD,6,,14.0,2.0,0 days 01:09:14.830000,,False,SOFT,8.0,False,Red Bull Racing,4,17.0,False,2,Chinese Grand Prix,True,C4,False,,,,,,,
0 days 01:13:32.726000,HAD,6,128.219,15.0,2.0,,,False,SOFT,9.0,False,Red Bull Racing,4,17.0,False,2,Chinese Grand Prix,True,C4,False,29.141,29.412,33.466,35.319,-18.636,-12.69,129.03
0 days 01:15:44.730000,HAD,6,132.004,16.0,2.0,,,False,SOFT,10.0,False,Red Bull Racing,41,17.0,False,2,Chinese Grand Prix,True,C4,False,32.926,33.232,37.251,39.314,-5.269,-3.838,132.872
0 days 01:17:22.458000,HAD,6,97.728,17.0,2.0,,,True,SOFT,11.0,False,Red Bull Racing,1,15.0,True,2,Chinese Grand Prix,True,C4,True,-1.35,-1.363,2.975,3.14,-0.621,-0.631,98.654
0 days 01:18:59.370000,HAD,6,96.912,18.0,2.0,,,True,SOFT,12.0,False,Red Bull Racing,1,15.0,True,2,Chinese Grand Prix,True,C4,True,-2.166,-2.186,2.159,2.279,-0.451,-0.463,97.896
0 days 01:20:37.173000,HAD,6,97.803,19.0,2.0,,,False,SOFT,13.0,False,Red Bull Racing,1,15.0,True,2,Chinese Grand Prix,True,C4,True,-1.275,-1.287,3.05,3.219,-0.079,-0.081,98.845
0 days 00:48:22.573000,RUS,63,,1.0,1.0,,,False,MEDIUM,4.0,False,Mercedes,12,1.0,False,2,Chinese Grand Prix,True,C3,False,,,,,,,
0 days 00:50:00.831000,RUS,63,98.258,2.0,1.0,,,True,MEDIUM,5.0,False,Mercedes,1,2.0,True,2,Chinese Grand Prix,True,C3,True,-0.82,-0.828,3.505,3.699,-1.177,-1.184,98.316
0 days 00:51:37.683000,RUS,63,96.852,3.0,1.0,,,True,MEDIUM,6.0,False,Mercedes,1,1.0,True,2,Chinese Grand Prix,True,C3,True,-2.226,-2.247,2.099,2.215,-2.41,-2.428,96.968
0 days 00:53:16.201000,RUS,63,98.518,4.0,1.0,,,False,MEDIUM,7.0,False,Mercedes,1,2.0,True,2,Chinese Grand Prix,True,C3,True,-0.56,-0.565,3.765,3.973,-0.472,-0.477,98.692
0 days 00:54:53.100000,RUS,63,96.899,5.0,1.0,,,False,MEDIUM,8.0,False,Mercedes,1,1.0,True,2,Chinese Grand Prix,True,C3,True,-2.179,-2.199,2.146,2.265,-1.843,-1.866,97.131
0 days 00:56:29.815000,RUS,63,96.715,6.0,1.0,,,True,MEDIUM,9.0,False,Mercedes,1,1.0,True,2,Chinese Grand Prix,True,C3,True,-2.363,-2.385,1.962,2.071,-1.963,-1.989,97.004
0 days 00:58:06.729000,RUS,63,96.914,7.0,1.0,,,False,MEDIUM,10.0,False,Mercedes,1,1.0,True,2,Chinese Grand Prix,True,C3,True,-2.164,-2.184,2.161,2.281,-2.298,-2.316,97.261
0 days 00:59:43.689000,RUS,63,96.96,8.0,1.0,,,False,MEDIUM,11.0,False,Mercedes,1,1.0,True,2,Chinese Grand Prix,True,C3,True,-2.118,-2.138,2.207,2.329,-2.28,-2.297,97.365
0 days 01:01:20.781000,RUS,63,97.092,9.0,1.0,,,False,MEDIUM,12.0,False,Mercedes,1,1.0,True,2,Chinese Grand Prix,True,C3,True,-1.986,-2.004,2.339,2.469,-2.207,-2.223,97.555
0 days 01:02:57.527000,RUS,63,96.746,10.0,1.0,,,False,MEDIUM,13.0,False,Mercedes,1,1.0,True,2,Chinese Grand Prix,True,C3,True,-2.332,-2.354,1.993,2.103,-2.974,-2.982,97.267
0 days 01:04:34.779000,RUS,63,97.252,11.0,1.0,,,False,MEDIUM,14.0,False,Mercedes,1,1.0,True,2,Chinese Grand Prix,True,C3,True,-1.826,-1.843,2.499,2.637,-2.958,-2.952,97.831
0 days 01:06:12.342000,RUS,63,97.563,12.0,1.0,,,False,MEDIUM,15.0,False,Mercedes,1,1.0,True,2,Chinese Grand Prix,True,C3,True,-1.515,-1.529,2.81,2.966,-2.103,-2.11,98.2
0 days 01:07:58.242000,RUS,63,105.9,13.0,1.0,,0 days 01:07:56.536000,False,MEDIUM,16.0,False,Mercedes,124,1.0,False,2,Chinese Grand Prix,True,C3,False,6.822,6.885,11.147,11.764,-9.114,-7.924,106.595
0 days 01:10:42.132000,RUS,63,,14.0,2.0,0 days 01:08:19.869000,,False,SOFT,1.0,True,Mercedes,4,1.0,False,2,Chinese Grand Prix,True,C4,False,,,,,,,
0 days 01:13:10.458000,RUS,63,148.326,15.0,2.0,,,False,SOFT,2.0,True,Mercedes,4,1.0,False,2,Chinese Grand Prix,True,C4,False,49.248,49.706,53.573,56.54,1.471,1.002,149.137
0 days 01:15:34.811000,RUS,63,144.353,16.0,2.0,,,False,SOFT,3.0,True,Mercedes,41,1.0,False,2,Chinese Grand Prix,True,C4,False,45.275,45.696,49.6,52.347,7.08,5.158,145.221
0 days 01:17:10.317000,RUS,63,95.506,17.0,2.0,,,True,SOFT,4.0,True,Mercedes,1,1.0,True,2,Chinese Grand Prix,True,C4,True,-3.572,-3.605,0.753,0.795,-2.843,-2.891,96.432
0 days 01:18:45.418000,RUS,63,95.101,18.0,2.0,,,True,SOFT,5.0,True,Mercedes,1,1.0,True,2,Chinese Grand Prix,True,C4,True,-3.977,-4.014,0.348,0.367,-2.262,-2.323,96.085
0 days 01:20:20.683000,RUS,63,95.265,19.0,2.0,,,False,SOFT,6.0,True,Mercedes,1,1.0,True,2,Chinese Grand Prix,True,C4,True,-3.813,-3.848,0.512,0.54,-2.617,-2.674,96.307
0 days 00:48:34.870000,BOT,77,,1.0,1.0,,,False,MEDIUM,1.0,True,Cadillac,12,21.0,False,2,Chinese Grand Prix,True,C3,False,,,,,,,
0 days 00:50:16.269000,BOT,77,101.399,2.0,1.0,,,True,MEDIUM,2.0,True,Cadillac,1,21.0,True,2,Chinese Grand Prix,True,C3,True,2.321,2.343,6.646,7.014,1.964,1.975,101.457
0 days 00:51:56.164000,BOT,77,99.895,3.0,1.0,,,True,MEDIUM,3.0,True,Cadillac,1,21.0,True,2,Chinese Grand Prix,True,C3,True,0.817,0.825,5.142,5.427,0.633,0.638,100.011
0 days 00:53:36.108000,BOT,77,99.944,4.0,1.0,,,False,MEDIUM,4.0,True,Cadillac,1,21.0,True,2,Chinese Grand Prix,True,C3,True,0.866,0.874,5.191,5.478,0.954,0.964,100.118
0 days 00:55:15.931000,BOT,77,99.823,5.0,1.0,,,True,MEDIUM,5.0,True,Cadillac,1,21.0,True,2,Chinese Grand Prix,True,C3,True,0.745,0.752,5.07,5.351,1.081,1.095,100.055
0 days 00:56:55.408000,BOT,77,99.477,6.0,1.0,,,True,MEDIUM,6.0,True,Cadillac,1,21.0,True,2,Chinese Grand Prix,True,C3,True,0.399,0.403,4.724,4.986,0.799,0.81,99.766
0 days 00:58:34.977000,BOT,77,99.569,7.0,1.0,,,False,MEDIUM,7.0,True,Cadillac,1,21.0,True,2,Chinese Grand Prix,True,C3,True,0.491,0.496,4.816,5.083,0.357,0.36,99.916
0 days 01:00:14.544000,BOT,77,99.567,8.0,1.0,,,False,MEDIUM,8.0,True,Cadillac,1,20.0,True,2,Chinese Grand Prix,True,C3,True,0.489,0.494,4.814,5.081,0.327,0.33,99.972
0 days 01:01:53.806000,BOT,77,99.262,9.0,1.0,,,True,MEDIUM,9.0,True,Cadillac,1,20.0,True,2,Chinese Grand Prix,True,C3,True,0.184,0.186,4.509,4.759,-0.037,-0.037,99.725
0 days 01:03:38.263000,BOT,77,104.457,10.0,1.0,,,False,MEDIUM,10.0,True,Cadillac,1,21.0,True,2,Chinese Grand Prix,True,C3,True,5.379,5.429,9.704,10.241,4.737,4.75,104.978
0 days 01:05:27.915000,BOT,77,109.652,11.0,1.0,,,False,MEDIUM,11.0,True,Cadillac,1,21.0,True,2,Chinese Grand Prix,True,C3,True,10.574,10.672,14.899,15.724,9.442,9.422,110.231
0 days 01:07:40.633000,BOT,77,132.718,12.0,1.0,,0 days 01:07:38.880000,False,MEDIUM,12.0,True,Cadillac,124,21.0,False,2,Chinese Grand Prix,True,C3,False,33.64,33.953,37.965,40.067,33.052,33.163,133.355
0 days 00:48:25.122000,PIA,81,,1.0,1.0,,,False,MEDIUM,5.0,False,McLaren,12,5.0,False,2,Chinese Grand Prix,True,C3,False,,,,,,,
0 days 00:50:03.477000,PIA,81,98.355,2.0,1.0,,,True,MEDIUM,6.0,False,McLaren,1,5.0,True,2,Chinese Grand Prix,True,C3,True,-0.723,-0.73,3.602,3.801,-1.08,-1.086,98.413
0 days 00:51:41.237000,PIA,81,97.76,3.0,1.0,,,True,MEDIUM,7.0,False,McLaren,1,5.0,True,2,Chinese Grand Prix,True,C3,True,-1.318,-1.33,3.007,3.174,-1.502,-1.513,97.876
0 days 00:53:19.870000,PIA,81,98.633,4.0,1.0,,,False,MEDIUM,8.0,False,McLaren,1,6.0,True,2,Chinese Grand Prix,True,C3,True,-0.445,-0.449,3.88,4.095,-0.357,-0.361,98.807
0 days 00:54:57.588000,PIA,81,97.718,5.0,1.0,,,True,MEDIUM,9.0,False,McLaren,1,5.0,True,2,Chinese Grand Prix,True,C3,True,-1.36,-1.373,2.965,3.129,-1.024,-1.037,97.95
0 days 00:56:35.627000,PIA,81,98.039,6.0,1.0,,,False,MEDIUM,10.0,False,McLaren,1,6.0,True,2,Chinese Grand Prix,True,C3,True,-1.039,-1.049,3.286,3.468,-0.639,-0.648,98.328
0 days 00:58:13.175000,PIA,81,97.548,7.0,1.0,,,True,MEDIUM,11.0,False,McLaren,1,6.0,True,2,Chinese Grand Prix,True,C3,True,-1.53,-1.544,2.795,2.95,-1.664,-1.677,97.895
0 days 00:59:50.778000,PIA,81,97.603,8.0,1.0,,,False,MEDIUM,12.0,False,McLaren,1,6.0,True,2,Chinese Grand Prix,True,C3,True,-1.475,-1.489,2.85,3.008,-1.637,-1.65,98.008
0 days 01:01:28.537000,PIA,81,97.759,9.0,1.0,,,False,MEDIUM,13.0,False,McLaren,1,6.0,True,2,Chinese Grand Prix,True,C3,True,-1.319,-1.331,3.006,3.172,-1.54,-1.551,98.222
0 days 01:03:06.622000,PIA,81,98.085,10.0,1.0,,,False,MEDIUM,14.0,False,McLaren,1,6.0,True,2,Chinese Grand Prix,True,C3,True,-0.993,-1.002,3.332,3.517,-1.635,-1.64,98.606
0 days 01:04:45.163000,PIA,81,98.541,11.0,1.0,,,False,MEDIUM,15.0,False,McLaren,1,6.0,True,2,Chinese Grand Prix,True,C3,True,-0.537,-0.542,3.788,3.998,-1.669,-1.666,99.12
0 days 01:06:24.178000,PIA,81,99.015,12.0,1.0,,,False,MEDIUM,16.0,False,McLaren,1,6.0,True,2,Chinese Grand Prix,True,C3,True,-0.063,-0.064,4.262,4.498,-0.651,-0.653,99.652
0 days 01:08:17.239000,PIA,81,113.061,13.0,1.0,,0 days 01:08:15.604000,False,MEDIUM,17.0,False,McLaren,124,6.0,False,2,Chinese Grand Prix,True,C3,False,13.983,14.113,18.308,19.322,-1.953,-1.698,113.756
0 days 01:10:53.024000,PIA,81,,14.0,2.0,0 days 01:08:39.106000,,False,SOFT,4.0,False,McLaren,4,8.0,False,2,Chinese Grand Prix,True,C4,False,,,,,,,
0 days 01:13:21.061000,PIA,81,148.037,15.0,2.0,,,False,SOFT,5.0,False,McLaren,4,8.0,False,2,Chinese Grand Prix,True,C4,False,48.959,49.415,53.284,56.235,1.182,0.805,148.848
0 days 01:15:39.039000,PIA,81,137.978,16.0,2.0,,,False,SOFT,6.0,False,McLaren,41,7.0,False,2,Chinese Grand Prix,True,C4,False,38.9,39.262,43.225,45.619,0.705,0.514,138.846
0 days 01:17:15.009000,PIA,81,95.97,17.0,2.0,,,True,SOFT,7.0,False,McLaren,1,5.0,True,2,Chinese Grand Prix,True,C4,True,-3.108,-3.137,1.217,1.284,-2.379,-2.419,96.896
0 days 01:18:51.883000,PIA,81,96.874,18.0,2.0,,,False,SOFT,8.0,False,McLaren,1,6.0,True,2,Chinese Grand Prix,True,C4,True,-2.204,-2.225,2.121,2.238,-0.489,-0.502,97.858
0 days 01:20:27.518000,PIA,81,95.635,19.0,2.0,,,True,SOFT,9.0,False,McLaren,1,6.0,True,2,Chinese Grand Prix,True,C4,True,-3.443,-3.475,0.882,0.931,-2.247,-2.296,96.677
0 days 00:48:26.182000,BEA,87,,1.0,1.0,,,False,MEDIUM,7.0,False,Haas F1 Team,12,7.0,False,2,Chinese Grand Prix,True,C3,False,,,,,,,
0 days 00:50:05.595000,BEA,87,99.413,2.0,1.0,,,True,MEDIUM,8.0,False,Haas F1 Team,1,7.0,True,2,Chinese Grand Prix,True,C3,True,0.335,0.338,4.66,4.918,-0.022,-0.022,99.471
0 days 00:51:43.894000,BEA,87,98.299,3.0,1.0,,,True,MEDIUM,9.0,False,Haas F1 Team,1,7.0,True,2,Chinese Grand Prix,True,C3,True,-0.779,-0.786,3.546,3.742,-0.963,-0.97,98.415
0 days 00:53:22.731000,BEA,87,98.837,4.0,1.0,,,False,MEDIUM,10.0,False,Haas F1 Team,1,7.0,True,2,Chinese Grand Prix,True,C3,True,-0.241,-0.243,4.084,4.31,-0.153,-0.155,99.011
0 days 00:55:02.293000,BEA,87,99.562,5.0,1.0,,,False,MEDIUM,11.0,False,Haas F1 Team,1,7.0,True,2,Chinese Grand Prix,True,C3,True,0.484,0.489,4.809,5.075,0.82,0.83,99.794
0 days 00:56:42.134000,BEA,87,99.841,6.0,1.0,,,False,MEDIUM,12.0,False,Haas F1 Team,1,7.0,True,2,Chinese Grand Prix,True,C3,True,0.763,0.77,5.088,5.37,1.163,1.179,100.13
0 days 00:58:21.308000,BEA,87,99.174,7.0,1.0,,,False,MEDIUM,13.0,False,Haas F1 Team,1,7.0,True,2,Chinese Grand Prix,True,C3,True,0.096,0.097,4.421,4.666,-0.038,-0.038,99.521
0 days 01:00:00.406000,BEA,87,99.098,8.0,1.0,,,False,MEDIUM,14.0,False,Haas F1 Team,1,7.0,True,2,Chinese Grand Prix,True,C3,True,0.02,0.02,4.345,4.586,-0.142,-0.143,99.503
0 days 01:01:40.053000,BEA,87,99.647,9.0,1.0,,,False,MEDIUM,15.0,False,Haas F1 Team,1,7.0,True,2,Chinese Grand Prix,True,C3,True,0.569,0.574,4.894,5.165,0.348,0.35,100.11
0 days 01:03:20.192000,BEA,87,100.139,10.0,1.0,,,False,MEDIUM,16.0,False,Haas F1 Team,1,8.0,True,2,Chinese Grand Prix,True,C3,True,1.061,1.071,5.386,5.684,0.419,0.42,100.66
0 days 01:04:59.997000,BEA,87,99.805,11.0,1.0,,,False,MEDIUM,17.0,False,Haas F1 Team,1,8.0,True,2,Chinese Grand Prix,True,C3,True,0.727,0.734,5.052,5.332,-0.405,-0.404,100.384
0 days 01:06:39.734000,BEA,87,99.737,12.0,1.0,,,False,MEDIUM,18.0,False,Haas F1 Team,1,8.0,True,2,Chinese Grand Prix,True,C3,True,0.659,0.665,4.984,5.26,0.071,0.071,100.374
0 days 01:08:32.943000,BEA,87,113.209,13.0,1.0,,,False,MEDIUM,19.0,False,Haas F1 Team,124,8.0,False,2,Chinese Grand Prix,True,C3,False,14.131,14.263,18.456,19.478,-1.805,-1.569,113.904
0 days 01:10:50.795000,BEA,87,137.852,14.0,1.0,,,False,MEDIUM,20.0,False,Haas F1 Team,4,6.0,False,2,Chinese Grand Prix,True,C3,False,38.774,39.135,43.099,45.486,0.544,0.396,138.605
0 days 01:13:17.867000,BEA,87,147.072,15.0,1.0,,,False,MEDIUM,21.0,False,Haas F1 Team,4,6.0,False,2,Chinese Grand Prix,True,C3,False,47.994,48.441,52.319,55.216,0.217,0.148,147.883
0 days 01:15:37.584000,BEA,87,139.717,16.0,1.0,,,False,MEDIUM,22.0,False,Haas F1 Team,41,6.0,False,2,Chinese Grand Prix,True,C3,False,40.639,41.017,44.964,47.454,2.444,1.78,140.585
0 days 01:17:16.973000,BEA,87,99.389,17.0,1.0,,,False,MEDIUM,23.0,False,Haas F1 Team,1,8.0,True,2,Chinese Grand Prix,True,C3,True,0.311,0.314,4.636,4.893,1.04,1.057,100.315
0 days 01:18:54.347000,BEA,87,97.374,18.0,1.0,,,True,MEDIUM,24.0,False,Haas F1 Team,1,8.0,True,2,Chinese Grand Prix,True,C3,True,-1.704,-1.72,2.621,2.766,0.011,0.011,98.358
0 days 01:20:31.950000,BEA,87,97.603,19.0,1.0,,,False,MEDIUM,25.0,False,Haas F1 Team,1,8.0,True,2,Chinese Grand Prix,True,C3,True,-1.475,-1.489,2.85,3.008,-0.279,-0.285,98.645
0 days 00:45:45.655000,NOR,1,,1.0,1.0,,,False,MEDIUM,1.0,True,McLaren,1,1.0,False,4,Miami Grand Prix,True,C4,False,,,,,,,
0 days 00:47:18.229000,NOR,1,92.574,2.0,1.0,,,True,MEDIUM,2.0,True,McLaren,1,1.0,True,4,Miami Grand Prix,True,C4,True,-1.615,-1.715,0.689,0.75,-1.928,-2.04,92.632
0 days 00:48:50.412000,NOR,1,92.183,3.0,1.0,,,True,MEDIUM,3.0,True,McLaren,1,1.0,True,4,Miami Grand Prix,True,C4,True,-2.006,-2.13,0.298,0.324,-2.215,-2.346,92.299
0 days 00:50:23.012000,NOR,1,92.6,4.0,1.0,,,False,MEDIUM,4.0,True,McLaren,1,1.0,True,4,Miami Grand Prix,True,C4,True,-1.589,-1.687,0.715,0.778,-1.927,-2.039,92.774
0 days 00:51:55.597000,NOR,1,92.585,5.0,1.0,,,False,MEDIUM,5.0,True,McLaren,1,1.0,True,4,Miami Grand Prix,True,C4,True,-1.604,-1.703,0.7,0.762,-1.467,-1.56,92.817
0 days 00:53:27.526000,NOR,1,91.929,6.0,1.0,,,True,MEDIUM,6.0,True,McLaren,1,1.0,True,4,Miami Grand Prix,True,C4,True,-2.26,-2.399,0.044,0.048,-1.949,-2.076,92.218
0 days 00:54:59.672000,NOR,1,92.146,7.0,1.0,,,False,MEDIUM,7.0,True,McLaren,1,1.0,True,4,Miami Grand Prix,True,C4,True,-2.043,-2.169,0.261,0.284,-1.696,-1.807,92.493
0 days 00:56:31.916000,NOR,1,92.244,8.0,1.0,,,False,MEDIUM,8.0,True,McLaren,1,1.0,True,4,Miami Grand Prix,True,C4,True,-1.945,-2.065,0.359,0.391,-2.239,-2.37,92.649
0 days 00:58:04.342000,NOR,1,92.426,9.0,1.0,,,False,MEDIUM,9.0,True,McLaren,1,1.0,True,4,Miami Grand Prix,True,C4,True,-1.763,-1.872,0.541,0.589,-1.528,-1.626,92.889
0 days 00:59:36.227000,NOR,1,91.885,10.0,1.0,,,True,MEDIUM,10.0,True,McLaren,1,1.0,True,4,Miami Grand Prix,True,C4,True,-2.304,-2.446,0.0,0.0,-1.958,-2.086,92.406
0 days 01:01:08.168000,NOR,1,91.941,11.0,1.0,,,False,MEDIUM,11.0,True,McLaren,1,1.0,True,4,Miami Grand Prix,True,C4,True,-2.248,-2.387,0.056,0.061,-2.0,-2.129,92.52
0 days 01:02:40.361000,NOR,1,92.193,12.0,1.0,,,False,MEDIUM,12.0,True,McLaren,1,1.0,True,4,Miami Grand Prix,True,C4,True,-1.996,-2.119,0.308,0.335,-2.009,-2.133,92.83
0 days 01:04:12.860000,NOR,1,92.499,13.0,1.0,,,False,MEDIUM,13.0,True,McLaren,1,1.0,True,4,Miami Grand Prix,True,C4,True,-1.69,-1.794,0.614,0.668,-1.563,-1.662,93.194
0 days 01:05:45.211000,NOR,1,92.351,14.0,1.0,,,False,MEDIUM,14.0,True,McLaren,1,1.0,True,4,Miami Grand Prix,True,C4,True,-1.838,-1.951,0.466,0.507,-1.7,-1.808,93.104
0 days 01:07:17.518000,NOR,1,92.307,15.0,1.0,,,False,MEDIUM,15.0,True,McLaren,1,1.0,True,4,Miami Grand Prix,True,C4,True,-1.882,-1.998,0.422,0.459,-2.049,-2.172,93.118
0 days 01:08:49.678000,NOR,1,92.16,16.0,1.0,,,False,MEDIUM,16.0,True,McLaren,1,1.0,True,4,Miami Grand Prix,True,C4,True,-2.029,-2.154,0.275,0.299,-1.891,-2.011,93.028
0 days 01:10:21.696000,NOR,1,92.018,17.0,1.0,,,False,MEDIUM,17.0,True,McLaren,1,1.0,True,4,Miami Grand Prix,True,C4,True,-2.171,-2.305,0.133,0.145,-2.324,-2.463,92.944
0 days 01:11:53.829000,NOR,1,92.133,18.0,1.0,,,False,MEDIUM,18.0,True,McLaren,1,1.0,True,4,Miami Grand Prix,True,C4,True,-2.056,-2.183,0.248,0.27,-1.949,-2.072,93.117
0 days 01:13:26.743000,NOR,1,92.914,19.0,1.0,,,False,MEDIUM,19.0,True,McLaren,1,1.0,True,4,Miami Grand Prix,True,C4,True,-1.275,-1.354,1.029,1.12,-1.111,-1.182,93.956
0 days 00:45:46.667000,PIA,81,,1.0,1.0,,,False,MEDIUM,1.0,True,McLaren,1,2.0,False,4,Miami Grand Prix,True,C4,False,,,,,,,
0 days 00:47:19.440000,PIA,81,92.773,2.0,1.0,,,True,MEDIUM,2.0,True,McLaren,1,2.0,True,4,Miami Grand Prix,True,C4,True,-1.416,-1.503,0.888,0.966,-1.729,-1.83,92.831
0 days 00:48:51.967000,PIA,81,92.527,3.0,1.0,,,True,MEDIUM,3.0,True,McLaren,1,2.0,True,4,Miami Grand Prix,True,C4,True,-1.662,-1.765,0.642,0.699,-1.871,-1.982,92.643
0 days 00:50:24.560000,PIA,81,92.593,4.0,1.0,,,False,MEDIUM,4.0,True,McLaren,1,2.0,True,4,Miami Grand Prix,True,C4,True,-1.596,-1.694,0.708,0.771,-1.934,-2.046,92.767
0 days 00:51:57.094000,PIA,81,92.534,5.0,1.0,,,False,MEDIUM,5.0,True,McLaren,1,2.0,True,4,Miami Grand Prix,True,C4,True,-1.655,-1.757,0.649,0.706,-1.518,-1.614,92.766
0 days 00:53:29.534000,PIA,81,92.44,6.0,1.0,,,True,MEDIUM,6.0,True,McLaren,1,2.0,True,4,Miami Grand Prix,True,C4,True,-1.749,-1.857,0.555,0.604,-1.438,-1.532,92.729
0 days 00:55:01.762000,PIA,81,92.228,7.0,1.0,,,True,MEDIUM,7.0,True,McLaren,1,2.0,True,4,Miami Grand Prix,True,C4,True,-1.961,-2.082,0.343,0.373,-1.614,-1.72,92.575
0 days 00:56:34.241000,PIA,81,92.479,8.0,1.0,,,False,MEDIUM,8.0,True,McLaren,1,2.0,True,4,Miami Grand Prix,True,C4,True,-1.71,-1.815,0.594,0.646,-2.004,-2.121,92.884
0 days 00:58:06.675000,PIA,81,92.434,9.0,1.0,,,False,MEDIUM,9.0,True,McLaren,1,2.0,True,4,Miami Grand Prix,True,C4,True,-1.755,-1.863,0.549,0.597,-1.52,-1.618,92.897
0 days 00:59:38.974000,PIA,81,92.299,10.0,1.0,,,False,MEDIUM,10.0,True,McLaren,1,2.0,True,4,Miami Grand Prix,True,C4,True,-1.89,-2.007,0.414,0.451,-1.544,-1.645,92.82
0 days 01:01:11.258000,PIA,81,92.284,11.0,1.0,,,False,MEDIUM,11.0,True,McLaren,1,2.0,True,4,Miami Grand Prix,True,C4,True,-1.905,-2.023,0.399,0.434,-1.657,-1.764,92.863
0 days 01:02:43.489000,PIA,81,92.231,12.0,1.0,,,False,MEDIUM,12.0,True,McLaren,1,2.0,True,4,Miami Grand Prix,True,C4,True,-1.958,-2.079,0.346,0.377,-1.971,-2.092,92.868
0 days 01:04:16.043000,PIA,81,92.554,13.0,1.0,,,False,MEDIUM,13.0,True,McLaren,1,2.0,True,4,Miami Grand Prix,True,C4,True,-1.635,-1.736,0.669,0.728,-1.508,-1.603,93.249
0 days 01:05:48.421000,PIA,81,92.378,14.0,1.0,,,False,MEDIUM,14.0,True,McLaren,1,2.0,True,4,Miami Grand Prix,True,C4,True,-1.811,-1.923,0.493,0.537,-1.673,-1.779,93.131
0 days 01:07:20.939000,PIA,81,92.518,15.0,1.0,,,False,MEDIUM,15.0,True,McLaren,1,2.0,True,4,Miami Grand Prix,True,C4,True,-1.671,-1.774,0.633,0.689,-1.838,-1.948,93.329
0 days 01:08:53.018000,PIA,81,92.079,16.0,1.0,,,True,MEDIUM,16.0,True,McLaren,1,2.0,True,4,Miami Grand Prix,True,C4,True,-2.11,-2.24,0.194,0.211,-1.972,-2.097,92.947
0 days 01:10:25.854000,PIA,81,92.836,17.0,1.0,,,False,MEDIUM,17.0,True,McLaren,1,2.0,True,4,Miami Grand Prix,True,C4,True,-1.353,-1.436,0.951,1.035,-1.506,-1.596,93.762
0 days 01:11:58.149000,PIA,81,92.295,18.0,1.0,,,False,MEDIUM,18.0,True,McLaren,1,2.0,True,4,Miami Grand Prix,True,C4,True,-1.894,-2.011,0.41,0.446,-1.787,-1.899,93.279
0 days 01:13:30.509000,PIA,81,92.36,19.0,1.0,,,False,MEDIUM,19.0,True,McLaren,1,2.0,True,4,Miami Grand Prix,True,C4,True,-1.829,-1.942,0.475,0.517,-1.665,-1.771,93.402
0 days 00:45:47.613000,LEC,16,,1.0,1.0,,,False,MEDIUM,1.0,True,Ferrari,1,3.0,False,4,Miami Grand Prix,True,C4,False,,,,,,,
0 days 00:47:20.380000,LEC,16,92.767,2.0,1.0,,,True,MEDIUM,2.0,True,Ferrari,1,3.0,True,4,Miami Grand Prix,True,C4,True,-1.422,-1.51,0.882,0.96,-1.735,-1.836,92.825
0 days 00:48:53.084000,LEC,16,92.704,3.0,1.0,,,True,MEDIUM,3.0,True,Ferrari,1,3.0,True,4,Miami Grand Prix,True,C4,True,-1.485,-1.577,0.819,0.891,-1.694,-1.795,92.82
0 days 00:50:26.151000,LEC,16,93.067,4.0,1.0,,,False,MEDIUM,4.0,True,Ferrari,1,3.0,True,4,Miami Grand Prix,True,C4,True,-1.122,-1.191,1.182,1.286,-1.46,-1.545,93.241
0 days 00:51:58.639000,LEC,16,92.488,5.0,1.0,,,True,MEDIUM,5.0,True,Ferrari,1,3.0,True,4,Miami Grand Prix,True,C4,True,-1.701,-1.806,0.603,0.656,-1.564,-1.663,92.72
0 days 00:53:30.875000,LEC,16,92.236,6.0,1.0,,,True,MEDIUM,6.0,True,Ferrari,1,3.0,True,4,Miami Grand Prix,True,C4,True,-1.953,-2.073,0.351,0.382,-1.642,-1.749,92.525
0 days 00:55:03.079000,LEC,16,92.204,7.0,1.0,,,True,MEDIUM,7.0,True,Ferrari,1,3.0,True,4,Miami Grand Prix,True,C4,True,-1.985,-2.107,0.319,0.347,-1.638,-1.745,92.551
0 days 00:56:35.500000,LEC,16,92.421,8.0,1.0,,,False,MEDIUM,8.0,True,Ferrari,1,3.0,True,4,Miami Grand Prix,True,C4,True,-1.768,-1.877,0.536,0.583,-2.062,-2.182,92.826
0 days 00:58:07.930000,LEC,16,92.43,9.0,1.0,,,False,MEDIUM,9.0,True,Ferrari,1,3.0,True,4,Miami Grand Prix,True,C4,True,-1.759,-1.868,0.545,0.593,-1.524,-1.622,92.893
0 days 00:59:40.215000,LEC,16,92.285,10.0,1.0,,,False,MEDIUM,10.0,True,Ferrari,1,3.0,True,4,Miami Grand Prix,True,C4,True,-1.904,-2.021,0.4,0.435,-1.558,-1.66,92.806
0 days 01:01:12.179000,LEC,16,91.964,11.0,1.0,,,True,MEDIUM,11.0,True,Ferrari,1,3.0,True,4,Miami Grand Prix,True,C4,True,-2.225,-2.362,0.079,0.086,-1.977,-2.105,92.543
0 days 01:02:44.481000,LEC,16,92.302,12.0,1.0,,,False,MEDIUM,12.0,True,Ferrari,1,3.0,True,4,Miami Grand Prix,True,C4,True,-1.887,-2.003,0.417,0.454,-1.9,-2.017,92.939
0 days 01:04:16.893000,LEC,16,92.412,13.0,1.0,,,False,MEDIUM,13.0,True,Ferrari,1,3.0,True,4,Miami Grand Prix,True,C4,True,-1.777,-1.887,0.527,0.574,-1.65,-1.754,93.107
0 days 01:05:49.354000,LEC,16,92.461,14.0,1.0,,,False,MEDIUM,14.0,True,Ferrari,1,3.0,True,4,Miami Grand Prix,True,C4,True,-1.728,-1.835,0.576,0.627,-1.59,-1.691,93.214
0 days 01:07:21.517000,LEC,16,92.163,15.0,1.0,,,False,MEDIUM,15.0,True,Ferrari,1,3.0,True,4,Miami Grand Prix,True,C4,True,-2.026,-2.151,0.278,0.303,-2.193,-2.324,92.974
0 days 01:08:54.263000,LEC,16,92.746,16.0,1.0,,,False,MEDIUM,16.0,True,Ferrari,1,3.0,True,4,Miami Grand Prix,True,C4,True,-1.443,-1.532,0.861,0.937,-1.305,-1.388,93.614
0 days 01:10:26.665000,LEC,16,92.402,17.0,1.0,,,False,MEDIUM,17.0,True,Ferrari,1,3.0,True,4,Miami Grand Prix,True,C4,True,-1.787,-1.897,0.517,0.563,-1.94,-2.056,93.328
0 days 01:11:59.744000,LEC,16,93.079,18.0,1.0,,,False,MEDIUM,18.0,True,Ferrari,1,3.0,True,4,Miami Grand Prix,True,C4,True,-1.11,-1.178,1.194,1.299,-1.003,-1.066,94.063
0 days 01:13:32.994000,LEC,16,93.25,19.0,1.0,,,False,MEDIUM,19.0,True,Ferrari,1,3.0,True,4,Miami Grand Prix,True,C4,True,-0.939,-0.997,1.365,1.486,-0.775,-0.824,94.292
0 days 00:45:48.948000,RUS,63,,1.0,1.0,,,False,MEDIUM,1.0,True,Mercedes,1,5.0,False,4,Miami Grand Prix,True,C4,False,,,,,,,
0 days 00:47:21.994000,RUS,63,93.046,2.0,1.0,,,True,MEDIUM,2.0,True,Mercedes,1,5.0,True,4,Miami Grand Prix,True,C4,True,-1.143,-1.214,1.161,1.264,-1.456,-1.541,93.104
0 days 00:48:54.652000,RUS,63,92.658,3.0,1.0,,,True,MEDIUM,3.0,True,Mercedes,1,5.0,True,4,Miami Grand Prix,True,C4,True,-1.531,-1.625,0.773,0.841,-1.74,-1.843,92.774
0 days 00:50:27.481000,RUS,63,92.829,4.0,1.0,,,False,MEDIUM,4.0,True,Mercedes,1,5.0,True,4,Miami Grand Prix,True,C4,True,-1.36,-1.444,0.944,1.027,-1.698,-1.796,93.003
0 days 00:52:00.229000,RUS,63,92.748,5.0,1.0,,,False,MEDIUM,5.0,True,Mercedes,1,5.0,True,4,Miami Grand Prix,True,C4,True,-1.441,-1.53,0.863,0.939,-1.304,-1.386,92.98
0 days 00:53:32.838000,RUS,63,92.609,6.0,1.0,,,True,MEDIUM,6.0,True,Mercedes,1,5.0,True,4,Miami Grand Prix,True,C4,True,-1.58,-1.677,0.724,0.788,-1.269,-1.352,92.898
0 days 00:55:05.314000,RUS,63,92.476,7.0,1.0,,,True,MEDIUM,7.0,True,Mercedes,1,4.0,True,4,Miami Grand Prix,True,C4,True,-1.713,-1.819,0.591,0.643,-1.366,-1.456,92.823
0 days 00:56:39.599000,RUS,63,94.285,8.0,1.0,,,False,MEDIUM,8.0,True,Mercedes,1,5.0,True,4,Miami Grand Prix,True,C4,True,0.096,0.102,2.4,2.612,-0.198,-0.21,94.69
0 days 00:58:12.240000,RUS,63,92.641,9.0,1.0,,,False,MEDIUM,9.0,True,Mercedes,1,5.0,True,4,Miami Grand Prix,True,C4,True,-1.548,-1.644,0.756,0.823,-1.313,-1.397,93.104
0 days 00:59:44.627000,RUS,63,92.387,10.0,1.0,,,True,MEDIUM,10.0,True,Mercedes,1,5.0,True,4,Miami Grand Prix,True,C4,True,-1.802,-1.913,0.502,0.546,-1.456,-1.552,92.908
0 days 01:01:17.032000,RUS,63,92.405,11.0,1.0,,,False,MEDIUM,11.0,True,Mercedes,1,5.0,True,4,Miami Grand Prix,True,C4,True,-1.784,-1.894,0.52,0.566,-1.536,-1.635,92.984
0 days 01:02:49.938000,RUS,63,92.906,12.0,1.0,,,False,MEDIUM,12.0,True,Mercedes,1,5.0,True,4,Miami Grand Prix,True,C4,True,-1.283,-1.362,1.021,1.111,-1.296,-1.376,93.543
0 days 01:04:22.931000,RUS,63,92.993,13.0,1.0,,,False,MEDIUM,13.0,True,Mercedes,1,5.0,True,4,Miami Grand Prix,True,C4,True,-1.196,-1.27,1.108,1.206,-1.069,-1.136,93.688
0 days 01:05:55.472000,RUS,63,92.541,14.0,1.0,,,False,MEDIUM,14.0,True,Mercedes,1,5.0,True,4,Miami Grand Prix,True,C4,True,-1.648,-1.75,0.656,0.714,-1.51,-1.606,93.294
0 days 01:07:28.319000,RUS,63,92.847,15.0,1.0,,,False,MEDIUM,15.0,True,Mercedes,1,5.0,True,4,Miami Grand Prix,True,C4,True,-1.342,-1.425,0.962,1.047,-1.509,-1.599,93.658
0 days 01:09:01.046000,RUS,63,92.727,16.0,1.0,,,False,MEDIUM,16.0,True,Mercedes,1,5.0,True,4,Miami Grand Prix,True,C4,True,-1.462,-1.552,0.842,0.916,-1.324,-1.408,93.595
0 days 01:10:34.777000,RUS,63,93.731,17.0,1.0,,,False,MEDIUM,17.0,True,Mercedes,1,5.0,True,4,Miami Grand Prix,True,C4,True,-0.458,-0.486,1.846,2.009,-0.611,-0.648,94.657
0 days 01:12:07.269000,RUS,63,92.492,18.0,1.0,,,False,MEDIUM,18.0,True,Mercedes,1,5.0,True,4,Miami Grand Prix,True,C4,True,-1.697,-1.802,0.607,0.661,-1.59,-1.69,93.476
0 days 01:13:39.694000,RUS,63,92.425,19.0,1.0,,,False,MEDIUM,19.0,True,Mercedes,1,5.0,True,4,Miami Grand Prix,True,C4,True,-1.764,-1.873,0.54,0.588,-1.6,-1.702,93.467
0 days 00:45:49.971000,VER,3,,1.0,1.0,,,False,MEDIUM,4.0,False,Red Bull Racing,1,7.0,False,4,Miami Grand Prix,True,C4,False,,,,,,,
0 days 00:47:23.196000,VER,3,93.225,2.0,1.0,,,True,MEDIUM,5.0,False,Red Bull Racing,1,7.0,True,4,Miami Grand Prix,True,C4,True,-0.964,-1.023,1.34,1.458,-1.277,-1.351,93.283
0 days 00:48:56.110000,VER,3,92.914,3.0,1.0,,,True,MEDIUM,6.0,False,Red Bull Racing,1,7.0,True,4,Miami Grand Prix,True,C4,True,-1.275,-1.354,1.029,1.12,-1.484,-1.572,93.03
0 days 00:50:29.270000,VER,3,93.16,4.0,1.0,,,False,MEDIUM,7.0,False,Red Bull Racing,1,7.0,True,4,Miami Grand Prix,True,C4,True,-1.029,-1.092,1.275,1.388,-1.367,-1.446,93.334
0 days 00:52:01.943000,VER,3,92.673,5.0,1.0,,,True,MEDIUM,8.0,False,Red Bull Racing,1,7.0,True,4,Miami Grand Prix,True,C4,True,-1.516,-1.61,0.788,0.858,-1.379,-1.466,92.905
0 days 00:53:34.422000,VER,3,92.479,6.0,1.0,,,True,MEDIUM,9.0,False,Red Bull Racing,1,7.0,True,4,Miami Grand Prix,True,C4,True,-1.71,-1.815,0.594,0.646,-1.399,-1.49,92.768
0 days 00:55:07.163000,VER,3,92.741,7.0,1.0,,,False,MEDIUM,10.0,False,Red Bull Racing,1,7.0,True,4,Miami Grand Prix,True,C4,True,-1.448,-1.537,0.856,0.932,-1.101,-1.173,93.088
0 days 00:56:42.843000,VER,3,95.68,8.0,1.0,,,False,MEDIUM,11.0,False,Red Bull Racing,1,7.0,True,4,Miami Grand Prix,True,C4,True,1.491,1.583,3.795,4.13,1.197,1.267,96.085
0 days 00:58:15.711000,VER,3,92.868,9.0,1.0,,,False,MEDIUM,12.0,False,Red Bull Racing,1,6.0,True,4,Miami Grand Prix,True,C4,True,-1.321,-1.402,0.983,1.07,-1.086,-1.156,93.331
0 days 00:59:48.283000,VER,3,92.572,10.0,1.0,,,False,MEDIUM,13.0,False,Red Bull Racing,1,6.0,True,4,Miami Grand Prix,True,C4,True,-1.617,-1.717,0.687,0.748,-1.271,-1.354,93.093
0 days 01:01:20.668000,VER,3,92.385,11.0,1.0,,,True,MEDIUM,14.0,False,Red Bull Racing,1,6.0,True,4,Miami Grand Prix,True,C4,True,-1.804,-1.915,0.5,0.544,-1.556,-1.656,92.964
0 days 01:02:52.995000,VER,3,92.327,12.0,1.0,,,True,MEDIUM,15.0,False,Red Bull Racing,1,6.0,True,4,Miami Grand Prix,True,C4,True,-1.862,-1.977,0.442,0.481,-1.875,-1.99,92.964
0 days 01:04:25.822000,VER,3,92.827,13.0,1.0,,,False,MEDIUM,16.0,False,Red Bull Racing,1,6.0,True,4,Miami Grand Prix,True,C4,True,-1.362,-1.446,0.942,1.025,-1.235,-1.313,93.522
0 days 01:05:58.141000,VER,3,92.319,14.0,1.0,,,True,MEDIUM,17.0,False,Red Bull Racing,1,6.0,True,4,Miami Grand Prix,True,C4,True,-1.87,-1.985,0.434,0.472,-1.732,-1.842,93.072
0 days 01:07:31.129000,VER,3,92.988,15.0,1.0,,,False,MEDIUM,18.0,False,Red Bull Racing,1,6.0,True,4,Miami Grand Prix,True,C4,True,-1.201,-1.275,1.103,1.2,-1.368,-1.45,93.799
0 days 01:09:03.498000,VER,3,92.369,16.0,1.0,,,False,MEDIUM,19.0,False,Red Bull Racing,1,6.0,True,4,Miami Grand Prix,True,C4,True,-1.82,-1.932,0.484,0.527,-1.682,-1.788,93.237
0 days 01:10:35.945000,VER,3,92.447,17.0,1.0,,,False,MEDIUM,20.0,False,Red Bull Racing,1,6.0,True,4,Miami Grand Prix,True,C4,True,-1.742,-1.849,0.562,0.612,-1.895,-2.009,93.373
0 days 01:12:08.181000,VER,3,92.236,18.0,1.0,,,True,MEDIUM,21.0,False,Red Bull Racing,1,6.0,True,4,Miami Grand Prix,True,C4,True,-1.953,-2.073,0.351,0.382,-1.846,-1.962,93.22
0 days 01:13:40.382000,VER,3,92.201,19.0,1.0,,,True,MEDIUM,22.0,False,Red Bull Racing,1,6.0,True,4,Miami Grand Prix,True,C4,True,-1.988,-2.111,0.316,0.344,-1.824,-1.94,93.243
0 days 00:45:48.187000,ANT,12,,1.0,1.0,,,False,MEDIUM,1.0,True,Mercedes,1,4.0,False,4,Miami Grand Prix,True,C4,False,,,,,,,
0 days 00:47:21.460000,ANT,12,93.273,2.0,1.0,,,False,MEDIUM,2.0,True,Mercedes,1,4.0,True,4,Miami Grand Prix,True,C4,True,-0.916,-0.973,1.388,1.511,-1.229,-1.301,93.331
0 days 00:48:54.105000,ANT,12,92.645,3.0,1.0,,,True,MEDIUM,3.0,True,Mercedes,1,4.0,True,4,Miami Grand Prix,True,C4,True,-1.544,-1.639,0.76,0.827,-1.753,-1.857,92.761
0 days 00:50:26.798000,ANT,12,92.693,4.0,1.0,,,False,MEDIUM,4.0,True,Mercedes,1,4.0,True,4,Miami Grand Prix,True,C4,True,-1.496,-1.588,0.808,0.879,-1.834,-1.94,92.867
0 days 00:51:59.716000,ANT,12,92.918,5.0,1.0,,,False,MEDIUM,5.0,True,Mercedes,1,4.0,True,4,Miami Grand Prix,True,C4,True,-1.271,-1.349,1.033,1.124,-1.134,-1.206,93.15
0 days 00:53:32.212000,ANT,12,92.496,6.0,1.0,,,True,MEDIUM,6.0,True,Mercedes,1,4.0,True,4,Miami Grand Prix,True,C4,True,-1.693,-1.797,0.611,0.665,-1.382,-1.472,92.785
0 days 00:55:05.425000,ANT,12,93.213,7.0,1.0,,,False,MEDIUM,7.0,True,Mercedes,1,5.0,True,4,Miami Grand Prix,True,C4,True,-0.976,-1.036,1.328,1.445,-0.629,-0.67,93.56
0 days 00:56:38.931000,ANT,12,93.506,8.0,1.0,,,False,MEDIUM,8.0,True,Mercedes,1,4.0,True,4,Miami Grand Prix,True,C4,True,-0.683,-0.725,1.621,1.764,-0.977,-1.034,93.911
0 days 00:58:11.523000,ANT,12,92.592,9.0,1.0,,,False,MEDIUM,9.0,True,Mercedes,1,4.0,True,4,Miami Grand Prix,True,C4,True,-1.597,-1.696,0.707,0.769,-1.362,-1.45,93.055
0 days 00:59:43.791000,ANT,12,92.268,10.0,1.0,,,True,MEDIUM,10.0,True,Mercedes,1,4.0,True,4,Miami Grand Prix,True,C4,True,-1.921,-2.04,0.383,0.417,-1.575,-1.678,92.789
0 days 01:01:15.723000,ANT,12,91.932,11.0,1.0,,,True,MEDIUM,11.0,True,Mercedes,1,4.0,True,4,Miami Grand Prix,True,C4,True,-2.257,-2.396,0.047,0.051,-2.009,-2.139,92.511
0 days 01:02:48.166000,ANT,12,92.443,12.0,1.0,,,False,MEDIUM,12.0,True,Mercedes,1,4.0,True,4,Miami Grand Prix,True,C4,True,-1.746,-1.854,0.558,0.607,-1.759,-1.867,93.08
0 days 01:04:20.727000,ANT,12,92.561,13.0,1.0,,,False,MEDIUM,13.0,True,Mercedes,1,4.0,True,4,Miami Grand Prix,True,C4,True,-1.628,-1.728,0.676,0.736,-1.501,-1.596,93.256
0 days 01:05:53.054000,ANT,12,92.327,14.0,1.0,,,False,MEDIUM,14.0,True,Mercedes,1,4.0,True,4,Miami Grand Prix,True,C4,True,-1.862,-1.977,0.442,0.481,-1.724,-1.833,93.08
0 days 01:07:25.634000,ANT,12,92.58,15.0,1.0,,,False,MEDIUM,15.0,True,Mercedes,1,4.0,True,4,Miami Grand Prix,True,C4,True,-1.609,-1.708,0.695,0.756,-1.776,-1.882,93.391
0 days 01:08:58.185000,ANT,12,92.551,16.0,1.0,,,False,MEDIUM,16.0,True,Mercedes,1,4.0,True,4,Miami Grand Prix,True,C4,True,-1.638,-1.739,0.666,0.725,-1.5,-1.595,93.419
0 days 01:10:30.963000,ANT,12,92.778,17.0,1.0,,,False,MEDIUM,17.0,True,Mercedes,1,4.0,True,4,Miami Grand Prix,True,C4,True,-1.411,-1.498,0.893,0.972,-1.564,-1.658,93.704
0 days 01:12:03.280000,ANT,12,92.317,18.0,1.0,,,False,MEDIUM,18.0,True,Mercedes,1,4.0,True,4,Miami Grand Prix,True,C4,True,-1.872,-1.987,0.432,0.47,-1.765,-1.876,93.301
0 days 01:13:35.520000,ANT,12,92.24,19.0,1.0,,,False,MEDIUM,19.0,True,Mercedes,1,4.0,True,4,Miami Grand Prix,True,C4,True,-1.949,-2.069,0.355,0.386,-1.785,-1.898,93.282
0 days 00:45:49.960000,HAM,44,,1.0,1.0,,,False,MEDIUM,1.0,True,Ferrari,1,6.0,False,4,Miami Grand Prix,True,C4,False,,,,,,,
0 days 00:47:22.482000,HAM,44,92.522,2.0,1.0,,,True,MEDIUM,2.0,True,Ferrari,1,6.0,True,4,Miami Grand Prix,True,C4,True,-1.667,-1.77,0.637,0.693,-1.98,-2.095,92.58
0 days 00:48:55.124000,HAM,44,92.642,3.0,1.0,,,False,MEDIUM,3.0,True,Ferrari,1,6.0,True,4,Miami Grand Prix,True,C4,True,-1.547,-1.642,0.757,0.824,-1.756,-1.86,92.758
0 days 00:50:28.167000,HAM,44,93.043,4.0,1.0,,,False,MEDIUM,4.0,True,Ferrari,1,6.0,True,4,Miami Grand Prix,True,C4,True,-1.146,-1.217,1.158,1.26,-1.484,-1.57,93.217
0 days 00:52:00.859000,HAM,44,92.692,5.0,1.0,,,False,MEDIUM,5.0,True,Ferrari,1,6.0,True,4,Miami Grand Prix,True,C4,True,-1.497,-1.589,0.807,0.878,-1.36,-1.446,92.924
0 days 00:53:33.307000,HAM,44,92.448,6.0,1.0,,,True,MEDIUM,6.0,True,Ferrari,1,6.0,True,4,Miami Grand Prix,True,C4,True,-1.741,-1.848,0.563,0.613,-1.43,-1.523,92.737
0 days 00:55:06.203000,HAM,44,92.896,7.0,1.0,,,False,MEDIUM,7.0,True,Ferrari,1,6.0,True,4,Miami Grand Prix,True,C4,True,-1.293,-1.373,1.011,1.1,-0.946,-1.008,93.243
0 days 00:56:42.414000,HAM,44,96.211,8.0,1.0,,,False,MEDIUM,8.0,True,Ferrari,1,6.0,True,4,Miami Grand Prix,True,C4,True,2.022,2.147,4.326,4.708,1.728,1.829,96.616
0 days 00:58:16.101000,HAM,44,93.687,9.0,1.0,,,False,MEDIUM,9.0,True,Ferrari,1,7.0,True,4,Miami Grand Prix,True,C4,True,-0.502,-0.533,1.802,1.961,-0.267,-0.284,94.15
0 days 00:59:49.015000,HAM,44,92.914,10.0,1.0,,,False,MEDIUM,10.0,True,Ferrari,1,7.0,True,4,Miami Grand Prix,True,C4,True,-1.275,-1.354,1.029,1.12,-0.929,-0.99,93.435
0 days 01:01:21.608000,HAM,44,92.593,11.0,1.0,,,False,MEDIUM,11.0,True,Ferrari,1,7.0,True,4,Miami Grand Prix,True,C4,True,-1.596,-1.694,0.708,0.771,-1.348,-1.435,93.172
0 days 01:02:54.466000,HAM,44,92.858,12.0,1.0,,,False,MEDIUM,12.0,True,Ferrari,1,7.0,True,4,Miami Grand Prix,True,C4,True,-1.331,-1.413,0.973,1.059,-1.344,-1.427,93.495
0 days 01:04:27.327000,HAM,44,92.861,13.0,1.0,,,False,MEDIUM,13.0,True,Ferrari,1,7.0,True,4,Miami Grand Prix,True,C4,True,-1.328,-1.41,0.976,1.062,-1.201,-1.277,93.556
0 days 01:06:00.533000,HAM,44,93.206,14.0,1.0,,,False,MEDIUM,14.0,True,Ferrari,1,7.0,True,4,Miami Grand Prix,True,C4,True,-0.983,-1.044,1.321,1.438,-0.845,-0.898,93.959
0 days 01:07:34.008000,HAM,44,93.475,15.0,1.0,,,False,MEDIUM,15.0,True,Ferrari,1,7.0,True,4,Miami Grand Prix,True,C4,True,-0.714,-0.758,1.59,1.73,-0.881,-0.934,94.286
0 days 01:09:07.181000,HAM,44,93.173,16.0,1.0,,,False,MEDIUM,16.0,True,Ferrari,1,7.0,True,4,Miami Grand Prix,True,C4,True,-1.016,-1.079,1.288,1.402,-0.878,-0.934,94.041
0 days 01:10:40.714000,HAM,44,93.533,17.0,1.0,,,False,MEDIUM,17.0,True,Ferrari,1,7.0,True,4,Miami Grand Prix,True,C4,True,-0.656,-0.696,1.648,1.794,-0.809,-0.858,94.459
0 days 01:12:14.482000,HAM,44,93.768,18.0,1.0,,,False,MEDIUM,18.0,True,Ferrari,1,7.0,True,4,Miami Grand Prix,True,C4,True,-0.421,-0.447,1.883,2.049,-0.314,-0.334,94.752
0 days 01:13:48.408000,HAM,44,93.926,19.0,1.0,,,False,MEDIUM,19.0,True,Ferrari,1,7.0,True,4,Miami Grand Prix,True,C4,True,-0.263,-0.279,2.041,2.221,-0.099,-0.105,94.968
0 days 00:45:51.112000,GAS,10,,1.0,1.0,,,False,MEDIUM,1.0,True,Alpine,1,8.0,False,4,Miami Grand Prix,True,C4,False,,,,,,,
0 days 00:47:24.534000,GAS,10,93.422,2.0,1.0,,,True,MEDIUM,2.0,True,Alpine,1,8.0,True,4,Miami Grand Prix,True,C4,True,-0.767,-0.814,1.537,1.673,-1.08,-1.143,93.48
0 days 00:48:58.203000,GAS,10,93.669,3.0,1.0,,,False,MEDIUM,3.0,True,Alpine,1,8.0,True,4,Miami Grand Prix,True,C4,True,-0.52,-0.552,1.784,1.942,-0.729,-0.772,93.785
0 days 00:50:32.455000,GAS,10,94.252,4.0,1.0,,,False,MEDIUM,4.0,True,Alpine,1,8.0,True,4,Miami Grand Prix,True,C4,True,0.063,0.067,2.367,2.576,-0.275,-0.291,94.426
0 days 00:52:06.040000,GAS,10,93.585,5.0,1.0,,,False,MEDIUM,5.0,True,Alpine,1,8.0,True,4,Miami Grand Prix,True,C4,True,-0.604,-0.641,1.7,1.85,-0.467,-0.497,93.817
0 days 00:53:39.232000,GAS,10,93.192,6.0,1.0,,,True,MEDIUM,6.0,True,Alpine,1,8.0,True,4,Miami Grand Prix,True,C4,True,-0.997,-1.059,1.307,1.422,-0.686,-0.731,93.481
0 days 00:55:12.561000,GAS,10,93.329,7.0,1.0,,,False,MEDIUM,7.0,True,Alpine,1,8.0,True,4,Miami Grand Prix,True,C4,True,-0.86,-0.913,1.444,1.572,-0.513,-0.547,93.676
0 days 00:56:46.308000,GAS,10,93.747,8.0,1.0,,,False,MEDIUM,8.0,True,Alpine,1,8.0,True,4,Miami Grand Prix,True,C4,True,-0.442,-0.469,1.862,2.026,-0.736,-0.779,94.152
0 days 00:58:19.668000,GAS,10,93.36,9.0,1.0,,,False,MEDIUM,9.0,True,Alpine,1,8.0,True,4,Miami Grand Prix,True,C4,True,-0.829,-0.88,1.475,1.605,-0.594,-0.632,93.823
0 days 00:59:52.740000,GAS,10,93.072,10.0,1.0,,,True,MEDIUM,10.0,True,Alpine,1,8.0,True,4,Miami Grand Prix,True,C4,True,-1.117,-1.186,1.187,1.292,-0.771,-0.822,93.593
0 days 01:01:25.934000,GAS,10,93.194,11.0,1.0,,,False,MEDIUM,11.0,True,Alpine,1,8.0,True,4,Miami Grand Prix,True,C4,True,-0.995,-1.056,1.309,1.425,-0.747,-0.795,93.773
0 days 01:02:59.268000,GAS,10,93.334,12.0,1.0,,,False,MEDIUM,12.0,True,Alpine,1,8.0,True,4,Miami Grand Prix,True,C4,True,-0.855,-0.908,1.449,1.577,-0.868,-0.921,93.971
0 days 01:04:33.330000,GAS,10,94.062,13.0,1.0,,,False,MEDIUM,13.0,True,Alpine,1,8.0,True,4,Miami Grand Prix,True,C4,True,-0.127,-0.135,2.177,2.369,0.0,0.0,94.757
0 days 01:06:07.381000,GAS,10,94.051,14.0,1.0,,,False,MEDIUM,14.0,True,Alpine,1,8.0,True,4,Miami Grand Prix,True,C4,True,-0.138,-0.147,2.166,2.357,0.0,0.0,94.804
0 days 01:07:41.322000,GAS,10,93.941,15.0,1.0,,,False,MEDIUM,15.0,True,Alpine,1,8.0,True,4,Miami Grand Prix,True,C4,True,-0.248,-0.263,2.056,2.238,-0.415,-0.44,94.752
0 days 01:09:15.269000,GAS,10,93.947,16.0,1.0,,,False,MEDIUM,16.0,True,Alpine,1,8.0,True,4,Miami Grand Prix,True,C4,True,-0.242,-0.257,2.062,2.244,-0.104,-0.111,94.815
0 days 01:10:49.543000,GAS,10,94.274,17.0,1.0,,,False,MEDIUM,17.0,True,Alpine,1,8.0,True,4,Miami Grand Prix,True,C4,True,0.085,0.09,2.389,2.6,-0.068,-0.072,95.2
0 days 01:12:23.608000,GAS,10,94.065,18.0,1.0,,,False,MEDIUM,18.0,True,Alpine,1,8.0,True,4,Miami Grand Prix,True,C4,True,-0.124,-0.132,2.18,2.373,-0.017,-0.018,95.049
0 days 01:13:57.268000,GAS,10,93.66,19.0,1.0,,,False,MEDIUM,19.0,True,Alpine,1,8.0,True,4,Miami Grand Prix,True,C4,True,-0.529,-0.562,1.775,1.932,-0.365,-0.388,94.702
0 days 00:45:53.266000,HAD,6,,1.0,1.0,,,False,MEDIUM,7.0,False,Red Bull Racing,1,11.0,False,4,Miami Grand Prix,True,C4,False,,,,,,,
0 days 00:47:27.873000,HAD,6,94.607,2.0,1.0,,,True,MEDIUM,8.0,False,Red Bull Racing,1,11.0,True,4,Miami Grand Prix,True,C4,True,0.418,0.444,2.722,2.962,0.105,0.111,94.665
0 days 00:49:01.796000,HAD,6,93.923,3.0,1.0,,,True,MEDIUM,9.0,False,Red Bull Racing,1,11.0,True,4,Miami Grand Prix,True,C4,True,-0.266,-0.282,2.038,2.218,-0.475,-0.503,94.039
0 days 00:50:36.097000,HAD,6,94.301,4.0,1.0,,,False,MEDIUM,10.0,False,Red Bull Racing,1,10.0,True,4,Miami Grand Prix,True,C4,True,0.112,0.119,2.416,2.629,-0.226,-0.239,94.475
0 days 00:52:10.193000,HAD,6,94.096,5.0,1.0,,,False,MEDIUM,11.0,False,Red Bull Racing,1,10.0,True,4,Miami Grand Prix,True,C4,True,-0.093,-0.099,2.211,2.406,0.044,0.047,94.328
0 days 00:53:43.882000,HAD,6,93.689,6.0,1.0,,,True,MEDIUM,12.0,False,Red Bull Racing,1,10.0,True,4,Miami Grand Prix,True,C4,True,-0.5,-0.531,1.804,1.963,-0.189,-0.201,93.978
0 days 00:55:17.429000,HAD,6,93.547,7.0,1.0,,,True,MEDIUM,13.0,False,Red Bull Racing,1,10.0,True,4,Miami Grand Prix,True,C4,True,-0.642,-0.682,1.662,1.809,-0.295,-0.314,93.894
0 days 00:56:51.154000,HAD,6,93.725,8.0,1.0,,,False,MEDIUM,14.0,False,Red Bull Racing,1,10.0,True,4,Miami Grand Prix,True,C4,True,-0.464,-0.493,1.84,2.003,-0.758,-0.802,94.13
0 days 00:58:24.415000,HAD,6,93.261,9.0,1.0,,,False,MEDIUM,15.0,False,Red Bull Racing,1,10.0,True,4,Miami Grand Prix,True,C4,True,-0.928,-0.985,1.376,1.498,-0.693,-0.738,93.724
0 days 00:59:57.534000,HAD,6,93.119,10.0,1.0,,,False,MEDIUM,16.0,False,Red Bull Racing,1,10.0,True,4,Miami Grand Prix,True,C4,True,-1.07,-1.136,1.234,1.343,-0.724,-0.772,93.64
0 days 01:01:30.729000,HAD,6,93.195,11.0,1.0,,,True,MEDIUM,17.0,False,Red Bull Racing,1,10.0,True,4,Miami Grand Prix,True,C4,True,-0.994,-1.055,1.31,1.426,-0.746,-0.794,93.774
0 days 01:03:04.357000,HAD,6,93.628,12.0,1.0,,,False,MEDIUM,18.0,False,Red Bull Racing,1,10.0,True,4,Miami Grand Prix,True,C4,True,-0.561,-0.596,1.743,1.897,-0.574,-0.609,94.265
0 days 01:04:38.040000,HAD,6,93.683,13.0,1.0,,,False,MEDIUM,19.0,False,Red Bull Racing,1,10.0,True,4,Miami Grand Prix,True,C4,True,-0.506,-0.537,1.798,1.957,-0.379,-0.403,94.378
0 days 01:06:11.613000,HAD,6,93.573,14.0,1.0,,,False,MEDIUM,20.0,False,Red Bull Racing,1,10.0,True,4,Miami Grand Prix,True,C4,True,-0.616,-0.654,1.688,1.837,-0.478,-0.508,94.326
0 days 01:07:46.269000,HAD,6,94.656,15.0,1.0,,,False,MEDIUM,21.0,False,Red Bull Racing,1,10.0,True,4,Miami Grand Prix,True,C4,True,0.467,0.496,2.771,3.016,0.3,0.318,95.467
0 days 01:09:20.105000,HAD,6,93.836,16.0,1.0,,,False,MEDIUM,22.0,False,Red Bull Racing,1,10.0,True,4,Miami Grand Prix,True,C4,True,-0.353,-0.375,1.951,2.123,-0.215,-0.229,94.704
0 days 01:10:54.584000,HAD,6,94.479,17.0,1.0,,,False,MEDIUM,23.0,False,Red Bull Racing,1,9.0,True,4,Miami Grand Prix,True,C4,True,0.29,0.308,2.594,2.823,0.137,0.145,95.405
0 days 01:12:28.313000,HAD,6,93.729,18.0,1.0,,,False,MEDIUM,24.0,False,Red Bull Racing,1,9.0,True,4,Miami Grand Prix,True,C4,True,-0.46,-0.488,1.844,2.007,-0.353,-0.375,94.713
0 days 01:14:02.089000,HAD,6,93.776,19.0,1.0,,,False,MEDIUM,25.0,False,Red Bull Racing,1,9.0,True,4,Miami Grand Prix,True,C4,True,-0.413,-0.438,1.891,2.058,-0.249,-0.265,94.818
0 days 00:45:51.663000,COL,43,,1.0,1.0,,,False,MEDIUM,1.0,True,Alpine,1,9.0,False,4,Miami Grand Prix,True,C4,False,,,,,,,
0 days 00:47:25.350000,COL,43,93.687,2.0,1.0,,,True,MEDIUM,2.0,True,Alpine,1,9.0,True,4,Miami Grand Prix,True,C4,True,-0.502,-0.533,1.802,1.961,-0.815,-0.862,93.745
0 days 00:49:00.001000,COL,43,94.651,3.0,1.0,,,False,MEDIUM,3.0,True,Alpine,1,9.0,True,4,Miami Grand Prix,True,C4,True,0.462,0.491,2.766,3.01,0.253,0.268,94.767
0 days 00:50:34.413000,COL,43,94.412,4.0,1.0,,,False,MEDIUM,4.0,True,Alpine,1,9.0,True,4,Miami Grand Prix,True,C4,True,0.223,0.237,2.527,2.75,-0.115,-0.122,94.586
0 days 00:52:08.372000,COL,43,93.959,5.0,1.0,,,False,MEDIUM,5.0,True,Alpine,1,9.0,True,4,Miami Grand Prix,True,C4,True,-0.23,-0.244,2.074,2.257,-0.093,-0.099,94.191
0 days 00:53:41.511000,COL,43,93.139,6.0,1.0,,,True,MEDIUM,6.0,True,Alpine,1,9.0,True,4,Miami Grand Prix,True,C4,True,-1.05,-1.115,1.254,1.365,-0.739,-0.787,93.428
0 days 00:55:14.802000,COL,43,93.291,7.0,1.0,,,False,MEDIUM,7.0,True,Alpine,1,9.0,True,4,Miami Grand Prix,True,C4,True,-0.898,-0.953,1.406,1.53,-0.551,-0.587,93.638
0 days 00:56:48.495000,COL,43,93.693,8.0,1.0,,,False,MEDIUM,8.0,True,Alpine,1,9.0,True,4,Miami Grand Prix,True,C4,True,-0.496,-0.527,1.808,1.968,-0.79,-0.836,94.098
0 days 00:58:22.435000,COL,43,93.94,9.0,1.0,,,False,MEDIUM,9.0,True,Alpine,1,9.0,True,4,Miami Grand Prix,True,C4,True,-0.249,-0.264,2.055,2.236,-0.014,-0.015,94.403
0 days 00:59:56.069000,COL,43,93.634,10.0,1.0,,,False,MEDIUM,10.0,True,Alpine,1,9.0,True,4,Miami Grand Prix,True,C4,True,-0.555,-0.589,1.749,1.903,-0.209,-0.223,94.155
0 days 01:01:29.507000,COL,43,93.438,11.0,1.0,,,False,MEDIUM,11.0,True,Alpine,1,9.0,True,4,Miami Grand Prix,True,C4,True,-0.751,-0.797,1.553,1.69,-0.503,-0.535,94.017
0 days 01:03:03.589000,COL,43,94.082,12.0,1.0,,,False,MEDIUM,12.0,True,Alpine,1,9.0,True,4,Miami Grand Prix,True,C4,True,-0.107,-0.114,2.197,2.391,-0.12,-0.127,94.719
0 days 01:04:37.376000,COL,43,93.787,13.0,1.0,,,False,MEDIUM,13.0,True,Alpine,1,9.0,True,4,Miami Grand Prix,True,C4,True,-0.402,-0.427,1.902,2.07,-0.275,-0.292,94.482
0 days 01:06:11.244000,COL,43,93.868,14.0,1.0,,,False,MEDIUM,14.0,True,Alpine,1,9.0,True,4,Miami Grand Prix,True,C4,True,-0.321,-0.341,1.983,2.158,-0.183,-0.195,94.621
0 days 01:07:45.557000,COL,43,94.313,15.0,1.0,,,False,MEDIUM,15.0,True,Alpine,1,9.0,True,4,Miami Grand Prix,True,C4,True,0.124,0.132,2.428,2.642,-0.043,-0.046,95.124
0 days 01:09:19.712000,COL,43,94.155,16.0,1.0,,,False,MEDIUM,16.0,True,Alpine,1,9.0,True,4,Miami Grand Prix,True,C4,True,-0.034,-0.036,2.27,2.47,0.104,0.111,95.023
0 days 01:10:55.489000,COL,43,95.777,17.0,1.0,,,False,MEDIUM,17.0,True,Alpine,1,10.0,True,4,Miami Grand Prix,True,C4,True,1.588,1.686,3.892,4.236,1.435,1.521,96.703
0 days 01:12:29.589000,COL,43,94.1,18.0,1.0,,,False,MEDIUM,18.0,True,Alpine,1,10.0,True,4,Miami Grand Prix,True,C4,True,-0.089,-0.094,2.215,2.411,0.018,0.019,95.084
0 days 01:14:03.713000,COL,43,94.124,19.0,1.0,,,False,MEDIUM,19.0,True,Alpine,1,10.0,True,4,Miami Grand Prix,True,C4,True,-0.065,-0.069,2.239,2.437,0.099,0.105,95.166
0 days 00:45:52.644000,BOR,5,,1.0,1.0,,,False,MEDIUM,7.0,False,Audi,1,10.0,False,4,Miami Grand Prix,True,C4,False,,,,,,,
0 days 00:47:27.042000,BOR,5,94.398,2.0,1.0,,,True,MEDIUM,8.0,False,Audi,1,10.0,True,4,Miami Grand Prix,True,C4,True,0.209,0.222,2.513,2.735,-0.104,-0.11,94.456
0 days 00:49:01.308000,BOR,5,94.266,3.0,1.0,,,True,MEDIUM,9.0,False,Audi,1,10.0,True,4,Miami Grand Prix,True,C4,True,0.077,0.082,2.381,2.591,-0.132,-0.14,94.382
0 days 00:50:36.665000,BOR,5,95.357,4.0,1.0,,,False,MEDIUM,10.0,False,Audi,1,11.0,True,4,Miami Grand Prix,True,C4,True,1.168,1.24,3.472,3.779,0.83,0.878,95.531
0 days 00:52:11.371000,BOR,5,94.706,5.0,1.0,,,False,MEDIUM,11.0,False,Audi,1,11.0,True,4,Miami Grand Prix,True,C4,True,0.517,0.549,2.821,3.07,0.654,0.695,94.938
0 days 00:53:46.311000,BOR,5,94.94,6.0,1.0,,,False,MEDIUM,12.0,False,Audi,1,11.0,True,4,Miami Grand Prix,True,C4,True,0.751,0.797,3.055,3.325,1.062,1.131,95.229
0 days 00:55:21.454000,BOR,5,95.143,7.0,1.0,,,False,MEDIUM,13.0,False,Audi,1,11.0,True,4,Miami Grand Prix,True,C4,True,0.954,1.013,3.258,3.546,1.301,1.386,95.49
0 days 00:56:55.628000,BOR,5,94.174,8.0,1.0,,,True,MEDIUM,14.0,False,Audi,1,11.0,True,4,Miami Grand Prix,True,C4,True,-0.015,-0.016,2.289,2.491,-0.309,-0.327,94.579
0 days 00:58:30.135000,BOR,5,94.507,9.0,1.0,,,False,MEDIUM,15.0,False,Audi,1,11.0,True,4,Miami Grand Prix,True,C4,True,0.318,0.338,2.622,2.854,0.553,0.589,94.97
0 days 01:00:04.469000,BOR,5,94.334,10.0,1.0,,,False,MEDIUM,16.0,False,Audi,1,11.0,True,4,Miami Grand Prix,True,C4,True,0.145,0.154,2.449,2.665,0.491,0.523,94.855
0 days 01:01:38.913000,BOR,5,94.444,11.0,1.0,,,False,MEDIUM,17.0,False,Audi,1,11.0,True,4,Miami Grand Prix,True,C4,True,0.255,0.271,2.559,2.785,0.503,0.535,95.023
0 days 01:03:13.373000,BOR,5,94.46,12.0,1.0,,,False,MEDIUM,18.0,False,Audi,1,11.0,True,4,Miami Grand Prix,True,C4,True,0.271,0.288,2.575,2.802,0.258,0.274,95.097
0 days 01:04:47.873000,BOR,5,94.5,13.0,1.0,,,False,MEDIUM,19.0,False,Audi,1,11.0,True,4,Miami Grand Prix,True,C4,True,0.311,0.33,2.615,2.846,0.438,0.466,95.195
0 days 01:06:22.267000,BOR,5,94.394,14.0,1.0,,,False,MEDIUM,20.0,False,Audi,1,11.0,True,4,Miami Grand Prix,True,C4,True,0.205,0.218,2.509,2.731,0.343,0.365,95.147
0 days 01:07:56.981000,BOR,5,94.714,15.0,1.0,,,False,MEDIUM,21.0,False,Audi,1,11.0,True,4,Miami Grand Prix,True,C4,True,0.525,0.557,2.829,3.079,0.358,0.379,95.525
0 days 01:09:31.616000,BOR,5,94.635,16.0,1.0,,,False,MEDIUM,22.0,False,Audi,1,11.0,True,4,Miami Grand Prix,True,C4,True,0.446,0.474,2.75,2.993,0.584,0.621,95.503
0 days 01:11:06.015000,BOR,5,94.399,17.0,1.0,,,False,MEDIUM,23.0,False,Audi,1,11.0,True,4,Miami Grand Prix,True,C4,True,0.21,0.223,2.514,2.736,0.057,0.06,95.325
0 days 01:12:40.760000,BOR,5,94.745,18.0,1.0,,,False,MEDIUM,24.0,False,Audi,1,11.0,True,4,Miami Grand Prix,True,C4,True,0.556,0.59,2.86,3.113,0.663,0.705,95.729
0 days 01:14:15.181000,BOR,5,94.421,19.0,1.0,,,False,MEDIUM,25.0,False,Audi,1,11.0,True,4,Miami Grand Prix,True,C4,True,0.232,0.246,2.536,2.76,0.396,0.421,95.463
0 days 00:45:54.338000,OCO,31,,1.0,1.0,,,False,MEDIUM,4.0,False,Haas F1 Team,1,13.0,False,4,Miami Grand Prix,True,C4,False,,,,,,,
0 days 00:47:29.629000,OCO,31,95.291,2.0,1.0,,,True,MEDIUM,5.0,False,Haas F1 Team,1,13.0,True,4,Miami Grand Prix,True,C4,True,1.102,1.17,3.406,3.707,0.789,0.835,95.349
0 days 00:49:04.225000,OCO,31,94.596,3.0,1.0,,,True,MEDIUM,6.0,False,Haas F1 Team,1,13.0,True,4,Miami Grand Prix,True,C4,True,0.407,0.432,2.711,2.95,0.198,0.21,94.712
0 days 00:50:39.122000,OCO,31,94.897,4.0,1.0,,,False,MEDIUM,7.0,False,Haas F1 Team,1,13.0,True,4,Miami Grand Prix,True,C4,True,0.708,0.752,3.012,3.278,0.37,0.391,95.071
0 days 00:52:13.791000,OCO,31,94.669,5.0,1.0,,,False,MEDIUM,8.0,False,Haas F1 Team,1,13.0,True,4,Miami Grand Prix,True,C4,True,0.48,0.51,2.784,3.03,0.617,0.656,94.901
0 days 00:53:48.200000,OCO,31,94.409,6.0,1.0,,,True,MEDIUM,9.0,False,Haas F1 Team,1,13.0,True,4,Miami Grand Prix,True,C4,True,0.22,0.234,2.524,2.747,0.531,0.566,94.698
0 days 00:55:22.929000,OCO,31,94.729,7.0,1.0,,,False,MEDIUM,10.0,False,Haas F1 Team,1,13.0,True,4,Miami Grand Prix,True,C4,True,0.54,0.573,2.844,3.095,0.887,0.945,95.076
0 days 00:56:57.821000,OCO,31,94.892,8.0,1.0,,,False,MEDIUM,11.0,False,Haas F1 Team,1,13.0,True,4,Miami Grand Prix,True,C4,True,0.703,0.746,3.007,3.273,0.409,0.433,95.297
0 days 00:58:32.434000,OCO,31,94.613,9.0,1.0,,,False,MEDIUM,12.0,False,Haas F1 Team,1,13.0,True,4,Miami Grand Prix,True,C4,True,0.424,0.45,2.728,2.969,0.659,0.701,95.076
0 days 01:00:07.199000,OCO,31,94.765,10.0,1.0,,,False,MEDIUM,13.0,False,Haas F1 Team,1,13.0,True,4,Miami Grand Prix,True,C4,True,0.576,0.612,2.88,3.134,0.922,0.982,95.286
0 days 01:01:42.342000,OCO,31,95.143,11.0,1.0,,,False,MEDIUM,14.0,False,Haas F1 Team,1,13.0,True,4,Miami Grand Prix,True,C4,True,0.954,1.013,3.258,3.546,1.202,1.28,95.722
0 days 01:03:17.654000,OCO,31,95.312,12.0,1.0,,,False,MEDIUM,15.0,False,Haas F1 Team,1,12.0,True,4,Miami Grand Prix,True,C4,True,1.123,1.192,3.427,3.73,1.11,1.178,95.949
0 days 01:04:52.936000,OCO,31,95.282,13.0,1.0,,,False,MEDIUM,16.0,False,Haas F1 Team,1,12.0,True,4,Miami Grand Prix,True,C4,True,1.093,1.16,3.397,3.697,1.22,1.297,95.977
0 days 01:06:28.172000,OCO,31,95.236,14.0,1.0,,,False,MEDIUM,17.0,False,Haas F1 Team,1,12.0,True,4,Miami Grand Prix,True,C4,True,1.047,1.112,3.351,3.647,1.185,1.26,95.989
0 days 01:08:03.363000,OCO,31,95.191,15.0,1.0,,,False,MEDIUM,18.0,False,Haas F1 Team,1,12.0,True,4,Miami Grand Prix,True,C4,True,1.002,1.064,3.306,3.598,0.835,0.885,96.002
0 days 01:09:38.515000,OCO,31,95.152,16.0,1.0,,,False,MEDIUM,19.0,False,Haas F1 Team,1,12.0,True,4,Miami Grand Prix,True,C4,True,0.963,1.022,3.267,3.556,1.101,1.171,96.02
0 days 01:11:13.412000,OCO,31,94.897,17.0,1.0,,,False,MEDIUM,20.0,False,Haas F1 Team,1,12.0,True,4,Miami Grand Prix,True,C4,True,0.708,0.752,3.012,3.278,0.555,0.588,95.823
0 days 01:12:48.530000,OCO,31,95.118,18.0,1.0,,,False,MEDIUM,21.0,False,Haas F1 Team,1,12.0,True,4,Miami Grand Prix,True,C4,True,0.929,0.986,3.233,3.519,1.036,1.101,96.102
0 days 01:14:23.715000,OCO,31,95.185,19.0,1.0,,,False,MEDIUM,22.0,False,Haas F1 Team,1,12.0,True,4,Miami Grand Prix,True,C4,True,0.996,1.057,3.3,3.591,1.16,1.234,96.227
0 days 00:45:53.489000,BEA,87,,1.0,1.0,,,False,MEDIUM,4.0,False,Haas F1 Team,1,12.0,False,4,Miami Grand Prix,True,C4,False,,,,,,,
0 days 00:47:28.745000,BEA,87,95.256,2.0,1.0,,,True,MEDIUM,5.0,False,Haas F1 Team,1,12.0,True,4,Miami Grand Prix,True,C4,True,1.067,1.133,3.371,3.669,0.754,0.798,95.314
0 days 00:49:03.275000,BEA,87,94.53,3.0,1.0,,,True,MEDIUM,6.0,False,Haas F1 Team,1,12.0,True,4,Miami Grand Prix,True,C4,True,0.341,0.362,2.645,2.879,0.132,0.14,94.646
0 days 00:50:38.027000,BEA,87,94.752,4.0,1.0,,,False,MEDIUM,7.0,False,Haas F1 Team,1,12.0,True,4,Miami Grand Prix,True,C4,True,0.563,0.598,2.867,3.12,0.225,0.238,94.926
0 days 00:52:12.907000,BEA,87,94.88,5.0,1.0,,,False,MEDIUM,8.0,False,Haas F1 Team,1,12.0,True,4,Miami Grand Prix,True,C4,True,0.691,0.734,2.995,3.26,0.828,0.88,95.112
0 days 00:53:47.431000,BEA,87,94.524,6.0,1.0,,,True,MEDIUM,9.0,False,Haas F1 Team,1,12.0,True,4,Miami Grand Prix,True,C4,True,0.335,0.356,2.639,2.872,0.646,0.688,94.813
0 days 00:55:22.272000,BEA,87,94.841,7.0,1.0,,,False,MEDIUM,10.0,False,Haas F1 Team,1,12.0,True,4,Miami Grand Prix,True,C4,True,0.652,0.692,2.956,3.217,0.999,1.065,95.188
0 days 00:56:56.953000,BEA,87,94.681,8.0,1.0,,,False,MEDIUM,11.0,False,Haas F1 Team,1,12.0,True,4,Miami Grand Prix,True,C4,True,0.492,0.522,2.796,3.043,0.198,0.21,95.086
0 days 00:58:31.618000,BEA,87,94.665,9.0,1.0,,,False,MEDIUM,12.0,False,Haas F1 Team,1,12.0,True,4,Miami Grand Prix,True,C4,True,0.476,0.505,2.78,3.026,0.711,0.757,95.128
0 days 01:00:06.670000,BEA,87,95.052,10.0,1.0,,,False,MEDIUM,13.0,False,Haas F1 Team,1,12.0,True,4,Miami Grand Prix,True,C4,True,0.863,0.916,3.167,3.447,1.209,1.288,95.573
0 days 01:01:41.867000,BEA,87,95.197,11.0,1.0,,,False,MEDIUM,14.0,False,Haas F1 Team,1,12.0,True,4,Miami Grand Prix,True,C4,True,1.008,1.07,3.312,3.605,1.256,1.337,95.776
0 days 01:03:18.455000,BEA,87,96.588,12.0,1.0,,,False,MEDIUM,15.0,False,Haas F1 Team,1,13.0,True,4,Miami Grand Prix,True,C4,True,2.399,2.547,4.703,5.118,2.386,2.533,97.225
0 days 01:04:53.810000,BEA,87,95.355,13.0,1.0,,,False,MEDIUM,16.0,False,Haas F1 Team,1,13.0,True,4,Miami Grand Prix,True,C4,True,1.166,1.238,3.47,3.776,1.293,1.375,96.05
0 days 01:06:28.893000,BEA,87,95.083,14.0,1.0,,,False,MEDIUM,17.0,False,Haas F1 Team,1,13.0,True,4,Miami Grand Prix,True,C4,True,0.894,0.949,3.198,3.48,1.032,1.097,95.836
0 days 01:08:04.044000,BEA,87,95.151,15.0,1.0,,,False,MEDIUM,18.0,False,Haas F1 Team,1,13.0,True,4,Miami Grand Prix,True,C4,True,0.962,1.021,3.266,3.554,0.795,0.843,95.962
0 days 01:09:39.187000,BEA,87,95.143,16.0,1.0,,,False,MEDIUM,19.0,False,Haas F1 Team,1,13.0,True,4,Miami Grand Prix,True,C4,True,0.954,1.013,3.258,3.546,1.092,1.161,96.011
0 days 01:11:14.167000,BEA,87,94.98,17.0,1.0,,,False,MEDIUM,20.0,False,Haas F1 Team,1,13.0,True,4,Miami Grand Prix,True,C4,True,0.791,0.84,3.095,3.368,0.638,0.676,95.906
0 days 01:12:49.187000,BEA,87,95.02,18.0,1.0,,,False,MEDIUM,21.0,False,Haas F1 Team,1,13.0,True,4,Miami Grand Prix,True,C4,True,0.831,0.882,3.135,3.412,0.938,0.997,96.004
0 days 01:14:24.108000,BEA,87,94.921,19.0,1.0,,,False,MEDIUM,22.0,False,Haas F1 Team,1,13.0,True,4,Miami Grand Prix,True,C4,True,0.732,0.777,3.036,3.304,0.896,0.953,95.963
0 days 00:45:55.670000,SAI,55,,1.0,1.0,,,False,MEDIUM,7.0,False,Williams,1,16.0,False,4,Miami Grand Prix,True,C4,False,,,,,,,
0 days 00:47:31.487000,SAI,55,95.817,2.0,1.0,,,True,MEDIUM,8.0,False,Williams,1,14.0,True,4,Miami Grand Prix,True,C4,True,1.628,1.728,3.932,4.279,1.315,1.392,95.875
0 days 00:49:06.213000,SAI,55,94.726,3.0,1.0,,,True,MEDIUM,9.0,False,Williams,1,14.0,True,4,Miami Grand Prix,True,C4,True,0.537,0.57,2.841,3.092,0.328,0.347,94.842
0 days 00:50:40.855000,SAI,55,94.642,4.0,1.0,,,True,MEDIUM,10.0,False,Williams,1,14.0,True,4,Miami Grand Prix,True,C4,True,0.453,0.481,2.757,3.0,0.115,0.122,94.816
0 days 00:52:14.863000,SAI,55,94.008,5.0,1.0,,,True,MEDIUM,11.0,False,Williams,1,14.0,True,4,Miami Grand Prix,True,C4,True,-0.181,-0.192,2.123,2.31,-0.044,-0.047,94.24
0 days 00:53:48.929000,SAI,55,94.066,6.0,1.0,,,False,MEDIUM,12.0,False,Williams,1,14.0,True,4,Miami Grand Prix,True,C4,True,-0.123,-0.131,2.181,2.374,0.188,0.2,94.355
0 days 00:55:23.582000,SAI,55,94.653,7.0,1.0,,,False,MEDIUM,13.0,False,Williams,1,14.0,True,4,Miami Grand Prix,True,C4,True,0.464,0.493,2.768,3.012,0.811,0.864,95.0
0 days 00:56:58.506000,SAI,55,94.924,8.0,1.0,,,False,MEDIUM,14.0,False,Williams,1,14.0,True,4,Miami Grand Prix,True,C4,True,0.735,0.78,3.039,3.307,0.441,0.467,95.329
0 days 00:58:33.316000,SAI,55,94.81,9.0,1.0,,,False,MEDIUM,15.0,False,Williams,1,14.0,True,4,Miami Grand Prix,True,C4,True,0.621,0.659,2.925,3.183,0.856,0.911,95.273
0 days 01:00:07.856000,SAI,55,94.54,10.0,1.0,,,False,MEDIUM,16.0,False,Williams,1,14.0,True,4,Miami Grand Prix,True,C4,True,0.351,0.373,2.655,2.889,0.697,0.743,95.061
0 days 01:01:43.606000,SAI,55,95.75,11.0,1.0,,,False,MEDIUM,17.0,False,Williams,1,14.0,True,4,Miami Grand Prix,True,C4,True,1.561,1.657,3.865,4.206,1.809,1.926,96.329
0 days 01:03:18.734000,SAI,55,95.128,12.0,1.0,,,False,MEDIUM,18.0,False,Williams,1,14.0,True,4,Miami Grand Prix,True,C4,True,0.939,0.997,3.243,3.529,0.926,0.983,95.765
0 days 01:04:54.268000,SAI,55,95.534,13.0,1.0,,,False,MEDIUM,19.0,False,Williams,1,14.0,True,4,Miami Grand Prix,True,C4,True,1.345,1.428,3.649,3.971,1.472,1.565,96.229
0 days 01:06:29.726000,SAI,55,95.458,14.0,1.0,,,False,MEDIUM,20.0,False,Williams,1,14.0,True,4,Miami Grand Prix,True,C4,True,1.269,1.347,3.573,3.889,1.407,1.496,96.211
0 days 01:08:04.682000,SAI,55,94.956,15.0,1.0,,,False,MEDIUM,21.0,False,Williams,1,14.0,True,4,Miami Grand Prix,True,C4,True,0.767,0.814,3.071,3.342,0.6,0.636,95.767
0 days 01:09:40.012000,SAI,55,95.33,16.0,1.0,,,False,MEDIUM,22.0,False,Williams,1,14.0,True,4,Miami Grand Prix,True,C4,True,1.141,1.211,3.445,3.749,1.279,1.36,96.198
0 days 01:11:14.989000,SAI,55,94.977,17.0,1.0,,,False,MEDIUM,23.0,False,Williams,1,14.0,True,4,Miami Grand Prix,True,C4,True,0.788,0.837,3.092,3.365,0.635,0.673,95.903
0 days 01:12:50.207000,SAI,55,95.218,18.0,1.0,,,False,MEDIUM,24.0,False,Williams,1,14.0,True,4,Miami Grand Prix,True,C4,True,1.029,1.092,3.333,3.627,1.136,1.207,96.202
0 days 01:14:25.247000,SAI,55,95.04,19.0,1.0,,,False,MEDIUM,25.0,False,Williams,1,14.0,True,4,Miami Grand Prix,True,C4,True,0.851,0.904,3.155,3.434,1.015,1.08,96.082
0 days 00:45:54.828000,LAW,30,,1.0,1.0,,,False,MEDIUM,1.0,True,Racing Bulls,1,14.0,False,4,Miami Grand Prix,True,C4,False,,,,,,,
0 days 00:47:32.343000,LAW,30,97.515,2.0,1.0,,,True,MEDIUM,2.0,True,Racing Bulls,1,16.0,True,4,Miami Grand Prix,True,C4,True,3.326,3.531,5.63,6.127,3.013,3.188,97.573
0 days 00:49:09.329000,LAW,30,96.986,3.0,1.0,,,True,MEDIUM,3.0,True,Racing Bulls,1,17.0,True,4,Miami Grand Prix,True,C4,True,2.797,2.97,5.101,5.552,2.588,2.742,97.102
0 days 00:50:45.874000,LAW,30,96.545,4.0,1.0,,,True,MEDIUM,4.0,True,Racing Bulls,1,17.0,True,4,Miami Grand Prix,True,C4,True,2.356,2.501,4.66,5.072,2.018,2.135,96.719
0 days 00:52:20.826000,LAW,30,94.952,5.0,1.0,,,True,MEDIUM,5.0,True,Racing Bulls,1,17.0,True,4,Miami Grand Prix,True,C4,True,0.763,0.81,3.067,3.338,0.9,0.957,95.184
0 days 00:53:55.172000,LAW,30,94.346,6.0,1.0,,,True,MEDIUM,6.0,True,Racing Bulls,1,17.0,True,4,Miami Grand Prix,True,C4,True,0.157,0.167,2.461,2.678,0.468,0.499,94.635
0 days 00:55:30.089000,LAW,30,94.917,7.0,1.0,,,False,MEDIUM,7.0,True,Racing Bulls,1,17.0,True,4,Miami Grand Prix,True,C4,True,0.728,0.773,3.032,3.3,1.075,1.146,95.264
0 days 00:57:05.633000,LAW,30,95.544,8.0,1.0,,,False,MEDIUM,8.0,True,Racing Bulls,1,17.0,True,4,Miami Grand Prix,True,C4,True,1.355,1.439,3.659,3.982,1.061,1.123,95.949
0 days 00:58:41.246000,LAW,30,95.613,9.0,1.0,,,False,MEDIUM,9.0,True,Racing Bulls,1,16.0,True,4,Miami Grand Prix,True,C4,True,1.424,1.512,3.728,4.057,1.659,1.766,96.076
0 days 01:00:15.450000,LAW,30,94.204,10.0,1.0,,,True,MEDIUM,10.0,True,Racing Bulls,1,16.0,True,4,Miami Grand Prix,True,C4,True,0.015,0.016,2.319,2.524,0.361,0.385,94.725
0 days 01:01:49.924000,LAW,30,94.474,11.0,1.0,,,False,MEDIUM,11.0,True,Racing Bulls,1,16.0,True,4,Miami Grand Prix,True,C4,True,0.285,0.303,2.589,2.818,0.533,0.567,95.053
0 days 01:03:24.245000,LAW,30,94.321,12.0,1.0,,,False,MEDIUM,12.0,True,Racing Bulls,1,16.0,True,4,Miami Grand Prix,True,C4,True,0.132,0.14,2.436,2.651,0.119,0.126,94.958
0 days 01:04:58.511000,LAW,30,94.266,13.0,1.0,,,False,MEDIUM,13.0,True,Racing Bulls,1,15.0,True,4,Miami Grand Prix,True,C4,True,0.077,0.082,2.381,2.591,0.204,0.217,94.961
0 days 01:06:32.932000,LAW,30,94.421,14.0,1.0,,,False,MEDIUM,14.0,True,Racing Bulls,1,15.0,True,4,Miami Grand Prix,True,C4,True,0.232,0.246,2.536,2.76,0.37,0.393,95.174
0 days 01:08:07.330000,LAW,30,94.398,15.0,1.0,,,False,MEDIUM,15.0,True,Racing Bulls,1,15.0,True,4,Miami Grand Prix,True,C4,True,0.209,0.222,2.513,2.735,0.042,0.045,95.209
0 days 01:09:41.728000,LAW,30,94.398,16.0,1.0,,,False,MEDIUM,16.0,True,Racing Bulls,1,15.0,True,4,Miami Grand Prix,True,C4,True,0.209,0.222,2.513,2.735,0.347,0.369,95.266
0 days 01:11:16.013000,LAW,30,94.285,17.0,1.0,,,False,MEDIUM,17.0,True,Racing Bulls,1,15.0,True,4,Miami Grand Prix,True,C4,True,0.096,0.102,2.4,2.612,-0.057,-0.06,95.211
0 days 01:12:50.689000,LAW,30,94.676,18.0,1.0,,,False,MEDIUM,18.0,True,Racing Bulls,1,15.0,True,4,Miami Grand Prix,True,C4,True,0.487,0.517,2.791,3.037,0.594,0.631,95.66
0 days 01:14:26.101000,LAW,30,95.412,19.0,1.0,,,False,MEDIUM,19.0,True,Racing Bulls,1,15.0,True,4,Miami Grand Prix,True,C4,True,1.223,1.298,3.527,3.838,1.387,1.475,96.454
0 days 00:45:57.879000,ALO,14,,1.0,1.0,,,False,SOFT,1.0,True,Aston Martin,1,20.0,False,4,Miami Grand Prix,True,C5,False,,,,,,,
0 days 00:47:33.965000,ALO,14,96.086,2.0,1.0,,,True,SOFT,2.0,True,Aston Martin,1,19.0,True,4,Miami Grand Prix,True,C5,True,1.897,2.014,4.201,4.572,1.584,1.676,96.144
0 days 00:49:10.377000,ALO,14,96.412,3.0,1.0,,,False,SOFT,3.0,True,Aston Martin,1,19.0,True,4,Miami Grand Prix,True,C5,True,2.223,2.36,4.527,4.927,2.014,2.134,96.528
0 days 00:50:47.711000,ALO,14,97.334,4.0,1.0,,,False,SOFT,4.0,True,Aston Martin,1,20.0,True,4,Miami Grand Prix,True,C5,True,3.145,3.339,5.449,5.93,2.807,2.97,97.508
0 days 00:52:24.656000,ALO,14,96.945,5.0,1.0,,,False,SOFT,5.0,True,Aston Martin,1,20.0,True,4,Miami Grand Prix,True,C5,True,2.756,2.926,5.06,5.507,2.893,3.076,97.177
0 days 00:54:00.278000,ALO,14,95.622,6.0,1.0,,,True,SOFT,6.0,True,Aston Martin,1,20.0,True,4,Miami Grand Prix,True,C5,True,1.433,1.521,3.737,4.067,1.744,1.858,95.911
0 days 00:55:35.541000,ALO,14,95.263,7.0,1.0,,,True,SOFT,7.0,True,Aston Martin,1,19.0,True,4,Miami Grand Prix,True,C5,True,1.074,1.14,3.378,3.676,1.421,1.514,95.61
0 days 00:57:11.612000,ALO,14,96.071,8.0,1.0,,,False,SOFT,8.0,True,Aston Martin,1,19.0,True,4,Miami Grand Prix,True,C5,True,1.882,1.998,4.186,4.556,1.588,1.681,96.476
0 days 00:58:47.136000,ALO,14,95.524,9.0,1.0,,,False,SOFT,9.0,True,Aston Martin,1,19.0,True,4,Miami Grand Prix,True,C5,True,1.335,1.417,3.639,3.96,1.57,1.671,95.987
0 days 01:00:22.428000,ALO,14,95.292,10.0,1.0,,,False,SOFT,10.0,True,Aston Martin,1,19.0,True,4,Miami Grand Prix,True,C5,True,1.103,1.171,3.407,3.708,1.449,1.544,95.813
0 days 01:01:57.148000,ALO,14,94.72,11.0,1.0,,,True,SOFT,11.0,True,Aston Martin,1,19.0,True,4,Miami Grand Prix,True,C5,True,0.531,0.564,2.835,3.085,0.779,0.829,95.299
0 days 01:03:32.160000,ALO,14,95.012,12.0,1.0,,,False,SOFT,12.0,True,Aston Martin,1,19.0,True,4,Miami Grand Prix,True,C5,True,0.823,0.874,3.127,3.403,0.81,0.86,95.649
0 days 01:05:07.233000,ALO,14,95.073,13.0,1.0,,,False,SOFT,13.0,True,Aston Martin,1,19.0,True,4,Miami Grand Prix,True,C5,True,0.884,0.939,3.188,3.47,1.011,1.075,95.768
0 days 01:06:43.452000,ALO,14,96.219,14.0,1.0,,,False,SOFT,14.0,True,Aston Martin,1,18.0,True,4,Miami Grand Prix,True,C5,True,2.03,2.155,4.334,4.717,2.168,2.305,96.972
0 days 01:08:19.720000,ALO,14,96.268,15.0,1.0,,,False,SOFT,15.0,True,Aston Martin,1,18.0,True,4,Miami Grand Prix,True,C5,True,2.079,2.207,4.383,4.77,1.912,2.026,97.079
0 days 01:09:55.035000,ALO,14,95.315,16.0,1.0,,,False,SOFT,16.0,True,Aston Martin,1,18.0,True,4,Miami Grand Prix,True,C5,True,1.126,1.195,3.43,3.733,1.264,1.344,96.183
0 days 01:11:31.072000,ALO,14,96.037,17.0,1.0,,,False,SOFT,17.0,True,Aston Martin,1,17.0,True,4,Miami Grand Prix,True,C5,True,1.848,1.962,4.152,4.519,1.695,1.797,96.963
0 days 01:13:07.664000,ALO,14,96.592,18.0,1.0,,,False,SOFT,18.0,True,Aston Martin,1,17.0,True,4,Miami Grand Prix,True,C5,True,2.403,2.551,4.707,5.123,2.51,2.668,97.576
0 days 01:14:42.810000,ALO,14,95.146,19.0,1.0,,,False,SOFT,19.0,True,Aston Martin,1,16.0,True,4,Miami Grand Prix,True,C5,True,0.957,1.016,3.261,3.549,1.121,1.192,96.188
0 days 00:45:55.312000,PER,11,,1.0,1.0,,,False,HARD,1.0,True,Cadillac,1,15.0,False,4,Miami Grand Prix,True,C3,False,,,,,,,
0 days 00:47:31.833000,PER,11,96.521,2.0,1.0,,,True,HARD,2.0,True,Cadillac,1,15.0,True,4,Miami Grand Prix,True,C3,True,2.332,2.476,4.636,5.045,2.019,2.136,96.579
0 days 00:49:07.409000,PER,11,95.576,3.0,1.0,,,True,HARD,3.0,True,Cadillac,1,15.0,True,4,Miami Grand Prix,True,C3,True,1.387,1.473,3.691,4.017,1.178,1.248,95.692
0 days 00:50:43.164000,PER,11,95.755,4.0,1.0,,,False,HARD,4.0,True,Cadillac,1,15.0,True,4,Miami Grand Prix,True,C3,True,1.566,1.663,3.87,4.212,1.228,1.299,95.929
0 days 00:52:18.956000,PER,11,95.792,5.0,1.0,,,False,HARD,5.0,True,Cadillac,1,16.0,True,4,Miami Grand Prix,True,C3,True,1.603,1.702,3.907,4.252,1.74,1.85,96.024
0 days 00:53:53.971000,PER,11,95.015,6.0,1.0,,,True,HARD,6.0,True,Cadillac,1,16.0,True,4,Miami Grand Prix,True,C3,True,0.826,0.877,3.13,3.406,1.137,1.211,95.304
0 days 00:55:29.447000,PER,11,95.476,7.0,1.0,,,False,HARD,7.0,True,Cadillac,1,16.0,True,4,Miami Grand Prix,True,C3,True,1.287,1.366,3.591,3.908,1.634,1.741,95.823
0 days 00:57:05.096000,PER,11,95.649,8.0,1.0,,,False,HARD,8.0,True,Cadillac,1,16.0,True,4,Miami Grand Prix,True,C3,True,1.46,1.55,3.764,4.096,1.166,1.234,96.054
0 days 00:58:42.475000,PER,11,97.379,9.0,1.0,,,False,HARD,9.0,True,Cadillac,1,17.0,True,4,Miami Grand Prix,True,C3,True,3.19,3.387,5.494,5.979,3.425,3.645,97.842
0 days 01:00:18.476000,PER,11,96.001,10.0,1.0,,,False,HARD,10.0,True,Cadillac,1,17.0,True,4,Miami Grand Prix,True,C3,True,1.812,1.924,4.116,4.48,2.158,2.3,96.522
0 days 01:01:54.194000,PER,11,95.718,11.0,1.0,,,False,HARD,11.0,True,Cadillac,1,17.0,True,4,Miami Grand Prix,True,C3,True,1.529,1.623,3.833,4.172,1.777,1.892,96.297
0 days 01:03:30.102000,PER,11,95.908,12.0,1.0,,,False,HARD,12.0,True,Cadillac,1,17.0,True,4,Miami Grand Prix,True,C3,True,1.719,1.825,4.023,4.378,1.706,1.811,96.545
0 days 01:05:06.096000,PER,11,95.994,13.0,1.0,,,False,HARD,13.0,True,Cadillac,1,17.0,True,4,Miami Grand Prix,True,C3,True,1.805,1.916,4.109,4.472,1.932,2.054,96.689
0 days 01:06:42.610000,PER,11,96.514,14.0,1.0,,,False,HARD,14.0,True,Cadillac,1,16.0,True,4,Miami Grand Prix,True,C3,True,2.325,2.468,4.629,5.038,2.463,2.619,97.267
0 days 01:08:18.403000,PER,11,95.793,15.0,1.0,,,False,HARD,15.0,True,Cadillac,1,16.0,True,4,Miami Grand Prix,True,C3,True,1.604,1.703,3.908,4.253,1.437,1.523,96.604
0 days 01:09:54.076000,PER,11,95.673,16.0,1.0,,,False,HARD,16.0,True,Cadillac,1,16.0,True,4,Miami Grand Prix,True,C3,True,1.484,1.576,3.788,4.123,1.622,1.725,96.541
0 days 01:11:30.907000,PER,11,96.831,17.0,1.0,,,False,HARD,17.0,True,Cadillac,1,16.0,True,4,Miami Grand Prix,True,C3,True,2.642,2.805,4.946,5.383,2.489,2.638,97.757
0 days 01:13:07.266000,PER,11,96.359,18.0,1.0,,,False,HARD,18.0,True,Cadillac,1,16.0,True,4,Miami Grand Prix,True,C3,True,2.17,2.304,4.474,4.869,2.277,2.42,97.343
0 days 01:14:43.434000,PER,11,96.168,19.0,1.0,,,False,HARD,19.0,True,Cadillac,1,17.0,True,4,Miami Grand Prix,True,C3,True,1.979,2.101,4.283,4.661,2.143,2.279,97.21
0 days 00:45:57.293000,STR,18,,1.0,1.0,,,False,SOFT,1.0,True,Aston Martin,1,19.0,False,4,Miami Grand Prix,True,C5,False,,,,,,,
0 days 00:47:34.470000,STR,18,97.177,2.0,1.0,,,True,SOFT,2.0,True,Aston Martin,1,20.0,True,4,Miami Grand Prix,True,C5,True,2.988,3.172,5.292,5.759,2.675,2.831,97.235
0 days 00:49:10.870000,STR,18,96.4,3.0,1.0,,,True,SOFT,3.0,True,Aston Martin,1,20.0,True,4,Miami Grand Prix,True,C5,True,2.211,2.347,4.515,4.914,2.002,2.121,96.516
0 days 00:50:47.559000,STR,18,96.689,4.0,1.0,,,False,SOFT,4.0,True,Aston Martin,1,19.0,True,4,Miami Grand Prix,True,C5,True,2.5,2.654,4.804,5.228,2.162,2.287,96.863
0 days 00:52:23.549000,STR,18,95.99,5.0,1.0,,,True,SOFT,5.0,True,Aston Martin,1,19.0,True,4,Miami Grand Prix,True,C5,True,1.801,1.912,4.105,4.468,1.938,2.061,96.222
0 days 00:53:59.435000,STR,18,95.886,6.0,1.0,,,True,SOFT,6.0,True,Aston Martin,1,19.0,True,4,Miami Grand Prix,True,C5,True,1.697,1.802,4.001,4.354,2.008,2.139,96.175
0 days 00:55:35.188000,STR,18,95.753,7.0,1.0,,,True,SOFT,7.0,True,Aston Martin,1,18.0,True,4,Miami Grand Prix,True,C5,True,1.564,1.66,3.868,4.21,1.911,2.036,96.1
0 days 00:57:11.063000,STR,18,95.875,8.0,1.0,,,False,SOFT,8.0,True,Aston Martin,1,18.0,True,4,Miami Grand Prix,True,C5,True,1.686,1.79,3.99,4.342,1.392,1.473,96.28
0 days 00:58:46.357000,STR,18,95.294,9.0,1.0,,,False,SOFT,9.0,True,Aston Martin,1,18.0,True,4,Miami Grand Prix,True,C5,True,1.105,1.173,3.409,3.71,1.34,1.426,95.757
0 days 01:00:21.366000,STR,18,95.009,10.0,1.0,,,True,SOFT,10.0,True,Aston Martin,1,18.0,True,4,Miami Grand Prix,True,C5,True,0.82,0.871,3.124,3.4,1.166,1.243,95.53
0 days 01:01:56.412000,STR,18,95.046,11.0,1.0,,,False,SOFT,11.0,True,Aston Martin,1,18.0,True,4,Miami Grand Prix,True,C5,True,0.857,0.91,3.161,3.44,1.105,1.176,95.625
0 days 01:03:31.494000,STR,18,95.082,12.0,1.0,,,False,SOFT,12.0,True,Aston Martin,1,18.0,True,4,Miami Grand Prix,True,C5,True,0.893,0.948,3.197,3.479,0.88,0.934,95.719
0 days 01:05:06.986000,STR,18,95.492,13.0,1.0,,,False,SOFT,13.0,True,Aston Martin,1,18.0,True,4,Miami Grand Prix,True,C5,True,1.303,1.383,3.607,3.926,1.43,1.52,96.187
0 days 01:06:43.197000,STR,18,96.211,14.0,1.0,,,False,SOFT,14.0,True,Aston Martin,1,17.0,True,4,Miami Grand Prix,True,C5,True,2.022,2.147,4.326,4.708,2.16,2.297,96.964
0 days 01:08:18.979000,STR,18,95.782,15.0,1.0,,,False,SOFT,15.0,True,Aston Martin,1,17.0,True,4,Miami Grand Prix,True,C5,True,1.593,1.691,3.897,4.241,1.426,1.511,96.593
0 days 01:09:54.871000,STR,18,95.892,16.0,1.0,,,False,SOFT,16.0,True,Aston Martin,1,17.0,True,4,Miami Grand Prix,True,C5,True,1.703,1.808,4.007,4.361,1.841,1.957,96.76
0 days 01:11:31.576000,STR,18,96.705,17.0,1.0,,,False,SOFT,17.0,True,Aston Martin,1,18.0,True,4,Miami Grand Prix,True,C5,True,2.516,2.671,4.82,5.246,2.363,2.505,97.631
0 days 01:13:08.791000,STR,18,97.215,18.0,1.0,,,False,SOFT,18.0,True,Aston Martin,1,18.0,True,4,Miami Grand Prix,True,C5,True,3.026,3.213,5.33,5.801,3.133,3.33,98.199
0 days 01:14:44.369000,STR,18,95.578,19.0,1.0,,,False,SOFT,19.0,True,Aston Martin,1,18.0,True,4,Miami Grand Prix,True,C5,True,1.389,1.475,3.693,4.019,1.553,1.652,96.62
0 days 00:45:56.232000,ALB,23,,1.0,1.0,,,False,MEDIUM,7.0,False,Williams,1,17.0,False,4,Miami Grand Prix,True,C4,False,,,,,,,
0 days 00:47:32.625000,ALB,23,96.393,2.0,1.0,,,True,MEDIUM,8.0,False,Williams,1,17.0,True,4,Miami Grand Prix,True,C4,True,2.204,2.34,4.508,4.906,1.891,2.001,96.451
0 days 00:49:08.740000,ALB,23,96.115,3.0,1.0,,,True,MEDIUM,9.0,False,Williams,1,16.0,True,4,Miami Grand Prix,True,C4,True,1.926,2.045,4.23,4.604,1.717,1.819,96.231
0 days 00:50:43.719000,ALB,23,94.979,4.0,1.0,,,True,MEDIUM,10.0,False,Williams,1,16.0,True,4,Miami Grand Prix,True,C4,True,0.79,0.839,3.094,3.367,0.452,0.478,95.153
0 days 00:52:18.401000,ALB,23,94.682,5.0,1.0,,,True,MEDIUM,11.0,False,Williams,1,15.0,True,4,Miami Grand Prix,True,C4,True,0.493,0.523,2.797,3.044,0.63,0.67,94.914
0 days 00:53:52.783000,ALB,23,94.382,6.0,1.0,,,True,MEDIUM,12.0,False,Williams,1,15.0,True,4,Miami Grand Prix,True,C4,True,0.193,0.205,2.497,2.718,0.504,0.537,94.671
0 days 00:55:26.919000,ALB,23,94.136,7.0,1.0,,,True,MEDIUM,13.0,False,Williams,1,15.0,True,4,Miami Grand Prix,True,C4,True,-0.053,-0.056,2.251,2.45,0.294,0.313,94.483
0 days 00:57:00.773000,ALB,23,93.854,8.0,1.0,,,True,MEDIUM,14.0,False,Williams,1,15.0,True,4,Miami Grand Prix,True,C4,True,-0.335,-0.356,1.969,2.143,-0.629,-0.666,94.259
0 days 00:58:34.741000,ALB,23,93.968,9.0,1.0,,,False,MEDIUM,15.0,False,Williams,1,15.0,True,4,Miami Grand Prix,True,C4,True,-0.221,-0.235,2.083,2.267,0.014,0.015,94.431
0 days 01:00:08.793000,ALB,23,94.052,10.0,1.0,,,False,MEDIUM,16.0,False,Williams,1,15.0,True,4,Miami Grand Prix,True,C4,True,-0.137,-0.145,2.167,2.358,0.209,0.223,94.573
0 days 01:01:43.889000,ALB,23,95.096,11.0,1.0,,,False,MEDIUM,17.0,False,Williams,1,15.0,True,4,Miami Grand Prix,True,C4,True,0.907,0.963,3.211,3.495,1.155,1.229,95.675
0 days 01:03:19.210000,ALB,23,95.321,12.0,1.0,,,False,MEDIUM,18.0,False,Williams,1,15.0,True,4,Miami Grand Prix,True,C4,True,1.132,1.202,3.436,3.739,1.119,1.188,95.958
0 days 01:05:00.097000,ALB,23,100.887,13.0,1.0,,0 days 01:04:54.812000,False,MEDIUM,19.0,False,Williams,1,16.0,False,4,Miami Grand Prix,True,C4,False,6.698,7.111,9.002,9.797,6.825,7.256,101.582
0 days 01:07:07.207000,ALB,23,127.11,14.0,2.0,0 days 01:05:35.442000,,False,MEDIUM,7.0,False,Williams,1,20.0,False,4,Miami Grand Prix,True,C4,False,32.921,34.952,35.225,38.336,33.059,35.15,127.863
0 days 01:08:40.777000,ALB,23,93.57,15.0,2.0,,,True,MEDIUM,8.0,False,Williams,1,20.0,True,4,Miami Grand Prix,True,C4,True,-0.619,-0.657,1.685,1.834,-0.786,-0.833,94.381
0 days 01:10:14.266000,ALB,23,93.489,16.0,2.0,,,True,MEDIUM,9.0,False,Williams,1,20.0,True,4,Miami Grand Prix,True,C4,True,-0.7,-0.743,1.604,1.746,-0.562,-0.598,94.357
0 days 01:11:47.780000,ALB,23,93.514,17.0,2.0,,,False,MEDIUM,10.0,False,Williams,1,20.0,True,4,Miami Grand Prix,True,C4,True,-0.675,-0.717,1.629,1.773,-0.828,-0.878,94.44
0 days 01:13:21.253000,ALB,23,93.473,18.0,2.0,,,True,MEDIUM,11.0,False,Williams,1,20.0,True,4,Miami Grand Prix,True,C4,True,-0.716,-0.76,1.588,1.728,-0.609,-0.647,94.457
0 days 01:14:54.916000,ALB,23,93.663,19.0,2.0,,,False,MEDIUM,12.0,False,Williams,1,19.0,True,4,Miami Grand Prix,True,C4,True,-0.526,-0.558,1.778,1.935,-0.362,-0.385,94.705
0 days 00:45:56.558000,BOT,77,,1.0,1.0,,,False,HARD,1.0,True,Cadillac,1,18.0,False,4,Miami Grand Prix,True,C3,False,,,,,,,
0 days 00:47:33.153000,BOT,77,96.595,2.0,1.0,,,True,HARD,2.0,True,Cadillac,1,18.0,True,4,Miami Grand Prix,True,C3,True,2.406,2.554,4.71,5.126,2.093,2.215,96.653
0 days 00:49:09.794000,BOT,77,96.641,3.0,1.0,,,False,HARD,3.0,True,Cadillac,1,18.0,True,4,Miami Grand Prix,True,C3,True,2.452,2.603,4.756,5.176,2.243,2.376,96.757
0 days 00:50:46.415000,BOT,77,96.621,4.0,1.0,,,False,HARD,4.0,True,Cadillac,1,18.0,True,4,Miami Grand Prix,True,C3,True,2.432,2.582,4.736,5.154,2.094,2.215,96.795
0 days 00:52:22.649000,BOT,77,96.234,5.0,1.0,,,True,HARD,5.0,True,Cadillac,1,18.0,True,4,Miami Grand Prix,True,C3,True,2.045,2.171,4.349,4.733,2.182,2.32,96.466
0 days 00:53:58.747000,BOT,77,96.098,6.0,1.0,,,True,HARD,6.0,True,Cadillac,1,18.0,True,4,Miami Grand Prix,True,C3,True,1.909,2.027,4.213,4.585,2.22,2.365,96.387
0 days 00:55:35.953000,BOT,77,97.206,7.0,1.0,,,False,HARD,7.0,True,Cadillac,1,20.0,True,4,Miami Grand Prix,True,C3,True,3.017,3.203,5.321,5.791,3.364,3.585,97.553
0 days 00:57:13.161000,BOT,77,97.208,8.0,1.0,,,False,HARD,8.0,True,Cadillac,1,20.0,True,4,Miami Grand Prix,True,C3,True,3.019,3.205,5.323,5.793,2.725,2.884,97.613
0 days 00:58:49.663000,BOT,77,96.502,9.0,1.0,,,False,HARD,9.0,True,Cadillac,1,20.0,True,4,Miami Grand Prix,True,C3,True,2.313,2.456,4.617,5.025,2.548,2.712,96.965
0 days 01:00:25.519000,BOT,77,95.856,10.0,1.0,,,True,HARD,10.0,True,Cadillac,1,20.0,True,4,Miami Grand Prix,True,C3,True,1.667,1.77,3.971,4.322,2.013,2.145,96.377
0 days 01:02:01.918000,BOT,77,96.399,11.0,1.0,,,False,HARD,11.0,True,Cadillac,1,20.0,True,4,Miami Grand Prix,True,C3,True,2.21,2.346,4.514,4.913,2.458,2.617,96.978
0 days 01:03:38.673000,BOT,77,96.755,12.0,1.0,,,False,HARD,12.0,True,Cadillac,1,20.0,True,4,Miami Grand Prix,True,C3,True,2.566,2.724,4.87,5.3,2.553,2.71,97.392
0 days 01:05:15.614000,BOT,77,96.941,13.0,1.0,,,False,HARD,13.0,True,Cadillac,1,20.0,True,4,Miami Grand Prix,True,C3,True,2.752,2.922,5.056,5.503,2.879,3.061,97.636
0 days 01:06:52.901000,BOT,77,97.287,14.0,1.0,,,False,HARD,14.0,True,Cadillac,1,19.0,True,4,Miami Grand Prix,True,C3,True,3.098,3.289,5.402,5.879,3.236,3.441,98.04
0 days 01:08:29.774000,BOT,77,96.873,15.0,1.0,,,False,HARD,15.0,True,Cadillac,1,19.0,True,4,Miami Grand Prix,True,C3,True,2.684,2.85,4.988,5.429,2.517,2.668,97.684
0 days 01:10:06.251000,BOT,77,96.477,16.0,1.0,,,False,HARD,16.0,True,Cadillac,1,19.0,True,4,Miami Grand Prix,True,C3,True,2.288,2.429,4.592,4.998,2.426,2.579,97.345
0 days 01:11:43.016000,BOT,77,96.765,17.0,1.0,,,False,HARD,17.0,True,Cadillac,1,19.0,True,4,Miami Grand Prix,True,C3,True,2.576,2.735,4.88,5.311,2.423,2.568,97.691
0 days 01:13:19.479000,BOT,77,96.463,18.0,1.0,,,False,HARD,18.0,True,Cadillac,1,19.0,True,4,Miami Grand Prix,True,C3,True,2.274,2.414,4.578,4.982,2.381,2.531,97.447
0 days 01:14:56.340000,BOT,77,96.861,19.0,1.0,,,False,HARD,19.0,True,Cadillac,1,20.0,True,4,Miami Grand Prix,True,C3,True,2.672,2.837,4.976,5.415,2.836,3.016,97.903
0 days 00:45:45.655000,HUL,27,,1.0,1.0,,,False,MEDIUM,7.0,False,Audi,1,,False,4,Miami Grand Prix,True,C4,False,,,,,,,
0 days 00:45:45.655000,LIN,41,,1.0,1.0,,,False,MEDIUM,4.0,False,Racing Bulls,1,,False,4,Miami Grand Prix,True,C4,False,,,,,,,
0 days 00:45:45.368000,RUS,63,,1.0,1.0,,,False,MEDIUM,7.0,False,Mercedes,1,1.0,False,5,Canadian Grand Prix,True,C4,False,,,,,,,
0 days 00:47:00.673000,RUS,63,75.305,2.0,1.0,,,True,MEDIUM,8.0,False,Mercedes,1,1.0,True,5,Canadian Grand Prix,True,C4,True,-1.211,-1.583,0.925,1.244,-2.305,-2.97,75.353
0 days 00:48:15.718000,RUS,63,75.045,3.0,1.0,,,True,MEDIUM,9.0,False,Mercedes,1,1.0,True,5,Canadian Grand Prix,True,C4,True,-1.471,-1.922,0.665,0.894,-2.015,-2.615,75.141
0 days 00:49:30.439000,RUS,63,74.721,4.0,1.0,,,True,MEDIUM,10.0,False,Mercedes,1,1.0,True,5,Canadian Grand Prix,True,C4,True,-1.795,-2.346,0.341,0.458,-1.971,-2.57,74.864
0 days 00:50:45.595000,RUS,63,75.156,5.0,1.0,,,False,MEDIUM,11.0,False,Mercedes,1,1.0,True,5,Canadian Grand Prix,True,C4,True,-1.36,-1.777,0.776,1.043,-1.734,-2.255,75.347
0 days 00:52:02.794000,RUS,63,77.199,6.0,1.0,,,False,MEDIUM,12.0,False,Mercedes,1,1.0,True,5,Canadian Grand Prix,True,C4,True,0.683,0.893,2.819,3.79,0.309,0.402,77.438
0 days 00:53:17.964000,RUS,63,75.17,7.0,1.0,,,False,MEDIUM,13.0,False,Mercedes,1,1.0,True,5,Canadian Grand Prix,True,C4,True,-1.346,-1.759,0.79,1.062,-1.563,-2.037,75.457
0 days 00:54:32.944000,RUS,63,74.98,8.0,1.0,,,False,MEDIUM,14.0,False,Mercedes,1,1.0,True,5,Canadian Grand Prix,True,C4,True,-1.536,-2.007,0.6,0.807,-1.692,-2.207,75.315
0 days 00:55:47.680000,RUS,63,74.736,9.0,1.0,,,False,MEDIUM,15.0,False,Mercedes,1,1.0,True,5,Canadian Grand Prix,True,C4,True,-1.78,-2.326,0.356,0.479,-1.398,-1.836,75.119
0 days 00:57:02.471000,RUS,63,74.791,10.0,1.0,,,False,MEDIUM,16.0,False,Mercedes,1,1.0,True,5,Canadian Grand Prix,True,C4,True,-1.725,-2.254,0.411,0.553,-1.559,-2.042,75.221
0 days 00:58:17.413000,RUS,63,74.942,11.0,1.0,,,False,MEDIUM,17.0,False,Mercedes,1,1.0,True,5,Canadian Grand Prix,True,C4,True,-1.574,-2.057,0.562,0.756,-1.494,-1.955,75.42
0 days 00:59:32.449000,RUS,63,75.036,12.0,1.0,,,False,MEDIUM,18.0,False,Mercedes,1,1.0,True,5,Canadian Grand Prix,True,C4,True,-1.48,-1.934,0.656,0.882,-1.254,-1.644,75.562
0 days 01:00:47.258000,RUS,63,74.809,13.0,1.0,,,False,MEDIUM,19.0,False,Mercedes,1,1.0,True,5,Canadian Grand Prix,True,C4,True,-1.707,-2.231,0.429,0.577,-1.599,-2.093,75.383
0 days 01:02:02.143000,RUS,63,74.885,14.0,1.0,,,False,MEDIUM,20.0,False,Mercedes,1,1.0,True,5,Canadian Grand Prix,True,C4,True,-1.631,-2.132,0.505,0.679,-1.553,-2.032,75.507
0 days 01:03:16.915000,RUS,63,74.772,15.0,1.0,,,False,MEDIUM,21.0,False,Mercedes,1,1.0,True,5,Canadian Grand Prix,True,C4,True,-1.744,-2.279,0.392,0.527,-1.428,-1.874,75.442
0 days 01:04:31.617000,RUS,63,74.702,16.0,1.0,,,True,MEDIUM,22.0,False,Mercedes,1,1.0,True,5,Canadian Grand Prix,True,C4,True,-1.814,-2.371,0.322,0.433,-1.377,-1.81,75.419
0 days 01:05:46.664000,RUS,63,75.047,17.0,1.0,,,False,MEDIUM,23.0,False,Mercedes,12,1.0,True,5,Canadian Grand Prix,True,C4,False,-1.469,-1.92,0.667,0.897,-1.126,-1.478,75.812
0 days 01:07:01.513000,RUS,63,74.849,18.0,1.0,,,False,MEDIUM,24.0,False,Mercedes,1,1.0,True,5,Canadian Grand Prix,True,C4,True,-1.667,-2.179,0.469,0.631,-1.211,-1.592,75.662
0 days 01:08:16.228000,RUS,63,74.715,19.0,1.0,,,False,MEDIUM,25.0,False,Mercedes,1,1.0,True,5,Canadian Grand Prix,True,C4,True,-1.801,-2.354,0.335,0.45,-1.504,-1.973,75.576
0 days 01:09:31.030000,RUS,63,74.802,20.0,1.0,,,False,MEDIUM,26.0,False,Mercedes,1,1.0,True,5,Canadian Grand Prix,True,C4,True,-1.714,-2.24,0.422,0.567,-1.568,-2.053,75.711
0 days 01:10:45.771000,RUS,63,74.741,21.0,1.0,,,False,MEDIUM,27.0,False,Mercedes,1,1.0,True,5,Canadian Grand Prix,True,C4,True,-1.775,-2.32,0.361,0.485,-1.772,-2.316,75.698
0 days 01:12:00.668000,RUS,63,74.897,22.0,1.0,,,False,MEDIUM,28.0,False,Mercedes,1,1.0,True,5,Canadian Grand Prix,True,C4,True,-1.619,-2.116,0.517,0.695,-2.133,-2.769,75.901
0 days 01:13:15.821000,RUS,63,75.153,23.0,1.0,,,False,MEDIUM,29.0,False,Mercedes,1,1.0,True,5,Canadian Grand Prix,True,C4,True,-1.363,-1.781,0.773,1.039,-1.078,-1.414,76.205
0 days 00:45:47.080000,NOR,1,,1.0,1.0,,,False,MEDIUM,1.0,True,McLaren,1,3.0,False,5,Canadian Grand Prix,True,C4,False,,,,,,,
0 days 00:47:03.048000,NOR,1,75.968,2.0,1.0,,,True,MEDIUM,2.0,True,McLaren,1,3.0,True,5,Canadian Grand Prix,True,C4,True,-0.548,-0.716,1.588,2.135,-1.642,-2.116,76.016
0 days 00:48:18.573000,NOR,1,75.525,3.0,1.0,,,True,MEDIUM,3.0,True,McLaren,1,3.0,True,5,Canadian Grand Prix,True,C4,True,-0.991,-1.295,1.145,1.539,-1.535,-1.992,75.621
0 days 00:49:33.601000,NOR,1,75.028,4.0,1.0,,,True,MEDIUM,4.0,True,McLaren,1,3.0,True,5,Canadian Grand Prix,True,C4,True,-1.488,-1.945,0.648,0.871,-1.664,-2.17,75.171
0 days 00:50:48.619000,NOR,1,75.018,5.0,1.0,,,True,MEDIUM,5.0,True,McLaren,1,3.0,True,5,Canadian Grand Prix,True,C4,True,-1.498,-1.958,0.638,0.858,-1.872,-2.435,75.209
0 days 00:52:03.864000,NOR,1,75.245,6.0,1.0,,,False,MEDIUM,6.0,True,McLaren,1,2.0,True,5,Canadian Grand Prix,True,C4,True,-1.271,-1.661,0.865,1.163,-1.645,-2.139,75.484
0 days 00:53:18.747000,NOR,1,74.883,7.0,1.0,,,True,MEDIUM,7.0,True,McLaren,1,2.0,True,5,Canadian Grand Prix,True,C4,True,-1.633,-2.134,0.503,0.676,-1.85,-2.411,75.17
0 days 00:54:33.516000,NOR,1,74.769,8.0,1.0,,,True,MEDIUM,8.0,True,McLaren,1,2.0,True,5,Canadian Grand Prix,True,C4,True,-1.747,-2.283,0.389,0.523,-1.903,-2.482,75.104
0 days 00:55:48.318000,NOR,1,74.802,9.0,1.0,,,False,MEDIUM,9.0,True,McLaren,1,2.0,True,5,Canadian Grand Prix,True,C4,True,-1.714,-2.24,0.422,0.567,-1.332,-1.75,75.185
0 days 00:57:03.226000,NOR,1,74.908,10.0,1.0,,,False,MEDIUM,10.0,True,McLaren,1,2.0,True,5,Canadian Grand Prix,True,C4,True,-1.608,-2.102,0.528,0.71,-1.442,-1.889,75.338
0 days 00:58:17.822000,NOR,1,74.596,11.0,1.0,,,True,MEDIUM,11.0,True,McLaren,1,2.0,True,5,Canadian Grand Prix,True,C4,True,-1.92,-2.509,0.216,0.29,-1.84,-2.407,75.074
0 days 00:59:32.847000,NOR,1,75.025,12.0,1.0,,,False,MEDIUM,12.0,True,McLaren,1,2.0,True,5,Canadian Grand Prix,True,C4,True,-1.491,-1.949,0.645,0.867,-1.265,-1.658,75.551
0 days 01:00:47.697000,NOR,1,74.85,13.0,1.0,,,False,MEDIUM,13.0,True,McLaren,1,2.0,True,5,Canadian Grand Prix,True,C4,True,-1.666,-2.177,0.47,0.632,-1.558,-2.039,75.424
0 days 01:02:03.057000,NOR,1,75.36,14.0,1.0,,,False,MEDIUM,14.0,True,McLaren,1,2.0,True,5,Canadian Grand Prix,True,C4,True,-1.156,-1.511,0.98,1.318,-1.078,-1.41,75.982
0 days 01:03:17.672000,NOR,1,74.615,15.0,1.0,,,False,MEDIUM,15.0,True,McLaren,1,2.0,True,5,Canadian Grand Prix,True,C4,True,-1.901,-2.484,0.235,0.316,-1.585,-2.08,75.285
0 days 01:04:32.311000,NOR,1,74.639,16.0,1.0,,,False,MEDIUM,16.0,True,McLaren,1,2.0,True,5,Canadian Grand Prix,True,C4,True,-1.877,-2.453,0.259,0.348,-1.44,-1.893,75.356
0 days 01:05:47.096000,NOR,1,74.785,17.0,1.0,,,False,MEDIUM,17.0,True,McLaren,12,2.0,True,5,Canadian Grand Prix,True,C4,False,-1.731,-2.262,0.405,0.545,-1.388,-1.822,75.55
0 days 01:07:02.108000,NOR,1,75.012,18.0,1.0,,,False,MEDIUM,18.0,True,McLaren,1,2.0,True,5,Canadian Grand Prix,True,C4,True,-1.504,-1.966,0.632,0.85,-1.048,-1.378,75.825
0 days 01:08:17.060000,NOR,1,74.952,19.0,1.0,,,False,MEDIUM,19.0,True,McLaren,1,2.0,True,5,Canadian Grand Prix,True,C4,True,-1.564,-2.044,0.572,0.769,-1.267,-1.662,75.813
0 days 01:09:31.680000,NOR,1,74.62,20.0,1.0,,,False,MEDIUM,20.0,True,McLaren,1,2.0,True,5,Canadian Grand Prix,True,C4,True,-1.896,-2.478,0.24,0.323,-1.75,-2.291,75.529
0 days 01:10:46.437000,NOR,1,74.757,21.0,1.0,,,False,MEDIUM,21.0,True,McLaren,1,2.0,True,5,Canadian Grand Prix,True,C4,True,-1.759,-2.299,0.377,0.507,-1.756,-2.295,75.714
0 days 01:12:01.439000,NOR,1,75.002,22.0,1.0,,,False,MEDIUM,22.0,True,McLaren,1,2.0,True,5,Canadian Grand Prix,True,C4,True,-1.514,-1.979,0.622,0.836,-2.028,-2.633,76.006
0 days 01:13:17.093000,NOR,1,75.654,23.0,1.0,,,False,MEDIUM,23.0,True,McLaren,1,2.0,True,5,Canadian Grand Prix,True,C4,True,-0.862,-1.127,1.274,1.713,-0.577,-0.757,76.706
0 days 00:45:45.906000,ANT,12,,1.0,1.0,,,False,MEDIUM,7.0,False,Mercedes,1,2.0,False,5,Canadian Grand Prix,True,C4,False,,,,,,,
0 days 00:47:01.127000,ANT,12,75.221,2.0,1.0,,,True,MEDIUM,8.0,False,Mercedes,1,2.0,True,5,Canadian Grand Prix,True,C4,True,-1.295,-1.692,0.841,1.131,-2.389,-3.078,75.269
0 days 00:48:16.268000,ANT,12,75.141,3.0,1.0,,,True,MEDIUM,9.0,False,Mercedes,1,2.0,True,5,Canadian Grand Prix,True,C4,True,-1.375,-1.797,0.761,1.023,-1.919,-2.49,75.237
0 days 00:49:30.874000,ANT,12,74.606,4.0,1.0,,,True,MEDIUM,10.0,False,Mercedes,1,2.0,True,5,Canadian Grand Prix,True,C4,True,-1.91,-2.496,0.226,0.304,-2.086,-2.72,74.749
0 days 00:50:45.782000,ANT,12,74.908,5.0,1.0,,,False,MEDIUM,11.0,False,Mercedes,1,2.0,True,5,Canadian Grand Prix,True,C4,True,-1.608,-2.102,0.528,0.71,-1.982,-2.578,75.099
0 days 00:52:04.777000,ANT,12,78.995,6.0,1.0,,,False,MEDIUM,12.0,False,Mercedes,1,3.0,True,5,Canadian Grand Prix,True,C4,True,2.479,3.24,4.615,6.205,2.105,2.738,79.234
0 days 00:53:19.727000,ANT,12,74.95,7.0,1.0,,,False,MEDIUM,13.0,False,Mercedes,1,3.0,True,5,Canadian Grand Prix,True,C4,True,-1.566,-2.047,0.57,0.766,-1.783,-2.324,75.237
0 days 00:54:34.592000,ANT,12,74.865,8.0,1.0,,,False,MEDIUM,14.0,False,Mercedes,1,3.0,True,5,Canadian Grand Prix,True,C4,True,-1.651,-2.158,0.485,0.652,-1.807,-2.357,75.2
0 days 00:55:49.985000,ANT,12,75.393,9.0,1.0,,,False,MEDIUM,15.0,False,Mercedes,1,3.0,True,5,Canadian Grand Prix,True,C4,True,-1.123,-1.468,1.013,1.362,-0.741,-0.973,75.776
0 days 00:57:04.962000,ANT,12,74.977,10.0,1.0,,,False,MEDIUM,16.0,False,Mercedes,1,3.0,True,5,Canadian Grand Prix,True,C4,True,-1.539,-2.011,0.597,0.803,-1.373,-1.798,75.407
0 days 00:58:19.342000,ANT,12,74.38,11.0,1.0,,,True,MEDIUM,17.0,False,Mercedes,1,3.0,True,5,Canadian Grand Prix,True,C4,True,-2.136,-2.792,0.0,0.0,-2.056,-2.69,74.858
0 days 00:59:33.875000,ANT,12,74.533,12.0,1.0,,,False,MEDIUM,18.0,False,Mercedes,1,3.0,True,5,Canadian Grand Prix,True,C4,True,-1.983,-2.592,0.153,0.206,-1.757,-2.303,75.059
0 days 01:00:48.783000,ANT,12,74.908,13.0,1.0,,,False,MEDIUM,19.0,False,Mercedes,1,3.0,True,5,Canadian Grand Prix,True,C4,True,-1.608,-2.102,0.528,0.71,-1.5,-1.963,75.482
0 days 01:02:03.388000,ANT,12,74.605,14.0,1.0,,,False,MEDIUM,20.0,False,Mercedes,1,3.0,True,5,Canadian Grand Prix,True,C4,True,-1.911,-2.498,0.225,0.303,-1.833,-2.398,75.227
0 days 01:03:18.407000,ANT,12,75.019,15.0,1.0,,,False,MEDIUM,21.0,False,Mercedes,1,3.0,True,5,Canadian Grand Prix,True,C4,True,-1.497,-1.956,0.639,0.859,-1.181,-1.55,75.689
0 days 01:04:33.153000,ANT,12,74.746,16.0,1.0,,,False,MEDIUM,22.0,False,Mercedes,1,3.0,True,5,Canadian Grand Prix,True,C4,True,-1.77,-2.313,0.366,0.492,-1.333,-1.752,75.463
0 days 01:05:47.580000,ANT,12,74.427,17.0,1.0,,,False,MEDIUM,23.0,False,Mercedes,12,3.0,True,5,Canadian Grand Prix,True,C4,False,-2.089,-2.73,0.047,0.063,-1.746,-2.292,75.192
0 days 01:07:02.648000,ANT,12,75.068,18.0,1.0,,,False,MEDIUM,24.0,False,Mercedes,1,3.0,True,5,Canadian Grand Prix,True,C4,True,-1.448,-1.892,0.688,0.925,-0.992,-1.304,75.881
0 days 01:08:17.489000,ANT,12,74.841,19.0,1.0,,,False,MEDIUM,25.0,False,Mercedes,1,3.0,True,5,Canadian Grand Prix,True,C4,True,-1.675,-2.189,0.461,0.62,-1.378,-1.808,75.702
0 days 01:09:32.325000,ANT,12,74.836,20.0,1.0,,,False,MEDIUM,26.0,False,Mercedes,1,3.0,True,5,Canadian Grand Prix,True,C4,True,-1.68,-2.196,0.456,0.613,-1.534,-2.009,75.745
0 days 01:10:47.225000,ANT,12,74.9,21.0,1.0,,,False,MEDIUM,27.0,False,Mercedes,1,3.0,True,5,Canadian Grand Prix,True,C4,True,-1.616,-2.112,0.52,0.699,-1.613,-2.108,75.857
0 days 01:12:01.605000,ANT,12,74.38,22.0,1.0,,,False,MEDIUM,28.0,False,Mercedes,1,3.0,True,5,Canadian Grand Prix,True,C4,True,-2.136,-2.792,0.0,0.0,-2.65,-3.44,75.384
0 days 01:13:17.664000,ANT,12,76.059,23.0,1.0,,,False,MEDIUM,29.0,False,Mercedes,1,3.0,True,5,Canadian Grand Prix,True,C4,True,-0.457,-0.597,1.679,2.257,-0.172,-0.226,77.111
0 days 00:45:48.390000,PIA,81,,1.0,1.0,,,False,MEDIUM,1.0,True,McLaren,1,5.0,False,5,Canadian Grand Prix,True,C4,False,,,,,,,
0 days 00:47:04.554000,PIA,81,76.164,2.0,1.0,,,True,MEDIUM,2.0,True,McLaren,1,5.0,True,5,Canadian Grand Prix,True,C4,True,-0.352,-0.46,1.784,2.398,-1.446,-1.863,76.212
0 days 00:48:20.083000,PIA,81,75.529,3.0,1.0,,,True,MEDIUM,3.0,True,McLaren,1,5.0,True,5,Canadian Grand Prix,True,C4,True,-0.987,-1.29,1.149,1.545,-1.531,-1.987,75.625
0 days 00:49:35.210000,PIA,81,75.127,4.0,1.0,,,True,MEDIUM,4.0,True,McLaren,1,5.0,True,5,Canadian Grand Prix,True,C4,True,-1.389,-1.815,0.747,1.004,-1.565,-2.041,75.27
0 days 00:50:50.312000,PIA,81,75.102,5.0,1.0,,,True,MEDIUM,5.0,True,McLaren,1,5.0,True,5,Canadian Grand Prix,True,C4,True,-1.414,-1.848,0.722,0.971,-1.788,-2.325,75.293
0 days 00:52:05.907000,PIA,81,75.595,6.0,1.0,,,False,MEDIUM,6.0,True,McLaren,1,5.0,True,5,Canadian Grand Prix,True,C4,True,-0.921,-1.204,1.215,1.634,-1.295,-1.684,75.834
0 days 00:53:21.106000,PIA,81,75.199,7.0,1.0,,,False,MEDIUM,7.0,True,McLaren,1,5.0,True,5,Canadian Grand Prix,True,C4,True,-1.317,-1.721,0.819,1.101,-1.534,-1.999,75.486
0 days 00:54:35.958000,PIA,81,74.852,8.0,1.0,,,True,MEDIUM,8.0,True,McLaren,1,5.0,True,5,Canadian Grand Prix,True,C4,True,-1.664,-2.175,0.472,0.635,-1.82,-2.374,75.187
0 days 00:55:51.068000,PIA,81,75.11,9.0,1.0,,,False,MEDIUM,9.0,True,McLaren,1,5.0,True,5,Canadian Grand Prix,True,C4,True,-1.406,-1.838,0.73,0.981,-1.024,-1.345,75.493
0 days 00:57:06.403000,PIA,81,75.335,10.0,1.0,,,False,MEDIUM,10.0,True,McLaren,1,5.0,True,5,Canadian Grand Prix,True,C4,True,-1.181,-1.543,0.955,1.284,-1.015,-1.329,75.765
0 days 00:58:21.436000,PIA,81,75.033,11.0,1.0,,,False,MEDIUM,11.0,True,McLaren,1,5.0,True,5,Canadian Grand Prix,True,C4,True,-1.483,-1.938,0.653,0.878,-1.403,-1.836,75.511
0 days 00:59:36.325000,PIA,81,74.889,12.0,1.0,,,False,MEDIUM,12.0,True,McLaren,1,5.0,True,5,Canadian Grand Prix,True,C4,True,-1.627,-2.126,0.509,0.684,-1.401,-1.836,75.415
0 days 01:00:51.404000,PIA,81,75.079,13.0,1.0,,,False,MEDIUM,13.0,True,McLaren,1,5.0,True,5,Canadian Grand Prix,True,C4,True,-1.437,-1.878,0.699,0.94,-1.329,-1.739,75.653
0 days 01:02:06.250000,PIA,81,74.846,14.0,1.0,,,True,MEDIUM,14.0,True,McLaren,1,5.0,True,5,Canadian Grand Prix,True,C4,True,-1.67,-2.183,0.466,0.627,-1.592,-2.083,75.468
0 days 01:03:21.432000,PIA,81,75.182,15.0,1.0,,,False,MEDIUM,15.0,True,McLaren,1,5.0,True,5,Canadian Grand Prix,True,C4,True,-1.334,-1.743,0.802,1.078,-1.018,-1.336,75.852
0 days 01:04:36.544000,PIA,81,75.112,16.0,1.0,,,False,MEDIUM,16.0,True,McLaren,1,5.0,True,5,Canadian Grand Prix,True,C4,True,-1.404,-1.835,0.732,0.984,-0.967,-1.271,75.829
0 days 01:05:51.337000,PIA,81,74.793,17.0,1.0,,,True,MEDIUM,17.0,True,McLaren,12,5.0,True,5,Canadian Grand Prix,True,C4,False,-1.723,-2.252,0.413,0.555,-1.38,-1.812,75.558
0 days 01:07:06.386000,PIA,81,75.049,18.0,1.0,,,False,MEDIUM,18.0,True,McLaren,1,5.0,True,5,Canadian Grand Prix,True,C4,True,-1.467,-1.917,0.669,0.899,-1.011,-1.329,75.862
0 days 01:08:21.759000,PIA,81,75.373,19.0,1.0,,,False,MEDIUM,19.0,True,McLaren,1,5.0,True,5,Canadian Grand Prix,True,C4,True,-1.143,-1.494,0.993,1.335,-0.846,-1.11,76.234
0 days 01:09:37.104000,PIA,81,75.345,20.0,1.0,,,False,MEDIUM,20.0,True,McLaren,1,5.0,True,5,Canadian Grand Prix,True,C4,True,-1.171,-1.53,0.965,1.297,-1.025,-1.342,76.254
0 days 01:10:52.437000,PIA,81,75.333,21.0,1.0,,,False,MEDIUM,21.0,True,McLaren,1,5.0,True,5,Canadian Grand Prix,True,C4,True,-1.183,-1.546,0.953,1.281,-1.18,-1.542,76.29
0 days 01:12:09.387000,PIA,81,76.95,22.0,1.0,,,False,MEDIUM,22.0,True,McLaren,1,4.0,True,5,Canadian Grand Prix,True,C4,True,0.434,0.567,2.57,3.455,-0.08,-0.104,77.954
0 days 01:13:25.618000,PIA,81,76.231,23.0,1.0,,,False,MEDIUM,23.0,True,McLaren,1,4.0,True,5,Canadian Grand Prix,True,C4,True,-0.285,-0.372,1.851,2.489,0.0,0.0,77.283
0 days 00:45:48.900000,LEC,16,,1.0,1.0,,,False,MEDIUM,1.0,True,Ferrari,1,6.0,False,5,Canadian Grand Prix,True,C4,False,,,,,,,
0 days 00:47:05.129000,LEC,16,76.229,2.0,1.0,,,True,MEDIUM,2.0,True,Ferrari,1,6.0,True,5,Canadian Grand Prix,True,C4,True,-0.287,-0.375,1.849,2.486,-1.381,-1.779,76.277
0 days 00:48:20.802000,LEC,16,75.673,3.0,1.0,,,True,MEDIUM,3.0,True,Ferrari,1,6.0,True,5,Canadian Grand Prix,True,C4,True,-0.843,-1.102,1.293,1.738,-1.387,-1.8,75.769
0 days 00:49:36.062000,LEC,16,75.26,4.0,1.0,,,True,MEDIUM,4.0,True,Ferrari,1,6.0,True,5,Canadian Grand Prix,True,C4,True,-1.256,-1.641,0.88,1.183,-1.432,-1.867,75.403
0 days 00:50:50.913000,LEC,16,74.851,5.0,1.0,,,True,MEDIUM,5.0,True,Ferrari,1,6.0,True,5,Canadian Grand Prix,True,C4,True,-1.665,-2.176,0.471,0.633,-2.039,-2.652,75.042
0 days 00:52:06.208000,LEC,16,75.295,6.0,1.0,,,False,MEDIUM,6.0,True,Ferrari,1,6.0,True,5,Canadian Grand Prix,True,C4,True,-1.221,-1.596,0.915,1.23,-1.595,-2.074,75.534
0 days 00:53:22.419000,LEC,16,76.211,7.0,1.0,,,False,MEDIUM,7.0,True,Ferrari,1,6.0,True,5,Canadian Grand Prix,True,C4,True,-0.305,-0.399,1.831,2.462,-0.522,-0.68,76.498
0 days 00:54:37.228000,LEC,16,74.809,8.0,1.0,,,True,MEDIUM,8.0,True,Ferrari,1,6.0,True,5,Canadian Grand Prix,True,C4,True,-1.707,-2.231,0.429,0.577,-1.863,-2.43,75.144
0 days 00:55:52.668000,LEC,16,75.44,9.0,1.0,,,False,MEDIUM,9.0,True,Ferrari,1,6.0,True,5,Canadian Grand Prix,True,C4,True,-1.076,-1.406,1.06,1.425,-0.694,-0.912,75.823
0 days 00:57:07.630000,LEC,16,74.962,10.0,1.0,,,False,MEDIUM,10.0,True,Ferrari,1,6.0,True,5,Canadian Grand Prix,True,C4,True,-1.554,-2.031,0.582,0.782,-1.388,-1.818,75.392
0 days 00:58:22.371000,LEC,16,74.741,11.0,1.0,,,True,MEDIUM,11.0,True,Ferrari,1,6.0,True,5,Canadian Grand Prix,True,C4,True,-1.775,-2.32,0.361,0.485,-1.695,-2.218,75.219
0 days 00:59:37.247000,LEC,16,74.876,12.0,1.0,,,False,MEDIUM,12.0,True,Ferrari,1,6.0,True,5,Canadian Grand Prix,True,C4,True,-1.64,-2.143,0.496,0.667,-1.414,-1.853,75.402
0 days 01:00:52.045000,LEC,16,74.798,13.0,1.0,,,False,MEDIUM,13.0,True,Ferrari,1,6.0,True,5,Canadian Grand Prix,True,C4,True,-1.718,-2.245,0.418,0.562,-1.61,-2.107,75.372
0 days 01:02:06.890000,LEC,16,74.845,14.0,1.0,,,False,MEDIUM,14.0,True,Ferrari,1,6.0,True,5,Canadian Grand Prix,True,C4,True,-1.671,-2.184,0.465,0.625,-1.593,-2.084,75.467
0 days 01:03:21.793000,LEC,16,74.903,15.0,1.0,,,False,MEDIUM,15.0,True,Ferrari,1,6.0,True,5,Canadian Grand Prix,True,C4,True,-1.613,-2.108,0.523,0.703,-1.297,-1.702,75.573
0 days 01:04:37.496000,LEC,16,75.703,16.0,1.0,,,False,MEDIUM,16.0,True,Ferrari,1,6.0,True,5,Canadian Grand Prix,True,C4,True,-0.813,-1.063,1.323,1.779,-0.376,-0.494,76.42
0 days 01:05:52.608000,LEC,16,75.112,17.0,1.0,,,False,MEDIUM,17.0,True,Ferrari,12,6.0,True,5,Canadian Grand Prix,True,C4,False,-1.404,-1.835,0.732,0.984,-1.061,-1.393,75.877
0 days 01:07:07.626000,LEC,16,75.018,18.0,1.0,,,False,MEDIUM,18.0,True,Ferrari,1,6.0,True,5,Canadian Grand Prix,True,C4,True,-1.498,-1.958,0.638,0.858,-1.042,-1.37,75.831
0 days 01:08:22.943000,LEC,16,75.317,19.0,1.0,,,False,MEDIUM,19.0,True,Ferrari,1,6.0,True,5,Canadian Grand Prix,True,C4,True,-1.199,-1.567,0.937,1.26,-0.902,-1.183,76.178
0 days 01:09:38.439000,LEC,16,75.496,20.0,1.0,,,False,MEDIUM,20.0,True,Ferrari,1,6.0,True,5,Canadian Grand Prix,True,C4,True,-1.02,-1.333,1.116,1.5,-0.874,-1.144,76.405
0 days 01:10:53.923000,LEC,16,75.484,21.0,1.0,,,False,MEDIUM,21.0,True,Ferrari,1,6.0,True,5,Canadian Grand Prix,True,C4,True,-1.032,-1.349,1.104,1.484,-1.029,-1.345,76.441
0 days 01:12:09.740000,LEC,16,75.817,22.0,1.0,,,False,MEDIUM,22.0,True,Ferrari,1,5.0,True,5,Canadian Grand Prix,True,C4,True,-0.699,-0.914,1.437,1.932,-1.213,-1.575,76.821
0 days 01:13:25.750000,LEC,16,76.01,23.0,1.0,,,False,MEDIUM,23.0,True,Ferrari,1,5.0,True,5,Canadian Grand Prix,True,C4,True,-0.506,-0.661,1.63,2.191,-0.221,-0.29,77.062
0 days 00:45:47.735000,HAM,44,,1.0,1.0,,,False,MEDIUM,1.0,True,Ferrari,1,4.0,False,5,Canadian Grand Prix,True,C4,False,,,,,,,
0 days 00:47:03.788000,HAM,44,76.053,2.0,1.0,,,True,MEDIUM,2.0,True,Ferrari,1,4.0,True,5,Canadian Grand Prix,True,C4,True,-0.463,-0.605,1.673,2.249,-1.557,-2.006,76.101
0 days 00:48:19.193000,HAM,44,75.405,3.0,1.0,,,True,MEDIUM,3.0,True,Ferrari,1,4.0,True,5,Canadian Grand Prix,True,C4,True,-1.111,-1.452,1.025,1.378,-1.655,-2.148,75.501
0 days 00:49:34.457000,HAM,44,75.264,4.0,1.0,,,True,MEDIUM,4.0,True,Ferrari,1,4.0,True,5,Canadian Grand Prix,True,C4,True,-1.252,-1.636,0.884,1.188,-1.428,-1.862,75.407
0 days 00:50:49.832000,HAM,44,75.375,5.0,1.0,,,False,MEDIUM,5.0,True,Ferrari,1,4.0,True,5,Canadian Grand Prix,True,C4,True,-1.141,-1.491,0.995,1.338,-1.515,-1.97,75.566
0 days 00:52:05.304000,HAM,44,75.472,6.0,1.0,,,False,MEDIUM,6.0,True,Ferrari,1,4.0,True,5,Canadian Grand Prix,True,C4,True,-1.044,-1.364,1.092,1.468,-1.418,-1.844,75.711
0 days 00:53:20.395000,HAM,44,75.091,7.0,1.0,,,True,MEDIUM,7.0,True,Ferrari,1,4.0,True,5,Canadian Grand Prix,True,C4,True,-1.425,-1.862,0.711,0.956,-1.642,-2.14,75.378
0 days 00:54:35.376000,HAM,44,74.981,8.0,1.0,,,True,MEDIUM,8.0,True,Ferrari,1,4.0,True,5,Canadian Grand Prix,True,C4,True,-1.535,-2.006,0.601,0.808,-1.691,-2.205,75.316
0 days 00:55:50.248000,HAM,44,74.872,9.0,1.0,,,True,MEDIUM,9.0,True,Ferrari,1,4.0,True,5,Canadian Grand Prix,True,C4,True,-1.644,-2.149,0.492,0.661,-1.262,-1.658,75.255
0 days 00:57:05.790000,HAM,44,75.542,10.0,1.0,,,False,MEDIUM,10.0,True,Ferrari,1,4.0,True,5,Canadian Grand Prix,True,C4,True,-0.974,-1.273,1.162,1.562,-0.808,-1.058,75.972
0 days 00:58:20.724000,HAM,44,74.934,11.0,1.0,,,False,MEDIUM,11.0,True,Ferrari,1,4.0,True,5,Canadian Grand Prix,True,C4,True,-1.582,-2.068,0.554,0.745,-1.502,-1.965,75.412
0 days 00:59:35.419000,HAM,44,74.695,12.0,1.0,,,True,MEDIUM,12.0,True,Ferrari,1,4.0,True,5,Canadian Grand Prix,True,C4,True,-1.821,-2.38,0.315,0.424,-1.595,-2.091,75.221
0 days 01:00:50.585000,HAM,44,75.166,13.0,1.0,,,False,MEDIUM,13.0,True,Ferrari,1,4.0,True,5,Canadian Grand Prix,True,C4,True,-1.35,-1.764,0.786,1.057,-1.242,-1.625,75.74
0 days 01:02:05.788000,HAM,44,75.203,14.0,1.0,,,False,MEDIUM,14.0,True,Ferrari,1,4.0,True,5,Canadian Grand Prix,True,C4,True,-1.313,-1.716,0.823,1.106,-1.235,-1.616,75.825
0 days 01:03:20.818000,HAM,44,75.03,15.0,1.0,,,False,MEDIUM,15.0,True,Ferrari,1,4.0,True,5,Canadian Grand Prix,True,C4,True,-1.486,-1.942,0.65,0.874,-1.17,-1.535,75.7
0 days 01:04:35.702000,HAM,44,74.884,16.0,1.0,,,False,MEDIUM,16.0,True,Ferrari,1,4.0,True,5,Canadian Grand Prix,True,C4,True,-1.632,-2.133,0.504,0.678,-1.195,-1.571,75.601
0 days 01:05:50.784000,HAM,44,75.082,17.0,1.0,,,False,MEDIUM,17.0,True,Ferrari,12,4.0,True,5,Canadian Grand Prix,True,C4,False,-1.434,-1.874,0.702,0.944,-1.091,-1.432,75.847
0 days 01:07:05.878000,HAM,44,75.094,18.0,1.0,,,False,MEDIUM,18.0,True,Ferrari,1,4.0,True,5,Canadian Grand Prix,True,C4,True,-1.422,-1.858,0.714,0.96,-0.966,-1.27,75.907
0 days 01:08:21.186000,HAM,44,75.308,19.0,1.0,,,False,MEDIUM,19.0,True,Ferrari,1,4.0,True,5,Canadian Grand Prix,True,C4,True,-1.208,-1.579,0.928,1.248,-0.911,-1.195,76.169
0 days 01:09:36.575000,HAM,44,75.389,20.0,1.0,,,False,MEDIUM,20.0,True,Ferrari,1,4.0,True,5,Canadian Grand Prix,True,C4,True,-1.127,-1.473,1.009,1.357,-0.981,-1.285,76.298
0 days 01:10:52.176000,HAM,44,75.601,21.0,1.0,,,False,MEDIUM,21.0,True,Ferrari,1,4.0,True,5,Canadian Grand Prix,True,C4,True,-0.915,-1.196,1.221,1.642,-0.912,-1.192,76.558
0 days 01:12:09.838000,HAM,44,77.662,22.0,1.0,,,False,MEDIUM,22.0,True,Ferrari,1,6.0,True,5,Canadian Grand Prix,True,C4,True,1.146,1.498,3.282,4.412,0.632,0.82,78.666
0 days 01:13:26.366000,HAM,44,76.528,23.0,1.0,,,False,MEDIUM,23.0,True,Ferrari,1,6.0,True,5,Canadian Grand Prix,True,C4,True,0.012,0.016,2.148,2.888,0.297,0.39,77.58
0 days 00:45:49.490000,VER,3,,1.0,1.0,,,False,MEDIUM,1.0,True,Red Bull Racing,1,7.0,False,5,Canadian Grand Prix,True,C4,False,,,,,,,
0 days 00:47:05.863000,VER,3,76.373,2.0,1.0,,,True,MEDIUM,2.0,True,Red Bull Racing,1,7.0,True,5,Canadian Grand Prix,True,C4,True,-0.143,-0.187,1.993,2.679,-1.237,-1.594,76.421
0 days 00:48:21.700000,VER,3,75.837,3.0,1.0,,,True,MEDIUM,3.0,True,Red Bull Racing,1,7.0,True,5,Canadian Grand Prix,True,C4,True,-0.679,-0.887,1.457,1.959,-1.223,-1.587,75.933
0 days 00:49:37.268000,VER,3,75.568,4.0,1.0,,,True,MEDIUM,4.0,True,Red Bull Racing,1,7.0,True,5,Canadian Grand Prix,True,C4,True,-0.948,-1.239,1.188,1.597,-1.124,-1.466,75.711
0 days 00:50:52.568000,VER,3,75.3,5.0,1.0,,,True,MEDIUM,5.0,True,Red Bull Racing,1,7.0,True,5,Canadian Grand Prix,True,C4,True,-1.216,-1.589,0.92,1.237,-1.59,-2.068,75.491
0 days 00:52:08.004000,VER,3,75.436,6.0,1.0,,,False,MEDIUM,6.0,True,Red Bull Racing,1,7.0,True,5,Canadian Grand Prix,True,C4,True,-1.08,-1.411,1.056,1.42,-1.454,-1.891,75.675
0 days 00:53:23.299000,VER,3,75.295,7.0,1.0,,,True,MEDIUM,7.0,True,Red Bull Racing,1,7.0,True,5,Canadian Grand Prix,True,C4,True,-1.221,-1.596,0.915,1.23,-1.438,-1.874,75.582
0 days 00:54:38.467000,VER,3,75.168,8.0,1.0,,,True,MEDIUM,8.0,True,Red Bull Racing,1,7.0,True,5,Canadian Grand Prix,True,C4,True,-1.348,-1.762,0.788,1.059,-1.504,-1.962,75.503
0 days 00:55:53.787000,VER,3,75.32,9.0,1.0,,,False,MEDIUM,9.0,True,Red Bull Racing,1,7.0,True,5,Canadian Grand Prix,True,C4,True,-1.196,-1.563,0.94,1.264,-0.814,-1.069,75.703
0 days 00:57:08.969000,VER,3,75.182,10.0,1.0,,,False,MEDIUM,10.0,True,Red Bull Racing,1,7.0,True,5,Canadian Grand Prix,True,C4,True,-1.334,-1.743,0.802,1.078,-1.168,-1.53,75.612
0 days 00:58:23.943000,VER,3,74.974,11.0,1.0,,,True,MEDIUM,11.0,True,Red Bull Racing,1,7.0,True,5,Canadian Grand Prix,True,C4,True,-1.542,-2.015,0.594,0.799,-1.462,-1.913,75.452
0 days 00:59:39.216000,VER,3,75.273,12.0,1.0,,,False,MEDIUM,12.0,True,Red Bull Racing,1,7.0,True,5,Canadian Grand Prix,True,C4,True,-1.243,-1.624,0.893,1.201,-1.017,-1.333,75.799
0 days 01:00:54.347000,VER,3,75.131,13.0,1.0,,,False,MEDIUM,13.0,True,Red Bull Racing,1,7.0,True,5,Canadian Grand Prix,True,C4,True,-1.385,-1.81,0.751,1.01,-1.277,-1.671,75.705
0 days 01:02:09.686000,VER,3,75.339,14.0,1.0,,,False,MEDIUM,14.0,True,Red Bull Racing,1,7.0,True,5,Canadian Grand Prix,True,C4,True,-1.177,-1.538,0.959,1.289,-1.099,-1.438,75.961
0 days 01:03:24.840000,VER,3,75.154,15.0,1.0,,,False,MEDIUM,15.0,True,Red Bull Racing,1,7.0,True,5,Canadian Grand Prix,True,C4,True,-1.362,-1.78,0.774,1.041,-1.046,-1.373,75.824
0 days 01:04:39.956000,VER,3,75.116,16.0,1.0,,,False,MEDIUM,16.0,True,Red Bull Racing,1,7.0,True,5,Canadian Grand Prix,True,C4,True,-1.4,-1.83,0.736,0.99,-0.963,-1.266,75.833
0 days 01:05:55.124000,VER,3,75.168,17.0,1.0,,,False,MEDIUM,17.0,True,Red Bull Racing,12,7.0,True,5,Canadian Grand Prix,True,C4,False,-1.348,-1.762,0.788,1.059,-1.005,-1.319,75.933
0 days 01:07:10.654000,VER,3,75.53,18.0,1.0,,,False,MEDIUM,18.0,True,Red Bull Racing,1,7.0,True,5,Canadian Grand Prix,True,C4,True,-0.986,-1.289,1.15,1.546,-0.53,-0.697,76.343
0 days 01:08:26.466000,VER,3,75.812,19.0,1.0,,,False,MEDIUM,19.0,True,Red Bull Racing,1,7.0,True,5,Canadian Grand Prix,True,C4,True,-0.704,-0.92,1.432,1.925,-0.407,-0.534,76.673
0 days 01:09:41.895000,VER,3,75.429,20.0,1.0,,,False,MEDIUM,20.0,True,Red Bull Racing,1,7.0,True,5,Canadian Grand Prix,True,C4,True,-1.087,-1.421,1.049,1.41,-0.941,-1.232,76.338
0 days 01:10:57.165000,VER,3,75.27,21.0,1.0,,,False,MEDIUM,21.0,True,Red Bull Racing,1,7.0,True,5,Canadian Grand Prix,True,C4,True,-1.246,-1.628,0.89,1.197,-1.243,-1.625,76.227
0 days 01:12:15.810000,VER,3,78.645,22.0,1.0,,,False,MEDIUM,22.0,True,Red Bull Racing,1,7.0,True,5,Canadian Grand Prix,True,C4,True,2.129,2.782,4.265,5.734,1.615,2.097,79.649
0 days 01:13:31.756000,VER,3,75.946,23.0,1.0,,,False,MEDIUM,23.0,True,Red Bull Racing,1,7.0,True,5,Canadian Grand Prix,True,C4,True,-0.57,-0.745,1.566,2.105,-0.285,-0.374,76.998
0 days 00:45:50.466000,LIN,41,,1.0,1.0,,,False,HARD,1.0,True,Racing Bulls,1,9.0,False,5,Canadian Grand Prix,True,C3,False,,,,,,,
0 days 00:47:07.871000,LIN,41,77.405,2.0,1.0,,,True,HARD,2.0,True,Racing Bulls,1,9.0,True,5,Canadian Grand Prix,True,C3,True,0.889,1.162,3.025,4.067,-0.205,-0.264,77.453
0 days 00:48:24.386000,LIN,41,76.515,3.0,1.0,,,True,HARD,3.0,True,Racing Bulls,1,9.0,True,5,Canadian Grand Prix,True,C3,True,-0.001,-0.001,2.135,2.87,-0.545,-0.707,76.611
0 days 00:49:40.243000,LIN,41,75.857,4.0,1.0,,,True,HARD,4.0,True,Racing Bulls,1,9.0,True,5,Canadian Grand Prix,True,C3,True,-0.659,-0.861,1.477,1.986,-0.835,-1.089,76.0
0 days 00:50:56.178000,LIN,41,75.935,5.0,1.0,,,False,HARD,5.0,True,Racing Bulls,1,8.0,True,5,Canadian Grand Prix,True,C3,True,-0.581,-0.759,1.555,2.091,-0.955,-1.242,76.126
0 days 00:52:12.164000,LIN,41,75.986,6.0,1.0,,,False,HARD,6.0,True,Racing Bulls,1,8.0,True,5,Canadian Grand Prix,True,C3,True,-0.53,-0.693,1.606,2.159,-0.904,-1.176,76.225
0 days 00:53:27.885000,LIN,41,75.721,7.0,1.0,,,True,HARD,7.0,True,Racing Bulls,1,8.0,True,5,Canadian Grand Prix,True,C3,True,-0.795,-1.039,1.341,1.803,-1.012,-1.319,76.008
0 days 00:54:43.810000,LIN,41,75.925,8.0,1.0,,,False,HARD,8.0,True,Racing Bulls,1,8.0,True,5,Canadian Grand Prix,True,C3,True,-0.591,-0.772,1.545,2.077,-0.747,-0.974,76.26
0 days 00:55:59.666000,LIN,41,75.856,9.0,1.0,,,False,HARD,9.0,True,Racing Bulls,1,8.0,True,5,Canadian Grand Prix,True,C3,True,-0.66,-0.863,1.476,1.984,-0.278,-0.365,76.239
0 days 00:57:15.676000,LIN,41,76.01,10.0,1.0,,,False,HARD,10.0,True,Racing Bulls,1,8.0,True,5,Canadian Grand Prix,True,C3,True,-0.506,-0.661,1.63,2.191,-0.34,-0.445,76.44
0 days 00:58:31.649000,LIN,41,75.973,11.0,1.0,,,False,HARD,11.0,True,Racing Bulls,1,8.0,True,5,Canadian Grand Prix,True,C3,True,-0.543,-0.71,1.593,2.142,-0.463,-0.606,76.451
0 days 00:59:47.732000,LIN,41,76.083,12.0,1.0,,,False,HARD,12.0,True,Racing Bulls,1,8.0,True,5,Canadian Grand Prix,True,C3,True,-0.433,-0.566,1.703,2.29,-0.207,-0.271,76.609
0 days 01:01:03.684000,LIN,41,75.952,13.0,1.0,,,False,HARD,13.0,True,Racing Bulls,1,8.0,True,5,Canadian Grand Prix,True,C3,True,-0.564,-0.737,1.572,2.113,-0.456,-0.597,76.526
0 days 01:02:19.337000,LIN,41,75.653,14.0,1.0,,,True,HARD,14.0,True,Racing Bulls,1,8.0,True,5,Canadian Grand Prix,True,C3,True,-0.863,-1.128,1.273,1.711,-0.785,-1.027,76.275
0 days 01:03:35.086000,LIN,41,75.749,15.0,1.0,,,False,HARD,15.0,True,Racing Bulls,1,8.0,True,5,Canadian Grand Prix,True,C3,True,-0.767,-1.002,1.369,1.841,-0.451,-0.592,76.419
0 days 01:04:51.051000,LIN,41,75.965,16.0,1.0,,,False,HARD,16.0,True,Racing Bulls,12,8.0,True,5,Canadian Grand Prix,True,C3,False,-0.551,-0.72,1.585,2.131,-0.114,-0.15,76.682
0 days 01:06:07.224000,LIN,41,76.173,17.0,1.0,,,False,HARD,17.0,True,Racing Bulls,21,8.0,True,5,Canadian Grand Prix,True,C3,False,-0.343,-0.448,1.793,2.411,0.0,0.0,76.938
0 days 01:07:23.364000,LIN,41,76.14,18.0,1.0,,,False,HARD,18.0,True,Racing Bulls,1,8.0,True,5,Canadian Grand Prix,True,C3,True,-0.376,-0.491,1.76,2.366,0.08,0.105,76.953
0 days 01:08:39.583000,LIN,41,76.219,19.0,1.0,,,False,HARD,19.0,True,Racing Bulls,1,8.0,True,5,Canadian Grand Prix,True,C3,True,-0.297,-0.388,1.839,2.472,0.0,0.0,77.08
0 days 01:09:56.076000,LIN,41,76.493,20.0,1.0,,,False,HARD,20.0,True,Racing Bulls,1,8.0,True,5,Canadian Grand Prix,True,C3,True,-0.023,-0.03,2.113,2.841,0.123,0.161,77.402
0 days 01:11:12.575000,LIN,41,76.499,21.0,1.0,,,False,HARD,21.0,True,Racing Bulls,1,8.0,True,5,Canadian Grand Prix,True,C3,True,-0.017,-0.022,2.119,2.849,-0.014,-0.018,77.456
0 days 01:12:28.997000,LIN,41,76.422,22.0,1.0,,,False,HARD,22.0,True,Racing Bulls,1,8.0,True,5,Canadian Grand Prix,True,C3,True,-0.094,-0.123,2.042,2.745,-0.608,-0.789,77.426
0 days 01:13:45.531000,LIN,41,76.534,23.0,1.0,,,False,HARD,23.0,True,Racing Bulls,1,8.0,True,5,Canadian Grand Prix,True,C3,True,0.018,0.024,2.154,2.896,0.303,0.397,77.586
0 days 00:45:52.803000,COL,43,,1.0,1.0,,,False,MEDIUM,9.0,False,Alpine,1,11.0,False,5,Canadian Grand Prix,True,C4,False,,,,,,,
0 days 00:47:10.595000,COL,43,77.792,2.0,1.0,,,True,MEDIUM,10.0,False,Alpine,1,11.0,True,5,Canadian Grand Prix,True,C4,True,1.276,1.668,3.412,4.587,0.182,0.235,77.84
0 days 00:48:27.210000,COL,43,76.615,3.0,1.0,,,True,MEDIUM,11.0,False,Alpine,1,11.0,True,5,Canadian Grand Prix,True,C4,True,0.099,0.129,2.235,3.005,-0.445,-0.577,76.711
0 days 00:49:43.143000,COL,43,75.933,4.0,1.0,,,True,MEDIUM,12.0,False,Alpine,1,11.0,True,5,Canadian Grand Prix,True,C4,True,-0.583,-0.762,1.553,2.088,-0.759,-0.99,76.076
0 days 00:50:58.939000,COL,43,75.796,5.0,1.0,,,True,MEDIUM,13.0,False,Alpine,1,10.0,True,5,Canadian Grand Prix,True,C4,True,-0.72,-0.941,1.416,1.904,-1.094,-1.423,75.987
0 days 00:52:15.545000,COL,43,76.606,6.0,1.0,,,False,MEDIUM,14.0,False,Alpine,1,10.0,True,5,Canadian Grand Prix,True,C4,True,0.09,0.118,2.226,2.993,-0.284,-0.369,76.845
0 days 00:53:32.058000,COL,43,76.513,7.0,1.0,,,False,MEDIUM,15.0,False,Alpine,1,9.0,True,5,Canadian Grand Prix,True,C4,True,-0.003,-0.004,2.133,2.868,-0.22,-0.287,76.8
0 days 00:54:48.440000,COL,43,76.382,8.0,1.0,,,False,MEDIUM,16.0,False,Alpine,1,9.0,True,5,Canadian Grand Prix,True,C4,True,-0.134,-0.175,2.002,2.692,-0.29,-0.378,76.717
0 days 00:56:04.361000,COL,43,75.921,9.0,1.0,,,False,MEDIUM,17.0,False,Alpine,1,9.0,True,5,Canadian Grand Prix,True,C4,True,-0.595,-0.778,1.541,2.072,-0.213,-0.28,76.304
0 days 00:57:20.066000,COL,43,75.705,10.0,1.0,,,True,MEDIUM,18.0,False,Alpine,1,9.0,True,5,Canadian Grand Prix,True,C4,True,-0.811,-1.06,1.325,1.781,-0.645,-0.845,76.135
0 days 00:58:35.739000,COL,43,75.673,11.0,1.0,,,True,MEDIUM,19.0,False,Alpine,1,9.0,True,5,Canadian Grand Prix,True,C4,True,-0.843,-1.102,1.293,1.738,-0.763,-0.998,76.151
0 days 00:59:51.217000,COL,43,75.478,12.0,1.0,,,True,MEDIUM,20.0,False,Alpine,1,9.0,True,5,Canadian Grand Prix,True,C4,True,-1.038,-1.357,1.098,1.476,-0.812,-1.064,76.004
0 days 01:01:06.706000,COL,43,75.489,13.0,1.0,,,False,MEDIUM,21.0,False,Alpine,1,9.0,True,5,Canadian Grand Prix,True,C4,True,-1.027,-1.342,1.109,1.491,-0.919,-1.203,76.063
0 days 01:02:22.335000,COL,43,75.629,14.0,1.0,,,False,MEDIUM,22.0,False,Alpine,1,9.0,True,5,Canadian Grand Prix,True,C4,True,-0.887,-1.159,1.249,1.679,-0.809,-1.058,76.251
0 days 01:03:38.372000,COL,43,76.037,15.0,1.0,,,False,MEDIUM,23.0,False,Alpine,1,9.0,True,5,Canadian Grand Prix,True,C4,True,-0.479,-0.626,1.657,2.228,-0.163,-0.214,76.707
0 days 01:04:54.232000,COL,43,75.86,16.0,1.0,,,False,MEDIUM,24.0,False,Alpine,12,9.0,True,5,Canadian Grand Prix,True,C4,False,-0.656,-0.857,1.48,1.99,-0.219,-0.288,76.577
0 days 01:06:10.220000,COL,43,75.988,17.0,1.0,,,False,MEDIUM,25.0,False,Alpine,1,9.0,True,5,Canadian Grand Prix,True,C4,True,-0.528,-0.69,1.608,2.162,-0.185,-0.243,76.753
0 days 01:07:26.736000,COL,43,76.516,18.0,1.0,,,False,MEDIUM,26.0,False,Alpine,1,9.0,True,5,Canadian Grand Prix,True,C4,True,0.0,0.0,2.136,2.872,0.456,0.6,77.329
0 days 01:08:43.014000,COL,43,76.278,19.0,1.0,,,False,MEDIUM,27.0,False,Alpine,1,9.0,True,5,Canadian Grand Prix,True,C4,True,-0.238,-0.311,1.898,2.552,0.059,0.077,77.139
0 days 01:09:59.119000,COL,43,76.105,20.0,1.0,,,False,MEDIUM,28.0,False,Alpine,1,9.0,True,5,Canadian Grand Prix,True,C4,True,-0.411,-0.537,1.725,2.319,-0.265,-0.347,77.014
0 days 01:11:15.215000,COL,43,76.096,21.0,1.0,,,False,MEDIUM,29.0,False,Alpine,1,9.0,True,5,Canadian Grand Prix,True,C4,True,-0.42,-0.549,1.716,2.307,-0.417,-0.545,77.053
0 days 01:12:31.334000,COL,43,76.119,22.0,1.0,,,False,MEDIUM,30.0,False,Alpine,1,9.0,True,5,Canadian Grand Prix,True,C4,True,-0.397,-0.519,1.739,2.338,-0.911,-1.183,77.123
0 days 01:13:47.442000,COL,43,76.108,23.0,1.0,,,False,MEDIUM,31.0,False,Alpine,1,9.0,True,5,Canadian Grand Prix,True,C4,True,-0.408,-0.533,1.728,2.323,-0.123,-0.161,77.16
0 days 00:45:51.265000,SAI,55,,1.0,1.0,,,False,MEDIUM,1.0,True,Williams,1,10.0,False,5,Canadian Grand Prix,True,C4,False,,,,,,,
0 days 00:47:08.643000,SAI,55,77.378,2.0,1.0,,,True,MEDIUM,2.0,True,Williams,1,10.0,True,5,Canadian Grand Prix,True,C4,True,0.862,1.127,2.998,4.031,-0.232,-0.299,77.426
0 days 00:48:25.509000,SAI,55,76.866,3.0,1.0,,,True,MEDIUM,3.0,True,Williams,1,10.0,True,5,Canadian Grand Prix,True,C4,True,0.35,0.457,2.486,3.342,-0.194,-0.252,76.962
0 days 00:49:42.015000,SAI,55,76.506,4.0,1.0,,,True,MEDIUM,4.0,True,Williams,1,10.0,True,5,Canadian Grand Prix,True,C4,True,-0.01,-0.013,2.126,2.858,-0.186,-0.243,76.649
0 days 00:50:58.474000,SAI,55,76.459,5.0,1.0,,,True,MEDIUM,5.0,True,Williams,1,9.0,True,5,Canadian Grand Prix,True,C4,True,-0.057,-0.074,2.079,2.795,-0.431,-0.561,76.65
0 days 00:52:15.174000,SAI,55,76.7,6.0,1.0,,,False,MEDIUM,6.0,True,Williams,1,9.0,True,5,Canadian Grand Prix,True,C4,True,0.184,0.24,2.32,3.119,-0.19,-0.247,76.939
0 days 00:53:32.421000,SAI,55,77.247,7.0,1.0,,,False,MEDIUM,7.0,True,Williams,1,10.0,True,5,Canadian Grand Prix,True,C4,True,0.731,0.955,2.867,3.855,0.514,0.67,77.534
0 days 00:54:49.237000,SAI,55,76.816,8.0,1.0,,,False,MEDIUM,8.0,True,Williams,1,10.0,True,5,Canadian Grand Prix,True,C4,True,0.3,0.392,2.436,3.275,0.144,0.188,77.151
0 days 00:56:05.371000,SAI,55,76.134,9.0,1.0,,,True,MEDIUM,9.0,True,Williams,1,10.0,True,5,Canadian Grand Prix,True,C4,True,-0.382,-0.499,1.754,2.358,0.0,0.0,76.517
0 days 00:57:21.417000,SAI,55,76.046,10.0,1.0,,,True,MEDIUM,10.0,True,Williams,1,10.0,True,5,Canadian Grand Prix,True,C4,True,-0.47,-0.614,1.666,2.24,-0.304,-0.398,76.476
0 days 00:58:37.763000,SAI,55,76.346,11.0,1.0,,,False,MEDIUM,11.0,True,Williams,1,10.0,True,5,Canadian Grand Prix,True,C4,True,-0.17,-0.222,1.966,2.643,-0.09,-0.118,76.824
0 days 00:59:54.193000,SAI,55,76.43,12.0,1.0,,,False,MEDIUM,12.0,True,Williams,1,10.0,True,5,Canadian Grand Prix,True,C4,True,-0.086,-0.112,2.05,2.756,0.14,0.184,76.956
0 days 01:01:10.553000,SAI,55,76.36,13.0,1.0,,,False,MEDIUM,13.0,True,Williams,1,10.0,True,5,Canadian Grand Prix,True,C4,True,-0.156,-0.204,1.98,2.662,-0.048,-0.063,76.934
0 days 01:02:26.991000,SAI,55,76.438,14.0,1.0,,,False,MEDIUM,14.0,True,Williams,1,10.0,True,5,Canadian Grand Prix,True,C4,True,-0.078,-0.102,2.058,2.767,0.0,0.0,77.06
0 days 01:03:43.558000,SAI,55,76.567,15.0,1.0,,,False,MEDIUM,15.0,True,Williams,1,10.0,True,5,Canadian Grand Prix,True,C4,True,0.051,0.067,2.187,2.94,0.367,0.482,77.237
0 days 01:04:59.637000,SAI,55,76.079,16.0,1.0,,,False,MEDIUM,16.0,True,Williams,12,10.0,True,5,Canadian Grand Prix,True,C4,False,-0.437,-0.571,1.699,2.284,0.0,0.0,76.796
0 days 01:06:15.580000,SAI,55,75.943,17.0,1.0,,,True,MEDIUM,17.0,True,Williams,1,10.0,True,5,Canadian Grand Prix,True,C4,True,-0.573,-0.749,1.563,2.101,-0.23,-0.302,76.708
0 days 01:07:31.561000,SAI,55,75.981,18.0,1.0,,,False,MEDIUM,18.0,True,Williams,1,10.0,True,5,Canadian Grand Prix,True,C4,True,-0.535,-0.699,1.601,2.152,-0.079,-0.104,76.794
0 days 01:08:47.602000,SAI,55,76.041,19.0,1.0,,,False,MEDIUM,19.0,True,Williams,1,10.0,True,5,Canadian Grand Prix,True,C4,True,-0.475,-0.621,1.661,2.233,-0.178,-0.234,76.902
0 days 01:10:04.045000,SAI,55,76.443,20.0,1.0,,,False,MEDIUM,20.0,True,Williams,1,10.0,True,5,Canadian Grand Prix,True,C4,True,-0.073,-0.095,2.063,2.774,0.073,0.096,77.352
0 days 01:11:19.990000,SAI,55,75.945,21.0,1.0,,,False,MEDIUM,21.0,True,Williams,1,10.0,True,5,Canadian Grand Prix,True,C4,True,-0.571,-0.746,1.565,2.104,-0.568,-0.742,76.902
0 days 01:12:36.605000,SAI,55,76.615,22.0,1.0,,,False,MEDIUM,22.0,True,Williams,1,10.0,True,5,Canadian Grand Prix,True,C4,True,0.099,0.129,2.235,3.005,-0.415,-0.539,77.619
0 days 01:13:52.614000,SAI,55,76.009,23.0,1.0,,,False,MEDIUM,23.0,True,Williams,1,10.0,True,5,Canadian Grand Prix,True,C4,True,-0.507,-0.663,1.629,2.19,-0.222,-0.291,77.061
0 days 00:45:56.796000,LAW,30,,1.0,1.0,,,False,MEDIUM,1.0,True,Racing Bulls,1,17.0,False,5,Canadian Grand Prix,True,C4,False,,,,,,,
0 days 00:47:16.207000,LAW,30,79.411,2.0,1.0,,,True,MEDIUM,2.0,True,Racing Bulls,1,16.0,True,5,Canadian Grand Prix,True,C4,True,2.895,3.784,5.031,6.764,1.801,2.321,79.459
0 days 00:48:33.995000,LAW,30,77.788,3.0,1.0,,,True,MEDIUM,3.0,True,Racing Bulls,1,16.0,True,5,Canadian Grand Prix,True,C4,True,1.272,1.662,3.408,4.582,0.728,0.945,77.884
0 days 00:49:51.486000,LAW,30,77.491,4.0,1.0,,,True,MEDIUM,4.0,True,Racing Bulls,1,15.0,True,5,Canadian Grand Prix,True,C4,True,0.975,1.274,3.111,4.183,0.799,1.042,77.634
0 days 00:51:08.266000,LAW,30,76.78,5.0,1.0,,,True,MEDIUM,5.0,True,Racing Bulls,1,14.0,True,5,Canadian Grand Prix,True,C4,True,0.264,0.345,2.4,3.227,-0.11,-0.143,76.971
0 days 00:52:24.523000,LAW,30,76.257,6.0,1.0,,,True,MEDIUM,6.0,True,Racing Bulls,1,14.0,True,5,Canadian Grand Prix,True,C4,True,-0.259,-0.338,1.877,2.524,-0.633,-0.823,76.496
0 days 00:53:41.256000,LAW,30,76.733,7.0,1.0,,,False,MEDIUM,7.0,True,Racing Bulls,1,14.0,True,5,Canadian Grand Prix,True,C4,True,0.217,0.284,2.353,3.163,0.0,0.0,77.02
0 days 00:54:57.999000,LAW,30,76.743,8.0,1.0,,,False,MEDIUM,8.0,True,Racing Bulls,1,14.0,True,5,Canadian Grand Prix,True,C4,True,0.227,0.297,2.363,3.177,0.071,0.093,77.078
0 days 00:56:14.371000,LAW,30,76.372,9.0,1.0,,,False,MEDIUM,9.0,True,Racing Bulls,1,14.0,True,5,Canadian Grand Prix,True,C4,True,-0.144,-0.188,1.992,2.678,0.238,0.313,76.755
0 days 00:57:31.342000,LAW,30,76.971,10.0,1.0,,,False,MEDIUM,10.0,True,Racing Bulls,1,14.0,True,5,Canadian Grand Prix,True,C4,True,0.455,0.595,2.591,3.483,0.621,0.813,77.401
0 days 00:58:48.526000,LAW,30,77.184,11.0,1.0,,,False,MEDIUM,11.0,True,Racing Bulls,1,14.0,True,5,Canadian Grand Prix,True,C4,True,0.668,0.873,2.804,3.77,0.748,0.979,77.662
0 days 01:00:06.076000,LAW,30,77.55,12.0,1.0,,,False,MEDIUM,12.0,True,Racing Bulls,1,14.0,True,5,Canadian Grand Prix,True,C4,True,1.034,1.351,3.17,4.262,1.26,1.652,78.076
0 days 01:01:22.884000,LAW,30,76.808,13.0,1.0,,,False,MEDIUM,13.0,True,Racing Bulls,1,14.0,True,5,Canadian Grand Prix,True,C4,True,0.292,0.382,2.428,3.264,0.4,0.524,77.382
0 days 01:02:39.498000,LAW,30,76.614,14.0,1.0,,,False,MEDIUM,14.0,True,Racing Bulls,1,13.0,True,5,Canadian Grand Prix,True,C4,True,0.098,0.128,2.234,3.003,0.176,0.23,77.236
0 days 01:03:56.172000,LAW,30,76.674,15.0,1.0,,,False,MEDIUM,15.0,True,Racing Bulls,1,13.0,True,5,Canadian Grand Prix,True,C4,True,0.158,0.206,2.294,3.084,0.474,0.622,77.344
0 days 01:05:13.361000,LAW,30,77.189,16.0,1.0,,,False,MEDIUM,16.0,True,Racing Bulls,12,13.0,True,5,Canadian Grand Prix,True,C4,False,0.673,0.88,2.809,3.777,1.11,1.459,77.906
0 days 01:06:30.423000,LAW,30,77.062,17.0,1.0,,,False,MEDIUM,17.0,True,Racing Bulls,1,13.0,True,5,Canadian Grand Prix,True,C4,True,0.546,0.714,2.682,3.606,0.889,1.167,77.827
0 days 01:07:47.938000,LAW,30,77.515,18.0,1.0,,,False,MEDIUM,18.0,True,Racing Bulls,1,13.0,True,5,Canadian Grand Prix,True,C4,True,0.999,1.306,3.135,4.215,1.455,1.913,78.328
0 days 01:09:05.526000,LAW,30,77.588,19.0,1.0,,,False,MEDIUM,19.0,True,Racing Bulls,1,12.0,True,5,Canadian Grand Prix,True,C4,True,1.072,1.401,3.208,4.313,1.369,1.796,78.449
0 days 01:10:22.921000,LAW,30,77.395,20.0,1.0,,,False,MEDIUM,20.0,True,Racing Bulls,1,12.0,True,5,Canadian Grand Prix,True,C4,True,0.879,1.149,3.015,4.054,1.025,1.342,78.304
0 days 01:11:41.763000,LAW,30,78.842,21.0,1.0,,,False,MEDIUM,21.0,True,Racing Bulls,1,12.0,True,5,Canadian Grand Prix,True,C4,True,2.326,3.04,4.462,5.999,2.329,3.044,79.799
0 days 01:12:58.874000,LAW,30,77.111,22.0,1.0,,,False,MEDIUM,22.0,True,Racing Bulls,1,12.0,True,5,Canadian Grand Prix,True,C4,True,0.595,0.778,2.731,3.672,0.081,0.105,78.115
0 days 01:14:17.165000,LAW,30,78.291,23.0,1.0,,,False,MEDIUM,23.0,True,Racing Bulls,1,12.0,True,5,Canadian Grand Prix,True,C4,True,1.775,2.32,3.911,5.258,2.06,2.702,79.343
0 days 00:45:56.758000,BOR,5,,1.0,1.0,,,False,MEDIUM,8.0,False,Audi,1,16.0,False,5,Canadian Grand Prix,True,C4,False,,,,,,,
0 days 00:47:16.951000,BOR,5,80.193,2.0,1.0,,,True,MEDIUM,9.0,False,Audi,1,17.0,True,5,Canadian Grand Prix,True,C4,True,3.677,4.806,5.813,7.815,2.583,3.328,80.241
0 days 00:48:34.753000,BOR,5,77.802,3.0,1.0,,,True,MEDIUM,10.0,False,Audi,1,17.0,True,5,Canadian Grand Prix,True,C4,True,1.286,1.681,3.422,4.601,0.742,0.963,77.898
0 days 00:49:52.495000,BOR,5,77.742,4.0,1.0,,,True,MEDIUM,11.0,False,Audi,1,17.0,True,5,Canadian Grand Prix,True,C4,True,1.226,1.602,3.362,4.52,1.05,1.369,77.885
0 days 00:51:10.057000,BOR,5,77.562,5.0,1.0,,,False,MEDIUM,12.0,False,Audi,1,16.0,True,5,Canadian Grand Prix,True,C4,True,1.046,1.367,3.182,4.278,0.672,0.874,77.753
0 days 00:52:27.378000,BOR,5,77.321,6.0,1.0,,,True,MEDIUM,13.0,False,Audi,1,15.0,True,5,Canadian Grand Prix,True,C4,True,0.805,1.052,2.941,3.954,0.431,0.561,77.56
0 days 00:53:44.169000,BOR,5,76.791,7.0,1.0,,,True,MEDIUM,14.0,False,Audi,1,15.0,True,5,Canadian Grand Prix,True,C4,True,0.275,0.359,2.411,3.241,0.058,0.076,77.078
0 days 00:55:00.321000,BOR,5,76.152,8.0,1.0,,,True,MEDIUM,15.0,False,Audi,1,15.0,True,5,Canadian Grand Prix,True,C4,True,-0.364,-0.476,1.772,2.382,-0.52,-0.678,76.487
0 days 00:56:16.301000,BOR,5,75.98,9.0,1.0,,,True,MEDIUM,16.0,False,Audi,1,15.0,True,5,Canadian Grand Prix,True,C4,True,-0.536,-0.701,1.6,2.151,-0.154,-0.202,76.363
0 days 00:57:32.651000,BOR,5,76.35,10.0,1.0,,,False,MEDIUM,17.0,False,Audi,1,15.0,True,5,Canadian Grand Prix,True,C4,True,-0.166,-0.217,1.97,2.649,0.0,0.0,76.78
0 days 00:58:49.414000,BOR,5,76.763,11.0,1.0,,,False,MEDIUM,18.0,False,Audi,1,15.0,True,5,Canadian Grand Prix,True,C4,True,0.247,0.323,2.383,3.204,0.327,0.428,77.241
0 days 01:00:06.957000,BOR,5,77.543,12.0,1.0,,,False,MEDIUM,19.0,False,Audi,1,15.0,True,5,Canadian Grand Prix,True,C4,True,1.027,1.342,3.163,4.252,1.253,1.642,78.069
0 days 01:01:23.464000,BOR,5,76.507,13.0,1.0,,,False,MEDIUM,20.0,False,Audi,1,15.0,True,5,Canadian Grand Prix,True,C4,True,-0.009,-0.012,2.127,2.86,0.099,0.13,77.081
0 days 01:02:40.617000,BOR,5,77.153,14.0,1.0,,,False,MEDIUM,21.0,False,Audi,1,14.0,True,5,Canadian Grand Prix,True,C4,True,0.637,0.833,2.773,3.728,0.715,0.935,77.775
0 days 01:03:56.981000,BOR,5,76.364,15.0,1.0,,,False,MEDIUM,22.0,False,Audi,1,14.0,True,5,Canadian Grand Prix,True,C4,True,-0.152,-0.199,1.984,2.667,0.164,0.215,77.034
0 days 01:05:13.947000,BOR,5,76.966,16.0,1.0,,,False,MEDIUM,23.0,False,Audi,12,14.0,True,5,Canadian Grand Prix,True,C4,False,0.45,0.588,2.586,3.477,0.887,1.166,77.683
0 days 01:06:31.299000,BOR,5,77.352,17.0,1.0,,,False,MEDIUM,24.0,False,Audi,1,14.0,True,5,Canadian Grand Prix,True,C4,True,0.836,1.093,2.972,3.996,1.179,1.548,78.117
0 days 01:07:48.432000,BOR,5,77.133,18.0,1.0,,,False,MEDIUM,25.0,False,Audi,1,14.0,True,5,Canadian Grand Prix,True,C4,True,0.617,0.806,2.753,3.701,1.073,1.411,77.946
0 days 01:09:06.707000,BOR,5,78.275,19.0,1.0,,,False,MEDIUM,26.0,False,Audi,1,13.0,True,5,Canadian Grand Prix,True,C4,True,1.759,2.299,3.895,5.237,2.056,2.697,79.136
0 days 01:10:23.873000,BOR,5,77.166,20.0,1.0,,,False,MEDIUM,27.0,False,Audi,1,13.0,True,5,Canadian Grand Prix,True,C4,True,0.65,0.849,2.786,3.746,0.796,1.042,78.075
0 days 01:11:42.459000,BOR,5,78.586,21.0,1.0,,,False,MEDIUM,28.0,False,Audi,1,13.0,True,5,Canadian Grand Prix,True,C4,True,2.07,2.705,4.206,5.655,2.073,2.709,79.543
0 days 01:13:00.133000,BOR,5,77.674,22.0,1.0,,,False,MEDIUM,29.0,False,Audi,1,13.0,True,5,Canadian Grand Prix,True,C4,True,1.158,1.513,3.294,4.429,0.644,0.836,78.678
0 days 01:14:17.635000,BOR,5,77.502,23.0,1.0,,,False,MEDIUM,30.0,False,Audi,1,13.0,True,5,Canadian Grand Prix,True,C4,True,0.986,1.289,3.122,4.197,1.271,1.667,78.554
0 days 00:45:55.100000,OCO,31,,1.0,1.0,,,False,MEDIUM,8.0,False,Haas F1 Team,1,12.0,False,5,Canadian Grand Prix,True,C4,False,,,,,,,
0 days 00:47:12.805000,OCO,31,77.705,2.0,1.0,,,True,MEDIUM,9.0,False,Haas F1 Team,1,12.0,True,5,Canadian Grand Prix,True,C4,True,1.189,1.554,3.325,4.47,0.095,0.122,77.753
0 days 00:48:30.059000,OCO,31,77.254,3.0,1.0,,,True,MEDIUM,10.0,False,Haas F1 Team,1,12.0,True,5,Canadian Grand Prix,True,C4,True,0.738,0.965,2.874,3.864,0.194,0.252,77.35
0 days 00:49:47.297000,OCO,31,77.238,4.0,1.0,,,True,MEDIUM,11.0,False,Haas F1 Team,1,12.0,True,5,Canadian Grand Prix,True,C4,True,0.722,0.944,2.858,3.842,0.546,0.712,77.381
0 days 00:51:04.681000,OCO,31,77.384,5.0,1.0,,,False,MEDIUM,12.0,False,Haas F1 Team,1,11.0,True,5,Canadian Grand Prix,True,C4,True,0.868,1.134,3.004,4.039,0.494,0.642,77.575
0 days 00:52:21.626000,OCO,31,76.945,6.0,1.0,,,True,MEDIUM,13.0,False,Haas F1 Team,1,11.0,True,5,Canadian Grand Prix,True,C4,True,0.429,0.561,2.565,3.449,0.055,0.072,77.184
0 days 00:53:38.895000,OCO,31,77.269,7.0,1.0,,,False,MEDIUM,14.0,False,Haas F1 Team,1,11.0,True,5,Canadian Grand Prix,True,C4,True,0.753,0.984,2.889,3.884,0.536,0.699,77.556
0 days 00:54:55.921000,OCO,31,77.026,8.0,1.0,,,False,MEDIUM,15.0,False,Haas F1 Team,1,11.0,True,5,Canadian Grand Prix,True,C4,True,0.51,0.667,2.646,3.557,0.354,0.462,77.361
0 days 00:56:12.770000,OCO,31,76.849,9.0,1.0,,,True,MEDIUM,16.0,False,Haas F1 Team,1,11.0,True,5,Canadian Grand Prix,True,C4,True,0.333,0.435,2.469,3.319,0.715,0.939,77.232
0 days 00:57:29.966000,OCO,31,77.196,10.0,1.0,,,False,MEDIUM,17.0,False,Haas F1 Team,1,11.0,True,5,Canadian Grand Prix,True,C4,True,0.68,0.889,2.816,3.786,0.846,1.108,77.626
0 days 00:58:47.265000,OCO,31,77.299,11.0,1.0,,,False,MEDIUM,18.0,False,Haas F1 Team,1,11.0,True,5,Canadian Grand Prix,True,C4,True,0.783,1.023,2.919,3.924,0.863,1.129,77.777
0 days 01:00:04.277000,OCO,31,77.012,12.0,1.0,,,False,MEDIUM,19.0,False,Haas F1 Team,1,11.0,True,5,Canadian Grand Prix,True,C4,True,0.496,0.648,2.632,3.539,0.722,0.946,77.538
0 days 01:01:21.355000,OCO,31,77.078,13.0,1.0,,,False,MEDIUM,20.0,False,Haas F1 Team,1,11.0,True,5,Canadian Grand Prix,True,C4,True,0.562,0.734,2.698,3.627,0.67,0.877,77.652
0 days 01:02:38.253000,OCO,31,76.898,14.0,1.0,,,False,MEDIUM,21.0,False,Haas F1 Team,1,11.0,True,5,Canadian Grand Prix,True,C4,True,0.382,0.499,2.518,3.385,0.46,0.602,77.52
0 days 01:03:55.209000,OCO,31,76.956,15.0,1.0,,,False,MEDIUM,22.0,False,Haas F1 Team,1,11.0,True,5,Canadian Grand Prix,True,C4,True,0.44,0.575,2.576,3.463,0.756,0.992,77.626
0 days 01:05:12.350000,OCO,31,77.141,16.0,1.0,,,False,MEDIUM,23.0,False,Haas F1 Team,12,11.0,True,5,Canadian Grand Prix,True,C4,False,0.625,0.817,2.761,3.712,1.062,1.396,77.858
0 days 01:06:29.679000,OCO,31,77.329,17.0,1.0,,,False,MEDIUM,24.0,False,Haas F1 Team,1,11.0,True,5,Canadian Grand Prix,True,C4,True,0.813,1.063,2.949,3.965,1.156,1.518,78.094
0 days 01:07:47.045000,OCO,31,77.366,18.0,1.0,,,False,MEDIUM,25.0,False,Haas F1 Team,1,11.0,True,5,Canadian Grand Prix,True,C4,True,0.85,1.111,2.986,4.015,1.306,1.717,78.179
0 days 01:09:08.564000,OCO,31,81.519,19.0,1.0,,,False,MEDIUM,26.0,False,Haas F1 Team,1,14.0,True,5,Canadian Grand Prix,True,C4,True,5.003,6.539,7.139,9.598,5.3,6.954,82.38
0 days 01:10:27.310000,OCO,31,78.746,20.0,1.0,,,False,MEDIUM,27.0,False,Haas F1 Team,1,15.0,True,5,Canadian Grand Prix,True,C4,True,2.23,2.914,4.366,5.87,2.376,3.111,79.655
0 days 01:11:44.835000,OCO,31,77.525,21.0,1.0,,,False,MEDIUM,28.0,False,Haas F1 Team,1,15.0,True,5,Canadian Grand Prix,True,C4,True,1.009,1.319,3.145,4.228,1.012,1.323,78.482
0 days 01:13:02.114000,OCO,31,77.279,22.0,1.0,,,False,MEDIUM,29.0,False,Haas F1 Team,1,15.0,True,5,Canadian Grand Prix,True,C4,True,0.763,0.997,2.899,3.898,0.249,0.323,78.283
0 days 01:14:20.030000,OCO,31,77.916,23.0,1.0,,,False,MEDIUM,30.0,False,Haas F1 Team,1,15.0,True,5,Canadian Grand Prix,True,C4,True,1.4,1.83,3.536,4.754,1.685,2.21,78.968
0 days 00:45:55.494000,PER,11,,1.0,1.0,,,False,SOFT,1.0,True,Cadillac,1,13.0,False,5,Canadian Grand Prix,True,C5,False,,,,,,,
0 days 00:47:13.639000,PER,11,78.145,2.0,1.0,,,True,SOFT,2.0,True,Cadillac,1,13.0,True,5,Canadian Grand Prix,True,C5,True,1.629,2.129,3.765,5.062,0.535,0.689,78.193
0 days 00:48:31.139000,PER,11,77.5,3.0,1.0,,,True,SOFT,3.0,True,Cadillac,1,13.0,True,5,Canadian Grand Prix,True,C5,True,0.984,1.286,3.12,4.195,0.44,0.571,77.596
0 days 00:49:48.018000,PER,11,76.879,4.0,1.0,,,True,SOFT,4.0,True,Cadillac,1,13.0,True,5,Canadian Grand Prix,True,C5,True,0.363,0.474,2.499,3.36,0.187,0.244,77.022
0 days 00:51:05.190000,PER,11,77.172,5.0,1.0,,,False,SOFT,5.0,True,Cadillac,1,12.0,True,5,Canadian Grand Prix,True,C5,True,0.656,0.857,2.792,3.754,0.282,0.367,77.363
0 days 00:52:22.072000,PER,11,76.882,6.0,1.0,,,False,SOFT,6.0,True,Cadillac,1,12.0,True,5,Canadian Grand Prix,True,C5,True,0.366,0.478,2.502,3.364,-0.008,-0.01,77.121
0 days 00:53:39.705000,PER,11,77.633,7.0,1.0,,,False,SOFT,7.0,True,Cadillac,1,12.0,True,5,Canadian Grand Prix,True,C5,True,1.117,1.46,3.253,4.373,0.9,1.173,77.92
0 days 00:54:56.715000,PER,11,77.01,8.0,1.0,,,False,SOFT,8.0,True,Cadillac,1,12.0,True,5,Canadian Grand Prix,True,C5,True,0.494,0.646,2.63,3.536,0.338,0.441,77.345
0 days 00:56:13.356000,PER,11,76.641,9.0,1.0,,,True,SOFT,9.0,True,Cadillac,1,12.0,True,5,Canadian Grand Prix,True,C5,True,0.125,0.163,2.261,3.04,0.507,0.666,77.024
0 days 00:57:30.505000,PER,11,77.149,10.0,1.0,,,False,SOFT,10.0,True,Cadillac,1,12.0,True,5,Canadian Grand Prix,True,C5,True,0.633,0.827,2.769,3.723,0.799,1.046,77.579
0 days 00:58:47.647000,PER,11,77.142,11.0,1.0,,,False,SOFT,11.0,True,Cadillac,1,12.0,True,5,Canadian Grand Prix,True,C5,True,0.626,0.818,2.762,3.713,0.706,0.924,77.62
0 days 01:00:05.028000,PER,11,77.381,12.0,1.0,,,False,SOFT,12.0,True,Cadillac,1,12.0,True,5,Canadian Grand Prix,True,C5,True,0.865,1.13,3.001,4.035,1.091,1.43,77.907
0 days 01:01:22.036000,PER,11,77.008,13.0,1.0,,,False,SOFT,13.0,True,Cadillac,1,12.0,True,5,Canadian Grand Prix,True,C5,True,0.492,0.643,2.628,3.533,0.6,0.785,77.582
0 days 01:02:38.842000,PER,11,76.806,14.0,1.0,,,False,SOFT,14.0,True,Cadillac,1,12.0,True,5,Canadian Grand Prix,True,C5,True,0.29,0.379,2.426,3.262,0.368,0.481,77.428
0 days 01:03:55.881000,PER,11,77.039,15.0,1.0,,,False,SOFT,15.0,True,Cadillac,1,12.0,True,5,Canadian Grand Prix,True,C5,True,0.523,0.684,2.659,3.575,0.839,1.101,77.709
0 days 01:05:12.993000,PER,11,77.112,16.0,1.0,,,False,SOFT,16.0,True,Cadillac,12,12.0,True,5,Canadian Grand Prix,True,C5,False,0.596,0.779,2.732,3.673,1.033,1.358,77.829
0 days 01:06:29.955000,PER,11,76.962,17.0,1.0,,,False,SOFT,17.0,True,Cadillac,1,12.0,True,5,Canadian Grand Prix,True,C5,True,0.446,0.583,2.582,3.471,0.789,1.036,77.727
0 days 01:07:47.594000,PER,11,77.639,18.0,1.0,,,False,SOFT,18.0,True,Cadillac,1,12.0,True,5,Canadian Grand Prix,True,C5,True,1.123,1.468,3.259,4.382,1.579,2.076,78.452
0 days 01:09:05.165000,PER,11,77.571,19.0,1.0,,,False,SOFT,19.0,True,Cadillac,1,11.0,True,5,Canadian Grand Prix,True,C5,True,1.055,1.379,3.191,4.29,1.352,1.774,78.432
0 days 01:10:22.784000,PER,11,77.619,20.0,1.0,,,False,SOFT,20.0,True,Cadillac,1,11.0,True,5,Canadian Grand Prix,True,C5,True,1.103,1.442,3.239,4.355,1.249,1.635,78.528
0 days 01:11:40.771000,PER,11,77.987,21.0,1.0,,,False,SOFT,21.0,True,Cadillac,1,11.0,True,5,Canadian Grand Prix,True,C5,True,1.471,1.922,3.607,4.849,1.474,1.926,78.944
0 days 01:12:58.507000,PER,11,77.736,22.0,1.0,,,False,SOFT,22.0,True,Cadillac,1,11.0,True,5,Canadian Grand Prix,True,C5,True,1.22,1.594,3.356,4.512,0.706,0.917,78.74
0 days 01:14:16.223000,PER,11,77.716,23.0,1.0,,,False,SOFT,23.0,True,Cadillac,1,11.0,True,5,Canadian Grand Prix,True,C5,True,1.2,1.568,3.336,4.485,1.485,1.948,78.768
0 days 00:45:56.351000,HUL,27,,1.0,1.0,,,False,MEDIUM,7.0,False,Audi,1,15.0,False,5,Canadian Grand Prix,True,C4,False,,,,,,,
0 days 00:47:15.484000,HUL,27,79.133,2.0,1.0,,,True,MEDIUM,8.0,False,Audi,1,15.0,True,5,Canadian Grand Prix,True,C4,True,2.617,3.42,4.753,6.39,1.523,1.962,79.181
0 days 00:48:33.200000,HUL,27,77.716,3.0,1.0,,,True,MEDIUM,9.0,False,Audi,1,14.0,True,5,Canadian Grand Prix,True,C4,True,1.2,1.568,3.336,4.485,0.656,0.851,77.812
0 days 00:49:50.303000,HUL,27,77.103,4.0,1.0,,,True,MEDIUM,10.0,False,Audi,1,14.0,True,5,Canadian Grand Prix,True,C4,True,0.587,0.767,2.723,3.661,0.411,0.536,77.246
0 days 00:51:07.303000,HUL,27,77.0,5.0,1.0,,,True,MEDIUM,11.0,False,Audi,1,13.0,True,5,Canadian Grand Prix,True,C4,True,0.484,0.633,2.62,3.522,0.11,0.143,77.191
0 days 00:52:24.202000,HUL,27,76.899,6.0,1.0,,,True,MEDIUM,12.0,False,Audi,1,13.0,True,5,Canadian Grand Prix,True,C4,True,0.383,0.501,2.519,3.387,0.009,0.012,77.138
0 days 00:53:40.719000,HUL,27,76.517,7.0,1.0,,,True,MEDIUM,13.0,False,Audi,1,13.0,True,5,Canadian Grand Prix,True,C4,True,0.001,0.001,2.137,2.873,-0.216,-0.281,76.804
0 days 00:54:57.391000,HUL,27,76.672,8.0,1.0,,,False,MEDIUM,14.0,False,Audi,1,13.0,True,5,Canadian Grand Prix,True,C4,True,0.156,0.204,2.292,3.081,0.0,0.0,77.007
0 days 00:56:13.939000,HUL,27,76.548,9.0,1.0,,,False,MEDIUM,15.0,False,Audi,1,13.0,True,5,Canadian Grand Prix,True,C4,True,0.032,0.042,2.168,2.915,0.414,0.544,76.931
0 days 00:57:30.906000,HUL,27,76.967,10.0,1.0,,,False,MEDIUM,16.0,False,Audi,1,13.0,True,5,Canadian Grand Prix,True,C4,True,0.451,0.589,2.587,3.478,0.617,0.808,77.397
0 days 00:58:48.146000,HUL,27,77.24,11.0,1.0,,,False,MEDIUM,17.0,False,Audi,1,13.0,True,5,Canadian Grand Prix,True,C4,True,0.724,0.946,2.86,3.845,0.804,1.052,77.718
0 days 01:00:05.352000,HUL,27,77.206,12.0,1.0,,,False,MEDIUM,18.0,False,Audi,1,13.0,True,5,Canadian Grand Prix,True,C4,True,0.69,0.902,2.826,3.799,0.916,1.201,77.732
0 days 01:01:22.636000,HUL,27,77.284,13.0,1.0,,,False,MEDIUM,19.0,False,Audi,1,13.0,True,5,Canadian Grand Prix,True,C4,True,0.768,1.004,2.904,3.904,0.876,1.146,77.858
0 days 01:02:41.825000,HUL,27,79.189,14.0,1.0,,,False,MEDIUM,20.0,False,Audi,1,15.0,True,5,Canadian Grand Prix,True,C4,True,2.673,3.493,4.809,6.465,2.751,3.599,79.811
0 days 01:03:59.511000,HUL,27,77.686,15.0,1.0,,,False,MEDIUM,21.0,False,Audi,1,16.0,True,5,Canadian Grand Prix,True,C4,True,1.17,1.529,3.306,4.445,1.486,1.95,78.356
0 days 01:05:17.671000,HUL,27,78.16,16.0,1.0,,,False,MEDIUM,22.0,False,Audi,12,16.0,True,5,Canadian Grand Prix,True,C4,False,1.644,2.149,3.78,5.082,2.081,2.735,78.877
0 days 01:06:35.603000,HUL,27,77.932,17.0,1.0,,,False,MEDIUM,23.0,False,Audi,1,16.0,True,5,Canadian Grand Prix,True,C4,True,1.416,1.851,3.552,4.775,1.759,2.309,78.697
0 days 01:07:51.998000,HUL,27,76.395,18.0,1.0,,,True,MEDIUM,24.0,False,Audi,1,16.0,True,5,Canadian Grand Prix,True,C4,True,-0.121,-0.158,2.015,2.709,0.335,0.44,77.208
0 days 01:09:08.632000,HUL,27,76.634,19.0,1.0,,,False,MEDIUM,25.0,False,Audi,1,15.0,True,5,Canadian Grand Prix,True,C4,True,0.118,0.154,2.254,3.03,0.415,0.544,77.495
0 days 01:10:24.929000,HUL,27,76.297,20.0,1.0,,,True,MEDIUM,26.0,False,Audi,1,14.0,True,5,Canadian Grand Prix,True,C4,True,-0.219,-0.286,1.917,2.577,-0.073,-0.096,77.206
0 days 01:11:42.818000,HUL,27,77.889,21.0,1.0,,,False,MEDIUM,27.0,False,Audi,1,14.0,True,5,Canadian Grand Prix,True,C4,True,1.373,1.794,3.509,4.718,1.376,1.798,78.846
0 days 01:13:00.297000,HUL,27,77.479,22.0,1.0,,,False,MEDIUM,28.0,False,Audi,1,14.0,True,5,Canadian Grand Prix,True,C4,True,0.963,1.259,3.099,4.166,0.449,0.583,78.483
0 days 01:14:17.979000,HUL,27,77.682,23.0,1.0,,,False,MEDIUM,29.0,False,Audi,1,14.0,True,5,Canadian Grand Prix,True,C4,True,1.166,1.524,3.302,4.439,1.451,1.903,78.734
0 days 00:46:07.136000,STR,18,,1.0,1.0,0 days 00:44:43.955000,,False,SOFT,1.0,True,Aston Martin,1,22.0,False,5,Canadian Grand Prix,True,C5,False,,,,,,,
0 days 00:47:25.896000,STR,18,78.76,2.0,1.0,,,True,SOFT,2.0,True,Aston Martin,1,22.0,True,5,Canadian Grand Prix,True,C5,True,2.244,2.933,4.38,5.889,1.15,1.482,78.808
0 days 00:48:43.910000,STR,18,78.014,3.0,1.0,,,True,SOFT,3.0,True,Aston Martin,1,22.0,True,5,Canadian Grand Prix,True,C5,True,1.498,1.958,3.634,4.886,0.954,1.238,78.11
0 days 00:50:02.380000,STR,18,78.47,4.0,1.0,,,False,SOFT,4.0,True,Aston Martin,1,22.0,True,5,Canadian Grand Prix,True,C5,True,1.954,2.554,4.09,5.499,1.778,2.318,78.613
0 days 00:51:21.161000,STR,18,78.781,5.0,1.0,,,False,SOFT,5.0,True,Aston Martin,1,22.0,True,5,Canadian Grand Prix,True,C5,True,2.265,2.96,4.401,5.917,1.891,2.459,78.972
0 days 00:52:39.372000,STR,18,78.211,6.0,1.0,,,False,SOFT,6.0,True,Aston Martin,1,21.0,True,5,Canadian Grand Prix,True,C5,True,1.695,2.215,3.831,5.151,1.321,1.718,78.45
0 days 00:53:56.859000,STR,18,77.487,7.0,1.0,,,True,SOFT,7.0,True,Aston Martin,1,21.0,True,5,Canadian Grand Prix,True,C5,True,0.971,1.269,3.107,4.177,0.754,0.983,77.774
0 days 00:55:14.470000,STR,18,77.611,8.0,1.0,,,False,SOFT,8.0,True,Aston Martin,1,21.0,True,5,Canadian Grand Prix,True,C5,True,1.095,1.431,3.231,4.344,0.939,1.225,77.946
0 days 00:56:32.352000,STR,18,77.882,9.0,1.0,,,False,SOFT,9.0,True,Aston Martin,1,21.0,True,5,Canadian Grand Prix,True,C5,True,1.366,1.785,3.502,4.708,1.748,2.296,78.265
0 days 00:57:50.507000,STR,18,78.155,10.0,1.0,,,False,SOFT,10.0,True,Aston Martin,1,20.0,True,5,Canadian Grand Prix,True,C5,True,1.639,2.142,3.775,5.075,1.805,2.364,78.585
0 days 00:59:08.950000,STR,18,78.443,11.0,1.0,,,False,SOFT,11.0,True,Aston Martin,1,20.0,True,5,Canadian Grand Prix,True,C5,True,1.927,2.518,4.063,5.462,2.007,2.626,78.921
0 days 01:00:27.151000,STR,18,78.201,12.0,1.0,,,False,SOFT,12.0,True,Aston Martin,1,20.0,True,5,Canadian Grand Prix,True,C5,True,1.685,2.202,3.821,5.137,1.911,2.505,78.727
0 days 01:01:44.922000,STR,18,77.771,13.0,1.0,,,False,SOFT,13.0,True,Aston Martin,1,20.0,True,5,Canadian Grand Prix,True,C5,True,1.255,1.64,3.391,4.559,1.363,1.784,78.345
0 days 01:03:02.714000,STR,18,77.792,14.0,1.0,,,False,SOFT,14.0,True,Aston Martin,1,19.0,True,5,Canadian Grand Prix,True,C5,True,1.276,1.668,3.412,4.587,1.354,1.771,78.414
0 days 01:04:20.170000,STR,18,77.456,15.0,1.0,,,True,SOFT,15.0,True,Aston Martin,1,18.0,True,5,Canadian Grand Prix,True,C5,True,0.94,1.229,3.076,4.136,1.256,1.648,78.126
0 days 01:05:37.793000,STR,18,77.623,16.0,1.0,,,False,SOFT,16.0,True,Aston Martin,12,18.0,True,5,Canadian Grand Prix,True,C5,False,1.107,1.447,3.243,4.36,1.544,2.029,78.34
0 days 01:06:54.913000,STR,18,77.12,17.0,1.0,,,True,SOFT,17.0,True,Aston Martin,1,18.0,True,5,Canadian Grand Prix,True,C5,True,0.604,0.789,2.74,3.684,0.947,1.243,77.885
0 days 01:08:12.348000,STR,18,77.435,18.0,1.0,,,False,SOFT,18.0,True,Aston Martin,1,17.0,True,5,Canadian Grand Prix,True,C5,True,0.919,1.201,3.055,4.107,1.375,1.808,78.248
0 days 01:09:30.170000,STR,18,77.822,19.0,1.0,,,False,SOFT,19.0,True,Aston Martin,1,16.0,True,5,Canadian Grand Prix,True,C5,True,1.306,1.707,3.442,4.628,1.603,2.103,78.683
0 days 01:10:50.867000,STR,18,80.697,20.0,1.0,,,False,SOFT,20.0,True,Aston Martin,1,16.0,True,5,Canadian Grand Prix,True,C5,True,4.181,5.464,6.317,8.493,4.327,5.666,81.606
0 days 01:12:10.971000,STR,18,80.104,21.0,1.0,,,False,SOFT,21.0,True,Aston Martin,1,16.0,True,5,Canadian Grand Prix,True,C5,True,3.588,4.689,5.724,7.696,3.591,4.693,81.061
0 days 01:13:28.948000,STR,18,77.977,22.0,1.0,,,False,SOFT,22.0,True,Aston Martin,1,16.0,True,5,Canadian Grand Prix,True,C5,True,1.461,1.909,3.597,4.836,0.947,1.229,78.981
0 days 00:46:01.729000,BOT,77,,1.0,1.0,0 days 00:44:40.068000,,False,SOFT,1.0,True,Cadillac,1,20.0,False,5,Canadian Grand Prix,True,C5,False,,,,,,,
0 days 00:47:20.699000,BOT,77,78.97,2.0,1.0,,,True,SOFT,2.0,True,Cadillac,1,20.0,True,5,Canadian Grand Prix,True,C5,True,2.454,3.207,4.59,6.171,1.36,1.752,79.018
0 days 00:48:39.952000,BOT,77,79.253,3.0,1.0,,,False,SOFT,3.0,True,Cadillac,1,21.0,True,5,Canadian Grand Prix,True,C5,True,2.737,3.577,4.873,6.551,2.193,2.846,79.349
0 days 00:49:59.438000,BOT,77,79.486,4.0,1.0,,,False,SOFT,4.0,True,Cadillac,1,21.0,True,5,Canadian Grand Prix,True,C5,True,2.97,3.882,5.106,6.865,2.794,3.643,79.629
0 days 00:51:18.364000,BOT,77,78.926,5.0,1.0,,,True,SOFT,5.0,True,Cadillac,1,21.0,True,5,Canadian Grand Prix,True,C5,True,2.41,3.15,4.546,6.112,2.036,2.648,79.117
0 days 00:52:37.415000,BOT,77,79.051,6.0,1.0,,,False,SOFT,6.0,True,Cadillac,1,20.0,True,5,Canadian Grand Prix,True,C5,True,2.535,3.313,4.671,6.28,2.161,2.811,79.29
0 days 00:53:55.657000,BOT,77,78.242,7.0,1.0,,,True,SOFT,7.0,True,Cadillac,1,20.0,True,5,Canadian Grand Prix,True,C5,True,1.726,2.256,3.862,5.192,1.509,1.967,78.529
0 days 00:55:13.986000,BOT,77,78.329,8.0,1.0,,,False,SOFT,8.0,True,Cadillac,1,20.0,True,5,Canadian Grand Prix,True,C5,True,1.813,2.369,3.949,5.309,1.657,2.161,78.664
0 days 00:56:31.634000,BOT,77,77.648,9.0,1.0,,,True,SOFT,9.0,True,Cadillac,1,20.0,True,5,Canadian Grand Prix,True,C5,True,1.132,1.479,3.268,4.394,1.514,1.989,78.031
0 days 00:57:50.579000,BOT,77,78.945,10.0,1.0,,,False,SOFT,10.0,True,Cadillac,1,21.0,True,5,Canadian Grand Prix,True,C5,True,2.429,3.174,4.565,6.137,2.595,3.399,79.375
0 days 00:59:09.480000,BOT,77,78.901,11.0,1.0,,,False,SOFT,11.0,True,Cadillac,1,21.0,True,5,Canadian Grand Prix,True,C5,True,2.385,3.117,4.521,6.078,2.465,3.225,79.379
0 days 01:00:27.773000,BOT,77,78.293,12.0,1.0,,,False,SOFT,12.0,True,Cadillac,1,21.0,True,5,Canadian Grand Prix,True,C5,True,1.777,2.322,3.913,5.261,2.003,2.626,78.819
0 days 01:01:45.687000,BOT,77,77.914,13.0,1.0,,,False,SOFT,13.0,True,Cadillac,1,21.0,True,5,Canadian Grand Prix,True,C5,True,1.398,1.827,3.534,4.751,1.506,1.971,78.488
0 days 01:03:03.600000,BOT,77,77.913,14.0,1.0,,,False,SOFT,14.0,True,Cadillac,1,20.0,True,5,Canadian Grand Prix,True,C5,True,1.397,1.826,3.533,4.75,1.475,1.93,78.535
0 days 01:04:21.293000,BOT,77,77.693,15.0,1.0,,,False,SOFT,15.0,True,Cadillac,1,19.0,True,5,Canadian Grand Prix,True,C5,True,1.177,1.538,3.313,4.454,1.493,1.959,78.363
0 days 01:05:38.918000,BOT,77,77.625,16.0,1.0,,,True,SOFT,16.0,True,Cadillac,12,19.0,True,5,Canadian Grand Prix,True,C5,False,1.109,1.449,3.245,4.363,1.546,2.032,78.342
0 days 01:06:56.130000,BOT,77,77.212,17.0,1.0,,,True,SOFT,17.0,True,Cadillac,1,19.0,True,5,Canadian Grand Prix,True,C5,True,0.696,0.91,2.832,3.807,1.039,1.364,77.977
0 days 01:08:13.540000,BOT,77,77.41,18.0,1.0,,,False,SOFT,18.0,True,Cadillac,1,18.0,True,5,Canadian Grand Prix,True,C5,True,0.894,1.168,3.03,4.074,1.35,1.775,78.223
0 days 01:09:33.315000,BOT,77,79.775,19.0,1.0,,,False,SOFT,19.0,True,Cadillac,1,17.0,True,5,Canadian Grand Prix,True,C5,True,3.259,4.259,5.395,7.253,3.556,4.666,80.636
0 days 01:10:55.693000,BOT,77,82.378,20.0,1.0,,,False,SOFT,20.0,True,Cadillac,1,17.0,True,5,Canadian Grand Prix,True,C5,True,5.862,7.661,7.998,10.753,6.008,7.867,83.287
0 days 01:12:16.445000,BOT,77,80.752,21.0,1.0,,,False,SOFT,21.0,True,Cadillac,1,17.0,True,5,Canadian Grand Prix,True,C5,True,4.236,5.536,6.372,8.567,4.239,5.54,81.709
0 days 01:13:33.682000,BOT,77,77.237,22.0,1.0,,,False,SOFT,22.0,True,Cadillac,1,17.0,True,5,Canadian Grand Prix,True,C5,True,0.721,0.942,2.857,3.841,0.207,0.269,78.241
0 days 00:45:59.059000,BEA,87,,1.0,1.0,0 days 00:44:38.286000,,False,MEDIUM,10.0,False,Haas F1 Team,1,18.0,False,5,Canadian Grand Prix,True,C4,False,,,,,,,
0 days 00:47:17.447000,BEA,87,78.388,2.0,1.0,,,True,MEDIUM,11.0,False,Haas F1 Team,1,18.0,True,5,Canadian Grand Prix,True,C4,True,1.872,2.447,4.008,5.389,0.778,1.002,78.436
0 days 00:48:35.694000,BEA,87,78.247,3.0,1.0,,,True,MEDIUM,12.0,False,Haas F1 Team,1,18.0,True,5,Canadian Grand Prix,True,C4,True,1.731,2.262,3.867,5.199,1.187,1.54,78.343
0 days 00:49:52.804000,BEA,87,77.11,4.0,1.0,,,True,MEDIUM,13.0,False,Haas F1 Team,1,18.0,True,5,Canadian Grand Prix,True,C4,True,0.594,0.776,2.73,3.67,0.418,0.545,77.253
0 days 00:51:12.532000,BEA,87,79.728,5.0,1.0,,,False,MEDIUM,14.0,False,Haas F1 Team,1,18.0,True,5,Canadian Grand Prix,True,C4,True,3.212,4.198,5.348,7.19,2.838,3.691,79.919
0 days 00:52:30.912000,BEA,87,78.38,6.0,1.0,,,False,MEDIUM,15.0,False,Haas F1 Team,1,18.0,True,5,Canadian Grand Prix,True,C4,True,1.864,2.436,4.0,5.378,1.49,1.938,78.619
0 days 00:53:48.252000,BEA,87,77.34,7.0,1.0,,,False,MEDIUM,16.0,False,Haas F1 Team,1,18.0,True,5,Canadian Grand Prix,True,C4,True,0.824,1.077,2.96,3.98,0.607,0.791,77.627
0 days 00:55:05.396000,BEA,87,77.144,8.0,1.0,,,False,MEDIUM,17.0,False,Haas F1 Team,1,18.0,True,5,Canadian Grand Prix,True,C4,True,0.628,0.821,2.764,3.716,0.472,0.616,77.479
0 days 00:56:22.471000,BEA,87,77.075,9.0,1.0,,,True,MEDIUM,18.0,False,Haas F1 Team,1,18.0,True,5,Canadian Grand Prix,True,C4,True,0.559,0.731,2.695,3.623,0.941,1.236,77.458
0 days 00:57:39.915000,BEA,87,77.444,10.0,1.0,,,False,MEDIUM,19.0,False,Haas F1 Team,1,18.0,True,5,Canadian Grand Prix,True,C4,True,0.928,1.213,3.064,4.119,1.094,1.433,77.874
0 days 00:58:58.052000,BEA,87,78.137,11.0,1.0,,,False,MEDIUM,20.0,False,Haas F1 Team,1,17.0,True,5,Canadian Grand Prix,True,C4,True,1.621,2.119,3.757,5.051,1.701,2.225,78.615
0 days 01:00:15.202000,BEA,87,77.15,12.0,1.0,,,False,MEDIUM,21.0,False,Haas F1 Team,1,17.0,True,5,Canadian Grand Prix,True,C4,True,0.634,0.829,2.77,3.724,0.86,1.127,77.676
0 days 01:01:32.180000,BEA,87,76.978,13.0,1.0,,,True,MEDIUM,22.0,False,Haas F1 Team,1,17.0,True,5,Canadian Grand Prix,True,C4,True,0.462,0.604,2.598,3.493,0.57,0.746,77.552
0 days 01:02:49.060000,BEA,87,76.88,14.0,1.0,,,True,MEDIUM,23.0,False,Haas F1 Team,1,17.0,True,5,Canadian Grand Prix,True,C4,True,0.364,0.476,2.5,3.361,0.442,0.578,77.502
0 days 01:04:05.705000,BEA,87,76.645,15.0,1.0,,,True,MEDIUM,24.0,False,Haas F1 Team,1,17.0,True,5,Canadian Grand Prix,True,C4,True,0.129,0.169,2.265,3.045,0.445,0.584,77.315
0 days 01:05:22.346000,BEA,87,76.641,16.0,1.0,,,True,MEDIUM,25.0,False,Haas F1 Team,12,17.0,True,5,Canadian Grand Prix,True,C4,False,0.125,0.163,2.261,3.04,0.562,0.739,77.358
0 days 01:06:39.303000,BEA,87,76.957,17.0,1.0,,,False,MEDIUM,26.0,False,Haas F1 Team,1,17.0,True,5,Canadian Grand Prix,True,C4,True,0.441,0.576,2.577,3.465,0.784,1.029,77.722
0 days 01:08:27.459000,BEA,87,108.156,18.0,1.0,,0 days 01:07:50.521000,False,MEDIUM,27.0,False,Haas F1 Team,1,19.0,False,5,Canadian Grand Prix,True,C4,False,31.64,41.351,33.776,45.41,32.096,42.198,108.969
0 days 01:09:50.082000,BEA,87,82.623,19.0,2.0,0 days 01:08:29.093000,,False,MEDIUM,9.0,False,Haas F1 Team,1,18.0,False,5,Canadian Grand Prix,True,C4,False,6.107,7.981,8.243,11.082,6.404,8.402,83.484
0 days 01:11:06.930000,BEA,87,76.848,20.0,2.0,,,False,MEDIUM,10.0,False,Haas F1 Team,1,18.0,True,5,Canadian Grand Prix,True,C4,True,0.332,0.434,2.468,3.318,0.478,0.626,77.757
0 days 01:12:23.457000,BEA,87,76.527,21.0,2.0,,,True,MEDIUM,11.0,False,Haas F1 Team,1,18.0,True,5,Canadian Grand Prix,True,C4,True,0.011,0.014,2.147,2.887,0.014,0.018,77.484
0 days 01:13:39.667000,BEA,87,76.21,22.0,2.0,,,True,MEDIUM,12.0,False,Haas F1 Team,1,18.0,True,5,Canadian Grand Prix,True,C4,True,-0.306,-0.4,1.83,2.46,-0.82,-1.065,77.214
0 days 00:46:02.918000,ALB,23,,1.0,1.0,0 days 00:44:40.974000,,False,MEDIUM,1.0,True,Williams,1,21.0,False,5,Canadian Grand Prix,True,C4,False,,,,,,,
0 days 00:47:21.432000,ALB,23,78.514,2.0,1.0,,,True,MEDIUM,2.0,True,Williams,1,21.0,True,5,Canadian Grand Prix,True,C4,True,1.998,2.611,4.134,5.558,0.904,1.165,78.562
0 days 00:48:39.867000,ALB,23,78.435,3.0,1.0,,,True,MEDIUM,3.0,True,Williams,1,20.0,True,5,Canadian Grand Prix,True,C4,True,1.919,2.508,4.055,5.452,1.375,1.784,78.531
0 days 00:49:59.378000,ALB,23,79.511,4.0,1.0,,,False,MEDIUM,4.0,True,Williams,1,20.0,True,5,Canadian Grand Prix,True,C4,True,2.995,3.914,5.131,6.898,2.819,3.676,79.654
0 days 00:51:17.982000,ALB,23,78.604,5.0,1.0,,,False,MEDIUM,5.0,True,Williams,1,20.0,True,5,Canadian Grand Prix,True,C4,True,2.088,2.729,4.224,5.679,1.714,2.229,78.795
0 days 00:52:35.956000,ALB,23,77.974,6.0,1.0,,,True,MEDIUM,6.0,True,Williams,1,19.0,True,5,Canadian Grand Prix,True,C4,True,1.458,1.905,3.594,4.832,1.084,1.41,78.213
0 days 00:53:53.260000,ALB,23,77.304,7.0,1.0,,,True,MEDIUM,7.0,True,Williams,1,19.0,True,5,Canadian Grand Prix,True,C4,True,0.788,1.03,2.924,3.931,0.571,0.744,77.591
0 days 00:55:10.079000,ALB,23,76.819,8.0,1.0,,,True,MEDIUM,8.0,True,Williams,1,19.0,True,5,Canadian Grand Prix,True,C4,True,0.303,0.396,2.439,3.279,0.147,0.192,77.154
0 days 00:56:26.855000,ALB,23,76.776,9.0,1.0,,,True,MEDIUM,9.0,True,Williams,1,19.0,True,5,Canadian Grand Prix,True,C4,True,0.26,0.34,2.396,3.221,0.642,0.843,77.159
0 days 00:57:43.378000,ALB,23,76.523,10.0,1.0,,,True,MEDIUM,10.0,True,Williams,1,19.0,True,5,Canadian Grand Prix,True,C4,True,0.007,0.009,2.143,2.881,0.173,0.227,76.953
0 days 00:59:00.212000,ALB,23,76.834,11.0,1.0,,,False,MEDIUM,11.0,True,Williams,1,19.0,True,5,Canadian Grand Prix,True,C4,True,0.318,0.416,2.454,3.299,0.398,0.521,77.312
0 days 01:00:17.320000,ALB,23,77.108,12.0,1.0,,,False,MEDIUM,12.0,True,Williams,1,19.0,True,5,Canadian Grand Prix,True,C4,True,0.592,0.774,2.728,3.668,0.818,1.072,77.634
0 days 01:01:34.853000,ALB,23,77.533,13.0,1.0,,,False,MEDIUM,13.0,True,Williams,1,18.0,True,5,Canadian Grand Prix,True,C4,True,1.017,1.329,3.153,4.239,1.125,1.472,78.107
0 days 01:03:08.536000,ALB,23,93.683,14.0,1.0,,0 days 01:02:46.103000,False,MEDIUM,14.0,True,Williams,1,21.0,False,5,Canadian Grand Prix,True,C4,False,17.167,22.436,19.303,25.952,17.245,22.561,94.305
0 days 01:04:29.776000,ALB,23,81.24,15.0,2.0,0 days 01:03:10.172000,,False,SOFT,1.0,True,Williams,1,20.0,False,5,Canadian Grand Prix,True,C5,False,4.724,6.174,6.86,9.223,5.04,6.614,81.91
0 days 01:05:46.665000,ALB,23,76.889,16.0,2.0,,,False,SOFT,2.0,True,Williams,12,20.0,True,5,Canadian Grand Prix,True,C5,False,0.373,0.487,2.509,3.373,0.81,1.065,77.606
0 days 01:07:20.984000,ALB,23,94.319,17.0,2.0,,,False,SOFT,3.0,True,Williams,1,20.0,True,5,Canadian Grand Prix,True,C5,True,17.803,23.267,19.939,26.807,18.146,23.822,95.084
0 days 01:08:36.701000,ALB,23,75.717,18.0,2.0,,,True,SOFT,4.0,True,Williams,1,20.0,True,5,Canadian Grand Prix,True,C5,True,-0.799,-1.044,1.337,1.798,-0.343,-0.451,76.53
0 days 01:10:13.017000,ALB,23,96.316,19.0,2.0,,,False,SOFT,5.0,True,Williams,1,20.0,True,5,Canadian Grand Prix,True,C5,True,19.8,25.877,21.936,29.492,20.097,26.367,97.177
0 days 01:11:34.712000,ALB,23,81.695,20.0,2.0,,,False,SOFT,6.0,True,Williams,1,19.0,True,5,Canadian Grand Prix,True,C5,True,5.179,6.769,7.315,9.835,5.325,6.973,82.604
0 days 01:12:53.160000,ALB,23,78.448,21.0,2.0,,,False,SOFT,7.0,True,Williams,1,19.0,True,5,Canadian Grand Prix,True,C5,True,1.932,2.525,4.068,5.469,1.935,2.529,79.405
0 days 01:14:09.314000,ALB,23,76.154,22.0,2.0,,,False,SOFT,8.0,True,Williams,1,19.0,True,5,Canadian Grand Prix,True,C5,True,-0.362,-0.473,1.774,2.385,-0.876,-1.137,77.158
0 days 00:46:00.337000,GAS,10,,1.0,1.0,0 days 00:44:39.396000,,False,MEDIUM,1.0,True,Alpine,1,19.0,False,5,Canadian Grand Prix,True,C4,False,,,,,,,
0 days 00:47:17.852000,GAS,10,77.515,2.0,1.0,,,True,MEDIUM,2.0,True,Alpine,1,19.0,True,5,Canadian Grand Prix,True,C4,True,0.999,1.306,3.135,4.215,-0.095,-0.122,77.563
0 days 00:48:36.222000,GAS,10,78.37,3.0,1.0,,,False,MEDIUM,3.0,True,Alpine,1,19.0,True,5,Canadian Grand Prix,True,C4,True,1.854,2.423,3.99,5.364,1.31,1.7,78.466
0 days 00:49:53.412000,GAS,10,77.19,4.0,1.0,,,True,MEDIUM,4.0,True,Alpine,1,19.0,True,5,Canadian Grand Prix,True,C4,True,0.674,0.881,2.81,3.778,0.498,0.649,77.333
0 days 00:51:11.580000,GAS,10,78.168,5.0,1.0,,,False,MEDIUM,5.0,True,Alpine,1,17.0,True,5,Canadian Grand Prix,True,C4,True,1.652,2.159,3.788,5.093,1.278,1.662,78.359
0 days 00:52:28.390000,GAS,10,76.81,6.0,1.0,,,True,MEDIUM,6.0,True,Alpine,1,17.0,True,5,Canadian Grand Prix,True,C4,True,0.294,0.384,2.43,3.267,-0.08,-0.104,77.049
0 days 00:53:45.897000,GAS,10,77.507,7.0,1.0,,,False,MEDIUM,7.0,True,Alpine,1,16.0,True,5,Canadian Grand Prix,True,C4,True,0.991,1.295,3.127,4.204,0.774,1.009,77.794
0 days 00:55:02.943000,GAS,10,77.046,8.0,1.0,,,False,MEDIUM,8.0,True,Alpine,1,16.0,True,5,Canadian Grand Prix,True,C4,True,0.53,0.693,2.666,3.584,0.374,0.488,77.381
0 days 00:56:19.872000,GAS,10,76.929,9.0,1.0,,,False,MEDIUM,9.0,True,Alpine,1,16.0,True,5,Canadian Grand Prix,True,C4,True,0.413,0.54,2.549,3.427,0.795,1.044,77.312
0 days 00:57:36.252000,GAS,10,76.38,10.0,1.0,,,True,MEDIUM,10.0,True,Alpine,1,16.0,True,5,Canadian Grand Prix,True,C4,True,-0.136,-0.178,2.0,2.689,0.03,0.039,76.81
0 days 00:58:52.779000,GAS,10,76.527,11.0,1.0,,,False,MEDIUM,11.0,True,Alpine,1,16.0,True,5,Canadian Grand Prix,True,C4,True,0.011,0.014,2.147,2.887,0.091,0.119,77.005
0 days 01:00:08.929000,GAS,10,76.15,12.0,1.0,,,True,MEDIUM,12.0,True,Alpine,1,16.0,True,5,Canadian Grand Prix,True,C4,True,-0.366,-0.478,1.77,2.38,-0.14,-0.184,76.676
0 days 01:01:25.386000,GAS,10,76.457,13.0,1.0,,,False,MEDIUM,13.0,True,Alpine,1,16.0,True,5,Canadian Grand Prix,True,C4,True,-0.059,-0.077,2.077,2.792,0.049,0.064,77.031
0 days 01:02:42.202000,GAS,10,76.816,14.0,1.0,,,False,MEDIUM,14.0,True,Alpine,1,16.0,True,5,Canadian Grand Prix,True,C4,True,0.3,0.392,2.436,3.275,0.378,0.495,77.438
0 days 01:03:59.286000,GAS,10,77.084,15.0,1.0,,,False,MEDIUM,15.0,True,Alpine,1,15.0,True,5,Canadian Grand Prix,True,C4,True,0.568,0.742,2.704,3.635,0.884,1.16,77.754
0 days 01:05:16.166000,GAS,10,76.88,16.0,1.0,,,False,MEDIUM,16.0,True,Alpine,12,15.0,True,5,Canadian Grand Prix,True,C4,False,0.364,0.476,2.5,3.361,0.801,1.053,77.597
0 days 01:06:32.501000,GAS,10,76.335,17.0,1.0,,,False,MEDIUM,17.0,True,Alpine,1,15.0,True,5,Canadian Grand Prix,True,C4,True,-0.181,-0.237,1.955,2.628,0.162,0.213,77.1
0 days 01:07:49.061000,GAS,10,76.56,18.0,1.0,,,False,MEDIUM,18.0,True,Alpine,1,15.0,True,5,Canadian Grand Prix,True,C4,True,0.044,0.058,2.18,2.931,0.5,0.657,77.373
0 days 01:10:10.598000,GAS,10,141.537,19.0,1.0,,0 days 01:09:01.593000,False,MEDIUM,19.0,True,Alpine,1,19.0,False,5,Canadian Grand Prix,True,C4,False,65.021,84.977,67.157,90.289,65.318,85.698,142.398
0 days 01:11:35.652000,GAS,10,85.054,20.0,2.0,0 days 01:10:12.209000,,False,SOFT,9.0,False,Alpine,1,20.0,False,5,Canadian Grand Prix,True,C5,False,8.538,11.158,10.674,14.351,8.684,11.371,85.963
0 days 01:12:56.914000,GAS,10,81.262,21.0,2.0,,,False,SOFT,10.0,False,Alpine,1,20.0,True,5,Canadian Grand Prix,True,C5,True,4.746,6.203,6.882,9.252,4.749,6.207,82.219
0 days 01:14:24.298000,GAS,10,87.384,22.0,2.0,,,False,SOFT,11.0,False,Alpine,1,20.0,True,5,Canadian Grand Prix,True,C5,True,10.868,14.204,13.004,17.483,10.354,13.442,88.388
0 days 00:45:50.024000,HAD,6,,1.0,1.0,,,False,MEDIUM,1.0,True,Red Bull Racing,1,8.0,False,5,Canadian Grand Prix,True,C4,False,,,,,,,
0 days 00:47:06.713000,HAD,6,76.689,2.0,1.0,,,True,MEDIUM,2.0,True,Red Bull Racing,1,8.0,True,5,Canadian Grand Prix,True,C4,True,0.173,0.226,2.309,3.104,-0.921,-1.187,76.737
0 days 00:48:22.521000,HAD,6,75.808,3.0,1.0,,,True,MEDIUM,3.0,True,Red Bull Racing,1,8.0,True,5,Canadian Grand Prix,True,C4,True,-0.708,-0.925,1.428,1.92,-1.252,-1.625,75.904
0 days 00:49:37.954000,HAD,6,75.433,4.0,1.0,,,True,MEDIUM,4.0,True,Red Bull Racing,1,8.0,True,5,Canadian Grand Prix,True,C4,True,-1.083,-1.415,1.053,1.416,-1.259,-1.642,75.576
0 days 00:51:14.984000,HAD,6,97.03,5.0,1.0,,,False,MEDIUM,5.0,True,Red Bull Racing,1,19.0,True,5,Canadian Grand Prix,True,C4,True,20.514,26.81,22.65,30.452,20.14,26.193,97.221
0 days 00:52:46.343000,HAD,6,91.359,6.0,1.0,,,False,MEDIUM,6.0,True,Red Bull Racing,1,22.0,True,5,Canadian Grand Prix,True,C4,True,14.843,19.399,16.979,22.827,14.469,18.818,91.598
0 days 00:56:46.330000,HAD,6,,7.0,1.0,,0 days 00:54:12.763000,False,MEDIUM,7.0,True,Red Bull Racing,1,22.0,False,5,Canadian Grand Prix,True,C4,False,,,,,,,
0 days 00:58:07.492000,HAD,6,81.162,8.0,2.0,0 days 00:56:47.969000,,False,MEDIUM,8.0,False,Red Bull Racing,1,22.0,False,5,Canadian Grand Prix,True,C4,False,4.646,6.072,6.782,9.118,4.49,5.856,81.497
0 days 00:59:39.941000,HAD,6,92.449,9.0,2.0,,0 days 00:59:18.031000,False,MEDIUM,9.0,False,Red Bull Racing,1,22.0,False,5,Canadian Grand Prix,True,C4,False,15.933,20.823,18.069,24.293,16.315,21.429,92.832
0 days 01:01:01.124000,HAD,6,81.183,10.0,3.0,0 days 00:59:41.508000,,False,SOFT,6.0,False,Red Bull Racing,1,22.0,False,5,Canadian Grand Prix,True,C5,False,4.667,6.099,6.803,9.146,4.833,6.33,81.613
0 days 01:02:16.953000,HAD,6,75.829,11.0,3.0,,,False,SOFT,7.0,False,Red Bull Racing,1,22.0,True,5,Canadian Grand Prix,True,C5,True,-0.687,-0.898,1.449,1.948,-0.607,-0.794,76.307
0 days 01:03:31.894000,HAD,6,74.941,12.0,3.0,,,True,SOFT,8.0,False,Red Bull Racing,1,22.0,True,5,Canadian Grand Prix,True,C5,True,-1.575,-2.058,0.561,0.754,-1.349,-1.768,75.467
0 days 01:04:46.856000,HAD,6,74.962,13.0,3.0,,,False,SOFT,9.0,False,Red Bull Racing,1,22.0,True,5,Canadian Grand Prix,True,C5,True,-1.554,-2.031,0.582,0.782,-1.446,-1.892,75.536
0 days 01:06:02.069000,HAD,6,75.213,14.0,3.0,,,False,SOFT,10.0,False,Red Bull Racing,12,22.0,True,5,Canadian Grand Prix,True,C5,False,-1.303,-1.703,0.833,1.12,-1.225,-1.603,75.835
0 days 01:07:17.099000,HAD,6,75.03,15.0,3.0,,,False,SOFT,11.0,False,Red Bull Racing,1,22.0,True,5,Canadian Grand Prix,True,C5,True,-1.486,-1.942,0.65,0.874,-1.17,-1.535,75.7
0 days 01:08:32.125000,HAD,6,75.026,16.0,3.0,,,False,SOFT,12.0,False,Red Bull Racing,1,22.0,True,5,Canadian Grand Prix,True,C5,True,-1.49,-1.947,0.646,0.869,-1.053,-1.384,75.743
0 days 01:09:47.382000,HAD,6,75.257,17.0,3.0,,,False,SOFT,13.0,False,Red Bull Racing,1,21.0,True,5,Canadian Grand Prix,True,C5,True,-1.259,-1.645,0.877,1.179,-0.916,-1.203,76.022
0 days 01:11:02.543000,HAD,6,75.161,18.0,3.0,,,False,SOFT,14.0,False,Red Bull Racing,1,21.0,True,5,Canadian Grand Prix,True,C5,True,-1.355,-1.771,0.781,1.05,-0.899,-1.182,75.974
0 days 01:12:17.762000,HAD,6,75.219,19.0,3.0,,,False,SOFT,15.0,False,Red Bull Racing,1,21.0,True,5,Canadian Grand Prix,True,C5,True,-1.297,-1.695,0.839,1.128,-1.0,-1.312,76.08
0 days 01:13:33.938000,HAD,6,76.176,20.0,3.0,,,False,SOFT,16.0,False,Red Bull Racing,1,21.0,True,5,Canadian Grand Prix,True,C5,True,-0.34,-0.444,1.796,2.415,-0.194,-0.254,77.085
0 days 00:45:56.077000,ALO,14,,1.0,1.0,,,False,MEDIUM,5.0,False,Aston Martin,1,14.0,False,5,Canadian Grand Prix,True,C4,False,,,,,,,
0 days 00:47:15.038000,ALO,14,78.961,2.0,1.0,,,True,MEDIUM,6.0,False,Aston Martin,1,14.0,True,5,Canadian Grand Prix,True,C4,True,2.445,3.195,4.581,6.159,1.351,1.741,79.009
0 days 00:48:33.667000,ALO,14,78.629,3.0,1.0,,,True,MEDIUM,7.0,False,Aston Martin,1,15.0,True,5,Canadian Grand Prix,True,C4,True,2.113,2.762,4.249,5.713,1.569,2.036,78.725
0 days 00:49:52.109000,ALO,14,78.442,4.0,1.0,,,True,MEDIUM,8.0,False,Aston Martin,1,16.0,True,5,Canadian Grand Prix,True,C4,True,1.926,2.517,4.062,5.461,1.75,2.282,78.585
0 days 00:51:09.818000,ALO,14,77.709,5.0,1.0,,,True,MEDIUM,9.0,False,Aston Martin,1,15.0,True,5,Canadian Grand Prix,True,C4,True,1.193,1.559,3.329,4.476,0.819,1.065,77.9
0 days 00:52:28.064000,ALO,14,78.246,6.0,1.0,,,False,MEDIUM,10.0,False,Aston Martin,1,16.0,True,5,Canadian Grand Prix,True,C4,True,1.73,2.261,3.866,5.198,1.356,1.764,78.485
0 days 00:53:46.481000,ALO,14,78.417,7.0,1.0,,,False,MEDIUM,11.0,False,Aston Martin,1,17.0,True,5,Canadian Grand Prix,True,C4,True,1.901,2.484,4.037,5.428,1.684,2.195,78.704
0 days 00:55:04.024000,ALO,14,77.543,8.0,1.0,,,True,MEDIUM,12.0,False,Aston Martin,1,17.0,True,5,Canadian Grand Prix,True,C4,True,1.027,1.342,3.163,4.252,0.871,1.136,77.878
0 days 00:56:22.046000,ALO,14,78.022,9.0,1.0,,,False,MEDIUM,13.0,False,Aston Martin,1,17.0,True,5,Canadian Grand Prix,True,C4,True,1.506,1.968,3.642,4.896,1.888,2.48,78.405
0 days 00:57:39.719000,ALO,14,77.673,10.0,1.0,,,False,MEDIUM,14.0,False,Aston Martin,1,17.0,True,5,Canadian Grand Prix,True,C4,True,1.157,1.512,3.293,4.427,1.323,1.733,78.103
0 days 00:58:58.605000,ALO,14,78.886,11.0,1.0,,,False,MEDIUM,15.0,False,Aston Martin,1,18.0,True,5,Canadian Grand Prix,True,C4,True,2.37,3.097,4.506,6.058,2.45,3.205,79.364
0 days 01:00:16.854000,ALO,14,78.249,12.0,1.0,,,False,MEDIUM,16.0,False,Aston Martin,1,18.0,True,5,Canadian Grand Prix,True,C4,True,1.733,2.265,3.869,5.202,1.959,2.568,78.775
0 days 01:01:35.287000,ALO,14,78.433,13.0,1.0,,,False,MEDIUM,17.0,False,Aston Martin,1,19.0,True,5,Canadian Grand Prix,True,C4,True,1.917,2.505,4.053,5.449,2.025,2.65,79.007
0 days 01:02:54.546000,ALO,14,79.259,14.0,1.0,,,False,MEDIUM,18.0,False,Aston Martin,1,18.0,True,5,Canadian Grand Prix,True,C4,True,2.743,3.585,4.879,6.56,2.821,3.691,79.881
0 days 01:04:31.184000,ALO,14,96.638,15.0,1.0,,0 days 01:04:08.050000,False,MEDIUM,19.0,False,Aston Martin,1,21.0,False,5,Canadian Grand Prix,True,C4,False,20.122,26.298,22.258,29.925,20.438,26.822,97.308
0 days 01:05:58.836000,ALO,14,,16.0,2.0,0 days 01:04:32.816000,0 days 01:05:58.840000,False,HARD,8.0,False,Aston Martin,12,21.0,False,5,Canadian Grand Prix,True,C3,False,,,,,,,
0 days 00:49:08.748000,HAM,44,,1.0,1.0,,,False,MEDIUM,1.0,True,Ferrari,1,1.0,False,9,British Grand Prix,True,C2,False,,,,,,,
0 days 00:50:40.863000,HAM,44,92.115,2.0,1.0,,,True,MEDIUM,2.0,True,Ferrari,12,1.0,True,9,British Grand Prix,True,C2,False,-2.058,-2.185,0.508,0.555,-3.492,-3.652,92.18
0 days 00:52:13.407000,HAM,44,92.544,3.0,1.0,,,False,MEDIUM,3.0,True,Ferrari,1,1.0,True,9,British Grand Prix,True,C2,True,-1.629,-1.73,0.937,1.023,-2.209,-2.331,92.673
0 days 00:53:45.626000,HAM,44,92.219,4.0,1.0,,,False,MEDIUM,4.0,True,Ferrari,1,1.0,True,9,British Grand Prix,True,C2,True,-1.954,-2.075,0.612,0.668,-2.309,-2.443,92.413
0 days 00:55:17.534000,HAM,44,91.908,5.0,1.0,,,True,MEDIUM,5.0,True,Ferrari,1,1.0,True,9,British Grand Prix,True,C2,True,-2.265,-2.405,0.301,0.329,-2.41,-2.555,92.167
0 days 00:56:49.843000,HAM,44,92.309,6.0,1.0,,,False,MEDIUM,6.0,True,Ferrari,1,1.0,True,9,British Grand Prix,True,C2,True,-1.864,-1.979,0.702,0.766,-1.794,-1.906,92.633
0 days 00:58:22.433000,HAM,44,92.59,7.0,1.0,,,False,MEDIUM,7.0,True,Ferrari,1,1.0,True,9,British Grand Prix,True,C2,True,-1.583,-1.681,0.983,1.073,-1.49,-1.584,92.978
0 days 00:59:56.350000,HAM,44,93.917,8.0,1.0,,,False,MEDIUM,8.0,True,Ferrari,1,2.0,True,9,British Grand Prix,True,C2,True,-0.256,-0.272,2.31,2.522,-0.012,-0.013,94.37
0 days 01:01:28.737000,HAM,44,92.387,9.0,1.0,,,False,MEDIUM,9.0,True,Ferrari,1,2.0,True,9,British Grand Prix,True,C2,True,-1.786,-1.897,0.78,0.851,-1.613,-1.716,92.905
0 days 01:03:01.222000,HAM,44,92.485,10.0,1.0,,,False,MEDIUM,10.0,True,Ferrari,1,2.0,True,9,British Grand Prix,True,C2,True,-1.688,-1.792,0.878,0.958,-1.773,-1.881,93.067
0 days 01:04:33.672000,HAM,44,92.45,11.0,1.0,,,False,MEDIUM,11.0,True,Ferrari,1,2.0,True,9,British Grand Prix,True,C2,True,-1.723,-1.83,0.843,0.92,-1.515,-1.612,93.097
0 days 01:06:06.413000,HAM,44,92.741,12.0,1.0,,,False,MEDIUM,12.0,True,Ferrari,1,2.0,True,9,British Grand Prix,True,C2,True,-1.432,-1.521,1.134,1.238,-1.391,-1.478,93.453
0 days 01:07:38.738000,HAM,44,92.325,13.0,1.0,,,False,MEDIUM,13.0,True,Ferrari,1,2.0,True,9,British Grand Prix,True,C2,True,-1.848,-1.962,0.718,0.784,-1.777,-1.888,93.101
0 days 01:09:11.156000,HAM,44,92.418,14.0,1.0,,,False,MEDIUM,14.0,True,Ferrari,1,2.0,True,9,British Grand Prix,True,C2,True,-1.755,-1.864,0.811,0.885,-1.593,-1.694,93.259
0 days 01:10:43.700000,HAM,44,92.544,15.0,1.0,,,False,MEDIUM,15.0,True,Ferrari,1,2.0,True,9,British Grand Prix,True,C2,True,-1.629,-1.73,0.937,1.023,-1.724,-1.829,93.45
0 days 01:12:16.092000,HAM,44,92.392,16.0,1.0,,,False,MEDIUM,16.0,True,Ferrari,1,2.0,True,9,British Grand Prix,True,C2,True,-1.781,-1.891,0.785,0.857,-1.548,-1.648,93.363
0 days 01:13:48.138000,HAM,44,92.046,17.0,1.0,,,False,MEDIUM,17.0,True,Ferrari,1,2.0,True,9,British Grand Prix,True,C2,True,-2.127,-2.259,0.439,0.479,-1.456,-1.557,93.081
0 days 00:49:09.819000,ANT,12,,1.0,1.0,,,False,MEDIUM,1.0,True,Mercedes,1,2.0,False,9,British Grand Prix,True,C2,False,,,,,,,
0 days 00:50:42.200000,ANT,12,92.381,2.0,1.0,,,True,MEDIUM,2.0,True,Mercedes,12,2.0,True,9,British Grand Prix,True,C2,False,-1.792,-1.903,0.774,0.845,-3.226,-3.374,92.446
0 days 00:52:14.530000,ANT,12,92.33,3.0,1.0,,,True,MEDIUM,3.0,True,Mercedes,1,2.0,True,9,British Grand Prix,True,C2,True,-1.843,-1.957,0.723,0.789,-2.423,-2.557,92.459
0 days 00:53:46.500000,ANT,12,91.97,4.0,1.0,,,True,MEDIUM,4.0,True,Mercedes,1,2.0,True,9,British Grand Prix,True,C2,True,-2.203,-2.339,0.363,0.396,-2.558,-2.706,92.164
0 days 00:55:18.475000,ANT,12,91.975,5.0,1.0,,,False,MEDIUM,5.0,True,Mercedes,1,2.0,True,9,British Grand Prix,True,C2,True,-2.198,-2.334,0.368,0.402,-2.343,-2.484,92.234
0 days 00:56:50.579000,ANT,12,92.104,6.0,1.0,,,False,MEDIUM,6.0,True,Mercedes,1,2.0,True,9,British Grand Prix,True,C2,True,-2.069,-2.197,0.497,0.543,-1.999,-2.124,92.428
0 days 00:58:23.029000,ANT,12,92.45,7.0,1.0,,,False,MEDIUM,7.0,True,Mercedes,1,2.0,True,9,British Grand Prix,True,C2,True,-1.723,-1.83,0.843,0.92,-1.63,-1.733,92.838
0 days 00:59:55.478000,ANT,12,92.449,8.0,1.0,,,False,MEDIUM,8.0,True,Mercedes,1,1.0,True,9,British Grand Prix,True,C2,True,-1.724,-1.831,0.842,0.919,-1.48,-1.576,92.902
0 days 01:01:27.941000,ANT,12,92.463,9.0,1.0,,,False,MEDIUM,9.0,True,Mercedes,1,1.0,True,9,British Grand Prix,True,C2,True,-1.71,-1.816,0.856,0.934,-1.537,-1.635,92.981
0 days 01:03:00.385000,ANT,12,92.444,10.0,1.0,,,False,MEDIUM,10.0,True,Mercedes,1,1.0,True,9,British Grand Prix,True,C2,True,-1.729,-1.836,0.837,0.914,-1.814,-1.925,93.026
0 days 01:04:32.468000,ANT,12,92.083,11.0,1.0,,,False,MEDIUM,11.0,True,Mercedes,1,1.0,True,9,British Grand Prix,True,C2,True,-2.09,-2.219,0.476,0.52,-1.882,-2.003,92.73
0 days 01:06:04.751000,ANT,12,92.283,12.0,1.0,,,False,MEDIUM,12.0,True,Mercedes,1,1.0,True,9,British Grand Prix,True,C2,True,-1.89,-2.007,0.676,0.738,-1.849,-1.964,92.995
0 days 01:07:37.325000,ANT,12,92.574,13.0,1.0,,,False,MEDIUM,13.0,True,Mercedes,1,1.0,True,9,British Grand Prix,True,C2,True,-1.599,-1.698,0.967,1.056,-1.528,-1.624,93.35
0 days 01:09:09.671000,ANT,12,92.346,14.0,1.0,,,False,MEDIUM,14.0,True,Mercedes,1,1.0,True,9,British Grand Prix,True,C2,True,-1.827,-1.94,0.739,0.807,-1.665,-1.771,93.187
0 days 01:10:41.739000,ANT,12,92.068,15.0,1.0,,,False,MEDIUM,15.0,True,Mercedes,1,1.0,True,9,British Grand Prix,True,C2,True,-2.105,-2.235,0.461,0.503,-2.2,-2.334,92.974
0 days 01:12:13.786000,ANT,12,92.047,16.0,1.0,,,False,MEDIUM,16.0,True,Mercedes,1,1.0,True,9,British Grand Prix,True,C2,True,-2.126,-2.258,0.44,0.48,-1.893,-2.015,93.018
0 days 01:13:45.393000,ANT,12,91.607,17.0,1.0,,,True,MEDIUM,17.0,True,Mercedes,1,1.0,True,9,British Grand Prix,True,C2,True,-2.566,-2.725,0.0,0.0,-1.895,-2.027,92.642
0 days 00:49:11.898000,VER,3,,1.0,1.0,,,False,MEDIUM,4.0,False,Red Bull Racing,1,6.0,False,9,British Grand Prix,True,C2,False,,,,,,,
0 days 00:50:45.577000,VER,3,93.679,2.0,1.0,,,True,MEDIUM,5.0,False,Red Bull Racing,12,5.0,True,9,British Grand Prix,True,C2,False,-0.494,-0.525,2.072,2.262,-1.928,-2.017,93.744
0 days 00:52:19.317000,VER,3,93.74,3.0,1.0,,,False,MEDIUM,6.0,False,Red Bull Racing,1,4.0,True,9,British Grand Prix,True,C2,True,-0.433,-0.46,2.133,2.328,-1.013,-1.069,93.869
0 days 00:53:52.290000,VER,3,92.973,4.0,1.0,,,True,MEDIUM,7.0,False,Red Bull Racing,1,4.0,True,9,British Grand Prix,True,C2,True,-1.2,-1.274,1.366,1.491,-1.555,-1.645,93.167
0 days 00:55:24.978000,VER,3,92.688,5.0,1.0,,,True,MEDIUM,8.0,False,Red Bull Racing,1,4.0,True,9,British Grand Prix,True,C2,True,-1.485,-1.577,1.081,1.18,-1.63,-1.728,92.947
0 days 00:56:57.467000,VER,3,92.489,6.0,1.0,,,True,MEDIUM,9.0,False,Red Bull Racing,1,4.0,True,9,British Grand Prix,True,C2,True,-1.684,-1.788,0.882,0.963,-1.614,-1.715,92.813
0 days 00:58:29.860000,VER,3,92.393,7.0,1.0,,,True,MEDIUM,10.0,False,Red Bull Racing,1,4.0,True,9,British Grand Prix,True,C2,True,-1.78,-1.89,0.786,0.858,-1.687,-1.793,92.781
0 days 01:00:03.504000,VER,3,93.644,8.0,1.0,,,False,MEDIUM,11.0,False,Red Bull Racing,1,4.0,True,9,British Grand Prix,True,C2,True,-0.529,-0.562,2.037,2.224,-0.285,-0.303,94.097
0 days 01:01:37.008000,VER,3,93.504,9.0,1.0,,,False,MEDIUM,12.0,False,Red Bull Racing,1,5.0,True,9,British Grand Prix,True,C2,True,-0.669,-0.71,1.897,2.071,-0.496,-0.528,94.022
0 days 01:03:11.059000,VER,3,94.051,10.0,1.0,,,False,MEDIUM,13.0,False,Red Bull Racing,1,6.0,True,9,British Grand Prix,True,C2,True,-0.122,-0.13,2.444,2.668,-0.207,-0.22,94.633
0 days 01:04:44.351000,VER,3,93.292,11.0,1.0,,,False,MEDIUM,14.0,False,Red Bull Racing,1,6.0,True,9,British Grand Prix,True,C2,True,-0.881,-0.936,1.685,1.839,-0.673,-0.716,93.939
0 days 01:06:17.113000,VER,3,92.762,12.0,1.0,,,False,MEDIUM,15.0,False,Red Bull Racing,1,6.0,True,9,British Grand Prix,True,C2,True,-1.411,-1.498,1.155,1.261,-1.37,-1.455,93.474
0 days 01:07:50.236000,VER,3,93.123,13.0,1.0,,,False,MEDIUM,16.0,False,Red Bull Racing,1,6.0,True,9,British Grand Prix,True,C2,True,-1.05,-1.115,1.516,1.655,-0.979,-1.04,93.899
0 days 01:09:23.259000,VER,3,93.023,14.0,1.0,,,False,MEDIUM,17.0,False,Red Bull Racing,1,6.0,True,9,British Grand Prix,True,C2,True,-1.15,-1.221,1.416,1.546,-0.988,-1.051,93.864
0 days 01:10:56.548000,VER,3,93.289,15.0,1.0,,,False,MEDIUM,18.0,False,Red Bull Racing,1,6.0,True,9,British Grand Prix,True,C2,True,-0.884,-0.939,1.682,1.836,-0.979,-1.039,94.195
0 days 01:12:29.529000,VER,3,92.981,16.0,1.0,,,False,MEDIUM,19.0,False,Red Bull Racing,1,6.0,True,9,British Grand Prix,True,C2,True,-1.192,-1.266,1.374,1.5,-0.959,-1.021,93.952
0 days 01:14:01.943000,VER,3,92.414,17.0,1.0,,,False,MEDIUM,20.0,False,Red Bull Racing,1,6.0,True,9,British Grand Prix,True,C2,True,-1.759,-1.868,0.807,0.881,-1.088,-1.164,93.449
0 days 00:49:12.235000,LEC,16,,1.0,1.0,,,False,MEDIUM,1.0,True,Ferrari,1,7.0,False,9,British Grand Prix,True,C2,False,,,,,,,
0 days 00:50:46.611000,LEC,16,94.376,2.0,1.0,,,True,MEDIUM,2.0,True,Ferrari,12,7.0,True,9,British Grand Prix,True,C2,False,0.203,0.216,2.769,3.023,-1.231,-1.288,94.441
0 days 00:52:21.146000,LEC,16,94.535,3.0,1.0,,,False,MEDIUM,3.0,True,Ferrari,1,7.0,True,9,British Grand Prix,True,C2,True,0.362,0.384,2.928,3.196,-0.218,-0.23,94.664
0 days 00:53:54.390000,LEC,16,93.244,4.0,1.0,,,True,MEDIUM,4.0,True,Ferrari,1,6.0,True,9,British Grand Prix,True,C2,True,-0.929,-0.986,1.637,1.787,-1.284,-1.358,93.438
0 days 00:55:26.988000,LEC,16,92.598,5.0,1.0,,,True,MEDIUM,5.0,True,Ferrari,1,6.0,True,9,British Grand Prix,True,C2,True,-1.575,-1.672,0.991,1.082,-1.72,-1.824,92.857
0 days 00:56:59.630000,LEC,16,92.642,6.0,1.0,,,False,MEDIUM,6.0,True,Ferrari,1,6.0,True,9,British Grand Prix,True,C2,True,-1.531,-1.626,1.035,1.13,-1.461,-1.553,92.966
0 days 00:58:32.150000,LEC,16,92.52,7.0,1.0,,,True,MEDIUM,7.0,True,Ferrari,1,6.0,True,9,British Grand Prix,True,C2,True,-1.653,-1.755,0.913,0.997,-1.56,-1.658,92.908
0 days 01:00:04.754000,LEC,16,92.604,8.0,1.0,,,False,MEDIUM,8.0,True,Ferrari,1,6.0,True,9,British Grand Prix,True,C2,True,-1.569,-1.666,0.997,1.088,-1.325,-1.411,93.057
0 days 01:01:37.554000,LEC,16,92.8,9.0,1.0,,,False,MEDIUM,9.0,True,Ferrari,1,6.0,True,9,British Grand Prix,True,C2,True,-1.373,-1.458,1.193,1.302,-1.2,-1.277,93.318
0 days 01:03:10.644000,LEC,16,93.09,10.0,1.0,,,False,MEDIUM,10.0,True,Ferrari,1,5.0,True,9,British Grand Prix,True,C2,True,-1.083,-1.15,1.483,1.619,-1.168,-1.239,93.672
0 days 01:04:43.314000,LEC,16,92.67,11.0,1.0,,,False,MEDIUM,11.0,True,Ferrari,1,5.0,True,9,British Grand Prix,True,C2,True,-1.503,-1.596,1.063,1.16,-1.295,-1.378,93.317
0 days 01:06:15.852000,LEC,16,92.538,12.0,1.0,,,False,MEDIUM,12.0,True,Ferrari,1,5.0,True,9,British Grand Prix,True,C2,True,-1.635,-1.736,0.931,1.016,-1.594,-1.693,93.25
0 days 01:07:48.185000,LEC,16,92.333,13.0,1.0,,,True,MEDIUM,13.0,True,Ferrari,1,5.0,True,9,British Grand Prix,True,C2,True,-1.84,-1.954,0.726,0.793,-1.769,-1.88,93.109
0 days 01:09:20.774000,LEC,16,92.589,14.0,1.0,,,False,MEDIUM,14.0,True,Ferrari,1,5.0,True,9,British Grand Prix,True,C2,True,-1.584,-1.682,0.982,1.072,-1.422,-1.513,93.43
0 days 01:10:53.366000,LEC,16,92.592,15.0,1.0,,,False,MEDIUM,15.0,True,Ferrari,1,5.0,True,9,British Grand Prix,True,C2,True,-1.581,-1.679,0.985,1.075,-1.676,-1.778,93.498
0 days 01:12:25.855000,LEC,16,92.489,16.0,1.0,,,False,MEDIUM,16.0,True,Ferrari,1,5.0,True,9,British Grand Prix,True,C2,True,-1.684,-1.788,0.882,0.963,-1.451,-1.545,93.46
0 days 01:13:58.013000,LEC,16,92.158,17.0,1.0,,,True,MEDIUM,17.0,True,Ferrari,1,5.0,True,9,British Grand Prix,True,C2,True,-2.015,-2.14,0.551,0.601,-1.344,-1.437,93.193
0 days 00:49:10.738000,RUS,63,,1.0,1.0,,,False,MEDIUM,1.0,True,Mercedes,1,3.0,False,9,British Grand Prix,True,C2,False,,,,,,,
0 days 00:50:45.356000,RUS,63,94.618,2.0,1.0,,,True,MEDIUM,2.0,True,Mercedes,12,4.0,True,9,British Grand Prix,True,C2,False,0.445,0.473,3.011,3.287,-0.989,-1.034,94.683
0 days 00:52:20.262000,RUS,63,94.906,3.0,1.0,,,False,MEDIUM,3.0,True,Mercedes,1,5.0,True,9,British Grand Prix,True,C2,True,0.733,0.778,3.299,3.601,0.153,0.161,95.035
0 days 00:53:53.509000,RUS,63,93.247,4.0,1.0,,,True,MEDIUM,4.0,True,Mercedes,1,5.0,True,9,British Grand Prix,True,C2,True,-0.926,-0.983,1.64,1.79,-1.281,-1.355,93.441
0 days 00:55:26.016000,RUS,63,92.507,5.0,1.0,,,True,MEDIUM,5.0,True,Mercedes,1,5.0,True,9,British Grand Prix,True,C2,True,-1.666,-1.769,0.9,0.982,-1.811,-1.92,92.766
0 days 00:56:58.449000,RUS,63,92.433,6.0,1.0,,,True,MEDIUM,6.0,True,Mercedes,1,5.0,True,9,British Grand Prix,True,C2,True,-1.74,-1.848,0.826,0.902,-1.67,-1.775,92.757
0 days 00:58:30.598000,RUS,63,92.149,7.0,1.0,,,True,MEDIUM,7.0,True,Mercedes,1,5.0,True,9,British Grand Prix,True,C2,True,-2.024,-2.149,0.542,0.592,-1.931,-2.053,92.537
0 days 01:00:03.942000,RUS,63,93.344,8.0,1.0,,,False,MEDIUM,8.0,True,Mercedes,1,5.0,True,9,British Grand Prix,True,C2,True,-0.829,-0.88,1.737,1.896,-0.585,-0.623,93.797
0 days 01:01:36.430000,RUS,63,92.488,9.0,1.0,,,False,MEDIUM,9.0,True,Mercedes,1,4.0,True,9,British Grand Prix,True,C2,True,-1.685,-1.789,0.881,0.962,-1.512,-1.609,93.006
0 days 01:03:09.832000,RUS,63,93.402,10.0,1.0,,,False,MEDIUM,10.0,True,Mercedes,1,4.0,True,9,British Grand Prix,True,C2,True,-0.771,-0.819,1.795,1.959,-0.856,-0.908,93.984
0 days 01:04:42.288000,RUS,63,92.456,11.0,1.0,,,False,MEDIUM,11.0,True,Mercedes,1,4.0,True,9,British Grand Prix,True,C2,True,-1.717,-1.823,0.849,0.927,-1.509,-1.606,93.103
0 days 01:06:14.708000,RUS,63,92.42,12.0,1.0,,,False,MEDIUM,12.0,True,Mercedes,1,4.0,True,9,British Grand Prix,True,C2,True,-1.753,-1.861,0.813,0.887,-1.712,-1.819,93.132
0 days 01:07:47.149000,RUS,63,92.441,13.0,1.0,,,False,MEDIUM,13.0,True,Mercedes,1,4.0,True,9,British Grand Prix,True,C2,True,-1.732,-1.839,0.834,0.91,-1.661,-1.765,93.217
0 days 01:09:19.444000,RUS,63,92.295,14.0,1.0,,,False,MEDIUM,14.0,True,Mercedes,1,4.0,True,9,British Grand Prix,True,C2,True,-1.878,-1.994,0.688,0.751,-1.716,-1.825,93.136
0 days 01:10:51.837000,RUS,63,92.393,15.0,1.0,,,False,MEDIUM,15.0,True,Mercedes,1,4.0,True,9,British Grand Prix,True,C2,True,-1.78,-1.89,0.786,0.858,-1.875,-1.989,93.299
0 days 01:12:24.055000,RUS,63,92.218,16.0,1.0,,,False,MEDIUM,16.0,True,Mercedes,1,4.0,True,9,British Grand Prix,True,C2,True,-1.955,-2.076,0.611,0.667,-1.722,-1.833,93.189
0 days 01:13:56.032000,RUS,63,91.977,17.0,1.0,,,True,MEDIUM,17.0,True,Mercedes,1,4.0,True,9,British Grand Prix,True,C2,True,-2.196,-2.332,0.37,0.404,-1.525,-1.631,93.012
0 days 00:49:11.032000,NOR,1,,1.0,1.0,,,False,MEDIUM,1.0,True,McLaren,1,4.0,False,9,British Grand Prix,True,C2,False,,,,,,,
0 days 00:50:44.981000,NOR,1,93.949,2.0,1.0,,,True,MEDIUM,2.0,True,McLaren,12,3.0,True,9,British Grand Prix,True,C2,False,-0.224,-0.238,2.342,2.557,-1.658,-1.734,94.014
0 days 00:52:18.685000,NOR,1,93.704,3.0,1.0,,,True,MEDIUM,3.0,True,McLaren,1,3.0,True,9,British Grand Prix,True,C2,True,-0.469,-0.498,2.097,2.289,-1.049,-1.107,93.833
0 days 00:53:51.543000,NOR,1,92.858,4.0,1.0,,,True,MEDIUM,4.0,True,McLaren,1,3.0,True,9,British Grand Prix,True,C2,True,-1.315,-1.396,1.251,1.366,-1.67,-1.767,93.052
0 days 00:55:23.949000,NOR,1,92.406,5.0,1.0,,,True,MEDIUM,5.0,True,McLaren,1,3.0,True,9,British Grand Prix,True,C2,True,-1.767,-1.876,0.799,0.872,-1.912,-2.027,92.665
0 days 00:56:56.448000,NOR,1,92.499,6.0,1.0,,,False,MEDIUM,6.0,True,McLaren,1,3.0,True,9,British Grand Prix,True,C2,True,-1.674,-1.778,0.892,0.974,-1.604,-1.705,92.823
0 days 00:58:28.681000,NOR,1,92.233,7.0,1.0,,,True,MEDIUM,7.0,True,McLaren,1,3.0,True,9,British Grand Prix,True,C2,True,-1.94,-2.06,0.626,0.683,-1.847,-1.963,92.621
0 days 01:00:01.243000,NOR,1,92.562,8.0,1.0,,,False,MEDIUM,8.0,True,McLaren,1,3.0,True,9,British Grand Prix,True,C2,True,-1.611,-1.711,0.955,1.042,-1.367,-1.455,93.015
0 days 01:01:33.906000,NOR,1,92.663,9.0,1.0,,,False,MEDIUM,9.0,True,McLaren,1,3.0,True,9,British Grand Prix,True,C2,True,-1.51,-1.603,1.056,1.153,-1.337,-1.422,93.181
0 days 01:03:06.852000,NOR,1,92.946,10.0,1.0,,,False,MEDIUM,10.0,True,McLaren,1,3.0,True,9,British Grand Prix,True,C2,True,-1.227,-1.303,1.339,1.462,-1.312,-1.392,93.528
0 days 01:04:39.415000,NOR,1,92.563,11.0,1.0,,,False,MEDIUM,11.0,True,McLaren,1,3.0,True,9,British Grand Prix,True,C2,True,-1.61,-1.71,0.956,1.044,-1.402,-1.492,93.21
0 days 01:06:11.887000,NOR,1,92.472,12.0,1.0,,,False,MEDIUM,12.0,True,McLaren,1,3.0,True,9,British Grand Prix,True,C2,True,-1.701,-1.806,0.865,0.944,-1.66,-1.763,93.184
0 days 01:07:44.764000,NOR,1,92.877,13.0,1.0,,,False,MEDIUM,13.0,True,McLaren,1,3.0,True,9,British Grand Prix,True,C2,True,-1.296,-1.376,1.27,1.386,-1.225,-1.302,93.653
0 days 01:09:17.658000,NOR,1,92.894,14.0,1.0,,,False,MEDIUM,14.0,True,McLaren,1,3.0,True,9,British Grand Prix,True,C2,True,-1.279,-1.358,1.287,1.405,-1.117,-1.188,93.735
0 days 01:10:50.683000,NOR,1,93.025,15.0,1.0,,,False,MEDIUM,15.0,True,McLaren,1,3.0,True,9,British Grand Prix,True,C2,True,-1.148,-1.219,1.418,1.548,-1.243,-1.319,93.931
0 days 01:12:22.986000,NOR,1,92.303,16.0,1.0,,,False,MEDIUM,16.0,True,McLaren,1,3.0,True,9,British Grand Prix,True,C2,True,-1.87,-1.986,0.696,0.76,-1.637,-1.743,93.274
0 days 01:13:55.176000,NOR,1,92.19,17.0,1.0,,,True,MEDIUM,17.0,True,McLaren,1,3.0,True,9,British Grand Prix,True,C2,True,-1.983,-2.106,0.583,0.636,-1.312,-1.403,93.225
0 days 00:49:11.656000,PIA,81,,1.0,1.0,,,False,MEDIUM,1.0,True,McLaren,1,5.0,False,9,British Grand Prix,True,C2,False,,,,,,,
0 days 00:50:46.275000,PIA,81,94.619,2.0,1.0,,,True,MEDIUM,2.0,True,McLaren,12,6.0,True,9,British Grand Prix,True,C2,False,0.446,0.474,3.012,3.288,-0.988,-1.033,94.684
0 days 00:52:20.672000,PIA,81,94.397,3.0,1.0,,,True,MEDIUM,3.0,True,McLaren,1,6.0,True,9,British Grand Prix,True,C2,True,0.224,0.238,2.79,3.046,-0.356,-0.376,94.526
0 days 00:53:55.352000,PIA,81,94.68,4.0,1.0,,,False,MEDIUM,4.0,True,McLaren,1,7.0,True,9,British Grand Prix,True,C2,True,0.507,0.538,3.073,3.355,0.152,0.161,94.874
0 days 00:55:28.164000,PIA,81,92.812,5.0,1.0,,,True,MEDIUM,5.0,True,McLaren,1,7.0,True,9,British Grand Prix,True,C2,True,-1.361,-1.445,1.205,1.315,-1.506,-1.597,93.071
0 days 00:57:01.118000,PIA,81,92.954,6.0,1.0,,,False,MEDIUM,6.0,True,McLaren,1,7.0,True,9,British Grand Prix,True,C2,True,-1.219,-1.294,1.347,1.47,-1.149,-1.221,93.278
0 days 00:58:33.690000,PIA,81,92.572,7.0,1.0,,,True,MEDIUM,7.0,True,McLaren,1,7.0,True,9,British Grand Prix,True,C2,True,-1.601,-1.7,0.965,1.053,-1.508,-1.603,92.96
0 days 01:00:06.124000,PIA,81,92.434,8.0,1.0,,,False,MEDIUM,8.0,True,McLaren,1,7.0,True,9,British Grand Prix,True,C2,True,-1.739,-1.847,0.827,0.903,-1.495,-1.592,92.887
0 days 01:01:39.043000,PIA,81,92.919,9.0,1.0,,,False,MEDIUM,9.0,True,McLaren,1,7.0,True,9,British Grand Prix,True,C2,True,-1.254,-1.332,1.312,1.432,-1.081,-1.15,93.437
0 days 01:03:12.150000,PIA,81,93.107,10.0,1.0,,,False,MEDIUM,10.0,True,McLaren,1,7.0,True,9,British Grand Prix,True,C2,True,-1.066,-1.132,1.5,1.637,-1.151,-1.221,93.689
0 days 01:04:45.791000,PIA,81,93.641,11.0,1.0,,,False,MEDIUM,11.0,True,McLaren,1,7.0,True,9,British Grand Prix,True,C2,True,-0.532,-0.565,2.034,2.22,-0.324,-0.345,94.288
0 days 01:06:19.255000,PIA,81,93.464,12.0,1.0,,,False,MEDIUM,12.0,True,McLaren,1,7.0,True,9,British Grand Prix,True,C2,True,-0.709,-0.753,1.857,2.027,-0.668,-0.71,94.176
0 days 01:07:51.962000,PIA,81,92.707,13.0,1.0,,,False,MEDIUM,13.0,True,McLaren,1,7.0,True,9,British Grand Prix,True,C2,True,-1.466,-1.557,1.1,1.201,-1.395,-1.482,93.483
0 days 01:09:24.839000,PIA,81,92.877,14.0,1.0,,,False,MEDIUM,14.0,True,McLaren,1,7.0,True,9,British Grand Prix,True,C2,True,-1.296,-1.376,1.27,1.386,-1.134,-1.206,93.718
0 days 01:10:57.981000,PIA,81,93.142,15.0,1.0,,,False,MEDIUM,15.0,True,McLaren,1,7.0,True,9,British Grand Prix,True,C2,True,-1.031,-1.095,1.535,1.676,-1.126,-1.194,94.048
0 days 01:12:30.721000,PIA,81,92.74,16.0,1.0,,,False,MEDIUM,16.0,True,McLaren,1,7.0,True,9,British Grand Prix,True,C2,True,-1.433,-1.522,1.133,1.237,-1.2,-1.277,93.711
0 days 01:14:02.944000,PIA,81,92.223,17.0,1.0,,,True,MEDIUM,17.0,True,McLaren,1,7.0,True,9,British Grand Prix,True,C2,True,-1.95,-2.071,0.616,0.672,-1.279,-1.368,93.258
0 days 00:49:16.056000,HAD,6,,1.0,1.0,,,False,MEDIUM,6.0,False,Red Bull Racing,1,13.0,False,9,British Grand Prix,True,C2,False,,,,,,,
0 days 00:50:51.798000,HAD,6,95.742,2.0,1.0,,,True,MEDIUM,7.0,False,Red Bull Racing,12,13.0,True,9,British Grand Prix,True,C2,False,1.569,1.666,4.135,4.514,0.135,0.141,95.807
0 days 00:52:26.125000,HAD,6,94.327,3.0,1.0,,,True,MEDIUM,8.0,False,Red Bull Racing,1,12.0,True,9,British Grand Prix,True,C2,True,0.154,0.164,2.72,2.969,-0.426,-0.45,94.456
0 days 00:54:00.412000,HAD,6,94.287,4.0,1.0,,,True,MEDIUM,9.0,False,Red Bull Racing,1,12.0,True,9,British Grand Prix,True,C2,True,0.114,0.121,2.68,2.926,-0.241,-0.255,94.481
0 days 00:55:34.693000,HAD,6,94.281,5.0,1.0,,,True,MEDIUM,10.0,False,Red Bull Racing,1,12.0,True,9,British Grand Prix,True,C2,True,0.108,0.115,2.674,2.919,-0.037,-0.039,94.54
0 days 00:57:08.159000,HAD,6,93.466,6.0,1.0,,,True,MEDIUM,11.0,False,Red Bull Racing,1,11.0,True,9,British Grand Prix,True,C2,True,-0.707,-0.751,1.859,2.029,-0.637,-0.677,93.79
0 days 00:58:41.698000,HAD,6,93.539,7.0,1.0,,,False,MEDIUM,12.0,False,Red Bull Racing,1,10.0,True,9,British Grand Prix,True,C2,True,-0.634,-0.673,1.932,2.109,-0.541,-0.575,93.927
0 days 01:00:15.161000,HAD,6,93.463,8.0,1.0,,,True,MEDIUM,13.0,False,Red Bull Racing,1,10.0,True,9,British Grand Prix,True,C2,True,-0.71,-0.754,1.856,2.026,-0.466,-0.496,93.916
0 days 01:01:48.161000,HAD,6,93.0,9.0,1.0,,,True,MEDIUM,14.0,False,Red Bull Racing,1,9.0,True,9,British Grand Prix,True,C2,True,-1.173,-1.246,1.393,1.521,-1.0,-1.064,93.518
0 days 01:03:21.708000,HAD,6,93.547,10.0,1.0,,,False,MEDIUM,15.0,False,Red Bull Racing,1,9.0,True,9,British Grand Prix,True,C2,True,-0.626,-0.665,1.94,2.118,-0.711,-0.754,94.129
0 days 01:04:55.123000,HAD,6,93.415,11.0,1.0,,,False,MEDIUM,16.0,False,Red Bull Racing,1,9.0,True,9,British Grand Prix,True,C2,True,-0.758,-0.805,1.808,1.974,-0.55,-0.585,94.062
0 days 01:06:28.593000,HAD,6,93.47,12.0,1.0,,,False,MEDIUM,17.0,False,Red Bull Racing,1,9.0,True,9,British Grand Prix,True,C2,True,-0.703,-0.746,1.863,2.034,-0.662,-0.703,94.182
0 days 01:08:02.057000,HAD,6,93.464,13.0,1.0,,,False,MEDIUM,18.0,False,Red Bull Racing,1,9.0,True,9,British Grand Prix,True,C2,True,-0.709,-0.753,1.857,2.027,-0.638,-0.678,94.24
0 days 01:09:35.661000,HAD,6,93.604,14.0,1.0,,,False,MEDIUM,19.0,False,Red Bull Racing,1,9.0,True,9,British Grand Prix,True,C2,True,-0.569,-0.604,1.997,2.18,-0.407,-0.433,94.445
0 days 01:11:09.591000,HAD,6,93.93,15.0,1.0,,,False,MEDIUM,20.0,False,Red Bull Racing,1,9.0,True,9,British Grand Prix,True,C2,True,-0.243,-0.258,2.323,2.536,-0.338,-0.359,94.836
0 days 01:12:43.036000,HAD,6,93.445,16.0,1.0,,,False,MEDIUM,21.0,False,Red Bull Racing,1,9.0,True,9,British Grand Prix,True,C2,True,-0.728,-0.773,1.838,2.006,-0.495,-0.527,94.416
0 days 01:14:16.346000,HAD,6,93.31,17.0,1.0,,,False,MEDIUM,22.0,False,Red Bull Racing,1,9.0,True,9,British Grand Prix,True,C2,True,-0.863,-0.916,1.703,1.859,-0.192,-0.205,94.345
0 days 00:49:14.003000,LAW,30,,1.0,1.0,,,False,MEDIUM,4.0,False,Racing Bulls,1,9.0,False,9,British Grand Prix,True,C2,False,,,,,,,
0 days 00:50:49.211000,LAW,30,95.208,2.0,1.0,,,True,MEDIUM,5.0,False,Racing Bulls,12,9.0,True,9,British Grand Prix,True,C2,False,1.035,1.099,3.601,3.931,-0.399,-0.417,95.273
0 days 00:52:23.904000,LAW,30,94.693,3.0,1.0,,,True,MEDIUM,6.0,False,Racing Bulls,1,9.0,True,9,British Grand Prix,True,C2,True,0.52,0.552,3.086,3.369,-0.06,-0.063,94.822
0 days 00:53:57.484000,LAW,30,93.58,4.0,1.0,,,True,MEDIUM,7.0,False,Racing Bulls,1,8.0,True,9,British Grand Prix,True,C2,True,-0.593,-0.63,1.973,2.154,-0.948,-1.003,93.774
0 days 00:55:31.618000,LAW,30,94.134,5.0,1.0,,,False,MEDIUM,8.0,False,Racing Bulls,1,8.0,True,9,British Grand Prix,True,C2,True,-0.039,-0.041,2.527,2.759,-0.184,-0.195,94.393
0 days 00:57:05.446000,LAW,30,93.828,6.0,1.0,,,False,MEDIUM,9.0,False,Racing Bulls,1,8.0,True,9,British Grand Prix,True,C2,True,-0.345,-0.366,2.221,2.424,-0.275,-0.292,94.152
0 days 00:58:39.114000,LAW,30,93.668,7.0,1.0,,,False,MEDIUM,10.0,False,Racing Bulls,1,8.0,True,9,British Grand Prix,True,C2,True,-0.505,-0.536,2.061,2.25,-0.412,-0.438,94.056
0 days 01:00:12.483000,LAW,30,93.369,8.0,1.0,,,True,MEDIUM,11.0,False,Racing Bulls,1,8.0,True,9,British Grand Prix,True,C2,True,-0.804,-0.854,1.762,1.923,-0.56,-0.596,93.822
0 days 01:01:46.220000,LAW,30,93.737,9.0,1.0,,,False,MEDIUM,12.0,False,Racing Bulls,1,8.0,True,9,British Grand Prix,True,C2,True,-0.436,-0.463,2.13,2.325,-0.263,-0.28,94.255
0 days 01:03:19.751000,LAW,30,93.531,10.0,1.0,,,False,MEDIUM,13.0,False,Racing Bulls,1,8.0,True,9,British Grand Prix,True,C2,True,-0.642,-0.682,1.924,2.1,-0.727,-0.771,94.113
0 days 01:04:53.406000,LAW,30,93.655,11.0,1.0,,,False,MEDIUM,14.0,False,Racing Bulls,1,8.0,True,9,British Grand Prix,True,C2,True,-0.518,-0.55,2.048,2.236,-0.31,-0.33,94.302
0 days 01:06:27.160000,LAW,30,93.754,12.0,1.0,,,False,MEDIUM,15.0,False,Racing Bulls,1,8.0,True,9,British Grand Prix,True,C2,True,-0.419,-0.445,2.147,2.344,-0.378,-0.402,94.466
0 days 01:08:00.935000,LAW,30,93.775,13.0,1.0,,,False,MEDIUM,16.0,False,Racing Bulls,1,8.0,True,9,British Grand Prix,True,C2,True,-0.398,-0.423,2.168,2.367,-0.327,-0.347,94.551
0 days 01:09:34.887000,LAW,30,93.952,14.0,1.0,,,False,MEDIUM,17.0,False,Racing Bulls,1,8.0,True,9,British Grand Prix,True,C2,True,-0.221,-0.235,2.345,2.56,-0.059,-0.063,94.793
0 days 01:11:09.122000,LAW,30,94.235,15.0,1.0,,,False,MEDIUM,18.0,False,Racing Bulls,1,8.0,True,9,British Grand Prix,True,C2,True,0.062,0.066,2.628,2.869,-0.033,-0.035,95.141
0 days 01:12:42.173000,LAW,30,93.051,16.0,1.0,,,True,MEDIUM,19.0,False,Racing Bulls,1,8.0,True,9,British Grand Prix,True,C2,True,-1.122,-1.191,1.444,1.576,-0.889,-0.946,94.022
0 days 01:14:15.626000,LAW,30,93.453,17.0,1.0,,,False,MEDIUM,20.0,False,Racing Bulls,1,8.0,True,9,British Grand Prix,True,C2,True,-0.72,-0.765,1.846,2.015,-0.049,-0.052,94.488
0 days 00:49:14.852000,LIN,41,,1.0,1.0,,,False,MEDIUM,4.0,False,Racing Bulls,1,10.0,False,9,British Grand Prix,True,C2,False,,,,,,,
0 days 00:50:49.730000,LIN,41,94.878,2.0,1.0,,,True,MEDIUM,5.0,False,Racing Bulls,12,10.0,True,9,British Grand Prix,True,C2,False,0.705,0.749,3.271,3.571,-0.729,-0.762,94.943
0 days 00:52:24.438000,LIN,41,94.708,3.0,1.0,,,True,MEDIUM,6.0,False,Racing Bulls,1,10.0,True,9,British Grand Prix,True,C2,True,0.535,0.568,3.101,3.385,-0.045,-0.047,94.837
0 days 00:53:58.720000,LIN,41,94.282,4.0,1.0,,,True,MEDIUM,7.0,False,Racing Bulls,1,10.0,True,9,British Grand Prix,True,C2,True,0.109,0.116,2.675,2.92,-0.246,-0.26,94.476
0 days 00:55:32.795000,LIN,41,94.075,5.0,1.0,,,True,MEDIUM,8.0,False,Racing Bulls,1,9.0,True,9,British Grand Prix,True,C2,True,-0.098,-0.104,2.468,2.694,-0.243,-0.258,94.334
0 days 00:57:06.897000,LIN,41,94.102,6.0,1.0,,,False,MEDIUM,9.0,False,Racing Bulls,1,9.0,True,9,British Grand Prix,True,C2,True,-0.071,-0.075,2.495,2.724,-0.001,-0.001,94.426
0 days 00:58:40.704000,LIN,41,93.807,7.0,1.0,,,True,MEDIUM,10.0,False,Racing Bulls,1,9.0,True,9,British Grand Prix,True,C2,True,-0.366,-0.389,2.2,2.402,-0.273,-0.29,94.195
0 days 01:00:14.276000,LIN,41,93.572,8.0,1.0,,,True,MEDIUM,11.0,False,Racing Bulls,1,9.0,True,9,British Grand Prix,True,C2,True,-0.601,-0.638,1.965,2.145,-0.357,-0.38,94.025
0 days 01:01:48.993000,LIN,41,94.717,9.0,1.0,,,False,MEDIUM,12.0,False,Racing Bulls,1,10.0,True,9,British Grand Prix,True,C2,True,0.544,0.578,3.11,3.395,0.717,0.763,95.235
0 days 01:03:22.970000,LIN,41,93.977,10.0,1.0,,,False,MEDIUM,13.0,False,Racing Bulls,1,10.0,True,9,British Grand Prix,True,C2,True,-0.196,-0.208,2.37,2.587,-0.281,-0.298,94.559
0 days 01:04:56.691000,LIN,41,93.721,11.0,1.0,,,False,MEDIUM,14.0,False,Racing Bulls,1,10.0,True,9,British Grand Prix,True,C2,True,-0.452,-0.48,2.114,2.308,-0.244,-0.26,94.368
0 days 01:06:30.614000,LIN,41,93.923,12.0,1.0,,,False,MEDIUM,15.0,False,Racing Bulls,1,10.0,True,9,British Grand Prix,True,C2,True,-0.25,-0.265,2.316,2.528,-0.209,-0.222,94.635
0 days 01:08:04.473000,LIN,41,93.859,13.0,1.0,,,False,MEDIUM,16.0,False,Racing Bulls,1,10.0,True,9,British Grand Prix,True,C2,True,-0.314,-0.333,2.252,2.458,-0.243,-0.258,94.635
0 days 01:09:38.484000,LIN,41,94.011,14.0,1.0,,,False,MEDIUM,17.0,False,Racing Bulls,1,10.0,True,9,British Grand Prix,True,C2,True,-0.162,-0.172,2.404,2.624,0.0,0.0,94.852
0 days 01:11:12.752000,LIN,41,94.268,15.0,1.0,,,False,MEDIUM,18.0,False,Racing Bulls,1,10.0,True,9,British Grand Prix,True,C2,True,0.095,0.101,2.661,2.905,0.0,0.0,95.174
0 days 01:12:46.600000,LIN,41,93.848,16.0,1.0,,,False,MEDIUM,19.0,False,Racing Bulls,1,10.0,True,9,British Grand Prix,True,C2,True,-0.325,-0.345,2.241,2.446,-0.092,-0.098,94.819
0 days 01:14:20.503000,LIN,41,93.903,17.0,1.0,,,False,MEDIUM,20.0,False,Racing Bulls,1,10.0,True,9,British Grand Prix,True,C2,True,-0.27,-0.287,2.296,2.506,0.401,0.429,94.938
0 days 00:49:13.404000,GAS,10,,1.0,1.0,,,False,MEDIUM,4.0,False,Alpine,1,8.0,False,9,British Grand Prix,True,C2,False,,,,,,,
0 days 00:50:48.673000,GAS,10,95.269,2.0,1.0,,,True,MEDIUM,5.0,False,Alpine,12,8.0,True,9,British Grand Prix,True,C2,False,1.096,1.164,3.662,3.998,-0.338,-0.354,95.334
0 days 00:52:23.322000,GAS,10,94.649,3.0,1.0,,,True,MEDIUM,6.0,False,Alpine,1,8.0,True,9,British Grand Prix,True,C2,True,0.476,0.505,3.042,3.321,-0.104,-0.11,94.778
0 days 00:53:58.260000,GAS,10,94.938,4.0,1.0,,,False,MEDIUM,7.0,False,Alpine,1,9.0,True,9,British Grand Prix,True,C2,True,0.765,0.812,3.331,3.636,0.41,0.434,95.132
0 days 00:55:33.549000,GAS,10,95.289,5.0,1.0,,,False,MEDIUM,8.0,False,Alpine,1,10.0,True,9,British Grand Prix,True,C2,True,1.116,1.185,3.682,4.019,0.971,1.029,95.548
0 days 00:57:07.722000,GAS,10,94.173,6.0,1.0,,,True,MEDIUM,9.0,False,Alpine,1,10.0,True,9,British Grand Prix,True,C2,True,0.0,0.0,2.566,2.801,0.07,0.074,94.497
0 days 00:58:42.591000,GAS,10,94.869,7.0,1.0,,,False,MEDIUM,10.0,False,Alpine,1,11.0,True,9,British Grand Prix,True,C2,True,0.696,0.739,3.262,3.561,0.789,0.839,95.257
0 days 01:00:16.533000,GAS,10,93.942,8.0,1.0,,,True,MEDIUM,11.0,False,Alpine,1,11.0,True,9,British Grand Prix,True,C2,True,-0.231,-0.245,2.335,2.549,0.013,0.014,94.395
0 days 01:01:51.053000,GAS,10,94.52,9.0,1.0,,,False,MEDIUM,12.0,False,Alpine,1,11.0,True,9,British Grand Prix,True,C2,True,0.347,0.368,2.913,3.18,0.52,0.553,95.038
0 days 01:03:25.496000,GAS,10,94.443,10.0,1.0,,,False,MEDIUM,13.0,False,Alpine,1,11.0,True,9,British Grand Prix,True,C2,True,0.27,0.287,2.836,3.096,0.185,0.196,95.025
0 days 01:04:59.884000,GAS,10,94.388,11.0,1.0,,,False,MEDIUM,14.0,False,Alpine,1,11.0,True,9,British Grand Prix,True,C2,True,0.215,0.228,2.781,3.036,0.423,0.45,95.035
0 days 01:06:34.239000,GAS,10,94.355,12.0,1.0,,,False,MEDIUM,15.0,False,Alpine,1,11.0,True,9,British Grand Prix,True,C2,True,0.182,0.193,2.748,3.0,0.223,0.237,95.067
0 days 01:08:08.443000,GAS,10,94.204,13.0,1.0,,,False,MEDIUM,16.0,False,Alpine,1,11.0,True,9,British Grand Prix,True,C2,True,0.031,0.033,2.597,2.835,0.102,0.108,94.98
0 days 01:09:43.030000,GAS,10,94.587,14.0,1.0,,,False,MEDIUM,17.0,False,Alpine,1,11.0,True,9,British Grand Prix,True,C2,True,0.414,0.44,2.98,3.253,0.576,0.613,95.428
0 days 01:11:17.584000,GAS,10,94.554,15.0,1.0,,,False,MEDIUM,18.0,False,Alpine,1,11.0,True,9,British Grand Prix,True,C2,True,0.381,0.405,2.947,3.217,0.286,0.303,95.46
0 days 01:12:51.786000,GAS,10,94.202,16.0,1.0,,,False,MEDIUM,19.0,False,Alpine,1,11.0,True,9,British Grand Prix,True,C2,True,0.029,0.031,2.595,2.833,0.262,0.279,95.173
0 days 01:14:25.666000,GAS,10,93.88,17.0,1.0,,,True,MEDIUM,20.0,False,Alpine,1,11.0,True,9,British Grand Prix,True,C2,True,-0.293,-0.311,2.273,2.481,0.378,0.404,94.915
0 days 00:49:17.980000,BOR,5,,1.0,1.0,,,False,MEDIUM,7.0,False,Audi,1,16.0,False,9,British Grand Prix,True,C2,False,,,,,,,
0 days 00:50:54.199000,BOR,5,96.219,2.0,1.0,,,True,MEDIUM,8.0,False,Audi,12,16.0,True,9,British Grand Prix,True,C2,False,2.046,2.173,4.612,5.035,0.612,0.64,96.284
0 days 00:52:30.259000,BOR,5,96.06,3.0,1.0,,,True,MEDIUM,9.0,False,Audi,1,16.0,True,9,British Grand Prix,True,C2,True,1.887,2.004,4.453,4.861,1.307,1.379,96.189
0 days 00:54:05.248000,BOR,5,94.989,4.0,1.0,,,True,MEDIUM,10.0,False,Audi,1,16.0,True,9,British Grand Prix,True,C2,True,0.816,0.866,3.382,3.692,0.461,0.488,95.183
0 days 00:55:39.909000,BOR,5,94.661,5.0,1.0,,,True,MEDIUM,11.0,False,Audi,1,16.0,True,9,British Grand Prix,True,C2,True,0.488,0.518,3.054,3.334,0.343,0.364,94.92
0 days 00:57:13.437000,BOR,5,93.528,6.0,1.0,,,True,MEDIUM,12.0,False,Audi,1,15.0,True,9,British Grand Prix,True,C2,True,-0.645,-0.685,1.921,2.097,-0.575,-0.611,93.852
0 days 00:58:47.732000,BOR,5,94.295,7.0,1.0,,,False,MEDIUM,13.0,False,Audi,1,15.0,True,9,British Grand Prix,True,C2,True,0.122,0.13,2.688,2.934,0.215,0.229,94.683
0 days 01:00:21.636000,BOR,5,93.904,8.0,1.0,,,False,MEDIUM,14.0,False,Audi,1,15.0,True,9,British Grand Prix,True,C2,True,-0.269,-0.286,2.297,2.507,-0.025,-0.027,94.357
0 days 01:01:55.738000,BOR,5,94.102,9.0,1.0,,,False,MEDIUM,15.0,False,Audi,1,15.0,True,9,British Grand Prix,True,C2,True,-0.071,-0.075,2.495,2.724,0.102,0.109,94.62
0 days 01:03:30.037000,BOR,5,94.299,10.0,1.0,,,False,MEDIUM,16.0,False,Audi,1,15.0,True,9,British Grand Prix,True,C2,True,0.126,0.134,2.692,2.939,0.041,0.043,94.881
0 days 01:05:03.759000,BOR,5,93.722,11.0,1.0,,,False,MEDIUM,17.0,False,Audi,1,14.0,True,9,British Grand Prix,True,C2,True,-0.451,-0.479,2.115,2.309,-0.243,-0.259,94.369
0 days 01:06:38.034000,BOR,5,94.275,12.0,1.0,,,False,MEDIUM,18.0,False,Audi,1,14.0,True,9,British Grand Prix,True,C2,True,0.102,0.108,2.668,2.912,0.143,0.152,94.987
0 days 01:08:12.260000,BOR,5,94.226,13.0,1.0,,,False,MEDIUM,19.0,False,Audi,1,14.0,True,9,British Grand Prix,True,C2,True,0.053,0.056,2.619,2.859,0.124,0.132,95.002
0 days 01:09:46.128000,BOR,5,93.868,14.0,1.0,,,False,MEDIUM,20.0,False,Audi,1,14.0,True,9,British Grand Prix,True,C2,True,-0.305,-0.324,2.261,2.468,-0.143,-0.152,94.709
0 days 01:11:20.155000,BOR,5,94.027,15.0,1.0,,,False,MEDIUM,21.0,False,Audi,1,14.0,True,9,British Grand Prix,True,C2,True,-0.146,-0.155,2.42,2.642,-0.241,-0.256,94.933
0 days 01:12:54.386000,BOR,5,94.231,16.0,1.0,,,False,MEDIUM,22.0,False,Audi,1,14.0,True,9,British Grand Prix,True,C2,True,0.058,0.062,2.624,2.864,0.291,0.31,95.202
0 days 01:14:27.892000,BOR,5,93.506,17.0,1.0,,,True,MEDIUM,23.0,False,Audi,1,14.0,True,9,British Grand Prix,True,C2,True,-0.667,-0.708,1.899,2.073,0.004,0.004,94.541
0 days 00:49:16.641000,HUL,27,,1.0,1.0,,,False,MEDIUM,7.0,False,Audi,1,14.0,False,9,British Grand Prix,True,C2,False,,,,,,,
0 days 00:50:53.295000,HUL,27,96.654,2.0,1.0,,,True,MEDIUM,8.0,False,Audi,12,14.0,True,9,British Grand Prix,True,C2,False,2.481,2.635,5.047,5.509,1.047,1.095,96.719
0 days 00:52:29.064000,HUL,27,95.769,3.0,1.0,,,True,MEDIUM,9.0,False,Audi,1,14.0,True,9,British Grand Prix,True,C2,True,1.596,1.695,4.162,4.543,1.016,1.072,95.898
0 days 00:54:03.939000,HUL,27,94.875,4.0,1.0,,,True,MEDIUM,10.0,False,Audi,1,14.0,True,9,British Grand Prix,True,C2,True,0.702,0.745,3.268,3.567,0.347,0.367,95.069
0 days 00:55:38.150000,HUL,27,94.211,5.0,1.0,,,True,MEDIUM,11.0,False,Audi,1,14.0,True,9,British Grand Prix,True,C2,True,0.038,0.04,2.604,2.843,-0.107,-0.113,94.47
0 days 00:57:12.254000,HUL,27,94.104,6.0,1.0,,,True,MEDIUM,12.0,False,Audi,1,14.0,True,9,British Grand Prix,True,C2,True,-0.069,-0.073,2.497,2.726,0.001,0.001,94.428
0 days 00:58:46.120000,HUL,27,93.866,7.0,1.0,,,True,MEDIUM,13.0,False,Audi,1,14.0,True,9,British Grand Prix,True,C2,True,-0.307,-0.326,2.259,2.466,-0.214,-0.227,94.254
0 days 01:00:20.084000,HUL,27,93.964,8.0,1.0,,,False,MEDIUM,14.0,False,Audi,1,14.0,True,9,British Grand Prix,True,C2,True,-0.209,-0.222,2.357,2.573,0.035,0.037,94.417
0 days 01:01:53.750000,HUL,27,93.666,9.0,1.0,,,True,MEDIUM,15.0,False,Audi,1,13.0,True,9,British Grand Prix,True,C2,True,-0.507,-0.538,2.059,2.248,-0.334,-0.355,94.184
0 days 01:03:28.620000,HUL,27,94.87,10.0,1.0,,,False,MEDIUM,16.0,False,Audi,1,13.0,True,9,British Grand Prix,True,C2,True,0.697,0.74,3.263,3.562,0.612,0.649,95.452
0 days 01:05:02.914000,HUL,27,94.294,11.0,1.0,,,False,MEDIUM,17.0,False,Audi,1,13.0,True,9,British Grand Prix,True,C2,True,0.121,0.128,2.687,2.933,0.329,0.35,94.941
0 days 01:06:36.902000,HUL,27,93.988,12.0,1.0,,,False,MEDIUM,18.0,False,Audi,1,13.0,True,9,British Grand Prix,True,C2,True,-0.185,-0.196,2.381,2.599,-0.144,-0.153,94.7
0 days 01:08:10.902000,HUL,27,94.0,13.0,1.0,,,False,MEDIUM,19.0,False,Audi,1,13.0,True,9,British Grand Prix,True,C2,True,-0.173,-0.184,2.393,2.612,-0.102,-0.108,94.776
0 days 01:09:44.916000,HUL,27,94.014,14.0,1.0,,,False,MEDIUM,20.0,False,Audi,1,13.0,True,9,British Grand Prix,True,C2,True,-0.159,-0.169,2.407,2.628,0.003,0.003,94.855
0 days 01:11:19.651000,HUL,27,94.735,15.0,1.0,,,False,MEDIUM,21.0,False,Audi,1,13.0,True,9,British Grand Prix,True,C2,True,0.562,0.597,3.128,3.415,0.467,0.495,95.641
0 days 01:12:53.576000,HUL,27,93.925,16.0,1.0,,,False,MEDIUM,22.0,False,Audi,1,13.0,True,9,British Grand Prix,True,C2,True,-0.248,-0.263,2.318,2.53,-0.015,-0.016,94.896
0 days 01:14:27.073000,HUL,27,93.497,17.0,1.0,,,True,MEDIUM,23.0,False,Audi,1,13.0,True,9,British Grand Prix,True,C2,True,-0.676,-0.718,1.89,2.063,-0.005,-0.005,94.532
0 days 00:49:15.266000,COL,43,,1.0,1.0,,,False,MEDIUM,4.0,False,Alpine,1,11.0,False,9,British Grand Prix,True,C2,False,,,,,,,
0 days 00:50:50.975000,COL,43,95.709,2.0,1.0,,,True,MEDIUM,5.0,False,Alpine,12,11.0,True,9,British Grand Prix,True,C2,False,1.536,1.631,4.102,4.478,0.102,0.107,95.774
0 days 00:52:25.728000,COL,43,94.753,3.0,1.0,,,True,MEDIUM,6.0,False,Alpine,1,11.0,True,9,British Grand Prix,True,C2,True,0.58,0.616,3.146,3.434,0.0,0.0,94.882
0 days 00:53:59.957000,COL,43,94.229,4.0,1.0,,,True,MEDIUM,7.0,False,Alpine,1,11.0,True,9,British Grand Prix,True,C2,True,0.056,0.059,2.622,2.862,-0.299,-0.316,94.423
0 days 00:55:34.504000,COL,43,94.547,5.0,1.0,,,False,MEDIUM,8.0,False,Alpine,1,11.0,True,9,British Grand Prix,True,C2,True,0.374,0.397,2.94,3.209,0.229,0.243,94.806
0 days 00:57:10.008000,COL,43,95.504,6.0,1.0,,,False,MEDIUM,9.0,False,Alpine,1,12.0,True,9,British Grand Prix,True,C2,True,1.331,1.413,3.897,4.254,1.401,1.489,95.828
0 days 00:58:44.493000,COL,43,94.485,7.0,1.0,,,False,MEDIUM,10.0,False,Alpine,1,12.0,True,9,British Grand Prix,True,C2,True,0.312,0.331,2.878,3.142,0.405,0.43,94.873
0 days 01:00:18.633000,COL,43,94.14,8.0,1.0,,,True,MEDIUM,11.0,False,Alpine,1,12.0,True,9,British Grand Prix,True,C2,True,-0.033,-0.035,2.533,2.765,0.211,0.225,94.593
0 days 01:01:52.531000,COL,43,93.898,9.0,1.0,,,True,MEDIUM,12.0,False,Alpine,1,12.0,True,9,British Grand Prix,True,C2,True,-0.275,-0.292,2.291,2.501,-0.102,-0.109,94.416
0 days 01:03:26.747000,COL,43,94.216,10.0,1.0,,,False,MEDIUM,13.0,False,Alpine,1,12.0,True,9,British Grand Prix,True,C2,True,0.043,0.046,2.609,2.848,-0.042,-0.045,94.798
0 days 01:05:00.956000,COL,43,94.209,11.0,1.0,,,False,MEDIUM,14.0,False,Alpine,1,12.0,True,9,British Grand Prix,True,C2,True,0.036,0.038,2.602,2.84,0.244,0.26,94.856
0 days 01:06:35.685000,COL,43,94.729,12.0,1.0,,,False,MEDIUM,15.0,False,Alpine,1,12.0,True,9,British Grand Prix,True,C2,True,0.556,0.59,3.122,3.408,0.597,0.634,95.441
0 days 01:08:09.989000,COL,43,94.304,13.0,1.0,,,False,MEDIUM,16.0,False,Alpine,1,12.0,True,9,British Grand Prix,True,C2,True,0.131,0.139,2.697,2.944,0.202,0.215,95.08
0 days 01:09:44.358000,COL,43,94.369,14.0,1.0,,,False,MEDIUM,17.0,False,Alpine,1,12.0,True,9,British Grand Prix,True,C2,True,0.196,0.208,2.762,3.015,0.358,0.381,95.21
0 days 01:11:18.944000,COL,43,94.586,15.0,1.0,,,False,MEDIUM,18.0,False,Alpine,1,12.0,True,9,British Grand Prix,True,C2,True,0.413,0.439,2.979,3.252,0.318,0.337,95.492
0 days 01:12:52.899000,COL,43,93.955,16.0,1.0,,,False,MEDIUM,19.0,False,Alpine,1,12.0,True,9,British Grand Prix,True,C2,True,-0.218,-0.231,2.348,2.563,0.015,0.016,94.926
0 days 01:14:26.419000,COL,43,93.52,17.0,1.0,,,True,MEDIUM,20.0,False,Alpine,1,12.0,True,9,British Grand Prix,True,C2,True,-0.653,-0.693,1.913,2.088,0.018,0.019,94.555
0 days 00:49:18.376000,SAI,55,,1.0,1.0,,,False,MEDIUM,1.0,True,Williams,1,17.0,False,9,British Grand Prix,True,C2,False,,,,,,,
0 days 00:50:55.152000,SAI,55,96.776,2.0,1.0,,,True,MEDIUM,2.0,True,Williams,12,17.0,True,9,British Grand Prix,True,C2,False,2.603,2.764,5.169,5.643,1.169,1.223,96.841
0 days 00:52:31.013000,SAI,55,95.861,3.0,1.0,,,True,MEDIUM,3.0,True,Williams,1,17.0,True,9,British Grand Prix,True,C2,True,1.688,1.792,4.254,4.644,1.108,1.169,95.99
0 days 00:54:06.351000,SAI,55,95.338,4.0,1.0,,,True,MEDIUM,4.0,True,Williams,1,17.0,True,9,British Grand Prix,True,C2,True,1.165,1.237,3.731,4.073,0.81,0.857,95.532
0 days 00:55:40.922000,SAI,55,94.571,5.0,1.0,,,True,MEDIUM,5.0,True,Williams,1,17.0,True,9,British Grand Prix,True,C2,True,0.398,0.423,2.964,3.236,0.253,0.268,94.83
0 days 00:57:15.443000,SAI,55,94.521,6.0,1.0,,,True,MEDIUM,6.0,True,Williams,1,17.0,True,9,British Grand Prix,True,C2,True,0.348,0.37,2.914,3.181,0.418,0.444,94.845
0 days 00:58:49.849000,SAI,55,94.406,7.0,1.0,,,True,MEDIUM,7.0,True,Williams,1,17.0,True,9,British Grand Prix,True,C2,True,0.233,0.247,2.799,3.055,0.326,0.347,94.794
0 days 01:00:24.638000,SAI,55,94.789,8.0,1.0,,,False,MEDIUM,8.0,True,Williams,1,17.0,True,9,British Grand Prix,True,C2,True,0.616,0.654,3.182,3.474,0.86,0.916,95.242
0 days 01:01:58.890000,SAI,55,94.252,9.0,1.0,,,True,MEDIUM,9.0,True,Williams,1,17.0,True,9,British Grand Prix,True,C2,True,0.079,0.084,2.645,2.887,0.252,0.268,94.77
0 days 01:03:33.646000,SAI,55,94.756,10.0,1.0,,,False,MEDIUM,10.0,True,Williams,1,17.0,True,9,British Grand Prix,True,C2,True,0.583,0.619,3.149,3.438,0.498,0.528,95.338
0 days 01:05:08.398000,SAI,55,94.752,11.0,1.0,,,False,MEDIUM,11.0,True,Williams,1,17.0,True,9,British Grand Prix,True,C2,True,0.579,0.615,3.145,3.433,0.787,0.838,95.399
0 days 01:06:43.036000,SAI,55,94.638,12.0,1.0,,,False,MEDIUM,12.0,True,Williams,1,17.0,True,9,British Grand Prix,True,C2,True,0.465,0.494,3.031,3.309,0.506,0.538,95.35
0 days 01:08:17.497000,SAI,55,94.461,13.0,1.0,,,False,MEDIUM,13.0,True,Williams,1,17.0,True,9,British Grand Prix,True,C2,True,0.288,0.306,2.854,3.115,0.359,0.382,95.237
0 days 01:09:52.312000,SAI,55,94.815,14.0,1.0,,,False,MEDIUM,14.0,True,Williams,1,17.0,True,9,British Grand Prix,True,C2,True,0.642,0.682,3.208,3.502,0.804,0.855,95.656
0 days 01:11:27.312000,SAI,55,95.0,15.0,1.0,,,False,MEDIUM,15.0,True,Williams,1,17.0,True,9,British Grand Prix,True,C2,True,0.827,0.878,3.393,3.704,0.732,0.777,95.906
0 days 01:13:01.586000,SAI,55,94.274,16.0,1.0,,,False,MEDIUM,16.0,True,Williams,1,17.0,True,9,British Grand Prix,True,C2,True,0.101,0.107,2.667,2.911,0.334,0.356,95.245
0 days 01:14:35.772000,SAI,55,94.186,17.0,1.0,,,True,MEDIUM,17.0,True,Williams,1,17.0,True,9,British Grand Prix,True,C2,True,0.013,0.014,2.579,2.815,0.684,0.732,95.221
0 days 00:49:15.832000,BEA,87,,1.0,1.0,,,False,MEDIUM,1.0,True,Haas F1 Team,1,12.0,False,9,British Grand Prix,True,C2,False,,,,,,,
0 days 00:50:51.439000,BEA,87,95.607,2.0,1.0,,,True,MEDIUM,2.0,True,Haas F1 Team,12,12.0,True,9,British Grand Prix,True,C2,False,1.434,1.523,4.0,4.366,0.0,0.0,95.672
0 days 00:52:27.503000,BEA,87,96.064,3.0,1.0,,,False,MEDIUM,3.0,True,Haas F1 Team,1,13.0,True,9,British Grand Prix,True,C2,True,1.891,2.008,4.457,4.865,1.311,1.384,96.193
0 days 00:54:01.984000,BEA,87,94.481,4.0,1.0,,,True,MEDIUM,4.0,True,Haas F1 Team,1,13.0,True,9,British Grand Prix,True,C2,True,0.308,0.327,2.874,3.137,-0.047,-0.05,94.675
0 days 00:55:36.339000,BEA,87,94.355,5.0,1.0,,,True,MEDIUM,5.0,True,Haas F1 Team,1,13.0,True,9,British Grand Prix,True,C2,True,0.182,0.193,2.748,3.0,0.037,0.039,94.614
0 days 00:57:10.800000,BEA,87,94.461,6.0,1.0,,,False,MEDIUM,6.0,True,Haas F1 Team,1,13.0,True,9,British Grand Prix,True,C2,True,0.288,0.306,2.854,3.115,0.358,0.38,94.785
0 days 00:58:45.240000,BEA,87,94.44,7.0,1.0,,,False,MEDIUM,7.0,True,Haas F1 Team,1,13.0,True,9,British Grand Prix,True,C2,True,0.267,0.284,2.833,3.093,0.36,0.383,94.828
0 days 01:00:19.628000,BEA,87,94.388,8.0,1.0,,,False,MEDIUM,8.0,True,Haas F1 Team,1,13.0,True,9,British Grand Prix,True,C2,True,0.215,0.228,2.781,3.036,0.459,0.489,94.841
0 days 01:01:54.449000,BEA,87,94.821,9.0,1.0,,,False,MEDIUM,9.0,True,Haas F1 Team,1,14.0,True,9,British Grand Prix,True,C2,True,0.648,0.688,3.214,3.508,0.821,0.873,95.339
0 days 01:03:29.665000,BEA,87,95.216,10.0,1.0,,,False,MEDIUM,10.0,True,Haas F1 Team,1,14.0,True,9,British Grand Prix,True,C2,True,1.043,1.108,3.609,3.94,0.958,1.016,95.798
0 days 01:05:04.634000,BEA,87,94.969,11.0,1.0,,,False,MEDIUM,11.0,True,Haas F1 Team,1,15.0,True,9,British Grand Prix,True,C2,True,0.796,0.845,3.362,3.67,1.004,1.068,95.616
0 days 01:06:39.085000,BEA,87,94.451,12.0,1.0,,,False,MEDIUM,12.0,True,Haas F1 Team,1,15.0,True,9,British Grand Prix,True,C2,True,0.278,0.295,2.844,3.105,0.319,0.339,95.163
0 days 01:08:13.770000,BEA,87,94.685,13.0,1.0,,,False,MEDIUM,13.0,True,Haas F1 Team,1,15.0,True,9,British Grand Prix,True,C2,True,0.512,0.544,3.078,3.36,0.583,0.62,95.461
0 days 01:09:48.527000,BEA,87,94.757,14.0,1.0,,,False,MEDIUM,14.0,True,Haas F1 Team,1,15.0,True,9,British Grand Prix,True,C2,True,0.584,0.62,3.15,3.439,0.746,0.794,95.598
0 days 01:11:23.273000,BEA,87,94.746,15.0,1.0,,,False,MEDIUM,15.0,True,Haas F1 Team,1,15.0,True,9,British Grand Prix,True,C2,True,0.573,0.608,3.139,3.427,0.478,0.507,95.652
0 days 01:12:57.603000,BEA,87,94.33,16.0,1.0,,,True,MEDIUM,16.0,True,Haas F1 Team,1,15.0,True,9,British Grand Prix,True,C2,True,0.157,0.167,2.723,2.972,0.39,0.415,95.301
0 days 01:14:31.177000,BEA,87,93.574,17.0,1.0,,,True,MEDIUM,17.0,True,Haas F1 Team,1,15.0,True,9,British Grand Prix,True,C2,True,-0.599,-0.636,1.967,2.147,0.072,0.077,94.609
0 days 00:49:16.884000,OCO,31,,1.0,1.0,,,False,MEDIUM,1.0,True,Haas F1 Team,1,15.0,False,9,British Grand Prix,True,C2,False,,,,,,,
0 days 00:50:53.867000,OCO,31,96.983,2.0,1.0,,,True,MEDIUM,2.0,True,Haas F1 Team,12,15.0,True,9,British Grand Prix,True,C2,False,2.81,2.984,5.376,5.869,1.376,1.439,97.048
0 days 00:52:29.867000,OCO,31,96.0,3.0,1.0,,,True,MEDIUM,3.0,True,Haas F1 Team,1,15.0,True,9,British Grand Prix,True,C2,True,1.827,1.94,4.393,4.795,1.247,1.316,96.129
0 days 00:54:04.881000,OCO,31,95.014,4.0,1.0,,,True,MEDIUM,4.0,True,Haas F1 Team,1,15.0,True,9,British Grand Prix,True,C2,True,0.841,0.893,3.407,3.719,0.486,0.514,95.208
0 days 00:55:39.520000,OCO,31,94.639,5.0,1.0,,,True,MEDIUM,5.0,True,Haas F1 Team,1,15.0,True,9,British Grand Prix,True,C2,True,0.466,0.495,3.032,3.31,0.321,0.34,94.898
0 days 00:57:14.212000,OCO,31,94.692,6.0,1.0,,,False,MEDIUM,6.0,True,Haas F1 Team,1,16.0,True,9,British Grand Prix,True,C2,True,0.519,0.551,3.085,3.368,0.589,0.626,95.016
0 days 00:58:48.654000,OCO,31,94.442,7.0,1.0,,,True,MEDIUM,7.0,True,Haas F1 Team,1,16.0,True,9,British Grand Prix,True,C2,True,0.269,0.286,2.835,3.095,0.362,0.385,94.83
0 days 01:00:23.256000,OCO,31,94.602,8.0,1.0,,,False,MEDIUM,8.0,True,Haas F1 Team,1,16.0,True,9,British Grand Prix,True,C2,True,0.429,0.456,2.995,3.269,0.673,0.716,95.055
0 days 01:01:57.655000,OCO,31,94.399,9.0,1.0,,,True,MEDIUM,9.0,True,Haas F1 Team,1,16.0,True,9,British Grand Prix,True,C2,True,0.226,0.24,2.792,3.048,0.399,0.424,94.917
0 days 01:03:32.833000,OCO,31,95.178,10.0,1.0,,,False,MEDIUM,10.0,True,Haas F1 Team,1,16.0,True,9,British Grand Prix,True,C2,True,1.005,1.067,3.571,3.898,0.92,0.976,95.76
0 days 01:05:07.506000,OCO,31,94.673,11.0,1.0,,,False,MEDIUM,11.0,True,Haas F1 Team,1,16.0,True,9,British Grand Prix,True,C2,True,0.5,0.531,3.066,3.347,0.708,0.753,95.32
0 days 01:06:42.099000,OCO,31,94.593,12.0,1.0,,,False,MEDIUM,12.0,True,Haas F1 Team,1,16.0,True,9,British Grand Prix,True,C2,True,0.42,0.446,2.986,3.26,0.461,0.49,95.305
0 days 01:08:16.802000,OCO,31,94.703,13.0,1.0,,,False,MEDIUM,13.0,True,Haas F1 Team,1,16.0,True,9,British Grand Prix,True,C2,True,0.53,0.563,3.096,3.38,0.601,0.639,95.479
0 days 01:09:51.518000,OCO,31,94.716,14.0,1.0,,,False,MEDIUM,14.0,True,Haas F1 Team,1,16.0,True,9,British Grand Prix,True,C2,True,0.543,0.577,3.109,3.394,0.705,0.75,95.557
0 days 01:11:26.248000,OCO,31,94.73,15.0,1.0,,,False,MEDIUM,15.0,True,Haas F1 Team,1,16.0,True,9,British Grand Prix,True,C2,True,0.557,0.591,3.123,3.409,0.462,0.49,95.636
0 days 01:13:00.738000,OCO,31,94.49,16.0,1.0,,,False,MEDIUM,16.0,True,Haas F1 Team,1,16.0,True,9,British Grand Prix,True,C2,True,0.317,0.337,2.883,3.147,0.55,0.585,95.461
0 days 01:14:35.203000,OCO,31,94.465,17.0,1.0,,,False,MEDIUM,17.0,True,Haas F1 Team,1,16.0,True,9,British Grand Prix,True,C2,True,0.292,0.31,2.858,3.12,0.963,1.03,95.5
0 days 00:49:18.896000,PER,11,,1.0,1.0,,,False,MEDIUM,1.0,True,Cadillac,1,19.0,False,9,British Grand Prix,True,C2,False,,,,,,,
0 days 00:51:00.319000,PER,11,101.423,2.0,1.0,,0 days 00:50:54.083000,False,MEDIUM,2.0,True,Cadillac,12,21.0,False,9,British Grand Prix,True,C2,False,7.25,7.699,9.816,10.715,5.816,6.083,101.488
0 days 00:53:18.208000,PER,11,137.889,3.0,2.0,0 days 00:51:42.733000,,False,MEDIUM,3.0,False,Cadillac,1,22.0,False,9,British Grand Prix,True,C2,False,43.716,46.421,46.282,50.522,43.136,45.525,138.018
0 days 00:54:53.655000,PER,11,95.447,4.0,2.0,,,True,MEDIUM,4.0,False,Cadillac,1,22.0,True,9,British Grand Prix,True,C2,True,1.274,1.353,3.84,4.192,0.919,0.972,95.641
0 days 00:56:29.066000,PER,11,95.411,5.0,2.0,,,True,MEDIUM,5.0,False,Cadillac,1,22.0,True,9,British Grand Prix,True,C2,True,1.238,1.315,3.804,4.153,1.093,1.159,95.67
0 days 00:58:04.862000,PER,11,95.796,6.0,2.0,,,False,MEDIUM,6.0,False,Cadillac,1,22.0,True,9,British Grand Prix,True,C2,True,1.623,1.723,4.189,4.573,1.693,1.799,96.12
0 days 00:59:40.090000,PER,11,95.228,7.0,2.0,,,True,MEDIUM,7.0,False,Cadillac,1,22.0,True,9,British Grand Prix,True,C2,True,1.055,1.12,3.621,3.953,1.148,1.22,95.616
0 days 01:01:15.143000,PER,11,95.053,8.0,2.0,,,True,MEDIUM,8.0,False,Cadillac,1,22.0,True,9,British Grand Prix,True,C2,True,0.88,0.934,3.446,3.762,1.124,1.197,95.506
0 days 01:02:50.987000,PER,11,95.844,9.0,2.0,,,False,MEDIUM,9.0,False,Cadillac,1,22.0,True,9,British Grand Prix,True,C2,True,1.671,1.774,4.237,4.625,1.844,1.962,96.362
0 days 01:04:26.405000,PER,11,95.418,10.0,2.0,,,False,MEDIUM,10.0,False,Cadillac,1,22.0,True,9,British Grand Prix,True,C2,True,1.245,1.322,3.811,4.16,1.16,1.231,96.0
0 days 01:06:01.849000,PER,11,95.444,11.0,2.0,,,False,MEDIUM,11.0,False,Cadillac,1,22.0,True,9,British Grand Prix,True,C2,True,1.271,1.35,3.837,4.189,1.479,1.574,96.091
0 days 01:07:40.535000,PER,11,98.686,12.0,2.0,,,False,MEDIUM,12.0,False,Cadillac,1,22.0,True,9,British Grand Prix,True,C2,True,4.513,4.792,7.079,7.728,4.554,4.838,99.398
0 days 01:09:15.892000,PER,11,95.357,13.0,2.0,,,False,MEDIUM,13.0,False,Cadillac,1,22.0,True,9,British Grand Prix,True,C2,True,1.184,1.257,3.75,4.094,1.255,1.334,96.133
0 days 01:10:59.139000,PER,11,103.247,14.0,2.0,,,False,MEDIUM,14.0,False,Cadillac,1,22.0,True,9,British Grand Prix,True,C2,True,9.074,9.635,11.64,12.706,9.236,9.824,104.088
0 days 01:12:34.431000,PER,11,95.292,15.0,2.0,,,False,MEDIUM,15.0,False,Cadillac,1,22.0,True,9,British Grand Prix,True,C2,True,1.119,1.188,3.685,4.023,1.024,1.086,96.198
0 days 01:14:08.959000,PER,11,94.528,16.0,2.0,,,True,MEDIUM,16.0,False,Cadillac,1,22.0,True,9,British Grand Prix,True,C2,True,0.355,0.377,2.921,3.189,0.588,0.626,95.499
0 days 00:49:20.039000,BOT,77,,1.0,1.0,,,False,SOFT,1.0,True,Cadillac,1,21.0,False,9,British Grand Prix,True,C3,False,,,,,,,
0 days 00:50:58.200000,BOT,77,98.161,2.0,1.0,,,True,SOFT,2.0,True,Cadillac,12,18.0,True,9,British Grand Prix,True,C3,False,3.988,4.235,6.554,7.154,2.554,2.671,98.226
0 days 00:52:35.816000,BOT,77,97.616,3.0,1.0,,,True,SOFT,3.0,True,Cadillac,1,19.0,True,9,British Grand Prix,True,C3,True,3.443,3.656,6.009,6.56,2.863,3.022,97.745
0 days 00:54:12.765000,BOT,77,96.949,4.0,1.0,,,True,SOFT,4.0,True,Cadillac,1,19.0,True,9,British Grand Prix,True,C3,True,2.776,2.948,5.342,5.831,2.421,2.561,97.143
0 days 00:55:48.535000,BOT,77,95.77,5.0,1.0,,,True,SOFT,5.0,True,Cadillac,1,19.0,True,9,British Grand Prix,True,C3,True,1.597,1.696,4.163,4.544,1.452,1.539,96.029
0 days 00:57:24.212000,BOT,77,95.677,6.0,1.0,,,True,SOFT,6.0,True,Cadillac,1,19.0,True,9,British Grand Prix,True,C3,True,1.504,1.597,4.07,4.443,1.574,1.673,96.001
0 days 00:58:59.805000,BOT,77,95.593,7.0,1.0,,,True,SOFT,7.0,True,Cadillac,1,19.0,True,9,British Grand Prix,True,C3,True,1.42,1.508,3.986,4.351,1.513,1.608,95.981
0 days 01:00:35.309000,BOT,77,95.504,8.0,1.0,,,True,SOFT,8.0,True,Cadillac,1,19.0,True,9,British Grand Prix,True,C3,True,1.331,1.413,3.897,4.254,1.575,1.677,95.957
0 days 01:02:10.956000,BOT,77,95.647,9.0,1.0,,,False,SOFT,9.0,True,Cadillac,1,19.0,True,9,British Grand Prix,True,C3,True,1.474,1.565,4.04,4.41,1.647,1.752,96.165
0 days 01:03:46.995000,BOT,77,96.039,10.0,1.0,,,False,SOFT,10.0,True,Cadillac,1,19.0,True,9,British Grand Prix,True,C3,True,1.866,1.981,4.432,4.838,1.781,1.889,96.621
0 days 01:05:23.698000,BOT,77,96.703,11.0,1.0,,,False,SOFT,11.0,True,Cadillac,1,19.0,True,9,British Grand Prix,True,C3,True,2.53,2.687,5.096,5.563,2.738,2.914,97.35
0 days 01:07:00.035000,BOT,77,96.337,12.0,1.0,,,False,SOFT,12.0,True,Cadillac,1,19.0,True,9,British Grand Prix,True,C3,True,2.164,2.298,4.73,5.163,2.205,2.342,97.049
0 days 01:08:36.310000,BOT,77,96.275,13.0,1.0,,,False,SOFT,13.0,True,Cadillac,1,19.0,True,9,British Grand Prix,True,C3,True,2.102,2.232,4.668,5.096,2.173,2.309,97.051
0 days 01:10:12.530000,BOT,77,96.22,14.0,1.0,,,False,SOFT,14.0,True,Cadillac,1,19.0,True,9,British Grand Prix,True,C3,True,2.047,2.174,4.613,5.036,2.209,2.35,97.061
0 days 01:11:48.983000,BOT,77,96.453,15.0,1.0,,,False,SOFT,15.0,True,Cadillac,1,19.0,True,9,British Grand Prix,True,C3,True,2.28,2.421,4.846,5.29,2.185,2.318,97.359
0 days 01:13:25.139000,BOT,77,96.156,16.0,1.0,,,False,SOFT,16.0,True,Cadillac,1,19.0,True,9,British Grand Prix,True,C3,True,1.983,2.106,4.549,4.966,2.216,2.359,97.127
0 days 01:15:00.510000,BOT,77,95.371,17.0,1.0,,,True,SOFT,17.0,True,Cadillac,1,19.0,True,9,British Grand Prix,True,C3,True,1.198,1.272,3.764,4.109,1.869,1.999,96.406
0 days 00:49:18.594000,ALO,14,,1.0,1.0,,,False,SOFT,1.0,True,Aston Martin,1,18.0,False,9,British Grand Prix,True,C3,False,,,,,,,
0 days 00:51:01.743000,ALO,14,103.149,2.0,1.0,,,False,SOFT,2.0,True,Aston Martin,12,22.0,True,9,British Grand Prix,True,C3,False,8.976,9.531,11.542,12.599,7.542,7.889,103.214
0 days 00:52:38.639000,ALO,14,96.896,3.0,1.0,,,True,SOFT,3.0,True,Aston Martin,1,21.0,True,9,British Grand Prix,True,C3,True,2.723,2.891,5.289,5.774,2.143,2.262,97.025
0 days 00:54:15.477000,ALO,14,96.838,4.0,1.0,,,True,SOFT,4.0,True,Aston Martin,1,21.0,True,9,British Grand Prix,True,C3,True,2.665,2.83,5.231,5.71,2.31,2.444,97.032
0 days 00:55:52.034000,ALO,14,96.557,5.0,1.0,,,True,SOFT,5.0,True,Aston Martin,1,21.0,True,9,British Grand Prix,True,C3,True,2.384,2.532,4.95,5.404,2.239,2.374,96.816
0 days 00:57:28.722000,ALO,14,96.688,6.0,1.0,,,False,SOFT,6.0,True,Aston Martin,1,21.0,True,9,British Grand Prix,True,C3,True,2.515,2.671,5.081,5.547,2.585,2.747,97.012
0 days 00:59:05.572000,ALO,14,96.85,7.0,1.0,,,False,SOFT,7.0,True,Aston Martin,1,21.0,True,9,British Grand Prix,True,C3,True,2.677,2.843,5.243,5.723,2.77,2.944,97.238
0 days 01:00:41.873000,ALO,14,96.301,8.0,1.0,,,True,SOFT,8.0,True,Aston Martin,1,20.0,True,9,British Grand Prix,True,C3,True,2.128,2.26,4.694,5.124,2.372,2.525,96.754
0 days 01:02:19.079000,ALO,14,97.206,9.0,1.0,,,False,SOFT,9.0,True,Aston Martin,1,20.0,True,9,British Grand Prix,True,C3,True,3.033,3.221,5.599,6.112,3.206,3.411,97.724
0 days 01:03:56.183000,ALO,14,97.104,10.0,1.0,,,False,SOFT,10.0,True,Aston Martin,1,20.0,True,9,British Grand Prix,True,C3,True,2.931,3.112,5.497,6.001,2.846,3.019,97.686
0 days 01:05:33.548000,ALO,14,97.365,11.0,1.0,,,False,SOFT,11.0,True,Aston Martin,1,20.0,True,9,British Grand Prix,True,C3,True,3.192,3.39,5.758,6.286,3.4,3.618,98.012
0 days 01:07:10.918000,ALO,14,97.37,12.0,1.0,,,False,SOFT,12.0,True,Aston Martin,1,20.0,True,9,British Grand Prix,True,C3,True,3.197,3.395,5.763,6.291,3.238,3.44,98.082
0 days 01:08:47.917000,ALO,14,96.999,13.0,1.0,,,False,SOFT,13.0,True,Aston Martin,1,20.0,True,9,British Grand Prix,True,C3,True,2.826,3.001,5.392,5.886,2.897,3.079,97.775
0 days 01:10:24.905000,ALO,14,96.988,14.0,1.0,,,False,SOFT,14.0,True,Aston Martin,1,20.0,True,9,British Grand Prix,True,C3,True,2.815,2.989,5.381,5.874,2.977,3.167,97.829
0 days 01:12:02.184000,ALO,14,97.279,15.0,1.0,,,False,SOFT,15.0,True,Aston Martin,1,20.0,True,9,British Grand Prix,True,C3,True,3.106,3.298,5.672,6.192,3.011,3.194,98.185
0 days 01:13:39.246000,ALO,14,97.062,16.0,1.0,,,False,SOFT,16.0,True,Aston Martin,1,20.0,True,9,British Grand Prix,True,C3,True,2.889,3.068,5.455,5.955,3.122,3.323,98.033
0 days 01:15:17.265000,ALO,14,98.019,17.0,1.0,,,False,SOFT,17.0,True,Aston Martin,1,20.0,True,9,British Grand Prix,True,C3,True,3.846,4.084,6.412,6.999,4.517,4.831,99.054
0 days 00:49:19.491000,STR,18,,1.0,1.0,,,False,SOFT,1.0,True,Aston Martin,1,20.0,False,9,British Grand Prix,True,C3,False,,,,,,,
0 days 00:50:59.326000,STR,18,99.835,2.0,1.0,,,True,SOFT,2.0,True,Aston Martin,12,20.0,True,9,British Grand Prix,True,C3,False,5.662,6.012,8.228,8.982,4.228,4.422,99.9
0 days 00:52:37.020000,STR,18,97.694,3.0,1.0,,,True,SOFT,3.0,True,Aston Martin,1,20.0,True,9,British Grand Prix,True,C3,True,3.521,3.739,6.087,6.645,2.941,3.104,97.823
0 days 00:54:14.111000,STR,18,97.091,4.0,1.0,,,True,SOFT,4.0,True,Aston Martin,1,20.0,True,9,British Grand Prix,True,C3,True,2.918,3.099,5.484,5.986,2.563,2.711,97.285
0 days 00:55:51.076000,STR,18,96.965,5.0,1.0,,,True,SOFT,5.0,True,Aston Martin,1,20.0,True,9,British Grand Prix,True,C3,True,2.792,2.965,5.358,5.849,2.647,2.806,97.224
0 days 00:57:28.005000,STR,18,96.929,6.0,1.0,,,True,SOFT,6.0,True,Aston Martin,1,20.0,True,9,British Grand Prix,True,C3,True,2.756,2.927,5.322,5.81,2.826,3.003,97.253
0 days 00:59:04.781000,STR,18,96.776,7.0,1.0,,,True,SOFT,7.0,True,Aston Martin,1,20.0,True,9,British Grand Prix,True,C3,True,2.603,2.764,5.169,5.643,2.696,2.866,97.164
0 days 01:00:42.429000,STR,18,97.648,8.0,1.0,,,False,SOFT,8.0,True,Aston Martin,1,21.0,True,9,British Grand Prix,True,C3,True,3.475,3.69,6.041,6.594,3.719,3.959,98.101
0 days 01:02:19.833000,STR,18,97.404,9.0,1.0,,,False,SOFT,9.0,True,Aston Martin,1,21.0,True,9,British Grand Prix,True,C3,True,3.231,3.431,5.797,6.328,3.404,3.621,97.922
0 days 01:03:57.451000,STR,18,97.618,10.0,1.0,,,False,SOFT,10.0,True,Aston Martin,1,21.0,True,9,British Grand Prix,True,C3,True,3.445,3.658,6.011,6.562,3.36,3.565,98.2
0 days 01:05:34.991000,STR,18,97.54,11.0,1.0,,,False,SOFT,11.0,True,Aston Martin,1,21.0,True,9,British Grand Prix,True,C3,True,3.367,3.575,5.933,6.477,3.575,3.805,98.187
0 days 01:07:12.540000,STR,18,97.549,12.0,1.0,,,False,SOFT,12.0,True,Aston Martin,1,21.0,True,9,British Grand Prix,True,C3,True,3.376,3.585,5.942,6.486,3.417,3.63,98.261
0 days 01:08:51.350000,STR,18,98.81,13.0,1.0,,,False,SOFT,13.0,True,Aston Martin,1,21.0,True,9,British Grand Prix,True,C3,True,4.637,4.924,7.203,7.863,4.708,5.003,99.586
0 days 01:10:29.862000,STR,18,98.512,14.0,1.0,,0 days 01:10:23.963000,False,SOFT,14.0,True,Aston Martin,1,21.0,False,9,British Grand Prix,True,C3,False,4.339,4.607,6.905,7.538,4.501,4.788,99.353
0 days 01:12:32.642000,STR,18,122.78,15.0,2.0,0 days 01:10:55.103000,,False,MEDIUM,6.0,False,Aston Martin,1,21.0,False,9,British Grand Prix,True,C2,False,28.607,30.377,31.173,34.029,28.512,30.246,123.686
0 days 01:14:07.670000,STR,18,95.028,16.0,2.0,,,True,MEDIUM,7.0,False,Aston Martin,1,21.0,True,9,British Grand Prix,True,C2,True,0.855,0.908,3.421,3.734,1.088,1.158,95.999
0 days 00:49:21.384000,ALB,23,,1.0,1.0,0 days 00:47:47.033000,,False,MEDIUM,1.0,True,Williams,1,22.0,False,9,British Grand Prix,True,C2,False,,,,,,,
0 days 00:50:58.776000,ALB,23,97.392,2.0,1.0,,,True,MEDIUM,2.0,True,Williams,12,19.0,True,9,British Grand Prix,True,C2,False,3.219,3.418,5.785,6.315,1.785,1.867,97.457
0 days 00:52:34.098000,ALB,23,95.322,3.0,1.0,,,True,MEDIUM,3.0,True,Williams,1,18.0,True,9,British Grand Prix,True,C2,True,1.149,1.22,3.715,4.055,0.569,0.601,95.451
0 days 00:54:08.674000,ALB,23,94.576,4.0,1.0,,,True,MEDIUM,4.0,True,Williams,1,18.0,True,9,British Grand Prix,True,C2,True,0.403,0.428,2.969,3.241,0.048,0.051,94.77
0 days 00:55:43.102000,ALB,23,94.428,5.0,1.0,,,True,MEDIUM,5.0,True,Williams,1,18.0,True,9,British Grand Prix,True,C2,True,0.255,0.271,2.821,3.079,0.11,0.117,94.687
0 days 00:57:17.758000,ALB,23,94.656,6.0,1.0,,,False,MEDIUM,6.0,True,Williams,1,18.0,True,9,British Grand Prix,True,C2,True,0.483,0.513,3.049,3.328,0.553,0.588,94.98
0 days 00:58:52.131000,ALB,23,94.373,7.0,1.0,,,True,MEDIUM,7.0,True,Williams,1,18.0,True,9,British Grand Prix,True,C2,True,0.2,0.212,2.766,3.019,0.293,0.311,94.761
0 days 01:00:26.558000,ALB,23,94.427,8.0,1.0,,,False,MEDIUM,8.0,True,Williams,1,18.0,True,9,British Grand Prix,True,C2,True,0.254,0.27,2.82,3.078,0.498,0.53,94.88
0 days 01:02:00.858000,ALB,23,94.3,9.0,1.0,,,True,MEDIUM,9.0,True,Williams,1,18.0,True,9,British Grand Prix,True,C2,True,0.127,0.135,2.693,2.94,0.3,0.319,94.818
0 days 01:03:35.462000,ALB,23,94.604,10.0,1.0,,,False,MEDIUM,10.0,True,Williams,1,18.0,True,9,British Grand Prix,True,C2,True,0.431,0.458,2.997,3.272,0.346,0.367,95.186
0 days 01:05:09.839000,ALB,23,94.377,11.0,1.0,,,False,MEDIUM,11.0,True,Williams,1,18.0,True,9,British Grand Prix,True,C2,True,0.204,0.217,2.77,3.024,0.412,0.438,95.024
0 days 01:06:44.246000,ALB,23,94.407,12.0,1.0,,,False,MEDIUM,12.0,True,Williams,1,18.0,True,9,British Grand Prix,True,C2,True,0.234,0.248,2.8,3.057,0.275,0.292,95.119
0 days 01:08:18.554000,ALB,23,94.308,13.0,1.0,,,False,MEDIUM,13.0,True,Williams,1,18.0,True,9,British Grand Prix,True,C2,True,0.135,0.143,2.701,2.948,0.206,0.219,95.084
0 days 01:09:53.263000,ALB,23,94.709,14.0,1.0,,,False,MEDIUM,14.0,True,Williams,1,18.0,True,9,British Grand Prix,True,C2,True,0.536,0.569,3.102,3.386,0.698,0.742,95.55
0 days 01:11:28.053000,ALB,23,94.79,15.0,1.0,,,False,MEDIUM,15.0,True,Williams,1,18.0,True,9,British Grand Prix,True,C2,True,0.617,0.655,3.183,3.475,0.522,0.554,95.696
0 days 01:13:02.161000,ALB,23,94.108,16.0,1.0,,,True,MEDIUM,16.0,True,Williams,1,18.0,True,9,British Grand Prix,True,C2,True,-0.065,-0.069,2.501,2.73,0.168,0.179,95.079
0 days 01:14:36.150000,ALB,23,93.989,17.0,1.0,,,True,MEDIUM,17.0,True,Williams,1,18.0,True,9,British Grand Prix,True,C2,True,-0.184,-0.195,2.382,2.6,0.487,0.521,95.024
