Time,Driver,DriverNumber,LapTime,LapNumber,Stint,PitOutTime,PitInTime,IsPersonalBest,Compound,TyreLife,FreshTyre,Team,TrackStatus,Position,IsAccurate,RoundNumber,EventName,IsSlick,CompoundName,IsValid,DeltaToRep,PctFromRep,DeltaToFastest,PctFromFastest,DeltaToLapRep,PctFromLapRep,FuelAdjLapTime
0 days 01:03:56.437000,NOR,1,,1.0,1.0,,,False,MEDIUM,1.0,True,McLaren,1,6.0,False,1,Australian Grand Prix,True,C4,False,,,,,,,
0 days 01:05:23.781000,NOR,1,87.344,2.0,1.0,,,True,MEDIUM,2.0,True,McLaren,1,6.0,True,1,Australian Grand Prix,True,C4,True,2.469,2.909,5.253,6.399,0.012,0.014,87.401
0 days 01:06:50.644000,NOR,1,86.863,3.0,1.0,,,True,MEDIUM,3.0,True,McLaren,1,7.0,True,1,Australian Grand Prix,True,C4,True,1.988,2.342,4.772,5.813,0.148,0.171,86.977
0 days 01:08:16.501000,NOR,1,85.857,4.0,1.0,,,True,MEDIUM,4.0,True,McLaren,1,7.0,True,1,Australian Grand Prix,True,C4,True,0.982,1.157,3.766,4.588,-0.272,-0.316,86.028
0 days 01:09:42.074000,NOR,1,85.573,5.0,1.0,,,True,MEDIUM,5.0,True,McLaren,1,7.0,True,1,Australian Grand Prix,True,C4,True,0.698,0.822,3.482,4.242,-0.995,-1.149,85.801
0 days 01:11:07.110000,NOR,1,85.036,6.0,1.0,,,True,MEDIUM,6.0,True,McLaren,1,7.0,True,1,Australian Grand Prix,True,C4,True,0.161,0.19,2.945,3.587,-0.943,-1.097,85.32
0 days 01:12:32.088000,NOR,1,84.978,7.0,1.0,,,True,MEDIUM,7.0,True,McLaren,1,7.0,True,1,Australian Grand Prix,True,C4,True,0.103,0.121,2.887,3.517,-0.436,-0.51,85.319
0 days 01:13:57.387000,NOR,1,85.299,8.0,1.0,,,False,MEDIUM,8.0,True,McLaren,1,7.0,True,1,Australian Grand Prix,True,C4,True,0.424,0.5,3.208,3.908,-0.153,-0.179,85.697
0 days 01:15:23.026000,NOR,1,85.639,9.0,1.0,,,False,MEDIUM,9.0,True,McLaren,1,7.0,True,1,Australian Grand Prix,True,C4,True,0.764,0.9,3.548,4.322,0.0,0.0,86.094
0 days 01:16:48.321000,NOR,1,85.295,10.0,1.0,,,False,MEDIUM,10.0,True,McLaren,1,7.0,True,1,Australian Grand Prix,True,C4,True,0.42,0.495,3.204,3.903,-0.337,-0.394,85.807
0 days 01:18:31.712000,NOR,1,103.391,11.0,1.0,,0 days 01:18:15.593000,False,MEDIUM,11.0,True,McLaren,16,9.0,False,1,Australian Grand Prix,True,C4,False,18.516,21.816,21.3,25.947,11.759,12.833,103.96
0 days 01:20:29.787000,NOR,1,118.075,12.0,2.0,0 days 01:18:34.141000,,False,HARD,1.0,True,McLaren,6,9.0,False,1,Australian Grand Prix,True,C3,False,33.2,39.116,35.984,43.834,3.414,2.977,118.701
0 days 01:22:21.719000,NOR,1,111.932,13.0,2.0,,,False,HARD,2.0,True,McLaren,671,9.0,False,1,Australian Grand Prix,True,C3,False,27.057,31.879,29.841,36.351,-0.143,-0.128,112.615
0 days 01:23:45.952000,NOR,1,84.233,14.0,2.0,,,True,HARD,3.0,True,McLaren,1,9.0,True,1,Australian Grand Prix,True,C3,True,-0.642,-0.756,2.142,2.609,-2.163,-2.504,84.973
0 days 01:25:09.736000,NOR,1,83.784,15.0,2.0,,,True,HARD,4.0,True,McLaren,1,9.0,True,1,Australian Grand Prix,True,C3,True,-1.091,-1.285,1.693,2.062,-1.04,-1.226,84.581
0 days 01:26:33.648000,NOR,1,83.912,16.0,2.0,,,False,HARD,5.0,True,McLaren,1,9.0,True,1,Australian Grand Prix,True,C3,True,-0.963,-1.135,1.821,2.218,-1.048,-1.234,84.765
0 days 01:27:57.701000,NOR,1,84.053,17.0,2.0,,,False,HARD,6.0,True,McLaren,1,9.0,True,1,Australian Grand Prix,True,C3,True,-0.822,-0.968,1.962,2.39,-1.071,-1.258,84.963
0 days 01:29:33.105000,NOR,1,95.404,18.0,2.0,,,False,HARD,7.0,True,McLaren,126,5.0,False,1,Australian Grand Prix,True,C3,False,10.529,12.405,13.313,16.217,-5.821,-5.751,96.371
0 days 01:31:29.175000,NOR,1,116.07,19.0,2.0,,,False,HARD,8.0,True,McLaren,67,5.0,False,1,Australian Grand Prix,True,C3,False,31.195,36.754,33.979,41.392,3.359,2.98,117.094
0 days 01:32:54.949000,NOR,1,85.774,20.0,2.0,,,False,HARD,9.0,True,McLaren,71,5.0,False,1,Australian Grand Prix,True,C3,False,0.899,1.059,3.683,4.486,-0.358,-0.416,86.855
0 days 01:34:18.921000,NOR,1,83.972,21.0,2.0,,,False,HARD,10.0,True,McLaren,1,5.0,True,1,Australian Grand Prix,True,C3,True,-0.903,-1.064,1.881,2.291,-0.949,-1.118,85.11
0 days 01:35:42.608000,NOR,1,83.687,22.0,2.0,,,True,HARD,11.0,True,McLaren,1,5.0,True,1,Australian Grand Prix,True,C3,True,-1.188,-1.4,1.596,1.944,-0.741,-0.878,84.882
0 days 01:37:06.142000,NOR,1,83.534,23.0,2.0,,,True,HARD,12.0,True,McLaren,1,5.0,True,1,Australian Grand Prix,True,C3,True,-1.341,-1.58,1.443,1.758,-1.116,-1.318,84.786
0 days 01:38:29.536000,NOR,1,83.394,24.0,2.0,,,True,HARD,13.0,True,McLaren,1,5.0,True,1,Australian Grand Prix,True,C3,True,-1.481,-1.745,1.303,1.587,-1.298,-1.533,84.703
0 days 01:39:53.036000,NOR,1,83.5,25.0,2.0,,,False,HARD,14.0,True,McLaren,1,5.0,True,1,Australian Grand Prix,True,C3,True,-1.375,-1.62,1.409,1.716,-0.982,-1.162,84.866
0 days 01:41:16.439000,NOR,1,83.403,26.0,2.0,,,False,HARD,15.0,True,McLaren,1,5.0,True,1,Australian Grand Prix,True,C3,True,-1.472,-1.734,1.312,1.598,-1.13,-1.337,84.825
0 days 01:42:40.335000,NOR,1,83.896,27.0,2.0,,,False,HARD,16.0,True,McLaren,1,5.0,True,1,Australian Grand Prix,True,C3,True,-0.979,-1.153,1.805,2.199,-0.552,-0.654,85.375
0 days 01:44:04.375000,NOR,1,84.04,28.0,2.0,,,False,HARD,17.0,True,McLaren,1,5.0,True,1,Australian Grand Prix,True,C3,True,-0.835,-0.984,1.949,2.374,-0.566,-0.669,85.576
0 days 01:45:28.455000,NOR,1,84.08,29.0,2.0,,,False,HARD,18.0,True,McLaren,1,5.0,True,1,Australian Grand Prix,True,C3,True,-0.795,-0.937,1.989,2.423,-0.926,-1.089,85.673
0 days 01:46:52.416000,NOR,1,83.961,30.0,2.0,,,False,HARD,19.0,True,McLaren,1,5.0,True,1,Australian Grand Prix,True,C3,True,-0.914,-1.077,1.87,2.278,-0.548,-0.648,85.611
0 days 01:48:16.510000,NOR,1,84.094,31.0,2.0,,,False,HARD,20.0,True,McLaren,1,5.0,True,1,Australian Grand Prix,True,C3,True,-0.781,-0.92,2.003,2.44,-0.782,-0.921,85.801
0 days 01:49:40.585000,NOR,1,84.075,32.0,2.0,,,False,HARD,21.0,True,McLaren,1,5.0,True,1,Australian Grand Prix,True,C3,True,-0.8,-0.943,1.984,2.417,-0.931,-1.095,85.839
0 days 01:51:05.375000,NOR,1,84.79,33.0,2.0,,,False,HARD,22.0,True,McLaren,1,5.0,True,1,Australian Grand Prix,True,C3,True,-0.085,-0.1,2.699,3.288,-1.738,-2.009,86.611
0 days 01:52:58.107000,NOR,1,112.732,34.0,2.0,,0 days 01:52:42.584000,False,HARD,23.0,True,McLaren,167,6.0,False,1,Australian Grand Prix,True,C3,False,27.857,32.821,30.641,37.326,18.92,20.168,114.61
0 days 01:54:27.541000,NOR,1,89.434,35.0,3.0,0 days 01:53:00.323000,,False,MEDIUM,1.0,True,McLaren,1,8.0,False,1,Australian Grand Prix,True,C4,False,4.559,5.371,7.343,8.945,4.898,5.794,91.368
0 days 01:55:50.865000,NOR,1,83.324,36.0,3.0,,,True,MEDIUM,2.0,True,McLaren,1,8.0,True,1,Australian Grand Prix,True,C4,True,-1.551,-1.827,1.233,1.502,-1.274,-1.506,85.315
0 days 01:57:14.313000,NOR,1,83.448,37.0,3.0,,,False,MEDIUM,3.0,True,McLaren,1,8.0,True,1,Australian Grand Prix,True,C4,True,-1.427,-1.681,1.357,1.653,-1.075,-1.272,85.496
0 days 01:58:37.736000,NOR,1,83.423,38.0,3.0,,,False,MEDIUM,4.0,True,McLaren,1,7.0,True,1,Australian Grand Prix,True,C4,True,-1.452,-1.711,1.332,1.623,-1.67,-1.963,85.528
0 days 02:00:01.737000,NOR,1,84.001,39.0,3.0,,,False,MEDIUM,5.0,True,McLaren,1,6.0,True,1,Australian Grand Prix,True,C4,True,-0.874,-1.03,1.91,2.327,-0.792,-0.934,86.163
0 days 02:01:25.134000,NOR,1,83.397,40.0,3.0,,,False,MEDIUM,6.0,True,McLaren,1,6.0,True,1,Australian Grand Prix,True,C4,True,-1.478,-1.741,1.306,1.591,-1.668,-1.961,85.616
0 days 02:02:48.896000,NOR,1,83.762,41.0,3.0,,,False,MEDIUM,7.0,True,McLaren,1,6.0,True,1,Australian Grand Prix,True,C4,True,-1.113,-1.311,1.671,2.036,-1.2,-1.412,86.038
0 days 02:04:12.243000,NOR,1,83.347,42.0,3.0,,,False,MEDIUM,8.0,True,McLaren,1,5.0,True,1,Australian Grand Prix,True,C4,True,-1.528,-1.8,1.256,1.53,-1.333,-1.574,85.68
0 days 02:05:35.529000,NOR,1,83.286,43.0,3.0,,,True,MEDIUM,9.0,True,McLaren,1,5.0,True,1,Australian Grand Prix,True,C4,True,-1.589,-1.872,1.195,1.456,-1.104,-1.308,85.676
0 days 02:06:58.721000,NOR,1,83.192,44.0,3.0,,,True,MEDIUM,10.0,True,McLaren,1,5.0,True,1,Australian Grand Prix,True,C4,True,-1.683,-1.983,1.101,1.341,-0.879,-1.046,85.639
0 days 02:08:21.607000,NOR,1,82.886,45.0,3.0,,,True,MEDIUM,11.0,True,McLaren,1,5.0,True,1,Australian Grand Prix,True,C4,True,-1.989,-2.343,0.795,0.968,-1.244,-1.479,85.389
0 days 02:09:44.515000,NOR,1,82.908,46.0,3.0,,,False,MEDIUM,12.0,True,McLaren,1,5.0,True,1,Australian Grand Prix,True,C4,True,-1.967,-2.318,0.817,0.995,-0.979,-1.167,85.468
0 days 02:11:07.293000,NOR,1,82.778,47.0,3.0,,,True,MEDIUM,13.0,True,McLaren,1,5.0,True,1,Australian Grand Prix,True,C4,True,-2.097,-2.471,0.687,0.837,-1.198,-1.427,85.395
0 days 02:12:30.246000,NOR,1,82.953,48.0,3.0,,,False,MEDIUM,14.0,True,McLaren,1,5.0,True,1,Australian Grand Prix,True,C4,True,-1.922,-2.265,0.862,1.05,-1.36,-1.613,85.627
0 days 02:13:53.050000,NOR,1,82.804,49.0,3.0,,,False,MEDIUM,15.0,True,McLaren,1,5.0,True,1,Australian Grand Prix,True,C4,True,-2.071,-2.44,0.713,0.869,-1.123,-1.338,85.535
0 days 02:15:15.813000,NOR,1,82.763,50.0,3.0,,,True,MEDIUM,16.0,True,McLaren,1,5.0,True,1,Australian Grand Prix,True,C4,True,-2.112,-2.488,0.672,0.819,-1.053,-1.256,85.551
0 days 02:16:38.411000,NOR,1,82.598,51.0,3.0,,,True,MEDIUM,17.0,True,McLaren,1,5.0,True,1,Australian Grand Prix,True,C4,True,-2.277,-2.683,0.507,0.618,-1.706,-2.024,85.443
0 days 02:18:01.195000,NOR,1,82.784,52.0,3.0,,,False,MEDIUM,18.0,True,McLaren,1,5.0,True,1,Australian Grand Prix,True,C4,True,-2.091,-2.464,0.693,0.844,-1.528,-1.812,85.686
0 days 02:19:23.553000,NOR,1,82.358,53.0,3.0,,,True,MEDIUM,19.0,True,McLaren,1,5.0,True,1,Australian Grand Prix,True,C4,True,-2.517,-2.966,0.267,0.325,-2.348,-2.772,85.317
0 days 02:20:46.349000,NOR,1,82.796,54.0,3.0,,,False,MEDIUM,20.0,True,McLaren,1,5.0,True,1,Australian Grand Prix,True,C4,True,-2.079,-2.449,0.705,0.859,-1.597,-1.892,85.812
0 days 02:22:09.216000,NOR,1,82.867,55.0,3.0,,,False,MEDIUM,21.0,True,McLaren,1,5.0,True,1,Australian Grand Prix,True,C4,True,-2.008,-2.366,0.776,0.945,-1.339,-1.59,85.939
0 days 02:23:32.059000,NOR,1,82.843,56.0,3.0,,,False,MEDIUM,22.0,True,McLaren,1,5.0,True,1,Australian Grand Prix,True,C4,True,-2.032,-2.394,0.752,0.916,-1.643,-1.945,85.972
0 days 02:24:55.475000,NOR,1,83.416,57.0,3.0,,,False,MEDIUM,23.0,True,McLaren,1,5.0,True,1,Australian Grand Prix,True,C4,True,-1.459,-1.719,1.325,1.614,-1.157,-1.368,86.602
0 days 02:26:18.521000,NOR,1,83.046,58.0,3.0,,,False,MEDIUM,24.0,True,McLaren,1,5.0,True,1,Australian Grand Prix,True,C4,True,-1.829,-2.155,0.955,1.163,-0.136,-0.163,86.289
0 days 01:03:57.959000,GAS,10,,1.0,1.0,,,False,MEDIUM,1.0,True,Alpine,1,9.0,False,1,Australian Grand Prix,True,C4,False,,,,,,,
0 days 01:05:25.240000,GAS,10,87.281,2.0,1.0,,,True,MEDIUM,2.0,True,Alpine,1,9.0,True,1,Australian Grand Prix,True,C4,True,2.406,2.835,5.19,6.322,-0.051,-0.058,87.338
0 days 01:06:51.611000,GAS,10,86.371,3.0,1.0,,,True,MEDIUM,3.0,True,Alpine,1,9.0,True,1,Australian Grand Prix,True,C4,True,1.496,1.763,4.28,5.214,-0.344,-0.397,86.485
0 days 01:08:17.505000,GAS,10,85.894,4.0,1.0,,,True,MEDIUM,4.0,True,Alpine,1,9.0,True,1,Australian Grand Prix,True,C4,True,1.019,1.201,3.803,4.633,-0.235,-0.273,86.065
0 days 01:09:44.545000,GAS,10,87.04,5.0,1.0,,,False,MEDIUM,5.0,True,Alpine,1,9.0,True,1,Australian Grand Prix,True,C4,True,2.165,2.551,4.949,6.029,0.472,0.545,87.268
0 days 01:11:10.534000,GAS,10,85.989,6.0,1.0,,,False,MEDIUM,6.0,True,Alpine,1,9.0,True,1,Australian Grand Prix,True,C4,True,1.114,1.313,3.898,4.748,0.01,0.012,86.273
0 days 01:12:35.613000,GAS,10,85.079,7.0,1.0,,,True,MEDIUM,7.0,True,Alpine,1,9.0,True,1,Australian Grand Prix,True,C4,True,0.204,0.24,2.988,3.64,-0.335,-0.392,85.42
0 days 01:14:00.577000,GAS,10,84.964,8.0,1.0,,,True,MEDIUM,8.0,True,Alpine,1,9.0,True,1,Australian Grand Prix,True,C4,True,0.089,0.105,2.873,3.5,-0.488,-0.571,85.362
0 days 01:15:26.018000,GAS,10,85.441,9.0,1.0,,,False,MEDIUM,9.0,True,Alpine,1,9.0,True,1,Australian Grand Prix,True,C4,True,0.566,0.667,3.35,4.081,-0.198,-0.231,85.896
0 days 01:16:52.687000,GAS,10,86.669,10.0,1.0,,,False,MEDIUM,10.0,True,Alpine,1,10.0,True,1,Australian Grand Prix,True,C4,True,1.794,2.114,4.578,5.577,1.037,1.211,87.181
0 days 01:18:37.508000,GAS,10,104.821,11.0,1.0,,0 days 01:18:21.012000,False,MEDIUM,11.0,True,Alpine,16,12.0,False,1,Australian Grand Prix,True,C4,False,19.946,23.5,22.73,27.689,13.189,14.393,105.39
0 days 01:20:35.580000,GAS,10,118.072,12.0,2.0,0 days 01:18:39.918000,,False,HARD,1.0,True,Alpine,6,11.0,False,1,Australian Grand Prix,True,C3,False,33.197,39.113,35.981,43.831,3.411,2.975,118.698
0 days 01:22:27.214000,GAS,10,111.634,13.0,2.0,,,False,HARD,2.0,True,Alpine,671,11.0,False,1,Australian Grand Prix,True,C3,False,26.759,31.528,29.543,35.988,-0.441,-0.393,112.317
0 days 01:23:52.962000,GAS,10,85.748,14.0,2.0,,,False,HARD,3.0,True,Alpine,1,11.0,True,1,Australian Grand Prix,True,C3,True,0.873,1.029,3.657,4.455,-0.648,-0.75,86.488
0 days 01:25:17.785000,GAS,10,84.823,15.0,2.0,,,True,HARD,4.0,True,Alpine,1,11.0,True,1,Australian Grand Prix,True,C3,True,-0.052,-0.061,2.732,3.328,-0.001,-0.001,85.62
0 days 01:26:42.475000,GAS,10,84.69,16.0,2.0,,,True,HARD,5.0,True,Alpine,1,11.0,True,1,Australian Grand Prix,True,C3,True,-0.185,-0.218,2.599,3.166,-0.27,-0.318,85.543
0 days 01:28:07.678000,GAS,10,85.203,17.0,2.0,,,False,HARD,6.0,True,Alpine,1,11.0,True,1,Australian Grand Prix,True,C3,True,0.328,0.386,3.112,3.791,0.079,0.093,86.113
0 days 01:29:48.903000,GAS,10,101.225,18.0,2.0,,,False,HARD,7.0,True,Alpine,126,11.0,False,1,Australian Grand Prix,True,C3,False,16.35,19.264,19.134,23.308,0.0,0.0,102.192
0 days 01:31:41.853000,GAS,10,112.95,19.0,2.0,,,False,HARD,8.0,True,Alpine,671,10.0,False,1,Australian Grand Prix,True,C3,False,28.075,33.078,30.859,37.591,0.239,0.212,113.974
0 days 01:33:08.431000,GAS,10,86.578,20.0,2.0,,,False,HARD,9.0,True,Alpine,1,11.0,True,1,Australian Grand Prix,True,C3,True,1.703,2.006,4.487,5.466,0.446,0.518,87.659
0 days 01:34:34.109000,GAS,10,85.678,21.0,2.0,,,False,HARD,10.0,True,Alpine,1,10.0,True,1,Australian Grand Prix,True,C3,True,0.803,0.946,3.587,4.37,0.757,0.891,86.816
0 days 01:35:58.695000,GAS,10,84.586,22.0,2.0,,,True,HARD,11.0,True,Alpine,1,10.0,True,1,Australian Grand Prix,True,C3,True,-0.289,-0.341,2.495,3.039,0.158,0.187,85.781
0 days 01:37:23.194000,GAS,10,84.499,23.0,2.0,,,True,HARD,12.0,True,Alpine,1,10.0,True,1,Australian Grand Prix,True,C3,True,-0.376,-0.443,2.408,2.933,-0.151,-0.178,85.751
0 days 01:38:48.046000,GAS,10,84.852,24.0,2.0,,,False,HARD,13.0,True,Alpine,1,10.0,True,1,Australian Grand Prix,True,C3,True,-0.023,-0.027,2.761,3.363,0.16,0.189,86.161
0 days 01:40:12.586000,GAS,10,84.54,25.0,2.0,,,False,HARD,14.0,True,Alpine,1,10.0,True,1,Australian Grand Prix,True,C3,True,-0.335,-0.395,2.449,2.983,0.058,0.069,85.906
0 days 01:41:37.357000,GAS,10,84.771,26.0,2.0,,,False,HARD,15.0,True,Alpine,1,10.0,True,1,Australian Grand Prix,True,C3,True,-0.104,-0.123,2.68,3.265,0.238,0.282,86.193
0 days 01:43:02.018000,GAS,10,84.661,27.0,2.0,,,False,HARD,16.0,True,Alpine,1,10.0,True,1,Australian Grand Prix,True,C3,True,-0.214,-0.252,2.57,3.131,0.213,0.252,86.14
0 days 01:44:26.813000,GAS,10,84.795,28.0,2.0,,,False,HARD,17.0,True,Alpine,1,10.0,True,1,Australian Grand Prix,True,C3,True,-0.08,-0.094,2.704,3.294,0.189,0.223,86.331
0 days 01:45:51.909000,GAS,10,85.096,29.0,2.0,,,False,HARD,18.0,True,Alpine,1,10.0,True,1,Australian Grand Prix,True,C3,True,0.221,0.26,3.005,3.661,0.09,0.106,86.689
0 days 01:47:17.151000,GAS,10,85.242,30.0,2.0,,,False,HARD,19.0,True,Alpine,1,10.0,True,1,Australian Grand Prix,True,C3,True,0.367,0.432,3.151,3.838,0.733,0.867,86.892
0 days 01:48:42.422000,GAS,10,85.271,31.0,2.0,,,False,HARD,20.0,True,Alpine,1,10.0,True,1,Australian Grand Prix,True,C3,True,0.396,0.467,3.18,3.874,0.395,0.465,86.978
0 days 01:50:07.624000,GAS,10,85.202,32.0,2.0,,,False,HARD,21.0,True,Alpine,1,10.0,True,1,Australian Grand Prix,True,C3,True,0.327,0.385,3.111,3.79,0.196,0.231,86.966
0 days 01:51:39.900000,GAS,10,92.276,33.0,2.0,,,False,HARD,22.0,True,Alpine,16,9.0,False,1,Australian Grand Prix,True,C3,False,7.401,8.72,10.185,12.407,5.748,6.643,94.097
0 days 01:53:11.144000,GAS,10,91.244,34.0,2.0,,,False,HARD,23.0,True,Alpine,671,9.0,False,1,Australian Grand Prix,True,C3,False,6.369,7.504,9.153,11.15,-2.568,-2.737,93.122
0 days 01:54:36.173000,GAS,10,85.029,35.0,2.0,,,False,HARD,24.0,True,Alpine,1,9.0,True,1,Australian Grand Prix,True,C3,True,0.154,0.181,2.938,3.579,0.493,0.583,86.963
0 days 01:56:01.350000,GAS,10,85.177,36.0,2.0,,,False,HARD,25.0,True,Alpine,1,9.0,True,1,Australian Grand Prix,True,C3,True,0.302,0.356,3.086,3.759,0.579,0.684,87.168
0 days 01:57:27.683000,GAS,10,86.333,37.0,2.0,,,False,HARD,26.0,True,Alpine,1,10.0,True,1,Australian Grand Prix,True,C3,True,1.458,1.718,4.242,5.167,1.81,2.141,88.381
0 days 01:58:53.777000,GAS,10,86.094,38.0,2.0,,,False,HARD,27.0,True,Alpine,1,9.0,True,1,Australian Grand Prix,True,C3,True,1.219,1.436,4.003,4.876,1.001,1.176,88.199
0 days 02:00:19.042000,GAS,10,85.265,39.0,2.0,,,False,HARD,28.0,True,Alpine,1,9.0,True,1,Australian Grand Prix,True,C3,True,0.39,0.459,3.174,3.866,0.472,0.557,87.427
0 days 02:01:45.174000,GAS,10,86.132,40.0,2.0,,,False,HARD,29.0,True,Alpine,1,10.0,True,1,Australian Grand Prix,True,C3,True,1.257,1.481,4.041,4.923,1.067,1.254,88.351
0 days 02:03:10.493000,GAS,10,85.319,41.0,2.0,,,False,HARD,30.0,True,Alpine,1,10.0,True,1,Australian Grand Prix,True,C3,True,0.444,0.523,3.228,3.932,0.357,0.42,87.595
0 days 02:04:35.372000,GAS,10,84.879,42.0,2.0,,,False,HARD,31.0,True,Alpine,1,10.0,True,1,Australian Grand Prix,True,C3,True,0.004,0.005,2.788,3.396,0.199,0.235,87.212
0 days 02:06:00.349000,GAS,10,84.977,43.0,2.0,,,False,HARD,32.0,True,Alpine,1,10.0,True,1,Australian Grand Prix,True,C3,True,0.102,0.12,2.886,3.516,0.587,0.696,87.367
0 days 02:07:25.377000,GAS,10,85.028,44.0,2.0,,,False,HARD,33.0,True,Alpine,1,10.0,True,1,Australian Grand Prix,True,C3,True,0.153,0.18,2.937,3.578,0.957,1.138,87.475
0 days 02:08:52.552000,GAS,10,87.175,45.0,2.0,,,False,HARD,34.0,True,Alpine,1,10.0,True,1,Australian Grand Prix,True,C3,True,2.3,2.71,5.084,6.193,3.045,3.619,89.678
0 days 02:10:17.905000,GAS,10,85.353,46.0,2.0,,,False,HARD,35.0,True,Alpine,1,10.0,True,1,Australian Grand Prix,True,C3,True,0.478,0.563,3.262,3.974,1.466,1.748,87.913
0 days 02:11:44.402000,GAS,10,86.497,47.0,2.0,,,False,HARD,36.0,True,Alpine,1,10.0,True,1,Australian Grand Prix,True,C3,True,1.622,1.911,4.406,5.367,2.521,3.002,89.114
0 days 02:13:09.384000,GAS,10,84.982,48.0,2.0,,,False,HARD,37.0,True,Alpine,1,10.0,True,1,Australian Grand Prix,True,C3,True,0.107,0.126,2.891,3.522,0.669,0.793,87.656
0 days 02:14:34.665000,GAS,10,85.281,49.0,2.0,,,False,HARD,38.0,True,Alpine,1,10.0,True,1,Australian Grand Prix,True,C3,True,0.406,0.478,3.19,3.886,1.354,1.613,88.012
0 days 02:15:59.592000,GAS,10,84.927,50.0,2.0,,,False,HARD,39.0,True,Alpine,1,10.0,True,1,Australian Grand Prix,True,C3,True,0.052,0.061,2.836,3.455,1.111,1.326,87.715
0 days 02:17:26.052000,GAS,10,86.46,51.0,2.0,,,False,HARD,40.0,True,Alpine,1,10.0,True,1,Australian Grand Prix,True,C3,True,1.585,1.867,4.369,5.322,2.156,2.557,89.305
0 days 02:18:52.579000,GAS,10,86.527,52.0,2.0,,,False,HARD,41.0,True,Alpine,1,10.0,True,1,Australian Grand Prix,True,C3,True,1.652,1.946,4.436,5.404,2.215,2.627,89.429
0 days 02:20:17.369000,GAS,10,84.79,53.0,2.0,,,False,HARD,42.0,True,Alpine,1,10.0,True,1,Australian Grand Prix,True,C3,True,-0.085,-0.1,2.699,3.288,0.084,0.099,87.749
0 days 02:21:41.889000,GAS,10,84.52,54.0,2.0,,,False,HARD,43.0,True,Alpine,1,10.0,True,1,Australian Grand Prix,True,C3,True,-0.355,-0.418,2.429,2.959,0.127,0.15,87.536
0 days 02:23:06.484000,GAS,10,84.595,55.0,2.0,,,False,HARD,44.0,True,Alpine,1,10.0,True,1,Australian Grand Prix,True,C3,True,-0.28,-0.33,2.504,3.05,0.389,0.462,87.667
0 days 02:24:30.970000,GAS,10,84.486,56.0,2.0,,,True,HARD,45.0,True,Alpine,1,10.0,True,1,Australian Grand Prix,True,C3,True,-0.389,-0.458,2.395,2.917,0.0,0.0,87.615
0 days 02:25:55.807000,GAS,10,84.837,57.0,2.0,,,False,HARD,46.0,True,Alpine,1,10.0,True,1,Australian Grand Prix,True,C3,True,-0.038,-0.045,2.746,3.345,0.264,0.312,88.023
0 days 01:04:02.536000,PER,11,,1.0,1.0,,,False,MEDIUM,1.0,True,Cadillac,1,19.0,False,1,Australian Grand Prix,True,C4,False,,,,,,,
0 days 01:05:31.299000,PER,11,88.763,2.0,1.0,,,True,MEDIUM,2.0,True,Cadillac,1,19.0,True,1,Australian Grand Prix,True,C4,True,3.888,4.581,6.672,8.128,1.431,1.639,88.82
0 days 01:06:59.393000,PER,11,88.094,3.0,1.0,,,True,MEDIUM,3.0,True,Cadillac,1,18.0,True,1,Australian Grand Prix,True,C4,True,3.219,3.793,6.003,7.313,1.379,1.59,88.208
0 days 01:08:26.615000,PER,11,87.222,4.0,1.0,,,True,MEDIUM,4.0,True,Cadillac,1,18.0,True,1,Australian Grand Prix,True,C4,True,2.347,2.765,5.131,6.25,1.093,1.269,87.393
0 days 01:09:54.640000,PER,11,88.025,5.0,1.0,,,False,MEDIUM,5.0,True,Cadillac,1,18.0,True,1,Australian Grand Prix,True,C4,True,3.15,3.711,5.934,7.229,1.457,1.683,88.253
0 days 01:11:22.235000,PER,11,87.595,6.0,1.0,,,False,MEDIUM,6.0,True,Cadillac,1,18.0,True,1,Australian Grand Prix,True,C4,True,2.72,3.205,5.504,6.705,1.616,1.88,87.879
0 days 01:12:49.860000,PER,11,87.625,7.0,1.0,,,False,MEDIUM,7.0,True,Cadillac,1,18.0,True,1,Australian Grand Prix,True,C4,True,2.75,3.24,5.534,6.741,2.211,2.589,87.966
0 days 01:14:17.044000,PER,11,87.184,8.0,1.0,,,True,MEDIUM,8.0,True,Cadillac,1,18.0,True,1,Australian Grand Prix,True,C4,True,2.309,2.72,5.093,6.204,1.732,2.027,87.582
0 days 01:15:44.094000,PER,11,87.05,9.0,1.0,,,True,MEDIUM,9.0,True,Cadillac,1,17.0,True,1,Australian Grand Prix,True,C4,True,2.175,2.563,4.959,6.041,1.411,1.648,87.505
0 days 01:17:11.689000,PER,11,87.595,10.0,1.0,,,False,MEDIUM,10.0,True,Cadillac,1,17.0,True,1,Australian Grand Prix,True,C4,True,2.72,3.205,5.504,6.705,1.963,2.292,88.107
0 days 01:18:49.564000,PER,11,97.875,11.0,1.0,,,False,MEDIUM,11.0,True,Cadillac,16,14.0,False,1,Australian Grand Prix,True,C4,False,13.0,15.317,15.784,19.227,6.243,6.813,98.444
0 days 01:20:46.101000,PER,11,116.537,12.0,1.0,,,False,MEDIUM,12.0,True,Cadillac,6,14.0,False,1,Australian Grand Prix,True,C4,False,31.662,37.304,34.446,41.961,1.876,1.636,117.163
0 days 01:22:36.102000,PER,11,110.001,13.0,1.0,,,False,MEDIUM,13.0,True,Cadillac,671,14.0,False,1,Australian Grand Prix,True,C4,False,25.126,29.604,27.91,33.999,-2.074,-1.851,110.684
0 days 01:24:03.186000,PER,11,87.084,14.0,1.0,,,False,MEDIUM,14.0,True,Cadillac,1,14.0,True,1,Australian Grand Prix,True,C4,True,2.209,2.603,4.993,6.082,0.688,0.796,87.824
0 days 01:25:31.323000,PER,11,88.137,15.0,1.0,,,False,MEDIUM,15.0,True,Cadillac,1,14.0,True,1,Australian Grand Prix,True,C4,True,3.262,3.843,6.046,7.365,3.313,3.906,88.934
0 days 01:27:02.600000,PER,11,91.277,16.0,1.0,,,False,MEDIUM,16.0,True,Cadillac,1,15.0,True,1,Australian Grand Prix,True,C4,True,6.402,7.543,9.186,11.19,6.317,7.435,92.13
0 days 01:28:31.215000,PER,11,88.615,17.0,1.0,,,False,MEDIUM,17.0,True,Cadillac,1,15.0,True,1,Australian Grand Prix,True,C4,True,3.74,4.406,6.524,7.947,3.491,4.101,89.525
0 days 01:30:37.299000,PER,11,126.084,18.0,1.0,,0 days 01:30:18.038000,False,MEDIUM,18.0,True,Cadillac,126,16.0,False,1,Australian Grand Prix,True,C4,False,41.209,48.553,43.993,53.591,24.859,24.558,127.051
0 days 01:32:20.658000,PER,11,103.359,19.0,2.0,0 days 01:30:39.693000,,False,HARD,1.0,True,Cadillac,671,16.0,False,1,Australian Grand Prix,True,C3,False,18.484,21.778,21.268,25.908,-9.352,-8.297,104.383
0 days 01:33:47.148000,PER,11,86.49,20.0,2.0,,,True,HARD,2.0,True,Cadillac,1,16.0,True,1,Australian Grand Prix,True,C3,True,1.615,1.903,4.399,5.359,0.358,0.416,87.571
0 days 01:35:14.410000,PER,11,87.262,21.0,2.0,,,False,HARD,3.0,True,Cadillac,1,16.0,True,1,Australian Grand Prix,True,C3,True,2.387,2.812,5.171,6.299,2.341,2.757,88.4
0 days 01:36:43.493000,PER,11,89.083,22.0,2.0,,,False,HARD,4.0,True,Cadillac,1,16.0,True,1,Australian Grand Prix,True,C3,True,4.208,4.958,6.992,8.517,4.655,5.514,90.278
0 days 01:38:10.950000,PER,11,87.457,23.0,2.0,,,False,HARD,5.0,True,Cadillac,1,16.0,True,1,Australian Grand Prix,True,C3,True,2.582,3.042,5.366,6.537,2.807,3.316,88.709
0 days 01:39:40.234000,PER,11,89.284,24.0,2.0,,,False,HARD,6.0,True,Cadillac,1,16.0,True,1,Australian Grand Prix,True,C3,True,4.409,5.195,7.193,8.762,4.592,5.422,90.593
0 days 01:41:07.327000,PER,11,87.093,25.0,2.0,,,False,HARD,7.0,True,Cadillac,1,16.0,True,1,Australian Grand Prix,True,C3,True,2.218,2.613,5.002,6.093,2.611,3.091,88.459
0 days 01:42:35.915000,PER,11,88.588,26.0,2.0,,,False,HARD,8.0,True,Cadillac,1,16.0,True,1,Australian Grand Prix,True,C3,True,3.713,4.375,6.497,7.914,4.055,4.797,90.01
0 days 01:44:04.267000,PER,11,88.352,27.0,2.0,,,False,HARD,9.0,True,Cadillac,1,16.0,True,1,Australian Grand Prix,True,C3,True,3.477,4.097,6.261,7.627,3.904,4.623,89.831
0 days 01:45:33.516000,PER,11,89.249,28.0,2.0,,,False,HARD,10.0,True,Cadillac,1,16.0,True,1,Australian Grand Prix,True,C3,True,4.374,5.153,7.158,8.72,4.643,5.488,90.785
0 days 01:47:00.450000,PER,11,86.934,29.0,2.0,,,False,HARD,11.0,True,Cadillac,1,16.0,True,1,Australian Grand Prix,True,C3,True,2.059,2.426,4.843,5.9,1.928,2.268,88.527
0 days 01:48:27.869000,PER,11,87.419,30.0,2.0,,,False,HARD,12.0,True,Cadillac,1,16.0,True,1,Australian Grand Prix,True,C3,True,2.544,2.997,5.328,6.49,2.91,3.443,89.069
0 days 01:49:58.375000,PER,11,90.506,31.0,2.0,,,False,HARD,13.0,True,Cadillac,1,16.0,True,1,Australian Grand Prix,True,C3,True,5.631,6.634,8.415,10.251,5.63,6.633,92.213
0 days 01:51:33.347000,PER,11,94.972,32.0,2.0,,,False,HARD,14.0,True,Cadillac,16,16.0,False,1,Australian Grand Prix,True,C3,False,10.097,11.896,12.881,15.691,9.966,11.724,96.736
0 days 01:53:06.825000,PER,11,93.478,33.0,2.0,,,False,HARD,15.0,True,Cadillac,671,16.0,False,1,Australian Grand Prix,True,C3,False,8.603,10.136,11.387,13.871,6.95,8.032,95.299
0 days 01:54:33.976000,PER,11,87.151,34.0,2.0,,,False,HARD,16.0,True,Cadillac,1,16.0,True,1,Australian Grand Prix,True,C3,True,2.276,2.682,5.06,6.164,-6.661,-7.1,89.029
0 days 01:56:03.202000,PER,11,89.226,35.0,2.0,,,False,HARD,17.0,True,Cadillac,1,16.0,True,1,Australian Grand Prix,True,C3,True,4.351,5.126,7.135,8.692,4.69,5.548,91.16
0 days 01:57:32.093000,PER,11,88.891,36.0,2.0,,,False,HARD,18.0,True,Cadillac,1,16.0,True,1,Australian Grand Prix,True,C3,True,4.016,4.732,6.8,8.283,4.293,5.075,90.882
0 days 01:58:59.174000,PER,11,87.081,37.0,2.0,,,False,HARD,19.0,True,Cadillac,1,16.0,True,1,Australian Grand Prix,True,C3,True,2.206,2.599,4.99,6.079,2.558,3.026,89.129
0 days 02:00:26.104000,PER,11,86.93,38.0,2.0,,,False,HARD,20.0,True,Cadillac,1,16.0,True,1,Australian Grand Prix,True,C3,True,2.055,2.421,4.839,5.895,1.837,2.159,89.035
0 days 02:01:53.203000,PER,11,87.099,39.0,2.0,,,False,HARD,21.0,True,Cadillac,1,16.0,True,1,Australian Grand Prix,True,C3,True,2.224,2.62,5.008,6.101,2.306,2.72,89.261
0 days 02:03:22.401000,PER,11,89.198,40.0,2.0,,,False,HARD,22.0,True,Cadillac,1,16.0,True,1,Australian Grand Prix,True,C3,True,4.323,5.093,7.107,8.657,4.133,4.859,91.417
0 days 02:04:51.620000,PER,11,89.219,41.0,2.0,,,False,HARD,23.0,True,Cadillac,1,16.0,True,1,Australian Grand Prix,True,C3,True,4.344,5.118,7.128,8.683,4.257,5.01,91.495
0 days 02:06:19.576000,PER,11,87.956,42.0,2.0,,,False,HARD,24.0,True,Cadillac,1,16.0,True,1,Australian Grand Prix,True,C3,True,3.081,3.63,5.865,7.145,3.276,3.869,90.289
0 days 02:08:04.625000,PER,11,105.049,43.0,2.0,,0 days 02:07:47.788000,False,HARD,25.0,True,Cadillac,1,16.0,False,1,Australian Grand Prix,True,C3,False,20.174,23.769,22.958,27.967,20.659,24.48,107.439
0 days 02:09:38.047000,PER,11,93.422,44.0,3.0,0 days 02:08:07.124000,,False,SOFT,1.0,True,Cadillac,1,16.0,False,1,Australian Grand Prix,True,C5,False,8.547,10.07,11.331,13.803,9.351,11.123,95.869
0 days 02:11:04.361000,PER,11,86.314,45.0,3.0,,,True,SOFT,2.0,True,Cadillac,1,16.0,True,1,Australian Grand Prix,True,C5,True,1.439,1.695,4.223,5.144,2.184,2.596,88.817
0 days 02:12:32.456000,PER,11,88.095,46.0,3.0,,,False,SOFT,3.0,True,Cadillac,1,16.0,True,1,Australian Grand Prix,True,C5,True,3.22,3.794,6.004,7.314,4.208,5.016,90.655
0 days 02:13:58.526000,PER,11,86.07,47.0,3.0,,,True,SOFT,4.0,True,Cadillac,1,16.0,True,1,Australian Grand Prix,True,C5,True,1.195,1.408,3.979,4.847,2.094,2.494,88.687
0 days 02:15:24.677000,PER,11,86.151,48.0,3.0,,,False,SOFT,5.0,True,Cadillac,1,16.0,True,1,Australian Grand Prix,True,C5,True,1.276,1.503,4.06,4.946,1.838,2.18,88.825
0 days 02:16:50.887000,PER,11,86.21,49.0,3.0,,,False,SOFT,6.0,True,Cadillac,1,16.0,True,1,Australian Grand Prix,True,C5,True,1.335,1.573,4.119,5.018,2.283,2.72,88.941
0 days 02:18:16.972000,PER,11,86.085,50.0,3.0,,,False,SOFT,7.0,True,Cadillac,1,16.0,True,1,Australian Grand Prix,True,C5,True,1.21,1.426,3.994,4.865,2.269,2.707,88.873
0 days 02:19:43.172000,PER,11,86.2,51.0,3.0,,,False,SOFT,8.0,True,Cadillac,1,16.0,True,1,Australian Grand Prix,True,C5,True,1.325,1.561,4.109,5.005,1.896,2.249,89.045
0 days 02:21:09.584000,PER,11,86.412,52.0,3.0,,,False,SOFT,9.0,True,Cadillac,1,16.0,True,1,Australian Grand Prix,True,C5,True,1.537,1.811,4.321,5.264,2.1,2.491,89.314
0 days 02:22:35.714000,PER,11,86.13,53.0,3.0,,,False,SOFT,10.0,True,Cadillac,1,16.0,True,1,Australian Grand Prix,True,C5,True,1.255,1.479,4.039,4.92,1.424,1.681,89.089
0 days 02:24:05.673000,PER,11,89.959,54.0,3.0,,,False,SOFT,11.0,True,Cadillac,1,16.0,True,1,Australian Grand Prix,True,C5,True,5.084,5.99,7.868,9.584,5.566,6.595,92.975
0 days 02:25:34.630000,PER,11,88.957,55.0,3.0,,,False,SOFT,12.0,True,Cadillac,1,16.0,True,1,Australian Grand Prix,True,C5,True,4.082,4.809,6.866,8.364,4.751,5.642,92.029
0 days 01:03:56.945000,ANT,12,,1.0,1.0,,,False,MEDIUM,1.0,True,Mercedes,1,7.0,False,1,Australian Grand Prix,True,C4,False,,,,,,,
0 days 01:05:24.074000,ANT,12,87.129,2.0,1.0,,,True,MEDIUM,2.0,True,Mercedes,1,7.0,True,1,Australian Grand Prix,True,C4,True,2.254,2.656,5.038,6.137,-0.203,-0.232,87.186
0 days 01:06:49.537000,ANT,12,85.463,3.0,1.0,,,True,MEDIUM,3.0,True,Mercedes,1,6.0,True,1,Australian Grand Prix,True,C4,True,0.588,0.693,3.372,4.108,-1.252,-1.444,85.577
0 days 01:08:14.948000,ANT,12,85.411,4.0,1.0,,,True,MEDIUM,4.0,True,Mercedes,1,6.0,True,1,Australian Grand Prix,True,C4,True,0.536,0.632,3.32,4.044,-0.718,-0.834,85.582
0 days 01:09:39.447000,ANT,12,84.499,5.0,1.0,,,True,MEDIUM,5.0,True,Mercedes,1,5.0,True,1,Australian Grand Prix,True,C4,True,-0.376,-0.443,2.408,2.933,-2.069,-2.39,84.727
0 days 01:11:03.471000,ANT,12,84.024,6.0,1.0,,,True,MEDIUM,6.0,True,Mercedes,1,4.0,True,1,Australian Grand Prix,True,C4,True,-0.851,-1.003,1.933,2.355,-1.955,-2.274,84.308
0 days 01:12:27.306000,ANT,12,83.835,7.0,1.0,,,True,MEDIUM,7.0,True,Mercedes,1,4.0,True,1,Australian Grand Prix,True,C4,True,-1.04,-1.225,1.744,2.124,-1.579,-1.849,84.176
0 days 01:13:50.989000,ANT,12,83.683,8.0,1.0,,,True,MEDIUM,8.0,True,Mercedes,1,4.0,True,1,Australian Grand Prix,True,C4,True,-1.192,-1.404,1.592,1.939,-1.769,-2.07,84.081
0 days 01:15:14.897000,ANT,12,83.908,9.0,1.0,,,False,MEDIUM,9.0,True,Mercedes,1,4.0,True,1,Australian Grand Prix,True,C4,True,-0.967,-1.139,1.817,2.213,-1.731,-2.021,84.363
0 days 01:16:38.934000,ANT,12,84.037,10.0,1.0,,,False,MEDIUM,10.0,True,Mercedes,1,4.0,True,1,Australian Grand Prix,True,C4,True,-0.838,-0.987,1.946,2.371,-1.595,-1.863,84.549
0 days 01:18:02.824000,ANT,12,83.89,11.0,1.0,,,False,MEDIUM,11.0,True,Mercedes,16,4.0,False,1,Australian Grand Prix,True,C4,False,-0.985,-1.161,1.799,2.191,-7.742,-8.449,84.459
0 days 01:20:12.506000,ANT,12,129.682,12.0,1.0,,0 days 01:19:53.658000,False,MEDIUM,12.0,True,Mercedes,6,5.0,False,1,Australian Grand Prix,True,C4,False,44.807,52.792,47.591,57.973,15.021,13.1,130.308
0 days 01:22:10.197000,ANT,12,117.691,13.0,2.0,0 days 01:20:14.928000,,False,HARD,1.0,True,Mercedes,67,5.0,False,1,Australian Grand Prix,True,C3,False,32.816,38.664,35.6,43.367,5.616,5.011,118.374
0 days 01:23:36.876000,ANT,12,86.679,14.0,2.0,,,False,HARD,2.0,True,Mercedes,71,5.0,False,1,Australian Grand Prix,True,C3,False,1.804,2.125,4.588,5.589,0.283,0.328,87.419
0 days 01:25:00.163000,ANT,12,83.287,15.0,2.0,,,True,HARD,3.0,True,Mercedes,1,5.0,True,1,Australian Grand Prix,True,C3,True,-1.588,-1.871,1.196,1.457,-1.537,-1.812,84.084
0 days 01:26:23.781000,ANT,12,83.618,16.0,2.0,,,False,HARD,4.0,True,Mercedes,1,4.0,True,1,Australian Grand Prix,True,C3,True,-1.257,-1.481,1.527,1.86,-1.342,-1.58,84.471
0 days 01:27:47.041000,ANT,12,83.26,17.0,2.0,,,True,HARD,5.0,True,Mercedes,1,4.0,True,1,Australian Grand Prix,True,C3,True,-1.615,-1.903,1.169,1.424,-1.864,-2.19,84.17
0 days 01:29:18.023000,ANT,12,90.982,18.0,2.0,,,False,HARD,6.0,True,Mercedes,126,4.0,False,1,Australian Grand Prix,True,C3,False,6.107,7.195,8.891,10.831,-10.243,-10.119,91.949
0 days 01:31:13.357000,ANT,12,115.334,19.0,2.0,,,False,HARD,7.0,True,Mercedes,6,4.0,False,1,Australian Grand Prix,True,C3,False,30.459,35.887,33.243,40.495,2.623,2.327,116.358
0 days 01:32:41.836000,ANT,12,88.479,20.0,2.0,,,False,HARD,8.0,True,Mercedes,671,4.0,False,1,Australian Grand Prix,True,C3,False,3.604,4.246,6.388,7.782,2.347,2.725,89.56
0 days 01:34:04.617000,ANT,12,82.781,21.0,2.0,,,True,HARD,9.0,True,Mercedes,1,4.0,True,1,Australian Grand Prix,True,C3,True,-2.094,-2.467,0.69,0.841,-2.14,-2.52,83.919
0 days 01:35:27.479000,ANT,12,82.862,22.0,2.0,,,False,HARD,10.0,True,Mercedes,1,4.0,True,1,Australian Grand Prix,True,C3,True,-2.013,-2.372,0.771,0.939,-1.566,-1.855,84.057
0 days 01:36:50.061000,ANT,12,82.582,23.0,2.0,,,True,HARD,11.0,True,Mercedes,1,4.0,True,1,Australian Grand Prix,True,C3,True,-2.293,-2.702,0.491,0.598,-2.068,-2.443,83.834
0 days 01:38:13.283000,ANT,12,83.222,24.0,2.0,,,False,HARD,12.0,True,Mercedes,1,4.0,True,1,Australian Grand Prix,True,C3,True,-1.653,-1.948,1.131,1.378,-1.47,-1.736,84.531
0 days 01:39:37.828000,ANT,12,84.545,25.0,2.0,,,False,HARD,13.0,True,Mercedes,1,3.0,True,1,Australian Grand Prix,True,C3,True,-0.33,-0.389,2.454,2.989,0.063,0.075,85.911
0 days 01:41:00.966000,ANT,12,83.138,26.0,2.0,,,False,HARD,14.0,True,Mercedes,1,3.0,True,1,Australian Grand Prix,True,C3,True,-1.737,-2.047,1.047,1.275,-1.395,-1.65,84.56
0 days 01:42:24.069000,ANT,12,83.103,27.0,2.0,,,False,HARD,15.0,True,Mercedes,1,3.0,True,1,Australian Grand Prix,True,C3,True,-1.772,-2.088,1.012,1.233,-1.345,-1.593,84.582
0 days 01:43:47.099000,ANT,12,83.03,28.0,2.0,,,False,HARD,16.0,True,Mercedes,1,2.0,True,1,Australian Grand Prix,True,C3,True,-1.845,-2.174,0.939,1.144,-1.576,-1.863,84.566
0 days 01:45:10.067000,ANT,12,82.968,29.0,2.0,,,False,HARD,17.0,True,Mercedes,1,2.0,True,1,Australian Grand Prix,True,C3,True,-1.907,-2.247,0.877,1.068,-2.038,-2.397,84.561
0 days 01:46:32.956000,ANT,12,82.889,30.0,2.0,,,False,HARD,18.0,True,Mercedes,1,2.0,True,1,Australian Grand Prix,True,C3,True,-1.986,-2.34,0.798,0.972,-1.62,-1.917,84.539
0 days 01:47:55.836000,ANT,12,82.88,31.0,2.0,,,False,HARD,19.0,True,Mercedes,1,2.0,True,1,Australian Grand Prix,True,C3,True,-1.995,-2.351,0.789,0.961,-1.996,-2.352,84.587
0 days 01:49:19.075000,ANT,12,83.239,32.0,2.0,,,False,HARD,20.0,True,Mercedes,1,2.0,True,1,Australian Grand Prix,True,C3,True,-1.636,-1.928,1.148,1.398,-1.767,-2.079,85.003
0 days 01:50:42.092000,ANT,12,83.017,33.0,2.0,,,False,HARD,21.0,True,Mercedes,1,2.0,True,1,Australian Grand Prix,True,C3,True,-1.858,-2.189,0.926,1.128,-3.511,-4.058,84.838
0 days 01:52:20.479000,ANT,12,98.387,34.0,2.0,,,False,HARD,22.0,True,Mercedes,167,2.0,False,1,Australian Grand Prix,True,C3,False,13.512,15.92,16.296,19.851,4.575,4.877,100.265
0 days 01:53:43.771000,ANT,12,83.292,35.0,2.0,,,False,HARD,23.0,True,Mercedes,1,2.0,True,1,Australian Grand Prix,True,C3,True,-1.583,-1.865,1.201,1.463,-1.244,-1.472,85.226
0 days 01:55:06.636000,ANT,12,82.865,36.0,2.0,,,False,HARD,24.0,True,Mercedes,1,2.0,True,1,Australian Grand Prix,True,C3,True,-2.01,-2.368,0.774,0.943,-1.733,-2.049,84.856
0 days 01:56:29.602000,ANT,12,82.966,37.0,2.0,,,False,HARD,25.0,True,Mercedes,1,2.0,True,1,Australian Grand Prix,True,C3,True,-1.909,-2.249,0.875,1.066,-1.557,-1.842,85.014
0 days 01:57:52.591000,ANT,12,82.989,38.0,2.0,,,False,HARD,26.0,True,Mercedes,1,2.0,True,1,Australian Grand Prix,True,C3,True,-1.886,-2.222,0.898,1.094,-2.104,-2.473,85.094
0 days 01:59:15.512000,ANT,12,82.921,39.0,2.0,,,False,HARD,27.0,True,Mercedes,1,2.0,True,1,Australian Grand Prix,True,C3,True,-1.954,-2.302,0.83,1.011,-1.872,-2.208,85.083
0 days 02:00:38.184000,ANT,12,82.672,40.0,2.0,,,False,HARD,28.0,True,Mercedes,1,2.0,True,1,Australian Grand Prix,True,C3,True,-2.203,-2.596,0.581,0.708,-2.393,-2.813,84.891
0 days 02:02:01.112000,ANT,12,82.928,41.0,2.0,,,False,HARD,29.0,True,Mercedes,1,2.0,True,1,Australian Grand Prix,True,C3,True,-1.947,-2.294,0.837,1.02,-2.034,-2.394,85.204
0 days 02:03:24.054000,ANT,12,82.942,42.0,2.0,,,False,HARD,30.0,True,Mercedes,1,2.0,True,1,Australian Grand Prix,True,C3,True,-1.933,-2.277,0.851,1.037,-1.738,-2.052,85.275
0 days 02:04:47.069000,ANT,12,83.015,43.0,2.0,,,False,HARD,31.0,True,Mercedes,1,2.0,True,1,Australian Grand Prix,True,C3,True,-1.86,-2.191,0.924,1.126,-1.375,-1.629,85.405
0 days 02:06:10.148000,ANT,12,83.079,44.0,2.0,,,False,HARD,32.0,True,Mercedes,1,2.0,True,1,Australian Grand Prix,True,C3,True,-1.796,-2.116,0.988,1.204,-0.992,-1.18,85.526
0 days 02:07:33.271000,ANT,12,83.123,45.0,2.0,,,False,HARD,33.0,True,Mercedes,1,2.0,True,1,Australian Grand Prix,True,C3,True,-1.752,-2.064,1.032,1.257,-1.007,-1.197,85.626
0 days 02:08:56.309000,ANT,12,83.038,46.0,2.0,,,False,HARD,34.0,True,Mercedes,1,2.0,True,1,Australian Grand Prix,True,C3,True,-1.837,-2.164,0.947,1.154,-0.849,-1.012,85.598
0 days 02:10:19.375000,ANT,12,83.066,47.0,2.0,,,False,HARD,35.0,True,Mercedes,1,2.0,True,1,Australian Grand Prix,True,C3,True,-1.809,-2.131,0.975,1.188,-0.91,-1.084,85.683
0 days 02:11:42.367000,ANT,12,82.992,48.0,2.0,,,False,HARD,36.0,True,Mercedes,1,2.0,True,1,Australian Grand Prix,True,C3,True,-1.883,-2.219,0.901,1.098,-1.321,-1.567,85.666
0 days 02:13:05.612000,ANT,12,83.245,49.0,2.0,,,False,HARD,37.0,True,Mercedes,1,2.0,True,1,Australian Grand Prix,True,C3,True,-1.63,-1.92,1.154,1.406,-0.682,-0.813,85.976
0 days 02:14:28.515000,ANT,12,82.903,50.0,2.0,,,False,HARD,38.0,True,Mercedes,1,2.0,True,1,Australian Grand Prix,True,C3,True,-1.972,-2.323,0.812,0.989,-0.913,-1.089,85.691
0 days 02:15:51.140000,ANT,12,82.625,51.0,2.0,,,False,HARD,39.0,True,Mercedes,1,2.0,True,1,Australian Grand Prix,True,C3,True,-2.25,-2.651,0.534,0.65,-1.679,-1.992,85.47
0 days 02:17:13.698000,ANT,12,82.558,52.0,2.0,,,True,HARD,40.0,True,Mercedes,1,2.0,True,1,Australian Grand Prix,True,C3,True,-2.317,-2.73,0.467,0.569,-1.754,-2.08,85.46
0 days 02:18:36.311000,ANT,12,82.613,53.0,2.0,,,False,HARD,41.0,True,Mercedes,1,2.0,True,1,Australian Grand Prix,True,C3,True,-2.262,-2.665,0.522,0.636,-2.093,-2.471,85.572
0 days 02:19:59.153000,ANT,12,82.842,54.0,2.0,,,False,HARD,42.0,True,Mercedes,1,2.0,True,1,Australian Grand Prix,True,C3,True,-2.033,-2.395,0.751,0.915,-1.551,-1.838,85.858
0 days 02:21:22.081000,ANT,12,82.928,55.0,2.0,,,False,HARD,43.0,True,Mercedes,1,2.0,True,1,Australian Grand Prix,True,C3,True,-1.947,-2.294,0.837,1.02,-1.278,-1.518,86.0
0 days 02:22:44.684000,ANT,12,82.603,56.0,2.0,,,False,HARD,44.0,True,Mercedes,1,2.0,True,1,Australian Grand Prix,True,C3,True,-2.272,-2.677,0.512,0.624,-1.883,-2.229,85.732
0 days 02:24:07.101000,ANT,12,82.417,57.0,2.0,,,True,HARD,45.0,True,Mercedes,1,2.0,True,1,Australian Grand Prix,True,C3,True,-2.458,-2.896,0.326,0.397,-2.156,-2.549,85.603
0 days 02:25:29.754000,ANT,12,82.653,58.0,2.0,,,False,HARD,46.0,True,Mercedes,1,2.0,True,1,Australian Grand Prix,True,C3,True,-2.222,-2.618,0.562,0.685,-0.529,-0.636,85.896
0 days 01:03:58.250000,ALO,14,,1.0,1.0,,,False,SOFT,1.0,True,Aston Martin,1,10.0,False,1,Australian Grand Prix,True,C5,False,,,,,,,
0 days 01:05:25.848000,ALO,14,87.598,2.0,1.0,,,True,SOFT,2.0,True,Aston Martin,1,10.0,True,1,Australian Grand Prix,True,C5,True,2.723,3.208,5.507,6.708,0.266,0.305,87.655
0 days 01:06:53.883000,ALO,14,88.035,3.0,1.0,,,False,SOFT,3.0,True,Aston Martin,1,12.0,True,1,Australian Grand Prix,True,C5,True,3.16,3.723,5.944,7.241,1.32,1.522,88.149
0 days 01:08:21.307000,ALO,14,87.424,4.0,1.0,,,True,SOFT,4.0,True,Aston Martin,1,12.0,True,1,Australian Grand Prix,True,C5,True,2.549,3.003,5.333,6.496,1.295,1.504,87.595
0 days 01:09:50.142000,ALO,14,88.835,5.0,1.0,,,False,SOFT,5.0,True,Aston Martin,1,14.0,True,1,Australian Grand Prix,True,C5,True,3.96,4.666,6.744,8.215,2.267,2.619,89.063
0 days 01:11:18.905000,ALO,14,88.763,6.0,1.0,,,False,SOFT,6.0,True,Aston Martin,1,16.0,True,1,Australian Grand Prix,True,C5,True,3.888,4.581,6.672,8.128,2.784,3.238,89.047
0 days 01:12:46.781000,ALO,14,87.876,7.0,1.0,,,False,SOFT,7.0,True,Aston Martin,1,17.0,True,1,Australian Grand Prix,True,C5,True,3.001,3.536,5.785,7.047,2.462,2.882,88.217
0 days 01:14:13.573000,ALO,14,86.792,8.0,1.0,,,True,SOFT,8.0,True,Aston Martin,1,17.0,True,1,Australian Grand Prix,True,C5,True,1.917,2.259,4.701,5.727,1.34,1.568,87.19
0 days 01:15:40.613000,ALO,14,87.04,9.0,1.0,,,False,SOFT,9.0,True,Aston Martin,1,16.0,True,1,Australian Grand Prix,True,C5,True,2.165,2.551,4.949,6.029,1.401,1.636,87.495
0 days 01:17:08.088000,ALO,14,87.475,10.0,1.0,,,False,SOFT,10.0,True,Aston Martin,1,16.0,True,1,Australian Grand Prix,True,C5,True,2.6,3.063,5.384,6.559,1.843,2.152,87.987
0 days 01:19:08.078000,ALO,14,119.99,11.0,1.0,,0 days 01:18:44.236000,False,SOFT,11.0,True,Aston Martin,16,17.0,False,1,Australian Grand Prix,True,C5,False,35.115,41.373,37.899,46.167,28.358,30.948,120.559
0 days 01:21:10.418000,ALO,14,122.34,12.0,2.0,0 days 01:19:10.242000,,False,SOFT,1.0,True,Aston Martin,6,16.0,False,1,Australian Grand Prix,True,C5,False,37.465,44.141,40.249,49.03,7.679,6.697,122.966
0 days 01:38:59.952000,ALO,14,,13.0,2.0,,0 days 01:22:49.657000,False,SOFT,2.0,True,Aston Martin,6712,19.0,False,1,Australian Grand Prix,True,C5,False,,,,,,,
0 days 01:40:38.780000,ALO,14,98.828,14.0,3.0,0 days 01:39:02.289000,,False,SOFT,3.0,False,Aston Martin,1,19.0,False,1,Australian Grand Prix,True,C5,False,13.953,16.439,16.737,20.388,12.432,14.39,99.568
0 days 01:42:04.493000,ALO,14,85.713,15.0,3.0,,,True,SOFT,4.0,False,Aston Martin,1,19.0,True,1,Australian Grand Prix,True,C5,True,0.838,0.987,3.622,4.412,0.889,1.048,86.51
0 days 01:43:30.624000,ALO,14,86.131,16.0,3.0,,,False,SOFT,5.0,False,Aston Martin,1,18.0,True,1,Australian Grand Prix,True,C5,True,1.256,1.48,4.04,4.921,1.171,1.378,86.984
0 days 01:44:57,ALO,14,86.376,17.0,3.0,,,False,SOFT,6.0,False,Aston Martin,1,18.0,True,1,Australian Grand Prix,True,C5,True,1.501,1.768,4.285,5.22,1.252,1.471,87.286
0 days 01:46:22.908000,ALO,14,85.908,18.0,3.0,,,False,SOFT,7.0,False,Aston Martin,1,18.0,True,1,Australian Grand Prix,True,C5,True,1.033,1.217,3.817,4.65,-15.317,-15.132,86.875
0 days 01:47:51.048000,ALO,14,88.14,19.0,3.0,,,False,SOFT,8.0,False,Aston Martin,1,18.0,True,1,Australian Grand Prix,True,C5,True,3.265,3.847,6.049,7.369,-24.571,-21.8,89.164
0 days 01:49:17.689000,ALO,14,86.641,20.0,3.0,,,False,SOFT,9.0,False,Aston Martin,1,18.0,True,1,Australian Grand Prix,True,C5,True,1.766,2.081,4.55,5.543,0.509,0.591,87.722
0 days 01:50:45.771000,ALO,14,88.082,21.0,3.0,,,False,SOFT,10.0,False,Aston Martin,1,18.0,True,1,Australian Grand Prix,True,C5,True,3.207,3.778,5.991,7.298,3.161,3.722,89.22
0 days 01:52:27.116000,ALO,14,,22.0,3.0,,0 days 01:52:27.205000,False,SOFT,11.0,False,Aston Martin,167,18.0,False,1,Australian Grand Prix,True,C5,False,,,,,,,
0 days 01:03:51.908000,LEC,16,,1.0,1.0,,,False,MEDIUM,1.0,True,Ferrari,1,1.0,False,1,Australian Grand Prix,True,C4,False,,,,,,,
0 days 01:05:18.120000,LEC,16,86.212,2.0,1.0,,,True,MEDIUM,2.0,True,Ferrari,1,2.0,True,1,Australian Grand Prix,True,C4,True,1.337,1.575,4.121,5.02,-1.12,-1.282,86.269
0 days 01:06:43.573000,LEC,16,85.453,3.0,1.0,,,True,MEDIUM,3.0,True,Ferrari,1,1.0,True,1,Australian Grand Prix,True,C4,True,0.578,0.681,3.362,4.095,-1.262,-1.455,85.567
0 days 01:08:08.126000,LEC,16,84.553,4.0,1.0,,,True,MEDIUM,4.0,True,Ferrari,1,1.0,True,1,Australian Grand Prix,True,C4,True,-0.322,-0.379,2.462,2.999,-1.576,-1.83,84.724
0 days 01:09:32.107000,LEC,16,83.981,5.0,1.0,,,True,MEDIUM,5.0,True,Ferrari,1,1.0,True,1,Australian Grand Prix,True,C4,True,-0.894,-1.053,1.89,2.302,-2.587,-2.988,84.209
0 days 01:10:56.929000,LEC,16,84.822,6.0,1.0,,,False,MEDIUM,6.0,True,Ferrari,1,1.0,True,1,Australian Grand Prix,True,C4,True,-0.053,-0.062,2.731,3.327,-1.157,-1.346,85.106
0 days 01:12:20.963000,LEC,16,84.034,7.0,1.0,,,False,MEDIUM,7.0,True,Ferrari,1,1.0,True,1,Australian Grand Prix,True,C4,True,-0.841,-0.991,1.943,2.367,-1.38,-1.616,84.375
0 days 01:13:46.526000,LEC,16,85.563,8.0,1.0,,,False,MEDIUM,8.0,True,Ferrari,1,1.0,True,1,Australian Grand Prix,True,C4,True,0.688,0.811,3.472,4.229,0.111,0.13,85.961
0 days 01:15:12.128000,LEC,16,85.602,9.0,1.0,,,False,MEDIUM,9.0,True,Ferrari,1,1.0,True,1,Australian Grand Prix,True,C4,True,0.727,0.857,3.511,4.277,-0.037,-0.043,86.057
0 days 01:16:36.105000,LEC,16,83.977,10.0,1.0,,,True,MEDIUM,10.0,True,Ferrari,1,1.0,True,1,Australian Grand Prix,True,C4,True,-0.898,-1.058,1.886,2.297,-1.655,-1.933,84.489
0 days 01:17:59.903000,LEC,16,83.798,11.0,1.0,,,True,MEDIUM,11.0,True,Ferrari,1,1.0,True,1,Australian Grand Prix,True,C4,True,-1.077,-1.269,1.707,2.079,-7.834,-8.549,84.367
0 days 01:19:53.911000,LEC,16,114.008,12.0,1.0,,,False,MEDIUM,12.0,True,Ferrari,16,1.0,False,1,Australian Grand Prix,True,C4,False,29.133,34.325,31.917,38.88,-0.653,-0.57,114.634
0 days 01:21:49.089000,LEC,16,115.178,13.0,1.0,,,False,MEDIUM,13.0,True,Ferrari,6,1.0,False,1,Australian Grand Prix,True,C4,False,30.303,35.703,33.087,40.305,3.103,2.769,115.861
0 days 01:23:19.578000,LEC,16,90.489,14.0,1.0,,,False,MEDIUM,14.0,True,Ferrari,671,1.0,False,1,Australian Grand Prix,True,C4,False,5.614,6.614,8.398,10.23,4.093,4.737,91.229
0 days 01:24:43.343000,LEC,16,83.765,15.0,1.0,,,True,MEDIUM,15.0,True,Ferrari,1,1.0,True,1,Australian Grand Prix,True,C4,True,-1.11,-1.308,1.674,2.039,-1.059,-1.248,84.562
0 days 01:26:06.854000,LEC,16,83.511,16.0,1.0,,,True,MEDIUM,16.0,True,Ferrari,1,1.0,True,1,Australian Grand Prix,True,C4,True,-1.364,-1.607,1.42,1.73,-1.449,-1.706,84.364
0 days 01:27:31.210000,LEC,16,84.356,17.0,1.0,,,False,MEDIUM,17.0,True,Ferrari,1,1.0,True,1,Australian Grand Prix,True,C4,True,-0.519,-0.611,2.265,2.759,-0.768,-0.902,85.266
0 days 01:29:00.812000,LEC,16,89.602,18.0,1.0,,,False,MEDIUM,18.0,True,Ferrari,126,1.0,False,1,Australian Grand Prix,True,C4,False,4.727,5.569,7.511,9.15,-11.623,-11.482,90.569
0 days 01:30:54.465000,LEC,16,113.653,19.0,1.0,,,False,MEDIUM,19.0,True,Ferrari,6,1.0,False,1,Australian Grand Prix,True,C4,False,28.778,33.906,31.562,38.448,0.942,0.836,114.677
0 days 01:32:27.648000,LEC,16,93.183,20.0,1.0,,,False,MEDIUM,20.0,True,Ferrari,671,1.0,False,1,Australian Grand Prix,True,C4,False,8.308,9.789,11.092,13.512,7.051,8.186,94.264
0 days 01:33:50.970000,LEC,16,83.322,21.0,1.0,,,True,MEDIUM,21.0,True,Ferrari,1,1.0,True,1,Australian Grand Prix,True,C4,True,-1.553,-1.83,1.231,1.5,-1.599,-1.883,84.46
0 days 01:35:14.386000,LEC,16,83.416,22.0,1.0,,,False,MEDIUM,22.0,True,Ferrari,1,1.0,True,1,Australian Grand Prix,True,C4,True,-1.459,-1.719,1.325,1.614,-1.012,-1.199,84.611
0 days 01:36:37.862000,LEC,16,83.476,23.0,1.0,,,False,MEDIUM,23.0,True,Ferrari,1,1.0,True,1,Australian Grand Prix,True,C4,True,-1.399,-1.648,1.385,1.687,-1.174,-1.387,84.728
0 days 01:38:01.522000,LEC,16,83.66,24.0,1.0,,,False,MEDIUM,24.0,True,Ferrari,1,1.0,True,1,Australian Grand Prix,True,C4,True,-1.215,-1.432,1.569,1.911,-1.032,-1.219,84.969
0 days 01:39:39.356000,LEC,16,97.834,25.0,1.0,,0 days 01:39:23.741000,False,MEDIUM,25.0,True,Ferrari,1,4.0,False,1,Australian Grand Prix,True,C4,False,12.959,15.268,15.743,19.177,13.352,15.805,99.2
0 days 01:41:08.673000,LEC,16,89.317,26.0,2.0,0 days 01:39:41.666000,,False,HARD,1.0,True,Ferrari,1,4.0,False,1,Australian Grand Prix,True,C3,False,4.442,5.234,7.226,8.802,4.784,5.659,90.739
0 days 01:42:31.779000,LEC,16,83.106,27.0,2.0,,,True,HARD,2.0,True,Ferrari,1,4.0,True,1,Australian Grand Prix,True,C3,True,-1.769,-2.084,1.015,1.236,-1.342,-1.589,84.585
0 days 01:43:54.868000,LEC,16,83.089,28.0,2.0,,,True,HARD,3.0,True,Ferrari,1,3.0,True,1,Australian Grand Prix,True,C3,True,-1.786,-2.104,0.998,1.216,-1.517,-1.793,84.625
0 days 01:45:17.855000,LEC,16,82.987,29.0,2.0,,,True,HARD,4.0,True,Ferrari,1,3.0,True,1,Australian Grand Prix,True,C3,True,-1.888,-2.224,0.896,1.091,-2.019,-2.375,84.58
0 days 01:46:40.881000,LEC,16,83.026,30.0,2.0,,,False,HARD,5.0,True,Ferrari,1,3.0,True,1,Australian Grand Prix,True,C3,True,-1.849,-2.178,0.935,1.139,-1.483,-1.755,84.676
0 days 01:48:03.815000,LEC,16,82.934,31.0,2.0,,,True,HARD,6.0,True,Ferrari,1,3.0,True,1,Australian Grand Prix,True,C3,True,-1.941,-2.287,0.843,1.027,-1.942,-2.288,84.641
0 days 01:49:26.762000,LEC,16,82.947,32.0,2.0,,,False,HARD,7.0,True,Ferrari,1,3.0,True,1,Australian Grand Prix,True,C3,True,-1.928,-2.272,0.856,1.043,-2.059,-2.422,84.711
0 days 01:50:49.936000,LEC,16,83.174,33.0,2.0,,,False,HARD,8.0,True,Ferrari,1,3.0,True,1,Australian Grand Prix,True,C3,True,-1.701,-2.004,1.083,1.319,-3.354,-3.876,84.995
0 days 01:52:28.452000,LEC,16,98.516,34.0,2.0,,,False,HARD,9.0,True,Ferrari,167,3.0,False,1,Australian Grand Prix,True,C3,False,13.641,16.072,16.425,20.008,4.704,5.014,100.394
0 days 01:53:51.994000,LEC,16,83.542,35.0,2.0,,,False,HARD,10.0,True,Ferrari,1,3.0,True,1,Australian Grand Prix,True,C3,True,-1.333,-1.571,1.451,1.768,-0.994,-1.176,85.476
0 days 01:55:16.370000,LEC,16,84.376,36.0,2.0,,,False,HARD,11.0,True,Ferrari,1,3.0,True,1,Australian Grand Prix,True,C3,True,-0.499,-0.588,2.285,2.783,-0.222,-0.262,86.367
0 days 01:56:39.606000,LEC,16,83.236,37.0,2.0,,,False,HARD,12.0,True,Ferrari,1,3.0,True,1,Australian Grand Prix,True,C3,True,-1.639,-1.931,1.145,1.395,-1.287,-1.523,85.284
0 days 01:58:02.185000,LEC,16,82.579,38.0,2.0,,,True,HARD,13.0,True,Ferrari,1,3.0,True,1,Australian Grand Prix,True,C3,True,-2.296,-2.705,0.488,0.594,-2.514,-2.954,84.684
0 days 01:59:24.913000,LEC,16,82.728,39.0,2.0,,,False,HARD,14.0,True,Ferrari,1,3.0,True,1,Australian Grand Prix,True,C3,True,-2.147,-2.53,0.637,0.776,-2.065,-2.435,84.89
0 days 02:00:47.843000,LEC,16,82.93,40.0,2.0,,,False,HARD,15.0,True,Ferrari,1,3.0,True,1,Australian Grand Prix,True,C3,True,-1.945,-2.292,0.839,1.022,-2.135,-2.51,85.149
0 days 02:02:10.838000,LEC,16,82.995,41.0,2.0,,,False,HARD,16.0,True,Ferrari,1,3.0,True,1,Australian Grand Prix,True,C3,True,-1.88,-2.215,0.904,1.101,-1.967,-2.315,85.271
0 days 02:03:33.684000,LEC,16,82.846,42.0,2.0,,,False,HARD,17.0,True,Ferrari,1,3.0,True,1,Australian Grand Prix,True,C3,True,-2.029,-2.391,0.755,0.92,-1.834,-2.166,85.179
0 days 02:04:56.434000,LEC,16,82.75,43.0,2.0,,,False,HARD,18.0,True,Ferrari,1,3.0,True,1,Australian Grand Prix,True,C3,True,-2.125,-2.504,0.659,0.803,-1.64,-1.943,85.14
0 days 02:06:19.528000,LEC,16,83.094,44.0,2.0,,,False,HARD,19.0,True,Ferrari,1,3.0,True,1,Australian Grand Prix,True,C3,True,-1.781,-2.098,1.003,1.222,-0.977,-1.162,85.541
0 days 02:07:42.688000,LEC,16,83.16,45.0,2.0,,,False,HARD,20.0,True,Ferrari,1,3.0,True,1,Australian Grand Prix,True,C3,True,-1.715,-2.021,1.069,1.302,-0.97,-1.153,85.663
0 days 02:09:05.582000,LEC,16,82.894,46.0,2.0,,,False,HARD,21.0,True,Ferrari,1,3.0,True,1,Australian Grand Prix,True,C3,True,-1.981,-2.334,0.803,0.978,-0.993,-1.184,85.454
0 days 02:10:28.534000,LEC,16,82.952,47.0,2.0,,,False,HARD,22.0,True,Ferrari,1,3.0,True,1,Australian Grand Prix,True,C3,True,-1.923,-2.266,0.861,1.049,-1.024,-1.219,85.569
0 days 02:11:51.433000,LEC,16,82.899,48.0,2.0,,,False,HARD,23.0,True,Ferrari,1,3.0,True,1,Australian Grand Prix,True,C3,True,-1.976,-2.328,0.808,0.984,-1.414,-1.677,85.573
0 days 02:13:14.797000,LEC,16,83.364,49.0,2.0,,,False,HARD,24.0,True,Ferrari,1,3.0,True,1,Australian Grand Prix,True,C3,True,-1.511,-1.78,1.273,1.551,-0.563,-0.671,86.095
0 days 02:14:37.997000,LEC,16,83.2,50.0,2.0,,,False,HARD,25.0,True,Ferrari,1,3.0,True,1,Australian Grand Prix,True,C3,True,-1.675,-1.973,1.109,1.351,-0.616,-0.735,85.988
0 days 02:16:00.986000,LEC,16,82.989,51.0,2.0,,,False,HARD,26.0,True,Ferrari,1,3.0,True,1,Australian Grand Prix,True,C3,True,-1.886,-2.222,0.898,1.094,-1.315,-1.56,85.834
0 days 02:17:24.035000,LEC,16,83.049,52.0,2.0,,,False,HARD,27.0,True,Ferrari,1,3.0,True,1,Australian Grand Prix,True,C3,True,-1.826,-2.151,0.958,1.167,-1.263,-1.498,85.951
0 days 02:18:47.049000,LEC,16,83.014,53.0,2.0,,,False,HARD,28.0,True,Ferrari,1,3.0,True,1,Australian Grand Prix,True,C3,True,-1.861,-2.193,0.923,1.124,-1.692,-1.997,85.973
0 days 02:20:10.094000,LEC,16,83.045,54.0,2.0,,,False,HARD,29.0,True,Ferrari,1,3.0,True,1,Australian Grand Prix,True,C3,True,-1.83,-2.156,0.954,1.162,-1.348,-1.597,86.061
0 days 02:21:32.919000,LEC,16,82.825,55.0,2.0,,,False,HARD,30.0,True,Ferrari,1,3.0,True,1,Australian Grand Prix,True,C3,True,-2.05,-2.415,0.734,0.894,-1.381,-1.64,85.897
0 days 02:22:55.884000,LEC,16,82.965,56.0,2.0,,,False,HARD,31.0,True,Ferrari,1,3.0,True,1,Australian Grand Prix,True,C3,True,-1.91,-2.25,0.874,1.065,-1.521,-1.8,86.094
0 days 02:24:18.982000,LEC,16,83.098,57.0,2.0,,,False,HARD,32.0,True,Ferrari,1,3.0,True,1,Australian Grand Prix,True,C3,True,-1.777,-2.094,1.007,1.227,-1.475,-1.744,86.284
0 days 02:25:42.299000,LEC,16,83.317,58.0,2.0,,,False,HARD,33.0,True,Ferrari,1,3.0,True,1,Australian Grand Prix,True,C3,True,-1.558,-1.836,1.226,1.493,0.135,0.162,86.56
0 days 01:04:03.349000,STR,18,,1.0,1.0,,,False,MEDIUM,1.0,True,Aston Martin,1,20.0,False,1,Australian Grand Prix,True,C4,False,,,,,,,
0 days 01:05:32.122000,STR,18,88.773,2.0,1.0,,,True,MEDIUM,2.0,True,Aston Martin,1,20.0,True,1,Australian Grand Prix,True,C4,True,3.898,4.593,6.682,8.14,1.441,1.65,88.83
0 days 01:07:00.702000,STR,18,88.58,3.0,1.0,,,True,MEDIUM,3.0,True,Aston Martin,1,20.0,True,1,Australian Grand Prix,True,C4,True,3.705,4.365,6.489,7.905,1.865,2.151,88.694
0 days 01:08:28.781000,STR,18,88.079,4.0,1.0,,,True,MEDIUM,4.0,True,Aston Martin,1,20.0,True,1,Australian Grand Prix,True,C4,True,3.204,3.775,5.988,7.294,1.95,2.264,88.25
0 days 01:09:56.966000,STR,18,88.185,5.0,1.0,,,False,MEDIUM,5.0,True,Aston Martin,1,20.0,True,1,Australian Grand Prix,True,C4,True,3.31,3.9,6.094,7.423,1.617,1.868,88.413
0 days 01:11:25.168000,STR,18,88.202,6.0,1.0,,,False,MEDIUM,6.0,True,Aston Martin,1,20.0,True,1,Australian Grand Prix,True,C4,True,3.327,3.92,6.111,7.444,2.223,2.586,88.486
0 days 01:12:53.155000,STR,18,87.987,7.0,1.0,,,True,MEDIUM,7.0,True,Aston Martin,1,20.0,True,1,Australian Grand Prix,True,C4,True,3.112,3.667,5.896,7.182,2.573,3.012,88.328
0 days 01:14:20.799000,STR,18,87.644,8.0,1.0,,,True,MEDIUM,8.0,True,Aston Martin,1,20.0,True,1,Australian Grand Prix,True,C4,True,2.769,3.262,5.553,6.764,2.192,2.565,88.042
0 days 01:15:48.871000,STR,18,88.072,9.0,1.0,,,False,MEDIUM,9.0,True,Aston Martin,1,19.0,True,1,Australian Grand Prix,True,C4,True,3.197,3.767,5.981,7.286,2.433,2.841,88.527
0 days 01:17:16.485000,STR,18,87.614,10.0,1.0,,,True,MEDIUM,10.0,True,Aston Martin,1,19.0,True,1,Australian Grand Prix,True,C4,True,2.739,3.227,5.523,6.728,1.982,2.315,88.126
0 days 01:19:28.736000,STR,18,132.251,11.0,1.0,,0 days 01:18:54.258000,False,MEDIUM,11.0,True,Aston Martin,16,19.0,False,1,Australian Grand Prix,True,C4,False,47.376,55.819,50.16,61.103,40.619,44.328,132.82
0 days 01:21:26.942000,STR,18,118.206,12.0,2.0,0 days 01:19:31.102000,,False,HARD,1.0,True,Aston Martin,6,18.0,False,1,Australian Grand Prix,True,C3,False,33.331,39.271,36.115,43.994,3.545,3.092,118.832
0 days 01:23:05.887000,STR,18,98.945,13.0,2.0,,,False,HARD,2.0,True,Aston Martin,671,17.0,False,1,Australian Grand Prix,True,C3,False,14.07,16.577,16.854,20.531,-13.13,-11.715,99.628
0 days 01:24:32.895000,STR,18,87.008,14.0,2.0,,,True,HARD,3.0,True,Aston Martin,1,17.0,True,1,Australian Grand Prix,True,C3,True,2.133,2.513,4.917,5.99,0.612,0.708,87.748
0 days 01:25:59.767000,STR,18,86.872,15.0,2.0,,,True,HARD,4.0,True,Aston Martin,1,17.0,True,1,Australian Grand Prix,True,C3,True,1.997,2.353,4.781,5.824,2.048,2.414,87.669
0 days 01:27:27.137000,STR,18,87.37,16.0,2.0,,,False,HARD,5.0,True,Aston Martin,1,17.0,True,1,Australian Grand Prix,True,C3,True,2.495,2.94,5.279,6.431,2.41,2.837,88.223
0 days 01:28:57.639000,STR,18,90.502,17.0,2.0,,,False,HARD,6.0,True,Aston Martin,126,17.0,False,1,Australian Grand Prix,True,C3,False,5.627,6.63,8.411,10.246,5.378,6.318,91.412
0 days 01:30:51.639000,STR,18,114.0,18.0,2.0,,,False,HARD,7.0,True,Aston Martin,6,17.0,False,1,Australian Grand Prix,True,C3,False,29.125,34.315,31.909,38.87,12.775,12.62,114.967
0 days 01:32:31.526000,STR,18,99.887,19.0,2.0,,,False,HARD,8.0,True,Aston Martin,671,17.0,False,1,Australian Grand Prix,True,C3,False,15.012,17.687,17.796,21.678,-12.824,-11.378,100.911
0 days 01:33:59.623000,STR,18,88.097,20.0,2.0,,,False,HARD,9.0,True,Aston Martin,1,17.0,True,1,Australian Grand Prix,True,C3,True,3.222,3.796,6.006,7.316,1.965,2.281,89.178
0 days 01:35:27.538000,STR,18,87.915,21.0,2.0,,,False,HARD,10.0,True,Aston Martin,1,17.0,True,1,Australian Grand Prix,True,C3,True,3.04,3.582,5.824,7.095,2.994,3.526,89.053
0 days 01:36:55.018000,STR,18,87.48,22.0,2.0,,,False,HARD,11.0,True,Aston Martin,1,17.0,True,1,Australian Grand Prix,True,C3,True,2.605,3.069,5.389,6.565,3.052,3.615,88.675
0 days 01:38:22.529000,STR,18,87.511,23.0,2.0,,,False,HARD,12.0,True,Aston Martin,1,17.0,True,1,Australian Grand Prix,True,C3,True,2.636,3.106,5.42,6.602,2.861,3.38,88.763
0 days 01:39:49.651000,STR,18,87.122,24.0,2.0,,,False,HARD,13.0,True,Aston Martin,1,17.0,True,1,Australian Grand Prix,True,C3,True,2.247,2.647,5.031,6.129,2.43,2.869,88.431
0 days 01:41:18.684000,STR,18,89.033,25.0,2.0,,,False,HARD,14.0,True,Aston Martin,1,17.0,True,1,Australian Grand Prix,True,C3,True,4.158,4.899,6.942,8.456,4.551,5.387,90.399
0 days 01:43:17.550000,STR,18,118.866,26.0,2.0,,0 days 01:42:46.531000,False,HARD,15.0,True,Aston Martin,1,17.0,False,1,Australian Grand Prix,True,C3,False,33.991,40.048,36.775,44.798,34.333,40.615,120.288
0 days 01:44:55.064000,STR,18,97.514,27.0,3.0,0 days 01:43:19.975000,,False,SOFT,1.0,True,Aston Martin,1,17.0,False,1,Australian Grand Prix,True,C5,False,12.639,14.891,15.423,18.788,13.066,15.472,98.993
0 days 01:46:21.138000,STR,18,86.074,28.0,3.0,,,True,SOFT,2.0,True,Aston Martin,1,17.0,True,1,Australian Grand Prix,True,C5,True,1.199,1.413,3.983,4.852,1.468,1.735,87.61
0 days 01:47:47.202000,STR,18,86.064,29.0,3.0,,,True,SOFT,3.0,True,Aston Martin,1,17.0,True,1,Australian Grand Prix,True,C5,True,1.189,1.401,3.973,4.84,1.058,1.245,87.657
0 days 01:49:14.618000,STR,18,87.416,30.0,3.0,,,False,SOFT,4.0,True,Aston Martin,1,17.0,True,1,Australian Grand Prix,True,C5,True,2.541,2.994,5.325,6.487,2.907,3.44,89.066
0 days 01:50:41.005000,STR,18,86.387,31.0,3.0,,,False,SOFT,5.0,True,Aston Martin,1,17.0,True,1,Australian Grand Prix,True,C5,True,1.512,1.781,4.296,5.233,1.511,1.78,88.094
0 days 01:52:23.473000,STR,18,102.468,32.0,3.0,,,False,SOFT,6.0,True,Aston Martin,167,17.0,False,1,Australian Grand Prix,True,C5,False,17.593,20.728,20.377,24.822,17.462,20.542,104.232
0 days 01:53:50.001000,STR,18,86.528,33.0,3.0,,,False,SOFT,7.0,True,Aston Martin,1,17.0,True,1,Australian Grand Prix,True,C5,True,1.653,1.948,4.437,5.405,0.0,0.0,88.349
0 days 02:13:18.247000,STR,18,,34.0,3.0,,0 days 01:55:18.611000,False,SOFT,8.0,True,Aston Martin,1,17.0,False,1,Australian Grand Prix,True,C5,False,,,,,,,
0 days 02:14:53.884000,STR,18,95.637,35.0,4.0,0 days 02:13:20.515000,,False,SOFT,1.0,True,Aston Martin,1,17.0,False,1,Australian Grand Prix,True,C5,False,10.762,12.68,13.546,16.501,11.101,13.132,97.571
0 days 02:16:19.294000,STR,18,85.41,36.0,4.0,,,True,SOFT,2.0,True,Aston Martin,1,17.0,True,1,Australian Grand Prix,True,C5,True,0.535,0.63,3.319,4.043,0.812,0.96,87.401
0 days 02:17:45.614000,STR,18,86.32,37.0,4.0,,,False,SOFT,3.0,True,Aston Martin,1,17.0,True,1,Australian Grand Prix,True,C5,True,1.445,1.703,4.229,5.152,1.797,2.126,88.368
0 days 02:19:11.984000,STR,18,86.37,38.0,4.0,,,False,SOFT,4.0,True,Aston Martin,1,17.0,True,1,Australian Grand Prix,True,C5,True,1.495,1.761,4.279,5.213,1.277,1.501,88.475
0 days 02:20:57.873000,STR,18,105.889,39.0,4.0,,0 days 02:20:37.402000,False,SOFT,5.0,True,Aston Martin,1,17.0,False,1,Australian Grand Prix,True,C5,False,21.014,24.759,23.798,28.99,21.096,24.879,108.051
0 days 02:22:30.845000,STR,18,92.972,40.0,5.0,0 days 02:21:00.243000,,False,SOFT,1.0,True,Aston Martin,1,17.0,False,1,Australian Grand Prix,True,C5,False,8.097,9.54,10.881,13.255,7.907,9.295,95.191
0 days 02:23:56.289000,STR,18,85.444,41.0,5.0,,,False,SOFT,2.0,True,Aston Martin,1,17.0,True,1,Australian Grand Prix,True,C5,True,0.569,0.67,3.353,4.084,0.482,0.567,87.72
0 days 02:25:21.996000,STR,18,85.707,42.0,5.0,,,False,SOFT,3.0,True,Aston Martin,1,17.0,True,1,Australian Grand Prix,True,C5,True,0.832,0.98,3.616,4.405,1.027,1.213,88.04
0 days 02:26:47.915000,STR,18,85.919,43.0,5.0,,,False,SOFT,4.0,True,Aston Martin,1,17.0,True,1,Australian Grand Prix,True,C5,True,1.044,1.23,3.828,4.663,1.529,1.812,88.309
0 days 01:03:59.355000,ALB,23,,1.0,1.0,,,False,MEDIUM,1.0,True,Williams,1,12.0,False,1,Australian Grand Prix,True,C4,False,,,,,,,
0 days 01:05:27.135000,ALB,23,87.78,2.0,1.0,,,True,MEDIUM,2.0,True,Williams,1,13.0,True,1,Australian Grand Prix,True,C4,True,2.905,3.423,5.689,6.93,0.448,0.513,87.837
0 days 01:06:54.647000,ALB,23,87.512,3.0,1.0,,,True,MEDIUM,3.0,True,Williams,1,13.0,True,1,Australian Grand Prix,True,C4,True,2.637,3.107,5.421,6.604,0.797,0.919,87.626
0 days 01:08:22.558000,ALB,23,87.911,4.0,1.0,,,False,MEDIUM,4.0,True,Williams,1,14.0,True,1,Australian Grand Prix,True,C4,True,3.036,3.577,5.82,7.09,1.782,2.069,88.082
0 days 01:09:49.734000,ALB,23,87.176,5.0,1.0,,,True,MEDIUM,5.0,True,Williams,1,13.0,True,1,Australian Grand Prix,True,C4,True,2.301,2.711,5.085,6.194,0.608,0.702,87.404
0 days 01:11:16.170000,ALB,23,86.436,6.0,1.0,,,True,MEDIUM,6.0,True,Williams,1,13.0,True,1,Australian Grand Prix,True,C4,True,1.561,1.839,4.345,5.293,0.457,0.532,86.72
0 days 01:12:41.858000,ALB,23,85.688,7.0,1.0,,,True,MEDIUM,7.0,True,Williams,1,13.0,True,1,Australian Grand Prix,True,C4,True,0.813,0.958,3.597,4.382,0.274,0.321,86.029
0 days 01:14:07.416000,ALB,23,85.558,8.0,1.0,,,True,MEDIUM,8.0,True,Williams,1,13.0,True,1,Australian Grand Prix,True,C4,True,0.683,0.805,3.467,4.223,0.106,0.124,85.956
0 days 01:15:33.144000,ALB,23,85.728,9.0,1.0,,,False,MEDIUM,9.0,True,Williams,1,13.0,True,1,Australian Grand Prix,True,C4,True,0.853,1.005,3.637,4.43,0.089,0.104,86.183
0 days 01:16:59.174000,ALB,23,86.03,10.0,1.0,,,False,MEDIUM,10.0,True,Williams,1,13.0,True,1,Australian Grand Prix,True,C4,True,1.155,1.361,3.939,4.798,0.398,0.465,86.542
0 days 01:18:33.154000,ALB,23,93.98,11.0,1.0,,,False,MEDIUM,11.0,True,Williams,16,10.0,False,1,Australian Grand Prix,True,C4,False,9.105,10.728,11.889,14.483,2.348,2.562,94.549
0 days 01:20:38.732000,ALB,23,125.578,12.0,1.0,,0 days 01:20:22.785000,False,MEDIUM,12.0,True,Williams,6,12.0,False,1,Australian Grand Prix,True,C4,False,40.703,47.956,43.487,52.974,10.917,9.521,126.204
0 days 01:22:31.080000,ALB,23,112.348,13.0,2.0,0 days 01:20:41.190000,,False,HARD,1.0,True,Williams,671,12.0,False,1,Australian Grand Prix,True,C3,False,27.473,32.369,30.257,36.858,0.273,0.244,113.031
0 days 01:23:56.459000,ALB,23,85.379,14.0,2.0,,,True,HARD,2.0,True,Williams,1,12.0,True,1,Australian Grand Prix,True,C3,True,0.504,0.594,3.288,4.005,-1.017,-1.177,86.119
0 days 01:25:21.494000,ALB,23,85.035,15.0,2.0,,,True,HARD,3.0,True,Williams,1,12.0,True,1,Australian Grand Prix,True,C3,True,0.16,0.189,2.944,3.586,0.211,0.249,85.832
0 days 01:26:49.928000,ALB,23,88.434,16.0,2.0,,,False,HARD,4.0,True,Williams,1,13.0,True,1,Australian Grand Prix,True,C3,True,3.559,4.193,6.343,7.727,3.474,4.089,89.287
0 days 01:28:15.590000,ALB,23,85.662,17.0,2.0,,,False,HARD,5.0,True,Williams,1,13.0,True,1,Australian Grand Prix,True,C3,True,0.787,0.927,3.571,4.35,0.538,0.632,86.572
0 days 01:29:59.618000,ALB,23,104.028,18.0,2.0,,,False,HARD,6.0,True,Williams,126,13.0,False,1,Australian Grand Prix,True,C3,False,19.153,22.566,21.937,26.723,2.803,2.769,104.995
0 days 01:31:49.094000,ALB,23,109.476,19.0,2.0,,,False,HARD,7.0,True,Williams,671,13.0,False,1,Australian Grand Prix,True,C3,False,24.601,28.985,27.385,33.359,-3.235,-2.87,110.5
0 days 01:33:14.135000,ALB,23,85.041,20.0,2.0,,,False,HARD,8.0,True,Williams,1,13.0,True,1,Australian Grand Prix,True,C3,True,0.166,0.196,2.95,3.594,-1.091,-1.267,86.122
0 days 01:34:39.200000,ALB,23,85.065,21.0,2.0,,,False,HARD,9.0,True,Williams,1,13.0,True,1,Australian Grand Prix,True,C3,True,0.19,0.224,2.974,3.623,0.144,0.17,86.203
0 days 01:36:04.497000,ALB,23,85.297,22.0,2.0,,,False,HARD,10.0,True,Williams,1,13.0,True,1,Australian Grand Prix,True,C3,True,0.422,0.497,3.206,3.905,0.869,1.029,86.492
0 days 01:37:29.755000,ALB,23,85.258,23.0,2.0,,,False,HARD,11.0,True,Williams,1,13.0,True,1,Australian Grand Prix,True,C3,True,0.383,0.451,3.167,3.858,0.608,0.718,86.51
0 days 01:38:55.089000,ALB,23,85.334,24.0,2.0,,,False,HARD,12.0,True,Williams,1,13.0,True,1,Australian Grand Prix,True,C3,True,0.459,0.541,3.243,3.95,0.642,0.758,86.643
0 days 01:40:20.658000,ALB,23,85.569,25.0,2.0,,,False,HARD,13.0,True,Williams,1,13.0,True,1,Australian Grand Prix,True,C3,True,0.694,0.818,3.478,4.237,1.087,1.287,86.935
0 days 01:41:46.440000,ALB,23,85.782,26.0,2.0,,,False,HARD,14.0,True,Williams,1,13.0,True,1,Australian Grand Prix,True,C3,True,0.907,1.069,3.691,4.496,1.249,1.478,87.204
0 days 01:43:12.174000,ALB,23,85.734,27.0,2.0,,,False,HARD,15.0,True,Williams,1,13.0,True,1,Australian Grand Prix,True,C3,True,0.859,1.012,3.643,4.438,1.286,1.523,87.213
0 days 01:44:38.816000,ALB,23,86.642,28.0,2.0,,,False,HARD,16.0,True,Williams,1,13.0,True,1,Australian Grand Prix,True,C3,True,1.767,2.082,4.551,5.544,2.036,2.406,88.178
0 days 01:46:05.430000,ALB,23,86.614,29.0,2.0,,,False,HARD,17.0,True,Williams,1,12.0,True,1,Australian Grand Prix,True,C3,True,1.739,2.049,4.523,5.51,1.608,1.892,88.207
0 days 01:47:31.902000,ALB,23,86.472,30.0,2.0,,,False,HARD,18.0,True,Williams,1,12.0,True,1,Australian Grand Prix,True,C3,True,1.597,1.882,4.381,5.337,1.963,2.323,88.122
0 days 01:48:58.425000,ALB,23,86.523,31.0,2.0,,,False,HARD,19.0,True,Williams,1,12.0,True,1,Australian Grand Prix,True,C3,True,1.648,1.942,4.432,5.399,1.647,1.94,88.23
0 days 01:50:24.884000,ALB,23,86.459,32.0,2.0,,,False,HARD,20.0,True,Williams,1,12.0,True,1,Australian Grand Prix,True,C3,True,1.584,1.866,4.368,5.321,1.453,1.709,88.223
0 days 01:52:14.914000,ALB,23,110.03,33.0,2.0,,0 days 01:51:58.614000,False,HARD,21.0,True,Williams,167,12.0,False,1,Australian Grand Prix,True,C3,False,25.155,29.638,27.939,34.034,23.502,27.161,111.851
0 days 01:53:45.832000,ALB,23,90.918,34.0,3.0,0 days 01:52:17.259000,,False,SOFT,1.0,True,Williams,1,12.0,False,1,Australian Grand Prix,True,C5,False,6.043,7.12,8.827,10.753,-2.894,-3.085,92.796
0 days 01:55:10.278000,ALB,23,84.446,35.0,3.0,,,True,SOFT,2.0,True,Williams,1,12.0,True,1,Australian Grand Prix,True,C5,True,-0.429,-0.505,2.355,2.869,-0.09,-0.106,86.38
0 days 01:56:34.653000,ALB,23,84.375,36.0,3.0,,,True,SOFT,3.0,True,Williams,1,12.0,True,1,Australian Grand Prix,True,C5,True,-0.5,-0.589,2.284,2.782,-0.223,-0.264,86.366
0 days 01:57:59.705000,ALB,23,85.052,37.0,3.0,,,False,SOFT,4.0,True,Williams,1,12.0,True,1,Australian Grand Prix,True,C5,True,0.177,0.209,2.961,3.607,0.529,0.626,87.1
0 days 01:59:26.043000,ALB,23,86.338,38.0,3.0,,,False,SOFT,5.0,True,Williams,1,12.0,True,1,Australian Grand Prix,True,C5,True,1.463,1.724,4.247,5.174,1.245,1.463,88.443
0 days 02:00:50.901000,ALB,23,84.858,39.0,3.0,,,False,SOFT,6.0,True,Williams,1,12.0,True,1,Australian Grand Prix,True,C5,True,-0.017,-0.02,2.767,3.371,0.065,0.077,87.02
0 days 02:02:17.573000,ALB,23,86.672,40.0,3.0,,,False,SOFT,7.0,True,Williams,1,12.0,True,1,Australian Grand Prix,True,C5,True,1.797,2.117,4.581,5.58,1.607,1.889,88.891
0 days 02:03:42.449000,ALB,23,84.876,41.0,3.0,,,False,SOFT,8.0,True,Williams,1,12.0,True,1,Australian Grand Prix,True,C5,True,0.001,0.001,2.785,3.393,-0.086,-0.101,87.152
0 days 02:05:07.307000,ALB,23,84.858,42.0,3.0,,,False,SOFT,9.0,True,Williams,1,12.0,True,1,Australian Grand Prix,True,C5,True,-0.017,-0.02,2.767,3.371,0.178,0.21,87.191
0 days 02:06:32.263000,ALB,23,84.956,43.0,3.0,,,False,SOFT,10.0,True,Williams,1,12.0,True,1,Australian Grand Prix,True,C5,True,0.081,0.095,2.865,3.49,0.566,0.671,87.346
0 days 02:07:57.104000,ALB,23,84.841,44.0,3.0,,,False,SOFT,11.0,True,Williams,1,12.0,True,1,Australian Grand Prix,True,C5,True,-0.034,-0.04,2.75,3.35,0.77,0.916,87.288
0 days 02:09:21.806000,ALB,23,84.702,45.0,3.0,,,False,SOFT,12.0,True,Williams,1,12.0,True,1,Australian Grand Prix,True,C5,True,-0.173,-0.204,2.611,3.181,0.572,0.68,87.205
0 days 02:10:46.583000,ALB,23,84.777,46.0,3.0,,,False,SOFT,13.0,True,Williams,1,12.0,True,1,Australian Grand Prix,True,C5,True,-0.098,-0.115,2.686,3.272,0.89,1.061,87.337
0 days 02:12:11.398000,ALB,23,84.815,47.0,3.0,,,False,SOFT,14.0,True,Williams,1,12.0,True,1,Australian Grand Prix,True,C5,True,-0.06,-0.071,2.724,3.318,0.839,0.999,87.432
0 days 02:13:36.171000,ALB,23,84.773,48.0,3.0,,,False,SOFT,15.0,True,Williams,1,12.0,True,1,Australian Grand Prix,True,C5,True,-0.102,-0.12,2.682,3.267,0.46,0.546,87.447
0 days 02:15:00.956000,ALB,23,84.785,49.0,3.0,,,False,SOFT,16.0,True,Williams,1,12.0,True,1,Australian Grand Prix,True,C5,True,-0.09,-0.106,2.694,3.282,0.858,1.022,87.516
0 days 02:16:25.812000,ALB,23,84.856,50.0,3.0,,,False,SOFT,17.0,True,Williams,1,12.0,True,1,Australian Grand Prix,True,C5,True,-0.019,-0.022,2.765,3.368,1.04,1.241,87.644
0 days 02:17:50.561000,ALB,23,84.749,51.0,3.0,,,False,SOFT,18.0,True,Williams,1,12.0,True,1,Australian Grand Prix,True,C5,True,-0.126,-0.148,2.658,3.238,0.445,0.528,87.594
0 days 02:19:15.325000,ALB,23,84.764,52.0,3.0,,,False,SOFT,19.0,True,Williams,1,12.0,True,1,Australian Grand Prix,True,C5,True,-0.111,-0.131,2.673,3.256,0.452,0.536,87.666
0 days 02:20:40.344000,ALB,23,85.019,53.0,3.0,,,False,SOFT,20.0,True,Williams,1,12.0,True,1,Australian Grand Prix,True,C5,True,0.144,0.17,2.928,3.567,0.313,0.37,87.978
0 days 02:22:05.205000,ALB,23,84.861,54.0,3.0,,,False,SOFT,21.0,True,Williams,1,12.0,True,1,Australian Grand Prix,True,C5,True,-0.014,-0.016,2.77,3.374,0.468,0.555,87.877
0 days 02:23:30.200000,ALB,23,84.995,55.0,3.0,,,False,SOFT,22.0,True,Williams,1,12.0,True,1,Australian Grand Prix,True,C5,True,0.12,0.141,2.904,3.538,0.789,0.937,88.067
0 days 02:24:56.587000,ALB,23,86.387,56.0,3.0,,,False,SOFT,23.0,True,Williams,1,12.0,True,1,Australian Grand Prix,True,C5,True,1.512,1.781,4.296,5.233,1.901,2.25,89.516
0 days 02:26:22.855000,ALB,23,86.268,57.0,3.0,,,False,SOFT,24.0,True,Williams,1,12.0,True,1,Australian Grand Prix,True,C5,True,1.393,1.641,4.177,5.088,1.695,2.004,89.454
0 days 01:03:51.908000,HUL,27,,1.0,1.0,,,False,HARD,1.0,True,Audi,1,,False,1,Australian Grand Prix,True,C3,False,,,,,,,
0 days 01:04:01.312000,VER,3,,1.0,1.0,,,False,HARD,1.0,True,Red Bull Racing,1,16.0,False,1,Australian Grand Prix,True,C3,False,,,,,,,
0 days 01:05:28.140000,VER,3,86.828,2.0,1.0,,,True,HARD,2.0,True,Red Bull Racing,1,15.0,True,1,Australian Grand Prix,True,C3,True,1.953,2.301,4.737,5.77,-0.504,-0.577,86.885
0 days 01:06:55.236000,VER,3,87.096,3.0,1.0,,,False,HARD,3.0,True,Red Bull Racing,1,14.0,True,1,Australian Grand Prix,True,C3,True,2.221,2.617,5.005,6.097,0.381,0.439,87.21
0 days 01:08:21.807000,VER,3,86.571,4.0,1.0,,,True,HARD,4.0,True,Red Bull Racing,1,13.0,True,1,Australian Grand Prix,True,C3,True,1.696,1.998,4.48,5.457,0.442,0.513,86.742
0 days 01:09:46.686000,VER,3,84.879,5.0,1.0,,,True,HARD,5.0,True,Red Bull Racing,1,12.0,True,1,Australian Grand Prix,True,C3,True,0.004,0.005,2.788,3.396,-1.689,-1.951,85.107
0 days 01:11:11.654000,VER,3,84.968,6.0,1.0,,,False,HARD,6.0,True,Red Bull Racing,1,11.0,True,1,Australian Grand Prix,True,C3,True,0.093,0.11,2.877,3.505,-1.011,-1.176,85.252
0 days 01:12:37.038000,VER,3,85.384,7.0,1.0,,,False,HARD,7.0,True,Red Bull Racing,1,11.0,True,1,Australian Grand Prix,True,C3,True,0.509,0.6,3.293,4.011,-0.03,-0.035,85.725
0 days 01:14:01.745000,VER,3,84.707,8.0,1.0,,,True,HARD,8.0,True,Red Bull Racing,1,10.0,True,1,Australian Grand Prix,True,C3,True,-0.168,-0.198,2.616,3.187,-0.745,-0.872,85.105
0 days 01:15:26.816000,VER,3,85.071,9.0,1.0,,,False,HARD,9.0,True,Red Bull Racing,1,10.0,True,1,Australian Grand Prix,True,C3,True,0.196,0.231,2.98,3.63,-0.568,-0.663,85.526
0 days 01:16:51.949000,VER,3,85.133,10.0,1.0,,,False,HARD,10.0,True,Red Bull Racing,1,9.0,True,1,Australian Grand Prix,True,C3,True,0.258,0.304,3.042,3.706,-0.499,-0.583,85.645
0 days 01:18:22.978000,VER,3,91.029,11.0,1.0,,,False,HARD,11.0,True,Red Bull Racing,16,6.0,False,1,Australian Grand Prix,True,C3,False,6.154,7.251,8.938,10.888,-0.603,-0.658,91.598
0 days 01:20:17.192000,VER,3,114.214,12.0,1.0,,,False,HARD,12.0,True,Red Bull Racing,6,6.0,False,1,Australian Grand Prix,True,C3,False,29.339,34.567,32.123,39.131,-0.447,-0.39,114.84
0 days 01:22:12.053000,VER,3,114.861,13.0,1.0,,,False,HARD,13.0,True,Red Bull Racing,67,6.0,False,1,Australian Grand Prix,True,C3,False,29.986,35.33,32.77,39.919,2.786,2.486,115.544
0 days 01:23:38.183000,VER,3,86.13,14.0,1.0,,,False,HARD,14.0,True,Red Bull Racing,71,6.0,False,1,Australian Grand Prix,True,C3,False,1.255,1.479,4.039,4.92,-0.266,-0.308,86.87
0 days 01:25:02.281000,VER,3,84.098,15.0,1.0,,,True,HARD,15.0,True,Red Bull Racing,1,6.0,True,1,Australian Grand Prix,True,C3,True,-0.777,-0.915,2.007,2.445,-0.726,-0.856,84.895
0 days 01:26:26.887000,VER,3,84.606,16.0,1.0,,,False,HARD,16.0,True,Red Bull Racing,1,6.0,True,1,Australian Grand Prix,True,C3,True,-0.269,-0.317,2.515,3.064,-0.354,-0.417,85.459
0 days 01:27:51.644000,VER,3,84.757,17.0,1.0,,,False,HARD,17.0,True,Red Bull Racing,1,6.0,True,1,Australian Grand Prix,True,C3,True,-0.118,-0.139,2.666,3.248,-0.367,-0.431,85.667
0 days 01:29:40.191000,VER,3,108.547,18.0,1.0,,0 days 01:29:23.209000,False,HARD,18.0,True,Red Bull Racing,126,7.0,False,1,Australian Grand Prix,True,C3,False,23.672,27.89,26.456,32.228,7.322,7.233,109.514
0 days 01:31:36.540000,VER,3,116.349,19.0,2.0,0 days 01:29:42.692000,,False,MEDIUM,1.0,True,Red Bull Racing,671,7.0,False,1,Australian Grand Prix,True,C4,False,31.474,37.083,34.258,41.732,3.638,3.228,117.373
0 days 01:33:00.106000,VER,3,83.566,20.0,2.0,,,True,MEDIUM,2.0,True,Red Bull Racing,1,6.0,True,1,Australian Grand Prix,True,C4,True,-1.309,-1.542,1.475,1.797,-2.566,-2.979,84.647
0 days 01:34:23.642000,VER,3,83.536,21.0,2.0,,,True,MEDIUM,3.0,True,Red Bull Racing,1,6.0,True,1,Australian Grand Prix,True,C4,True,-1.339,-1.578,1.445,1.76,-1.385,-1.631,84.674
0 days 01:35:47.100000,VER,3,83.458,22.0,2.0,,,True,MEDIUM,4.0,True,Red Bull Racing,1,6.0,True,1,Australian Grand Prix,True,C4,True,-1.417,-1.67,1.367,1.665,-0.97,-1.149,84.653
0 days 01:37:10.616000,VER,3,83.516,23.0,2.0,,,False,MEDIUM,5.0,True,Red Bull Racing,1,6.0,True,1,Australian Grand Prix,True,C4,True,-1.359,-1.601,1.425,1.736,-1.134,-1.34,84.768
0 days 01:38:34.088000,VER,3,83.472,24.0,2.0,,,False,MEDIUM,6.0,True,Red Bull Racing,1,6.0,True,1,Australian Grand Prix,True,C4,True,-1.403,-1.653,1.381,1.682,-1.22,-1.441,84.781
0 days 01:39:57.642000,VER,3,83.554,25.0,2.0,,,False,MEDIUM,7.0,True,Red Bull Racing,1,6.0,True,1,Australian Grand Prix,True,C4,True,-1.321,-1.556,1.463,1.782,-0.928,-1.098,84.92
0 days 01:41:21.005000,VER,3,83.363,26.0,2.0,,,True,MEDIUM,8.0,True,Red Bull Racing,1,6.0,True,1,Australian Grand Prix,True,C4,True,-1.512,-1.781,1.272,1.549,-1.17,-1.384,84.785
0 days 01:42:44.745000,VER,3,83.74,27.0,2.0,,,False,MEDIUM,9.0,True,Red Bull Racing,1,6.0,True,1,Australian Grand Prix,True,C4,True,-1.135,-1.337,1.649,2.009,-0.708,-0.838,85.219
0 days 01:44:08.208000,VER,3,83.463,28.0,2.0,,,False,MEDIUM,10.0,True,Red Bull Racing,1,6.0,True,1,Australian Grand Prix,True,C4,True,-1.412,-1.664,1.372,1.671,-1.143,-1.351,84.999
0 days 01:45:31.647000,VER,3,83.439,29.0,2.0,,,False,MEDIUM,11.0,True,Red Bull Racing,1,6.0,True,1,Australian Grand Prix,True,C4,True,-1.436,-1.692,1.348,1.642,-1.567,-1.843,85.032
0 days 01:46:55.037000,VER,3,83.39,30.0,2.0,,,False,MEDIUM,12.0,True,Red Bull Racing,1,6.0,True,1,Australian Grand Prix,True,C4,True,-1.485,-1.75,1.299,1.582,-1.119,-1.324,85.04
0 days 01:48:18.547000,VER,3,83.51,31.0,2.0,,,False,MEDIUM,13.0,True,Red Bull Racing,1,6.0,True,1,Australian Grand Prix,True,C4,True,-1.365,-1.608,1.419,1.729,-1.366,-1.609,85.217
0 days 01:49:42.134000,VER,3,83.587,32.0,2.0,,,False,MEDIUM,14.0,True,Red Bull Racing,1,6.0,True,1,Australian Grand Prix,True,C4,True,-1.288,-1.518,1.496,1.822,-1.419,-1.669,85.351
0 days 01:51:06.064000,VER,3,83.93,33.0,2.0,,,False,MEDIUM,15.0,True,Red Bull Racing,1,6.0,True,1,Australian Grand Prix,True,C4,True,-0.945,-1.113,1.839,2.24,-2.598,-3.002,85.751
0 days 01:52:44.280000,VER,3,98.216,34.0,2.0,,,False,MEDIUM,16.0,True,Red Bull Racing,167,5.0,False,1,Australian Grand Prix,True,C4,False,13.341,15.718,16.125,19.643,4.404,4.694,100.094
0 days 01:54:08.836000,VER,3,84.556,35.0,2.0,,,False,MEDIUM,17.0,True,Red Bull Racing,1,5.0,True,1,Australian Grand Prix,True,C4,True,-0.319,-0.376,2.465,3.003,0.02,0.024,86.49
0 days 01:55:32.803000,VER,3,83.967,36.0,2.0,,,False,MEDIUM,18.0,True,Red Bull Racing,1,5.0,True,1,Australian Grand Prix,True,C4,True,-0.908,-1.07,1.876,2.285,-0.631,-0.746,85.958
0 days 01:56:56.478000,VER,3,83.675,37.0,2.0,,,False,MEDIUM,19.0,True,Red Bull Racing,1,5.0,True,1,Australian Grand Prix,True,C4,True,-1.2,-1.414,1.584,1.93,-0.848,-1.003,85.723
0 days 01:58:20.390000,VER,3,83.912,38.0,2.0,,,False,MEDIUM,20.0,True,Red Bull Racing,1,5.0,True,1,Australian Grand Prix,True,C4,True,-0.963,-1.135,1.821,2.218,-1.181,-1.388,86.017
0 days 01:59:44.105000,VER,3,83.715,39.0,2.0,,,False,MEDIUM,21.0,True,Red Bull Racing,1,5.0,True,1,Australian Grand Prix,True,C4,True,-1.16,-1.367,1.624,1.978,-1.078,-1.271,85.877
0 days 02:01:08.700000,VER,3,84.595,40.0,2.0,,,False,MEDIUM,22.0,True,Red Bull Racing,1,5.0,True,1,Australian Grand Prix,True,C4,True,-0.28,-0.33,2.504,3.05,-0.47,-0.553,86.814
0 days 02:02:47.566000,VER,3,98.866,41.0,2.0,,0 days 02:02:31.678000,False,MEDIUM,23.0,True,Red Bull Racing,1,5.0,False,1,Australian Grand Prix,True,C4,False,13.991,16.484,16.775,20.435,13.904,16.365,101.142
0 days 02:04:15.557000,VER,3,87.991,42.0,3.0,0 days 02:02:49.983000,,False,HARD,1.0,True,Red Bull Racing,1,6.0,False,1,Australian Grand Prix,True,C3,False,3.116,3.671,5.9,7.187,3.311,3.91,90.324
0 days 02:05:37.648000,VER,3,82.091,43.0,3.0,,,True,HARD,2.0,True,Red Bull Racing,1,6.0,True,1,Australian Grand Prix,True,C3,True,-2.784,-3.28,0.0,0.0,-2.299,-2.724,84.481
0 days 02:07:00.168000,VER,3,82.52,44.0,3.0,,,False,HARD,3.0,True,Red Bull Racing,1,6.0,True,1,Australian Grand Prix,True,C3,True,-2.355,-2.775,0.429,0.523,-1.551,-1.845,84.967
0 days 02:08:22.621000,VER,3,82.453,45.0,3.0,,,False,HARD,4.0,True,Red Bull Racing,1,6.0,True,1,Australian Grand Prix,True,C3,True,-2.422,-2.854,0.362,0.441,-1.677,-1.993,84.956
0 days 02:09:45.431000,VER,3,82.81,46.0,3.0,,,False,HARD,5.0,True,Red Bull Racing,1,6.0,True,1,Australian Grand Prix,True,C3,True,-2.065,-2.433,0.719,0.876,-1.077,-1.284,85.37
0 days 02:11:07.920000,VER,3,82.489,47.0,3.0,,,False,HARD,6.0,True,Red Bull Racing,1,6.0,True,1,Australian Grand Prix,True,C3,True,-2.386,-2.811,0.398,0.485,-1.487,-1.771,85.106
0 days 02:12:30.826000,VER,3,82.906,48.0,3.0,,,False,HARD,7.0,True,Red Bull Racing,1,6.0,True,1,Australian Grand Prix,True,C3,True,-1.969,-2.32,0.815,0.993,-1.407,-1.669,85.58
0 days 02:13:53.765000,VER,3,82.939,49.0,3.0,,,False,HARD,8.0,True,Red Bull Racing,1,6.0,True,1,Australian Grand Prix,True,C3,True,-1.936,-2.281,0.848,1.033,-0.988,-1.177,85.67
0 days 02:15:16.503000,VER,3,82.738,50.0,3.0,,,False,HARD,9.0,True,Red Bull Racing,1,6.0,True,1,Australian Grand Prix,True,C3,True,-2.137,-2.518,0.647,0.788,-1.078,-1.286,85.526
0 days 02:16:39.193000,VER,3,82.69,51.0,3.0,,,False,HARD,10.0,True,Red Bull Racing,1,6.0,True,1,Australian Grand Prix,True,C3,True,-2.185,-2.574,0.599,0.73,-1.614,-1.914,85.535
0 days 02:18:01.876000,VER,3,82.683,52.0,3.0,,,False,HARD,11.0,True,Red Bull Racing,1,6.0,True,1,Australian Grand Prix,True,C3,True,-2.192,-2.583,0.592,0.721,-1.629,-1.932,85.585
0 days 02:19:24.985000,VER,3,83.109,53.0,3.0,,,False,HARD,12.0,True,Red Bull Racing,1,6.0,True,1,Australian Grand Prix,True,C3,True,-1.766,-2.081,1.018,1.24,-1.597,-1.885,86.068
0 days 02:20:48.075000,VER,3,83.09,54.0,3.0,,,False,HARD,13.0,True,Red Bull Racing,1,6.0,True,1,Australian Grand Prix,True,C3,True,-1.785,-2.103,0.999,1.217,-1.303,-1.544,86.106
0 days 02:22:11.286000,VER,3,83.211,55.0,3.0,,,False,HARD,14.0,True,Red Bull Racing,1,6.0,True,1,Australian Grand Prix,True,C3,True,-1.664,-1.961,1.12,1.364,-0.995,-1.182,86.283
0 days 02:23:34.395000,VER,3,83.109,56.0,3.0,,,False,HARD,15.0,True,Red Bull Racing,1,6.0,True,1,Australian Grand Prix,True,C3,True,-1.766,-2.081,1.018,1.24,-1.377,-1.63,86.238
0 days 02:24:57.864000,VER,3,83.469,57.0,3.0,,,False,HARD,16.0,True,Red Bull Racing,1,6.0,True,1,Australian Grand Prix,True,C3,True,-1.406,-1.657,1.378,1.679,-1.104,-1.305,86.655
0 days 02:26:21.397000,VER,3,83.533,58.0,3.0,,,False,HARD,17.0,True,Red Bull Racing,1,6.0,True,1,Australian Grand Prix,True,C3,True,-1.342,-1.581,1.442,1.757,0.351,0.422,86.776
0 days 01:04:02.167000,LAW,30,,1.0,1.0,,,False,MEDIUM,1.0,True,Racing Bulls,1,18.0,False,1,Australian Grand Prix,True,C4,False,,,,,,,
0 days 01:05:30.704000,LAW,30,88.537,2.0,1.0,,,True,MEDIUM,2.0,True,Racing Bulls,1,17.0,True,1,Australian Grand Prix,True,C4,True,3.662,4.315,6.446,7.852,1.205,1.38,88.594
0 days 01:06:57.573000,LAW,30,86.869,3.0,1.0,,,True,MEDIUM,3.0,True,Racing Bulls,1,17.0,True,1,Australian Grand Prix,True,C4,True,1.994,2.349,4.778,5.82,0.154,0.178,86.983
0 days 01:08:24.234000,LAW,30,86.661,4.0,1.0,,,True,MEDIUM,4.0,True,Racing Bulls,1,17.0,True,1,Australian Grand Prix,True,C4,True,1.786,2.104,4.57,5.567,0.532,0.618,86.832
0 days 01:09:51.376000,LAW,30,87.142,5.0,1.0,,,False,MEDIUM,5.0,True,Racing Bulls,1,17.0,True,1,Australian Grand Prix,True,C4,True,2.267,2.671,5.051,6.153,0.574,0.663,87.37
0 days 01:11:19.336000,LAW,30,87.96,6.0,1.0,,,False,MEDIUM,6.0,True,Racing Bulls,1,17.0,True,1,Australian Grand Prix,True,C4,True,3.085,3.635,5.869,7.149,1.981,2.304,88.244
0 days 01:12:45.980000,LAW,30,86.644,7.0,1.0,,,True,MEDIUM,7.0,True,Racing Bulls,1,16.0,True,1,Australian Grand Prix,True,C4,True,1.769,2.084,4.553,5.546,1.23,1.44,86.985
0 days 01:14:11.868000,LAW,30,85.888,8.0,1.0,,,True,MEDIUM,8.0,True,Racing Bulls,1,16.0,True,1,Australian Grand Prix,True,C4,True,1.013,1.194,3.797,4.625,0.436,0.51,86.286
0 days 01:15:37.893000,LAW,30,86.025,9.0,1.0,,,False,MEDIUM,9.0,True,Racing Bulls,1,15.0,True,1,Australian Grand Prix,True,C4,True,1.15,1.355,3.934,4.792,0.386,0.451,86.48
0 days 01:17:03.644000,LAW,30,85.751,10.0,1.0,,,True,MEDIUM,10.0,True,Racing Bulls,1,15.0,True,1,Australian Grand Prix,True,C4,True,0.876,1.032,3.66,4.458,0.119,0.139,86.263
0 days 01:18:53.670000,LAW,30,110.026,11.0,1.0,,0 days 01:18:36.737000,False,MEDIUM,11.0,True,Racing Bulls,16,16.0,False,1,Australian Grand Prix,True,C4,False,25.151,29.633,27.935,34.029,18.394,20.074,110.595
0 days 01:21:04.054000,LAW,30,130.384,12.0,2.0,0 days 01:18:56.054000,,False,HARD,1.0,True,Racing Bulls,6,15.0,False,1,Australian Grand Prix,True,C3,False,45.509,53.619,48.293,58.829,15.723,13.713,131.01
0 days 01:22:39.504000,LAW,30,95.45,13.0,2.0,,,False,HARD,2.0,True,Racing Bulls,671,15.0,False,1,Australian Grand Prix,True,C3,False,10.575,12.459,13.359,16.273,-16.625,-14.834,96.133
0 days 01:24:04.737000,LAW,30,85.233,14.0,2.0,,,True,HARD,3.0,True,Racing Bulls,1,15.0,True,1,Australian Grand Prix,True,C3,True,0.358,0.422,3.142,3.827,-1.163,-1.346,85.973
0 days 01:25:31.528000,LAW,30,86.791,15.0,2.0,,,False,HARD,4.0,True,Racing Bulls,1,15.0,True,1,Australian Grand Prix,True,C3,True,1.916,2.257,4.7,5.725,1.967,2.319,87.588
0 days 01:27:01.447000,LAW,30,89.919,16.0,2.0,,,False,HARD,5.0,True,Racing Bulls,1,14.0,True,1,Australian Grand Prix,True,C3,True,5.044,5.943,7.828,9.536,4.959,5.837,90.772
0 days 01:28:27.286000,LAW,30,85.839,17.0,2.0,,,False,HARD,6.0,True,Racing Bulls,1,14.0,True,1,Australian Grand Prix,True,C3,True,0.964,1.136,3.748,4.566,0.715,0.84,86.749
0 days 01:30:16.251000,LAW,30,108.965,18.0,2.0,,,False,HARD,7.0,True,Racing Bulls,126,14.0,False,1,Australian Grand Prix,True,C3,False,24.09,28.383,26.874,32.737,7.74,7.646,109.932
0 days 01:32:02.059000,LAW,30,105.808,19.0,2.0,,,False,HARD,8.0,True,Racing Bulls,671,14.0,False,1,Australian Grand Prix,True,C3,False,20.933,24.663,23.717,28.891,-6.903,-6.125,106.832
0 days 01:33:27.127000,LAW,30,85.068,20.0,2.0,,,True,HARD,9.0,True,Racing Bulls,1,14.0,True,1,Australian Grand Prix,True,C3,True,0.193,0.227,2.977,3.626,-1.064,-1.235,86.149
0 days 01:34:52.037000,LAW,30,84.91,21.0,2.0,,,True,HARD,10.0,True,Racing Bulls,1,14.0,True,1,Australian Grand Prix,True,C3,True,0.035,0.041,2.819,3.434,-0.011,-0.013,86.048
0 days 01:36:17.078000,LAW,30,85.041,22.0,2.0,,,False,HARD,11.0,True,Racing Bulls,1,14.0,True,1,Australian Grand Prix,True,C3,True,0.166,0.196,2.95,3.594,0.613,0.726,86.236
0 days 01:37:42.152000,LAW,30,85.074,23.0,2.0,,,False,HARD,12.0,True,Racing Bulls,1,14.0,True,1,Australian Grand Prix,True,C3,True,0.199,0.234,2.983,3.634,0.424,0.501,86.326
0 days 01:39:08.678000,LAW,30,86.526,24.0,2.0,,,False,HARD,13.0,True,Racing Bulls,1,14.0,True,1,Australian Grand Prix,True,C3,True,1.651,1.945,4.435,5.403,1.834,2.165,87.835
0 days 01:40:33.933000,LAW,30,85.255,25.0,2.0,,,False,HARD,14.0,True,Racing Bulls,1,14.0,True,1,Australian Grand Prix,True,C3,True,0.38,0.448,3.164,3.854,0.773,0.915,86.621
0 days 01:41:58.905000,LAW,30,84.972,26.0,2.0,,,False,HARD,15.0,True,Racing Bulls,1,14.0,True,1,Australian Grand Prix,True,C3,True,0.097,0.114,2.881,3.51,0.439,0.519,86.394
0 days 01:43:24.078000,LAW,30,85.173,27.0,2.0,,,False,HARD,16.0,True,Racing Bulls,1,14.0,True,1,Australian Grand Prix,True,C3,True,0.298,0.351,3.082,3.754,0.725,0.859,86.652
0 days 01:44:49.455000,LAW,30,85.377,28.0,2.0,,,False,HARD,17.0,True,Racing Bulls,1,14.0,True,1,Australian Grand Prix,True,C3,True,0.502,0.591,3.286,4.003,0.771,0.911,86.913
0 days 01:46:14.708000,LAW,30,85.253,29.0,2.0,,,False,HARD,18.0,True,Racing Bulls,1,14.0,True,1,Australian Grand Prix,True,C3,True,0.378,0.445,3.162,3.852,0.247,0.291,86.846
0 days 01:47:40.358000,LAW,30,85.65,30.0,2.0,,,False,HARD,19.0,True,Racing Bulls,1,14.0,True,1,Australian Grand Prix,True,C3,True,0.775,0.913,3.559,4.335,1.141,1.35,87.3
0 days 01:49:06.150000,LAW,30,85.792,31.0,2.0,,,False,HARD,20.0,True,Racing Bulls,1,14.0,True,1,Australian Grand Prix,True,C3,True,0.917,1.08,3.701,4.508,0.916,1.079,87.499
0 days 01:50:32.017000,LAW,30,85.867,32.0,2.0,,,False,HARD,21.0,True,Racing Bulls,1,14.0,True,1,Australian Grand Prix,True,C3,True,0.992,1.169,3.776,4.6,0.861,1.013,87.631
0 days 01:52:26.124000,LAW,30,114.107,33.0,2.0,,0 days 01:52:10.404000,False,HARD,22.0,True,Racing Bulls,167,13.0,False,1,Australian Grand Prix,True,C3,False,29.232,34.441,32.016,39.001,27.579,31.873,115.928
0 days 01:53:57.051000,LAW,30,90.927,34.0,3.0,0 days 01:52:28.510000,,False,SOFT,1.0,True,Racing Bulls,1,14.0,False,1,Australian Grand Prix,True,C5,False,6.052,7.13,8.836,10.764,-2.885,-3.075,92.805
0 days 01:55:21.261000,LAW,30,84.21,35.0,3.0,,,True,SOFT,2.0,True,Racing Bulls,1,14.0,True,1,Australian Grand Prix,True,C5,True,-0.665,-0.784,2.119,2.581,-0.326,-0.386,86.144
0 days 01:56:47.989000,LAW,30,86.728,36.0,3.0,,,False,SOFT,3.0,True,Racing Bulls,1,14.0,True,1,Australian Grand Prix,True,C5,True,1.853,2.183,4.637,5.649,2.13,2.518,88.719
0 days 01:58:13.729000,LAW,30,85.74,37.0,3.0,,,False,SOFT,4.0,True,Racing Bulls,1,13.0,True,1,Australian Grand Prix,True,C5,True,0.865,1.019,3.649,4.445,1.217,1.44,87.788
0 days 01:59:38.152000,LAW,30,84.423,38.0,3.0,,,False,SOFT,5.0,True,Racing Bulls,1,13.0,True,1,Australian Grand Prix,True,C5,True,-0.452,-0.533,2.332,2.841,-0.67,-0.787,86.528
0 days 02:01:02.276000,LAW,30,84.124,39.0,3.0,,,True,SOFT,6.0,True,Racing Bulls,1,13.0,True,1,Australian Grand Prix,True,C5,True,-0.751,-0.885,2.033,2.477,-0.669,-0.789,86.286
0 days 02:02:26.353000,LAW,30,84.077,40.0,3.0,,,True,SOFT,7.0,True,Racing Bulls,1,13.0,True,1,Australian Grand Prix,True,C5,True,-0.798,-0.94,1.986,2.419,-0.988,-1.161,86.296
0 days 02:03:50.273000,LAW,30,83.92,41.0,3.0,,,True,SOFT,8.0,True,Racing Bulls,1,13.0,True,1,Australian Grand Prix,True,C5,True,-0.955,-1.125,1.829,2.228,-1.042,-1.226,86.196
0 days 02:05:14.321000,LAW,30,84.048,42.0,3.0,,,False,SOFT,9.0,True,Racing Bulls,1,13.0,True,1,Australian Grand Prix,True,C5,True,-0.827,-0.974,1.957,2.384,-0.632,-0.746,86.381
0 days 02:06:38.553000,LAW,30,84.232,43.0,3.0,,,False,SOFT,10.0,True,Racing Bulls,1,13.0,True,1,Australian Grand Prix,True,C5,True,-0.643,-0.758,2.141,2.608,-0.158,-0.187,86.622
0 days 02:08:02.624000,LAW,30,84.071,44.0,3.0,,,False,SOFT,11.0,True,Racing Bulls,1,13.0,True,1,Australian Grand Prix,True,C5,True,-0.804,-0.947,1.98,2.412,0.0,0.0,86.518
0 days 02:09:26.934000,LAW,30,84.31,45.0,3.0,,,False,SOFT,12.0,True,Racing Bulls,1,13.0,True,1,Australian Grand Prix,True,C5,True,-0.565,-0.666,2.219,2.703,0.18,0.214,86.813
0 days 02:10:50.957000,LAW,30,84.023,46.0,3.0,,,False,SOFT,13.0,True,Racing Bulls,1,13.0,True,1,Australian Grand Prix,True,C5,True,-0.852,-1.004,1.932,2.353,0.136,0.162,86.583
0 days 02:12:14.740000,LAW,30,83.783,47.0,3.0,,,True,SOFT,14.0,True,Racing Bulls,1,13.0,True,1,Australian Grand Prix,True,C5,True,-1.092,-1.287,1.692,2.061,-0.193,-0.23,86.4
0 days 02:13:38.962000,LAW,30,84.222,48.0,3.0,,,False,SOFT,15.0,True,Racing Bulls,1,13.0,True,1,Australian Grand Prix,True,C5,True,-0.653,-0.769,2.131,2.596,-0.091,-0.108,86.896
0 days 02:15:02.894000,LAW,30,83.932,49.0,3.0,,,False,SOFT,16.0,True,Racing Bulls,1,13.0,True,1,Australian Grand Prix,True,C5,True,-0.943,-1.111,1.841,2.243,0.005,0.006,86.663
0 days 02:16:26.806000,LAW,30,83.912,50.0,3.0,,,False,SOFT,17.0,True,Racing Bulls,1,13.0,True,1,Australian Grand Prix,True,C5,True,-0.963,-1.135,1.821,2.218,0.096,0.115,86.7
0 days 02:17:51.266000,LAW,30,84.46,51.0,3.0,,,False,SOFT,18.0,True,Racing Bulls,1,13.0,True,1,Australian Grand Prix,True,C5,True,-0.415,-0.489,2.369,2.886,0.156,0.185,87.305
0 days 02:19:15.931000,LAW,30,84.665,52.0,3.0,,,False,SOFT,19.0,True,Racing Bulls,1,13.0,True,1,Australian Grand Prix,True,C5,True,-0.21,-0.247,2.574,3.136,0.353,0.419,87.567
0 days 02:20:41.093000,LAW,30,85.162,53.0,3.0,,,False,SOFT,20.0,True,Racing Bulls,1,13.0,True,1,Australian Grand Prix,True,C5,True,0.287,0.338,3.071,3.741,0.456,0.538,88.121
0 days 02:22:05.618000,LAW,30,84.525,54.0,3.0,,,False,SOFT,21.0,True,Racing Bulls,1,13.0,True,1,Australian Grand Prix,True,C5,True,-0.35,-0.412,2.434,2.965,0.132,0.156,87.541
0 days 02:23:30.741000,LAW,30,85.123,55.0,3.0,,,False,SOFT,22.0,True,Racing Bulls,1,13.0,True,1,Australian Grand Prix,True,C5,True,0.248,0.292,3.032,3.693,0.917,1.089,88.195
0 days 02:24:57.636000,LAW,30,86.895,56.0,3.0,,,False,SOFT,23.0,True,Racing Bulls,1,13.0,True,1,Australian Grand Prix,True,C5,True,2.02,2.38,4.804,5.852,2.409,2.851,90.024
0 days 02:26:23.953000,LAW,30,86.317,57.0,3.0,,,False,SOFT,24.0,True,Racing Bulls,1,13.0,True,1,Australian Grand Prix,True,C5,True,1.442,1.699,4.226,5.148,1.744,2.062,89.503
0 days 01:03:57.479000,OCO,31,,1.0,1.0,,,False,MEDIUM,1.0,True,Haas F1 Team,1,8.0,False,1,Australian Grand Prix,True,C4,False,,,,,,,
0 days 01:05:24.514000,OCO,31,87.035,2.0,1.0,,,True,MEDIUM,2.0,True,Haas F1 Team,1,8.0,True,1,Australian Grand Prix,True,C4,True,2.16,2.545,4.944,6.023,-0.297,-0.34,87.092
0 days 01:06:51.081000,OCO,31,86.567,3.0,1.0,,,True,MEDIUM,3.0,True,Haas F1 Team,1,8.0,True,1,Australian Grand Prix,True,C4,True,1.692,1.994,4.476,5.452,-0.148,-0.171,86.681
0 days 01:08:17.267000,OCO,31,86.186,4.0,1.0,,,True,MEDIUM,4.0,True,Haas F1 Team,1,8.0,True,1,Australian Grand Prix,True,C4,True,1.311,1.545,4.095,4.988,0.057,0.066,86.357
0 days 01:09:44.075000,OCO,31,86.808,5.0,1.0,,,False,MEDIUM,5.0,True,Haas F1 Team,1,8.0,True,1,Australian Grand Prix,True,C4,True,1.933,2.277,4.717,5.746,0.24,0.277,87.036
0 days 01:11:09.644000,OCO,31,85.569,6.0,1.0,,,True,MEDIUM,6.0,True,Haas F1 Team,1,8.0,True,1,Australian Grand Prix,True,C4,True,0.694,0.818,3.478,4.237,-0.41,-0.477,85.853
0 days 01:12:34.731000,OCO,31,85.087,7.0,1.0,,,True,MEDIUM,7.0,True,Haas F1 Team,1,8.0,True,1,Australian Grand Prix,True,C4,True,0.212,0.25,2.996,3.65,-0.327,-0.383,85.428
0 days 01:13:59.760000,OCO,31,85.029,8.0,1.0,,,True,MEDIUM,8.0,True,Haas F1 Team,1,8.0,True,1,Australian Grand Prix,True,C4,True,0.154,0.181,2.938,3.579,-0.423,-0.495,85.427
0 days 01:15:25.312000,OCO,31,85.552,9.0,1.0,,,False,MEDIUM,9.0,True,Haas F1 Team,1,8.0,True,1,Australian Grand Prix,True,C4,True,0.677,0.798,3.461,4.216,-0.087,-0.102,86.007
0 days 01:16:50.944000,OCO,31,85.632,10.0,1.0,,,False,MEDIUM,10.0,True,Haas F1 Team,1,8.0,True,1,Australian Grand Prix,True,C4,True,0.757,0.892,3.541,4.314,0.0,0.0,86.144
0 days 01:18:36.893000,OCO,31,105.949,11.0,1.0,,0 days 01:18:20.493000,False,MEDIUM,11.0,True,Haas F1 Team,16,11.0,False,1,Australian Grand Prix,True,C4,False,21.074,24.829,23.858,29.063,14.317,15.624,106.518
0 days 01:20:33.298000,OCO,31,116.405,12.0,2.0,0 days 01:18:39.302000,,False,HARD,1.0,True,Haas F1 Team,6,10.0,False,1,Australian Grand Prix,True,C3,False,31.53,37.149,34.314,41.8,1.744,1.521,117.031
0 days 01:22:25.516000,OCO,31,112.218,13.0,2.0,,,False,HARD,2.0,True,Haas F1 Team,671,10.0,False,1,Australian Grand Prix,True,C3,False,27.343,32.216,30.127,36.7,0.143,0.128,112.901
0 days 01:23:50.819000,OCO,31,85.303,14.0,2.0,,,False,HARD,3.0,True,Haas F1 Team,1,10.0,True,1,Australian Grand Prix,True,C3,True,0.428,0.504,3.212,3.913,-1.093,-1.265,86.043
0 days 01:25:16.179000,OCO,31,85.36,15.0,2.0,,,False,HARD,4.0,True,Haas F1 Team,1,10.0,True,1,Australian Grand Prix,True,C3,True,0.485,0.571,3.269,3.982,0.536,0.632,86.157
0 days 01:26:41.609000,OCO,31,85.43,16.0,2.0,,,False,HARD,5.0,True,Haas F1 Team,1,10.0,True,1,Australian Grand Prix,True,C3,True,0.555,0.654,3.339,4.067,0.47,0.553,86.283
0 days 01:28:07.325000,OCO,31,85.716,17.0,2.0,,,False,HARD,6.0,True,Haas F1 Team,1,10.0,True,1,Australian Grand Prix,True,C3,True,0.841,0.991,3.625,4.416,0.592,0.695,86.626
0 days 01:29:48.706000,OCO,31,101.381,18.0,2.0,,,False,HARD,7.0,True,Haas F1 Team,126,10.0,False,1,Australian Grand Prix,True,C3,False,16.506,19.447,19.29,23.498,0.156,0.154,102.348
0 days 01:31:41.417000,OCO,31,112.711,19.0,2.0,,,False,HARD,8.0,True,Haas F1 Team,671,9.0,False,1,Australian Grand Prix,True,C3,False,27.836,32.796,30.62,37.3,0.0,0.0,113.735
0 days 01:33:08.130000,OCO,31,86.713,20.0,2.0,,,False,HARD,9.0,True,Haas F1 Team,1,10.0,True,1,Australian Grand Prix,True,C3,True,1.838,2.166,4.622,5.63,0.581,0.675,87.794
0 days 01:34:34.701000,OCO,31,86.571,21.0,2.0,,,False,HARD,10.0,True,Haas F1 Team,1,11.0,True,1,Australian Grand Prix,True,C3,True,1.696,1.998,4.48,5.457,1.65,1.943,87.709
0 days 01:35:59.522000,OCO,31,84.821,22.0,2.0,,,True,HARD,11.0,True,Haas F1 Team,1,11.0,True,1,Australian Grand Prix,True,C3,True,-0.054,-0.064,2.73,3.326,0.393,0.465,86.016
0 days 01:37:24.172000,OCO,31,84.65,23.0,2.0,,,True,HARD,12.0,True,Haas F1 Team,1,11.0,True,1,Australian Grand Prix,True,C3,True,-0.225,-0.265,2.559,3.117,0.0,0.0,85.902
0 days 01:38:49.427000,OCO,31,85.255,24.0,2.0,,,False,HARD,13.0,True,Haas F1 Team,1,11.0,True,1,Australian Grand Prix,True,C3,True,0.38,0.448,3.164,3.854,0.563,0.665,86.564
0 days 01:40:13.851000,OCO,31,84.424,25.0,2.0,,,True,HARD,14.0,True,Haas F1 Team,1,11.0,True,1,Australian Grand Prix,True,C3,True,-0.451,-0.531,2.333,2.842,-0.058,-0.069,85.79
0 days 01:41:38.547000,OCO,31,84.696,26.0,2.0,,,False,HARD,15.0,True,Haas F1 Team,1,11.0,True,1,Australian Grand Prix,True,C3,True,-0.179,-0.211,2.605,3.173,0.163,0.193,86.118
0 days 01:43:03.348000,OCO,31,84.801,27.0,2.0,,,False,HARD,16.0,True,Haas F1 Team,1,11.0,True,1,Australian Grand Prix,True,C3,True,-0.074,-0.087,2.71,3.301,0.353,0.418,86.28
0 days 01:44:28.085000,OCO,31,84.737,28.0,2.0,,,False,HARD,17.0,True,Haas F1 Team,1,11.0,True,1,Australian Grand Prix,True,C3,True,-0.138,-0.163,2.646,3.223,0.131,0.155,86.273
0 days 01:45:52.854000,OCO,31,84.769,29.0,2.0,,,False,HARD,18.0,True,Haas F1 Team,1,11.0,True,1,Australian Grand Prix,True,C3,True,-0.106,-0.125,2.678,3.262,-0.237,-0.279,86.362
0 days 01:47:17.820000,OCO,31,84.966,30.0,2.0,,,False,HARD,19.0,True,Haas F1 Team,1,11.0,True,1,Australian Grand Prix,True,C3,True,0.091,0.107,2.875,3.502,0.457,0.541,86.616
0 days 01:48:43.127000,OCO,31,85.307,31.0,2.0,,,False,HARD,20.0,True,Haas F1 Team,1,11.0,True,1,Australian Grand Prix,True,C3,True,0.432,0.509,3.216,3.918,0.431,0.508,87.014
0 days 01:50:08.172000,OCO,31,85.045,32.0,2.0,,,False,HARD,21.0,True,Haas F1 Team,1,11.0,True,1,Australian Grand Prix,True,C3,True,0.17,0.2,2.954,3.598,0.039,0.046,86.809
0 days 01:51:41.456000,OCO,31,93.284,33.0,2.0,,,False,HARD,22.0,True,Haas F1 Team,16,10.0,False,1,Australian Grand Prix,True,C3,False,8.409,9.908,11.193,13.635,6.756,7.808,95.105
0 days 01:53:11.691000,OCO,31,90.235,34.0,2.0,,,False,HARD,23.0,True,Haas F1 Team,671,10.0,False,1,Australian Grand Prix,True,C3,False,5.36,6.315,8.144,9.921,-3.577,-3.813,92.113
0 days 01:54:36.890000,OCO,31,85.199,35.0,2.0,,,False,HARD,24.0,True,Haas F1 Team,1,10.0,True,1,Australian Grand Prix,True,C3,True,0.324,0.382,3.108,3.786,0.663,0.784,87.133
0 days 01:56:01.908000,OCO,31,85.018,36.0,2.0,,,False,HARD,25.0,True,Haas F1 Team,1,10.0,True,1,Australian Grand Prix,True,C3,True,0.143,0.168,2.927,3.566,0.42,0.496,87.009
0 days 01:57:27.370000,OCO,31,85.462,37.0,2.0,,,False,HARD,26.0,True,Haas F1 Team,1,9.0,True,1,Australian Grand Prix,True,C3,True,0.587,0.692,3.371,4.106,0.939,1.111,87.51
0 days 01:58:54.342000,OCO,31,86.972,38.0,2.0,,,False,HARD,27.0,True,Haas F1 Team,1,10.0,True,1,Australian Grand Prix,True,C3,True,2.097,2.471,4.881,5.946,1.879,2.208,89.077
0 days 02:00:20.255000,OCO,31,85.913,39.0,2.0,,,False,HARD,28.0,True,Haas F1 Team,1,11.0,True,1,Australian Grand Prix,True,C3,True,1.038,1.223,3.822,4.656,1.12,1.321,88.075
0 days 02:01:45.688000,OCO,31,85.433,40.0,2.0,,,False,HARD,29.0,True,Haas F1 Team,1,11.0,True,1,Australian Grand Prix,True,C3,True,0.558,0.657,3.342,4.071,0.368,0.433,87.652
0 days 02:03:10.852000,OCO,31,85.164,41.0,2.0,,,False,HARD,30.0,True,Haas F1 Team,1,11.0,True,1,Australian Grand Prix,True,C3,True,0.289,0.341,3.073,3.743,0.202,0.238,87.44
0 days 02:04:36.101000,OCO,31,85.249,42.0,2.0,,,False,HARD,31.0,True,Haas F1 Team,1,11.0,True,1,Australian Grand Prix,True,C3,True,0.374,0.441,3.158,3.847,0.569,0.672,87.582
0 days 02:06:01.207000,OCO,31,85.106,43.0,2.0,,,False,HARD,32.0,True,Haas F1 Team,1,11.0,True,1,Australian Grand Prix,True,C3,True,0.231,0.272,3.015,3.673,0.716,0.848,87.496
0 days 02:07:27.804000,OCO,31,86.597,44.0,2.0,,,False,HARD,33.0,True,Haas F1 Team,1,11.0,True,1,Australian Grand Prix,True,C3,True,1.722,2.029,4.506,5.489,2.526,3.005,89.044
0 days 02:08:53.032000,OCO,31,85.228,45.0,2.0,,,False,HARD,34.0,True,Haas F1 Team,1,11.0,True,1,Australian Grand Prix,True,C3,True,0.353,0.416,3.137,3.821,1.098,1.305,87.731
0 days 02:10:19.253000,OCO,31,86.221,46.0,2.0,,,False,HARD,35.0,True,Haas F1 Team,1,11.0,True,1,Australian Grand Prix,True,C3,True,1.346,1.586,4.13,5.031,2.334,2.782,88.781
0 days 02:11:45.587000,OCO,31,86.334,47.0,2.0,,,False,HARD,36.0,True,Haas F1 Team,1,11.0,True,1,Australian Grand Prix,True,C3,True,1.459,1.719,4.243,5.169,2.358,2.808,88.951
0 days 02:13:10.606000,OCO,31,85.019,48.0,2.0,,,False,HARD,37.0,True,Haas F1 Team,1,11.0,True,1,Australian Grand Prix,True,C3,True,0.144,0.17,2.928,3.567,0.706,0.837,87.693
0 days 02:14:35.721000,OCO,31,85.115,49.0,2.0,,,False,HARD,38.0,True,Haas F1 Team,1,11.0,True,1,Australian Grand Prix,True,C3,True,0.24,0.283,3.024,3.684,1.188,1.416,87.846
0 days 02:16:02.536000,OCO,31,86.815,50.0,2.0,,,False,HARD,39.0,True,Haas F1 Team,1,11.0,True,1,Australian Grand Prix,True,C3,True,1.94,2.286,4.724,5.755,2.999,3.578,89.603
0 days 02:17:28.833000,OCO,31,86.297,51.0,2.0,,,False,HARD,40.0,True,Haas F1 Team,1,11.0,True,1,Australian Grand Prix,True,C3,True,1.422,1.675,4.206,5.124,1.993,2.364,89.142
0 days 02:18:53.417000,OCO,31,84.584,52.0,2.0,,,False,HARD,41.0,True,Haas F1 Team,1,11.0,True,1,Australian Grand Prix,True,C3,True,-0.291,-0.343,2.493,3.037,0.272,0.323,87.486
0 days 02:20:18.039000,OCO,31,84.622,53.0,2.0,,,False,HARD,42.0,True,Haas F1 Team,1,11.0,True,1,Australian Grand Prix,True,C3,True,-0.253,-0.298,2.531,3.083,-0.084,-0.099,87.581
0 days 02:21:42.947000,OCO,31,84.908,54.0,2.0,,,False,HARD,43.0,True,Haas F1 Team,1,11.0,True,1,Australian Grand Prix,True,C3,True,0.033,0.039,2.817,3.432,0.515,0.61,87.924
0 days 02:23:07.524000,OCO,31,84.577,55.0,2.0,,,False,HARD,44.0,True,Haas F1 Team,1,11.0,True,1,Australian Grand Prix,True,C3,True,-0.298,-0.351,2.486,3.028,0.371,0.441,87.649
0 days 02:24:32.057000,OCO,31,84.533,56.0,2.0,,,False,HARD,45.0,True,Haas F1 Team,1,11.0,True,1,Australian Grand Prix,True,C3,True,-0.342,-0.403,2.442,2.975,0.047,0.056,87.662
0 days 02:25:56.630000,OCO,31,84.573,57.0,2.0,,,False,HARD,46.0,True,Haas F1 Team,1,11.0,True,1,Australian Grand Prix,True,C3,True,-0.302,-0.356,2.482,3.023,0.0,0.0,87.759
0 days 01:03:56.060000,LIN,41,,1.0,1.0,,,False,MEDIUM,1.0,True,Racing Bulls,1,5.0,False,1,Australian Grand Prix,True,C4,False,,,,,,,
0 days 01:05:23.278000,LIN,41,87.218,2.0,1.0,,,True,MEDIUM,2.0,True,Racing Bulls,1,5.0,True,1,Australian Grand Prix,True,C4,True,2.343,2.761,5.127,6.246,-0.114,-0.131,87.275
0 days 01:06:48.775000,LIN,41,85.497,3.0,1.0,,,True,MEDIUM,3.0,True,Racing Bulls,1,5.0,True,1,Australian Grand Prix,True,C4,True,0.622,0.733,3.406,4.149,-1.218,-1.405,85.611
0 days 01:08:14.847000,LIN,41,86.072,4.0,1.0,,,False,MEDIUM,4.0,True,Racing Bulls,1,5.0,True,1,Australian Grand Prix,True,C4,True,1.197,1.41,3.981,4.849,-0.057,-0.066,86.243
0 days 01:09:41.082000,LIN,41,86.235,5.0,1.0,,,False,MEDIUM,5.0,True,Racing Bulls,1,6.0,True,1,Australian Grand Prix,True,C4,True,1.36,1.602,4.144,5.048,-0.333,-0.385,86.463
0 days 01:11:06.474000,LIN,41,85.392,6.0,1.0,,,True,MEDIUM,6.0,True,Racing Bulls,1,6.0,True,1,Australian Grand Prix,True,C4,True,0.517,0.609,3.301,4.021,-0.587,-0.683,85.676
0 days 01:12:31.668000,LIN,41,85.194,7.0,1.0,,,True,MEDIUM,7.0,True,Racing Bulls,1,6.0,True,1,Australian Grand Prix,True,C4,True,0.319,0.376,3.103,3.78,-0.22,-0.258,85.535
0 days 01:13:56.928000,LIN,41,85.26,8.0,1.0,,,False,MEDIUM,8.0,True,Racing Bulls,1,6.0,True,1,Australian Grand Prix,True,C4,True,0.385,0.454,3.169,3.86,-0.192,-0.225,85.658
0 days 01:15:22.265000,LIN,41,85.337,9.0,1.0,,,False,MEDIUM,9.0,True,Racing Bulls,1,6.0,True,1,Australian Grand Prix,True,C4,True,0.462,0.544,3.246,3.954,-0.302,-0.353,85.792
0 days 01:16:47.830000,LIN,41,85.565,10.0,1.0,,,False,MEDIUM,10.0,True,Racing Bulls,1,6.0,True,1,Australian Grand Prix,True,C4,True,0.69,0.813,3.474,4.232,-0.067,-0.078,86.077
0 days 01:18:20.068000,LIN,41,92.238,11.0,1.0,,,False,MEDIUM,11.0,True,Racing Bulls,16,5.0,False,1,Australian Grand Prix,True,C4,False,7.363,8.675,10.147,12.361,0.606,0.661,92.807
0 days 01:20:12.068000,LIN,41,112.0,12.0,1.0,,,False,MEDIUM,12.0,True,Racing Bulls,6,4.0,False,1,Australian Grand Prix,True,C4,False,27.125,31.959,29.909,36.434,-2.661,-2.321,112.626
0 days 01:22:06.946000,LIN,41,114.878,13.0,1.0,,,False,MEDIUM,13.0,True,Racing Bulls,67,4.0,False,1,Australian Grand Prix,True,C4,False,30.003,35.35,32.787,39.94,2.803,2.501,115.561
0 days 01:23:35.107000,LIN,41,88.161,14.0,1.0,,,False,MEDIUM,14.0,True,Racing Bulls,71,4.0,False,1,Australian Grand Prix,True,C4,False,3.286,3.872,6.07,7.394,1.765,2.043,88.901
0 days 01:24:59.984000,LIN,41,84.877,15.0,1.0,,,True,MEDIUM,15.0,True,Racing Bulls,1,4.0,True,1,Australian Grand Prix,True,C4,True,0.002,0.002,2.786,3.394,0.053,0.062,85.674
0 days 01:26:25.882000,LIN,41,85.898,16.0,1.0,,,False,MEDIUM,16.0,True,Racing Bulls,1,5.0,True,1,Australian Grand Prix,True,C4,True,1.023,1.205,3.807,4.638,0.938,1.104,86.751
0 days 01:27:50.978000,LIN,41,85.096,17.0,1.0,,,False,MEDIUM,17.0,True,Racing Bulls,1,5.0,True,1,Australian Grand Prix,True,C4,True,0.221,0.26,3.005,3.661,-0.028,-0.033,86.006
0 days 01:29:39.202000,LIN,41,108.224,18.0,1.0,,0 days 01:29:22.947000,False,MEDIUM,18.0,True,Racing Bulls,126,6.0,False,1,Australian Grand Prix,True,C4,False,23.349,27.51,26.133,31.834,6.999,6.914,109.191
0 days 01:31:36.427000,LIN,41,117.225,19.0,2.0,0 days 01:29:41.498000,,False,HARD,1.0,True,Racing Bulls,671,6.0,False,1,Australian Grand Prix,True,C3,False,32.35,38.115,35.134,42.799,4.514,4.005,118.249
0 days 01:33:01.851000,LIN,41,85.424,20.0,2.0,,,False,HARD,2.0,True,Racing Bulls,1,7.0,True,1,Australian Grand Prix,True,C3,True,0.549,0.647,3.333,4.06,-0.708,-0.822,86.505
0 days 01:34:26.033000,LIN,41,84.182,21.0,2.0,,,True,HARD,3.0,True,Racing Bulls,1,7.0,True,1,Australian Grand Prix,True,C3,True,-0.693,-0.816,2.091,2.547,-0.739,-0.87,85.32
0 days 01:35:50.323000,LIN,41,84.29,22.0,2.0,,,False,HARD,4.0,True,Racing Bulls,1,7.0,True,1,Australian Grand Prix,True,C3,True,-0.585,-0.689,2.199,2.679,-0.138,-0.163,85.485
0 days 01:37:15.232000,LIN,41,84.909,23.0,2.0,,,False,HARD,5.0,True,Racing Bulls,1,7.0,True,1,Australian Grand Prix,True,C3,True,0.034,0.04,2.818,3.433,0.259,0.306,86.161
0 days 01:38:39.786000,LIN,41,84.554,24.0,2.0,,,False,HARD,6.0,True,Racing Bulls,1,7.0,True,1,Australian Grand Prix,True,C3,True,-0.321,-0.378,2.463,3.0,-0.138,-0.163,85.863
0 days 01:40:04.049000,LIN,41,84.263,25.0,2.0,,,False,HARD,7.0,True,Racing Bulls,1,7.0,True,1,Australian Grand Prix,True,C3,True,-0.612,-0.721,2.172,2.646,-0.219,-0.259,85.629
0 days 01:41:28.254000,LIN,41,84.205,26.0,2.0,,,False,HARD,8.0,True,Racing Bulls,1,7.0,True,1,Australian Grand Prix,True,C3,True,-0.67,-0.789,2.114,2.575,-0.328,-0.388,85.627
0 days 01:42:52.615000,LIN,41,84.361,27.0,2.0,,,False,HARD,9.0,True,Racing Bulls,1,7.0,True,1,Australian Grand Prix,True,C3,True,-0.514,-0.606,2.27,2.765,-0.087,-0.103,85.84
0 days 01:44:17.090000,LIN,41,84.475,28.0,2.0,,,False,HARD,10.0,True,Racing Bulls,1,7.0,True,1,Australian Grand Prix,True,C3,True,-0.4,-0.471,2.384,2.904,-0.131,-0.155,86.011
0 days 01:45:42.006000,LIN,41,84.916,29.0,2.0,,,False,HARD,11.0,True,Racing Bulls,1,7.0,True,1,Australian Grand Prix,True,C3,True,0.041,0.048,2.825,3.441,-0.09,-0.106,86.509
0 days 01:47:06.288000,LIN,41,84.282,30.0,2.0,,,False,HARD,12.0,True,Racing Bulls,1,7.0,True,1,Australian Grand Prix,True,C3,True,-0.593,-0.699,2.191,2.669,-0.227,-0.269,85.932
0 days 01:48:31.164000,LIN,41,84.876,31.0,2.0,,,False,HARD,13.0,True,Racing Bulls,1,7.0,True,1,Australian Grand Prix,True,C3,True,0.001,0.001,2.785,3.393,0.0,0.0,86.583
0 days 01:49:55.835000,LIN,41,84.671,32.0,2.0,,,False,HARD,14.0,True,Racing Bulls,1,7.0,True,1,Australian Grand Prix,True,C3,True,-0.204,-0.24,2.58,3.143,-0.335,-0.394,86.435
0 days 01:51:25.261000,LIN,41,89.426,33.0,2.0,,,False,HARD,15.0,True,Racing Bulls,16,7.0,False,1,Australian Grand Prix,True,C3,False,4.551,5.362,7.335,8.935,2.898,3.349,91.247
0 days 01:52:59.073000,LIN,41,93.812,34.0,2.0,,,False,HARD,16.0,True,Racing Bulls,671,7.0,False,1,Australian Grand Prix,True,C3,False,8.937,10.53,11.721,14.278,0.0,0.0,95.69
0 days 01:54:23.609000,LIN,41,84.536,35.0,2.0,,,False,HARD,17.0,True,Racing Bulls,1,6.0,True,1,Australian Grand Prix,True,C3,True,-0.339,-0.399,2.445,2.978,0.0,0.0,86.47
0 days 01:55:48.307000,LIN,41,84.698,36.0,2.0,,,False,HARD,18.0,True,Racing Bulls,1,6.0,True,1,Australian Grand Prix,True,C3,True,-0.177,-0.209,2.607,3.176,0.1,0.118,86.689
0 days 01:57:12.830000,LIN,41,84.523,37.0,2.0,,,False,HARD,19.0,True,Racing Bulls,1,6.0,True,1,Australian Grand Prix,True,C3,True,-0.352,-0.415,2.432,2.963,0.0,0.0,86.571
0 days 01:58:37.627000,LIN,41,84.797,38.0,2.0,,,False,HARD,20.0,True,Racing Bulls,1,6.0,True,1,Australian Grand Prix,True,C3,True,-0.078,-0.092,2.706,3.296,-0.296,-0.348,86.902
0 days 02:00:03.582000,LIN,41,85.955,39.0,2.0,,,False,HARD,21.0,True,Racing Bulls,1,7.0,True,1,Australian Grand Prix,True,C3,True,1.08,1.272,3.864,4.707,1.162,1.37,88.117
0 days 02:01:31.824000,LIN,41,88.242,40.0,2.0,,,False,HARD,22.0,True,Racing Bulls,1,8.0,True,1,Australian Grand Prix,True,C3,True,3.367,3.967,6.151,7.493,3.177,3.735,90.461
0 days 02:02:57.230000,LIN,41,85.406,41.0,2.0,,,False,HARD,23.0,True,Racing Bulls,1,8.0,True,1,Australian Grand Prix,True,C3,True,0.531,0.626,3.315,4.038,0.444,0.523,87.682
0 days 02:04:22.639000,LIN,41,85.409,42.0,2.0,,,False,HARD,24.0,True,Racing Bulls,1,8.0,True,1,Australian Grand Prix,True,C3,True,0.534,0.629,3.318,4.042,0.729,0.861,87.742
0 days 02:05:47.501000,LIN,41,84.862,43.0,2.0,,,False,HARD,25.0,True,Racing Bulls,1,8.0,True,1,Australian Grand Prix,True,C3,True,-0.013,-0.015,2.771,3.376,0.472,0.559,87.252
0 days 02:07:12.248000,LIN,41,84.747,44.0,2.0,,,False,HARD,26.0,True,Racing Bulls,1,8.0,True,1,Australian Grand Prix,True,C3,True,-0.128,-0.151,2.656,3.235,0.676,0.804,87.194
0 days 02:08:36.893000,LIN,41,84.645,45.0,2.0,,,False,HARD,27.0,True,Racing Bulls,1,8.0,True,1,Australian Grand Prix,True,C3,True,-0.23,-0.271,2.554,3.111,0.515,0.612,87.148
0 days 02:10:01.581000,LIN,41,84.688,46.0,2.0,,,False,HARD,28.0,True,Racing Bulls,1,8.0,True,1,Australian Grand Prix,True,C3,True,-0.187,-0.22,2.597,3.164,0.801,0.955,87.248
0 days 02:11:26.354000,LIN,41,84.773,47.0,2.0,,,False,HARD,29.0,True,Racing Bulls,1,8.0,True,1,Australian Grand Prix,True,C3,True,-0.102,-0.12,2.682,3.267,0.797,0.949,87.39
0 days 02:12:51.217000,LIN,41,84.863,48.0,2.0,,,False,HARD,30.0,True,Racing Bulls,1,8.0,True,1,Australian Grand Prix,True,C3,True,-0.012,-0.014,2.772,3.377,0.55,0.652,87.537
0 days 02:14:15.991000,LIN,41,84.774,49.0,2.0,,,False,HARD,31.0,True,Racing Bulls,1,8.0,True,1,Australian Grand Prix,True,C3,True,-0.101,-0.119,2.683,3.268,0.847,1.009,87.505
0 days 02:15:40.706000,LIN,41,84.715,50.0,2.0,,,False,HARD,32.0,True,Racing Bulls,1,8.0,True,1,Australian Grand Prix,True,C3,True,-0.16,-0.189,2.624,3.196,0.899,1.073,87.503
0 days 02:17:05.080000,LIN,41,84.374,51.0,2.0,,,False,HARD,33.0,True,Racing Bulls,1,8.0,True,1,Australian Grand Prix,True,C3,True,-0.501,-0.59,2.283,2.781,0.07,0.083,87.219
0 days 02:18:30.290000,LIN,41,85.21,52.0,2.0,,,False,HARD,34.0,True,Racing Bulls,1,8.0,True,1,Australian Grand Prix,True,C3,True,0.335,0.395,3.119,3.799,0.898,1.065,88.112
0 days 02:19:56.438000,LIN,41,86.148,53.0,2.0,,,False,HARD,35.0,True,Racing Bulls,1,8.0,True,1,Australian Grand Prix,True,C3,True,1.273,1.5,4.057,4.942,1.442,1.702,89.107
0 days 02:21:24.605000,LIN,41,88.167,54.0,2.0,,,False,HARD,36.0,True,Racing Bulls,1,8.0,True,1,Australian Grand Prix,True,C3,True,3.292,3.879,6.076,7.402,3.774,4.472,91.183
0 days 02:22:49.219000,LIN,41,84.614,55.0,2.0,,,False,HARD,37.0,True,Racing Bulls,1,8.0,True,1,Australian Grand Prix,True,C3,True,-0.261,-0.308,2.523,3.073,0.408,0.485,87.686
0 days 02:24:13.907000,LIN,41,84.688,56.0,2.0,,,False,HARD,38.0,True,Racing Bulls,1,8.0,True,1,Australian Grand Prix,True,C3,True,-0.187,-0.22,2.597,3.164,0.202,0.239,87.817
0 days 02:25:38.596000,LIN,41,84.689,57.0,2.0,,,False,HARD,39.0,True,Racing Bulls,1,8.0,True,1,Australian Grand Prix,True,C3,True,-0.186,-0.219,2.598,3.165,0.116,0.137,87.875
0 days 01:04:01.592000,COL,43,,1.0,1.0,,,False,HARD,1.0,True,Alpine,1,17.0,False,1,Australian Grand Prix,True,C3,False,,,,,,,
0 days 01:05:29.758000,COL,43,88.166,2.0,1.0,,,True,HARD,2.0,True,Alpine,1,16.0,True,1,Australian Grand Prix,True,C3,True,3.291,3.877,6.075,7.4,0.834,0.955,88.223
0 days 01:06:56.693000,COL,43,86.935,3.0,1.0,,,True,HARD,3.0,True,Alpine,1,16.0,True,1,Australian Grand Prix,True,C3,True,2.06,2.427,4.844,5.901,0.22,0.254,87.049
0 days 01:08:23.505000,COL,43,86.812,4.0,1.0,,,True,HARD,4.0,True,Alpine,1,16.0,True,1,Australian Grand Prix,True,C3,True,1.937,2.282,4.721,5.751,0.683,0.793,86.983
0 days 01:09:51.017000,COL,43,87.512,5.0,1.0,,,False,HARD,5.0,True,Alpine,1,16.0,True,1,Australian Grand Prix,True,C3,True,2.637,3.107,5.421,6.604,0.944,1.09,87.74
0 days 01:11:18.530000,COL,43,87.513,6.0,1.0,,,False,HARD,6.0,True,Alpine,1,15.0,True,1,Australian Grand Prix,True,C3,True,2.638,3.108,5.422,6.605,1.534,1.784,87.797
0 days 01:12:44.598000,COL,43,86.068,7.0,1.0,,,True,HARD,7.0,True,Alpine,1,15.0,True,1,Australian Grand Prix,True,C3,True,1.193,1.406,3.977,4.845,0.654,0.766,86.409
0 days 01:14:10.416000,COL,43,85.818,8.0,1.0,,,True,HARD,8.0,True,Alpine,1,15.0,True,1,Australian Grand Prix,True,C3,True,0.943,1.111,3.727,4.54,0.366,0.428,86.216
0 days 01:16:00.347000,COL,43,109.931,9.0,1.0,,0 days 01:15:34.795000,False,HARD,9.0,True,Alpine,1,20.0,False,1,Australian Grand Prix,True,C3,False,25.056,29.521,27.84,33.914,24.292,28.366,110.386
0 days 01:17:33.109000,COL,43,92.762,10.0,2.0,0 days 01:16:02.847000,,False,HARD,10.0,False,Alpine,1,20.0,False,1,Australian Grand Prix,True,C3,False,7.887,9.292,10.671,12.999,7.13,8.326,93.274
0 days 01:19:18.916000,COL,43,105.807,11.0,2.0,,,False,HARD,11.0,False,Alpine,16,18.0,False,1,Australian Grand Prix,True,C3,False,20.932,24.662,23.716,28.89,14.175,15.469,106.376
0 days 01:21:22.586000,COL,43,123.67,12.0,2.0,,,False,HARD,12.0,False,Alpine,6,17.0,False,1,Australian Grand Prix,True,C3,False,38.795,45.708,41.579,50.65,9.009,7.857,124.296
0 days 01:22:56.458000,COL,43,93.872,13.0,2.0,,,False,HARD,13.0,False,Alpine,671,16.0,False,1,Australian Grand Prix,True,C3,False,8.997,10.6,11.781,14.351,-18.203,-16.242,94.555
0 days 01:24:23.121000,COL,43,86.663,14.0,2.0,,,False,HARD,14.0,False,Alpine,1,16.0,True,1,Australian Grand Prix,True,C3,True,1.788,2.107,4.572,5.569,0.267,0.309,87.403
0 days 01:25:48.721000,COL,43,85.6,15.0,2.0,,,True,HARD,15.0,False,Alpine,1,16.0,True,1,Australian Grand Prix,True,C3,True,0.725,0.854,3.509,4.275,0.776,0.915,86.397
0 days 01:27:14.632000,COL,43,85.911,16.0,2.0,,,False,HARD,16.0,False,Alpine,1,16.0,True,1,Australian Grand Prix,True,C3,True,1.036,1.221,3.82,4.653,0.951,1.119,86.764
0 days 01:28:40.340000,COL,43,85.708,17.0,2.0,,,False,HARD,17.0,False,Alpine,12,16.0,True,1,Australian Grand Prix,True,C3,False,0.833,0.981,3.617,4.406,0.584,0.686,86.618
0 days 01:30:33.301000,COL,43,112.961,18.0,2.0,,,False,HARD,18.0,False,Alpine,26,15.0,False,1,Australian Grand Prix,True,C3,False,28.086,33.091,30.87,37.605,11.736,11.594,113.928
0 days 01:32:14.977000,COL,43,101.676,19.0,2.0,,,False,HARD,19.0,False,Alpine,671,15.0,False,1,Australian Grand Prix,True,C3,False,16.801,19.795,19.585,23.858,-11.035,-9.791,102.7
0 days 01:33:40.308000,COL,43,85.331,20.0,2.0,,,True,HARD,20.0,False,Alpine,1,15.0,True,1,Australian Grand Prix,True,C3,True,0.456,0.537,3.24,3.947,-0.801,-0.93,86.412
0 days 01:35:05.240000,COL,43,84.932,21.0,2.0,,,True,HARD,21.0,False,Alpine,1,15.0,True,1,Australian Grand Prix,True,C3,True,0.057,0.067,2.841,3.461,0.011,0.013,86.07
0 days 01:36:30.251000,COL,43,85.011,22.0,2.0,,,False,HARD,22.0,False,Alpine,1,15.0,True,1,Australian Grand Prix,True,C3,True,0.136,0.16,2.92,3.557,0.583,0.691,86.206
0 days 01:37:55.387000,COL,43,85.136,23.0,2.0,,,False,HARD,23.0,False,Alpine,1,15.0,True,1,Australian Grand Prix,True,C3,True,0.261,0.308,3.045,3.709,0.486,0.574,86.388
0 days 01:39:20.836000,COL,43,85.449,24.0,2.0,,,False,HARD,24.0,False,Alpine,1,15.0,True,1,Australian Grand Prix,True,C3,True,0.574,0.676,3.358,4.091,0.757,0.894,86.758
0 days 01:40:46.061000,COL,43,85.225,25.0,2.0,,,False,HARD,25.0,False,Alpine,1,15.0,True,1,Australian Grand Prix,True,C3,True,0.35,0.412,3.134,3.818,0.743,0.879,86.591
0 days 01:42:11.235000,COL,43,85.174,26.0,2.0,,,False,HARD,26.0,False,Alpine,1,15.0,True,1,Australian Grand Prix,True,C3,True,0.299,0.352,3.083,3.756,0.641,0.758,86.596
0 days 01:43:36.861000,COL,43,85.626,27.0,2.0,,,False,HARD,27.0,False,Alpine,1,15.0,True,1,Australian Grand Prix,True,C3,True,0.751,0.885,3.535,4.306,1.178,1.395,87.105
0 days 01:45:03.033000,COL,43,86.172,28.0,2.0,,,False,HARD,28.0,False,Alpine,1,15.0,True,1,Australian Grand Prix,True,C3,True,1.297,1.528,4.081,4.971,1.566,1.851,87.708
0 days 01:46:29.516000,COL,43,86.483,29.0,2.0,,,False,HARD,29.0,False,Alpine,1,15.0,True,1,Australian Grand Prix,True,C3,True,1.608,1.895,4.392,5.35,1.477,1.738,88.076
0 days 01:47:55.082000,COL,43,85.566,30.0,2.0,,,False,HARD,30.0,False,Alpine,1,15.0,True,1,Australian Grand Prix,True,C3,True,0.691,0.814,3.475,4.233,1.057,1.251,87.216
0 days 01:49:22.342000,COL,43,87.26,31.0,2.0,,,False,HARD,31.0,False,Alpine,1,15.0,True,1,Australian Grand Prix,True,C3,True,2.385,2.81,5.169,6.297,2.384,2.809,88.967
0 days 01:50:48.049000,COL,43,85.707,32.0,2.0,,,False,HARD,32.0,False,Alpine,1,15.0,True,1,Australian Grand Prix,True,C3,True,0.832,0.98,3.616,4.405,0.701,0.825,87.471
0 days 01:52:28.590000,COL,43,100.541,33.0,2.0,,,False,HARD,33.0,False,Alpine,167,15.0,False,1,Australian Grand Prix,True,C3,False,15.666,18.458,18.45,22.475,14.013,16.195,102.362
0 days 01:53:54.657000,COL,43,86.067,34.0,2.0,,,False,HARD,34.0,False,Alpine,1,13.0,True,1,Australian Grand Prix,True,C3,True,1.192,1.404,3.976,4.843,-7.745,-8.256,87.945
0 days 01:55:20.290000,COL,43,85.633,35.0,2.0,,,False,HARD,35.0,False,Alpine,1,13.0,True,1,Australian Grand Prix,True,C3,True,0.758,0.893,3.542,4.315,1.097,1.298,87.567
0 days 01:56:47.724000,COL,43,87.434,36.0,2.0,,,False,HARD,36.0,False,Alpine,1,13.0,True,1,Australian Grand Prix,True,C3,True,2.559,3.015,5.343,6.509,2.836,3.352,89.425
0 days 01:58:14.771000,COL,43,87.047,37.0,2.0,,,False,HARD,37.0,False,Alpine,1,14.0,True,1,Australian Grand Prix,True,C3,True,2.172,2.559,4.956,6.037,2.524,2.986,89.095
0 days 01:59:41.783000,COL,43,87.012,38.0,2.0,,,False,HARD,38.0,False,Alpine,1,14.0,True,1,Australian Grand Prix,True,C3,True,2.137,2.518,4.921,5.995,1.919,2.255,89.117
0 days 02:01:08.747000,COL,43,86.964,39.0,2.0,,,False,HARD,39.0,False,Alpine,1,14.0,True,1,Australian Grand Prix,True,C3,True,2.089,2.461,4.873,5.936,2.171,2.56,89.126
0 days 02:02:35.412000,COL,43,86.665,40.0,2.0,,,False,HARD,40.0,False,Alpine,1,14.0,True,1,Australian Grand Prix,True,C3,True,1.79,2.109,4.574,5.572,1.6,1.881,88.884
0 days 02:04:01.881000,COL,43,86.469,41.0,2.0,,,False,HARD,41.0,False,Alpine,1,14.0,True,1,Australian Grand Prix,True,C3,True,1.594,1.878,4.378,5.333,1.507,1.774,88.745
0 days 02:05:27.156000,COL,43,85.275,42.0,2.0,,,False,HARD,42.0,False,Alpine,1,14.0,True,1,Australian Grand Prix,True,C3,True,0.4,0.471,3.184,3.879,0.595,0.703,87.608
0 days 02:06:52.537000,COL,43,85.381,43.0,2.0,,,False,HARD,43.0,False,Alpine,1,14.0,True,1,Australian Grand Prix,True,C3,True,0.506,0.596,3.29,4.008,0.991,1.174,87.771
0 days 02:08:17.777000,COL,43,85.24,44.0,2.0,,,False,HARD,44.0,False,Alpine,1,14.0,True,1,Australian Grand Prix,True,C3,True,0.365,0.43,3.149,3.836,1.169,1.39,87.687
0 days 02:09:42.716000,COL,43,84.939,45.0,2.0,,,False,HARD,45.0,False,Alpine,1,14.0,True,1,Australian Grand Prix,True,C3,True,0.064,0.075,2.848,3.469,0.809,0.962,87.442
0 days 02:11:25.627000,COL,43,102.911,46.0,2.0,,0 days 02:11:09.223000,False,HARD,46.0,False,Alpine,1,14.0,False,1,Australian Grand Prix,True,C3,False,18.036,21.25,20.82,25.362,19.024,22.678,105.471
0 days 02:12:55.936000,COL,43,90.309,47.0,3.0,0 days 02:11:28.007000,,False,SOFT,1.0,True,Alpine,1,14.0,False,1,Australian Grand Prix,True,C5,False,5.434,6.402,8.218,10.011,6.333,7.541,92.926
0 days 02:14:18.862000,COL,43,82.926,48.0,3.0,,,True,SOFT,2.0,True,Alpine,1,14.0,True,1,Australian Grand Prix,True,C5,True,-1.949,-2.296,0.835,1.017,-1.387,-1.645,85.6
0 days 02:15:42.121000,COL,43,83.259,49.0,3.0,,,False,SOFT,3.0,True,Alpine,1,14.0,True,1,Australian Grand Prix,True,C5,True,-1.616,-1.904,1.168,1.423,-0.668,-0.796,85.99
0 days 02:17:05.842000,COL,43,83.721,50.0,3.0,,,False,SOFT,4.0,True,Alpine,1,14.0,True,1,Australian Grand Prix,True,C5,True,-1.154,-1.36,1.63,1.986,-0.095,-0.113,86.509
0 days 02:18:31.475000,COL,43,85.633,51.0,3.0,,,False,SOFT,5.0,True,Alpine,1,14.0,True,1,Australian Grand Prix,True,C5,True,0.758,0.893,3.542,4.315,1.329,1.576,88.478
0 days 02:19:56.626000,COL,43,85.151,52.0,3.0,,,False,SOFT,6.0,True,Alpine,1,14.0,True,1,Australian Grand Prix,True,C5,True,0.276,0.325,3.06,3.728,0.839,0.995,88.053
0 days 02:21:23.746000,COL,43,87.12,53.0,3.0,,,False,SOFT,7.0,True,Alpine,1,14.0,True,1,Australian Grand Prix,True,C5,True,2.245,2.645,5.029,6.126,2.414,2.85,90.079
0 days 02:22:47.734000,COL,43,83.988,54.0,3.0,,,False,SOFT,8.0,True,Alpine,1,14.0,True,1,Australian Grand Prix,True,C5,True,-0.887,-1.045,1.897,2.311,-0.405,-0.48,87.004
0 days 02:24:11.646000,COL,43,83.912,55.0,3.0,,,False,SOFT,9.0,True,Alpine,1,14.0,True,1,Australian Grand Prix,True,C5,True,-0.963,-1.135,1.821,2.218,-0.294,-0.349,86.984
0 days 02:25:35.267000,COL,43,83.621,56.0,3.0,,,False,SOFT,10.0,True,Alpine,1,14.0,True,1,Australian Grand Prix,True,C5,True,-1.254,-1.477,1.53,1.864,-0.865,-1.024,86.75
0 days 01:03:55.240000,HAM,44,,1.0,1.0,,,False,MEDIUM,1.0,True,Ferrari,1,3.0,False,1,Australian Grand Prix,True,C4,False,,,,,,,
0 days 01:05:19.866000,HAM,44,84.626,2.0,1.0,,,True,MEDIUM,2.0,True,Ferrari,1,3.0,True,1,Australian Grand Prix,True,C4,True,-0.249,-0.293,2.535,3.088,-2.706,-3.099,84.683
0 days 01:06:44.740000,HAM,44,84.874,3.0,1.0,,,False,MEDIUM,3.0,True,Ferrari,1,3.0,True,1,Australian Grand Prix,True,C4,True,-0.001,-0.001,2.783,3.39,-1.841,-2.123,84.988
0 days 01:08:09.806000,HAM,44,85.066,4.0,1.0,,,False,MEDIUM,4.0,True,Ferrari,1,3.0,True,1,Australian Grand Prix,True,C4,True,0.191,0.225,2.975,3.624,-1.063,-1.234,85.237
0 days 01:09:34.308000,HAM,44,84.502,5.0,1.0,,,True,MEDIUM,5.0,True,Ferrari,1,3.0,True,1,Australian Grand Prix,True,C4,True,-0.373,-0.439,2.411,2.937,-2.066,-2.387,84.73
0 days 01:10:59.011000,HAM,44,84.703,6.0,1.0,,,False,MEDIUM,6.0,True,Ferrari,1,3.0,True,1,Australian Grand Prix,True,C4,True,-0.172,-0.203,2.612,3.182,-1.276,-1.484,84.987
0 days 01:12:23.376000,HAM,44,84.365,7.0,1.0,,,True,MEDIUM,7.0,True,Ferrari,1,3.0,True,1,Australian Grand Prix,True,C4,True,-0.51,-0.601,2.274,2.77,-1.049,-1.228,84.706
0 days 01:13:47.784000,HAM,44,84.408,8.0,1.0,,,False,MEDIUM,8.0,True,Ferrari,1,3.0,True,1,Australian Grand Prix,True,C4,True,-0.467,-0.55,2.317,2.822,-1.044,-1.222,84.806
0 days 01:15:13.628000,HAM,44,85.844,9.0,1.0,,,False,MEDIUM,9.0,True,Ferrari,1,3.0,True,1,Australian Grand Prix,True,C4,True,0.969,1.142,3.753,4.572,0.205,0.239,86.299
0 days 01:16:37.883000,HAM,44,84.255,10.0,1.0,,,True,MEDIUM,10.0,True,Ferrari,1,3.0,True,1,Australian Grand Prix,True,C4,True,-0.62,-0.73,2.164,2.636,-1.377,-1.608,84.767
0 days 01:18:01.956000,HAM,44,84.073,11.0,1.0,,,True,MEDIUM,11.0,True,Ferrari,1,3.0,True,1,Australian Grand Prix,True,C4,True,-0.802,-0.945,1.982,2.414,-7.559,-8.249,84.642
0 days 01:19:56.914000,HAM,44,114.958,12.0,1.0,,,False,MEDIUM,12.0,True,Ferrari,16,2.0,False,1,Australian Grand Prix,True,C4,False,30.083,35.444,32.867,40.037,0.297,0.259,115.584
0 days 01:21:53.229000,HAM,44,116.315,13.0,1.0,,,False,MEDIUM,13.0,True,Ferrari,6,2.0,False,1,Australian Grand Prix,True,C4,False,31.44,37.043,34.224,41.69,4.24,3.783,116.998
0 days 01:23:21.556000,HAM,44,88.327,14.0,1.0,,,False,MEDIUM,14.0,True,Ferrari,671,2.0,False,1,Australian Grand Prix,True,C4,False,3.452,4.067,6.236,7.596,1.931,2.235,89.067
0 days 01:24:45.259000,HAM,44,83.703,15.0,1.0,,,True,MEDIUM,15.0,True,Ferrari,1,2.0,True,1,Australian Grand Prix,True,C4,True,-1.172,-1.381,1.612,1.964,-1.121,-1.322,84.5
0 days 01:26:08.671000,HAM,44,83.412,16.0,1.0,,,True,MEDIUM,16.0,True,Ferrari,1,2.0,True,1,Australian Grand Prix,True,C4,True,-1.463,-1.724,1.321,1.609,-1.548,-1.822,84.265
0 days 01:27:32.716000,HAM,44,84.045,17.0,1.0,,,False,MEDIUM,17.0,True,Ferrari,1,2.0,True,1,Australian Grand Prix,True,C4,True,-0.83,-0.978,1.954,2.38,-1.079,-1.268,84.955
0 days 01:29:04.313000,HAM,44,91.597,18.0,1.0,,,False,MEDIUM,18.0,True,Ferrari,126,2.0,False,1,Australian Grand Prix,True,C4,False,6.722,7.92,9.506,11.58,-9.628,-9.511,92.564
0 days 01:30:57.413000,HAM,44,113.1,19.0,1.0,,,False,MEDIUM,19.0,True,Ferrari,6,2.0,False,1,Australian Grand Prix,True,C4,False,28.225,33.255,31.009,37.774,0.389,0.345,114.124
0 days 01:32:29.050000,HAM,44,91.637,20.0,1.0,,,False,MEDIUM,20.0,True,Ferrari,671,2.0,False,1,Australian Grand Prix,True,C4,False,6.762,7.967,9.546,11.629,5.505,6.391,92.718
0 days 01:33:52.667000,HAM,44,83.617,21.0,1.0,,,False,MEDIUM,21.0,True,Ferrari,1,2.0,True,1,Australian Grand Prix,True,C4,True,-1.258,-1.482,1.526,1.859,-1.304,-1.536,84.755
0 days 01:35:16.176000,HAM,44,83.509,22.0,1.0,,,False,MEDIUM,22.0,True,Ferrari,1,2.0,True,1,Australian Grand Prix,True,C4,True,-1.366,-1.609,1.418,1.727,-0.919,-1.089,84.704
0 days 01:36:39.558000,HAM,44,83.382,23.0,1.0,,,True,MEDIUM,23.0,True,Ferrari,1,2.0,True,1,Australian Grand Prix,True,C4,True,-1.493,-1.759,1.291,1.573,-1.268,-1.498,84.634
0 days 01:38:03.887000,HAM,44,84.329,24.0,1.0,,,False,MEDIUM,24.0,True,Ferrari,1,2.0,True,1,Australian Grand Prix,True,C4,True,-0.546,-0.643,2.238,2.726,-0.363,-0.429,85.638
0 days 01:39:27.547000,HAM,44,83.66,25.0,1.0,,,False,MEDIUM,25.0,True,Ferrari,1,1.0,True,1,Australian Grand Prix,True,C4,True,-1.215,-1.432,1.569,1.911,-0.822,-0.973,85.026
0 days 01:40:51.632000,HAM,44,84.085,26.0,1.0,,,False,MEDIUM,26.0,True,Ferrari,1,1.0,True,1,Australian Grand Prix,True,C4,True,-0.79,-0.931,1.994,2.429,-0.448,-0.53,85.507
0 days 01:42:15.392000,HAM,44,83.76,27.0,1.0,,,False,MEDIUM,27.0,True,Ferrari,1,1.0,True,1,Australian Grand Prix,True,C4,True,-1.115,-1.314,1.669,2.033,-0.688,-0.815,85.239
0 days 01:43:54.970000,HAM,44,99.578,28.0,1.0,,0 days 01:43:39.308000,False,MEDIUM,28.0,True,Ferrari,1,4.0,False,1,Australian Grand Prix,True,C4,False,14.703,17.323,17.487,21.302,14.972,17.696,101.114
0 days 01:45:24.105000,HAM,44,89.135,29.0,2.0,0 days 01:43:57.281000,,False,HARD,1.0,True,Ferrari,1,4.0,False,1,Australian Grand Prix,True,C3,False,4.26,5.019,7.044,8.581,4.129,4.857,90.728
0 days 01:46:47.579000,HAM,44,83.474,30.0,2.0,,,False,HARD,2.0,True,Ferrari,1,4.0,True,1,Australian Grand Prix,True,C3,True,-1.401,-1.651,1.383,1.685,-1.035,-1.225,85.124
0 days 01:48:10.708000,HAM,44,83.129,31.0,2.0,,,True,HARD,3.0,True,Ferrari,1,4.0,True,1,Australian Grand Prix,True,C3,True,-1.746,-2.057,1.038,1.264,-1.747,-2.058,84.836
0 days 01:49:33.893000,HAM,44,83.185,32.0,2.0,,,False,HARD,4.0,True,Ferrari,1,4.0,True,1,Australian Grand Prix,True,C3,True,-1.69,-1.991,1.094,1.333,-1.821,-2.142,84.949
0 days 01:50:57.668000,HAM,44,83.775,33.0,2.0,,,False,HARD,5.0,True,Ferrari,1,4.0,True,1,Australian Grand Prix,True,C3,True,-1.1,-1.296,1.684,2.051,-2.753,-3.182,85.596
0 days 01:52:35.983000,HAM,44,98.315,34.0,2.0,,,False,HARD,6.0,True,Ferrari,167,4.0,False,1,Australian Grand Prix,True,C3,False,13.44,15.835,16.224,19.763,4.503,4.8,100.193
0 days 01:53:59.300000,HAM,44,83.317,35.0,2.0,,,False,HARD,7.0,True,Ferrari,1,4.0,True,1,Australian Grand Prix,True,C3,True,-1.558,-1.836,1.226,1.493,-1.219,-1.442,85.251
0 days 01:55:22.638000,HAM,44,83.338,36.0,2.0,,,False,HARD,8.0,True,Ferrari,1,4.0,True,1,Australian Grand Prix,True,C3,True,-1.537,-1.811,1.247,1.519,-1.26,-1.489,85.329
0 days 01:56:45.724000,HAM,44,83.086,37.0,2.0,,,True,HARD,9.0,True,Ferrari,1,4.0,True,1,Australian Grand Prix,True,C3,True,-1.789,-2.108,0.995,1.212,-1.437,-1.7,85.134
0 days 01:58:08.412000,HAM,44,82.688,38.0,2.0,,,True,HARD,10.0,True,Ferrari,1,4.0,True,1,Australian Grand Prix,True,C3,True,-2.187,-2.577,0.597,0.727,-2.405,-2.826,84.793
0 days 01:59:30.948000,HAM,44,82.536,39.0,2.0,,,True,HARD,11.0,True,Ferrari,1,4.0,True,1,Australian Grand Prix,True,C3,True,-2.339,-2.756,0.445,0.542,-2.257,-2.662,84.698
0 days 02:00:53.498000,HAM,44,82.55,40.0,2.0,,,False,HARD,12.0,True,Ferrari,1,4.0,True,1,Australian Grand Prix,True,C3,True,-2.325,-2.739,0.459,0.559,-2.515,-2.957,84.769
0 days 02:02:16.146000,HAM,44,82.648,41.0,2.0,,,False,HARD,13.0,True,Ferrari,1,4.0,True,1,Australian Grand Prix,True,C3,True,-2.227,-2.624,0.557,0.679,-2.314,-2.724,84.924
0 days 02:03:38.782000,HAM,44,82.636,42.0,2.0,,,False,HARD,14.0,True,Ferrari,1,4.0,True,1,Australian Grand Prix,True,C3,True,-2.239,-2.638,0.545,0.664,-2.044,-2.414,84.969
0 days 02:05:01.341000,HAM,44,82.559,43.0,2.0,,,False,HARD,15.0,True,Ferrari,1,4.0,True,1,Australian Grand Prix,True,C3,True,-2.316,-2.729,0.468,0.57,-1.831,-2.17,84.949
0 days 02:06:24.178000,HAM,44,82.837,44.0,2.0,,,False,HARD,16.0,True,Ferrari,1,4.0,True,1,Australian Grand Prix,True,C3,True,-2.038,-2.401,0.746,0.909,-1.234,-1.468,85.284
0 days 02:07:46.707000,HAM,44,82.529,45.0,2.0,,,True,HARD,17.0,True,Ferrari,1,4.0,True,1,Australian Grand Prix,True,C3,True,-2.346,-2.764,0.438,0.534,-1.601,-1.903,85.032
0 days 02:09:09.652000,HAM,44,82.945,46.0,2.0,,,False,HARD,18.0,True,Ferrari,1,4.0,True,1,Australian Grand Prix,True,C3,True,-1.93,-2.274,0.854,1.04,-0.942,-1.123,85.505
0 days 02:10:32.329000,HAM,44,82.677,47.0,2.0,,,False,HARD,19.0,True,Ferrari,1,4.0,True,1,Australian Grand Prix,True,C3,True,-2.198,-2.59,0.586,0.714,-1.299,-1.547,85.294
0 days 02:11:55.093000,HAM,44,82.764,48.0,2.0,,,False,HARD,20.0,True,Ferrari,1,4.0,True,1,Australian Grand Prix,True,C3,True,-2.111,-2.487,0.673,0.82,-1.549,-1.837,85.438
0 days 02:13:17.928000,HAM,44,82.835,49.0,2.0,,,False,HARD,21.0,True,Ferrari,1,4.0,True,1,Australian Grand Prix,True,C3,True,-2.04,-2.404,0.744,0.906,-1.092,-1.301,85.566
0 days 02:14:41.238000,HAM,44,83.31,50.0,2.0,,,False,HARD,22.0,True,Ferrari,1,4.0,True,1,Australian Grand Prix,True,C3,True,-1.565,-1.844,1.219,1.485,-0.506,-0.604,86.098
0 days 02:16:03.921000,HAM,44,82.683,51.0,2.0,,,False,HARD,23.0,True,Ferrari,1,4.0,True,1,Australian Grand Prix,True,C3,True,-2.192,-2.583,0.592,0.721,-1.621,-1.923,85.528
0 days 02:17:26.929000,HAM,44,83.008,52.0,2.0,,,False,HARD,24.0,True,Ferrari,1,4.0,True,1,Australian Grand Prix,True,C3,True,-1.867,-2.2,0.917,1.117,-1.304,-1.547,85.91
0 days 02:18:50.094000,HAM,44,83.165,53.0,2.0,,,False,HARD,25.0,True,Ferrari,1,4.0,True,1,Australian Grand Prix,True,C3,True,-1.71,-2.015,1.074,1.308,-1.541,-1.819,86.124
0 days 02:20:12.648000,HAM,44,82.554,54.0,2.0,,,False,HARD,26.0,True,Ferrari,1,4.0,True,1,Australian Grand Prix,True,C3,True,-2.321,-2.735,0.463,0.564,-1.839,-2.179,85.57
0 days 02:21:35.071000,HAM,44,82.423,55.0,2.0,,,True,HARD,27.0,True,Ferrari,1,4.0,True,1,Australian Grand Prix,True,C3,True,-2.452,-2.889,0.332,0.404,-1.783,-2.117,85.495
0 days 02:22:57.571000,HAM,44,82.5,56.0,2.0,,,False,HARD,28.0,True,Ferrari,1,4.0,True,1,Australian Grand Prix,True,C3,True,-2.375,-2.798,0.409,0.498,-1.986,-2.351,85.629
0 days 02:24:20.287000,HAM,44,82.716,57.0,2.0,,,False,HARD,29.0,True,Ferrari,1,4.0,True,1,Australian Grand Prix,True,C3,True,-2.159,-2.544,0.625,0.761,-1.857,-2.196,85.902
0 days 02:25:42.924000,HAM,44,82.637,58.0,2.0,,,False,HARD,30.0,True,Ferrari,1,4.0,True,1,Australian Grand Prix,True,C3,True,-2.238,-2.637,0.546,0.665,-0.545,-0.655,85.88
0 days 01:03:58.734000,BOR,5,,1.0,1.0,,,False,MEDIUM,1.0,True,Audi,1,11.0,False,1,Australian Grand Prix,True,C4,False,,,,,,,
0 days 01:05:26.272000,BOR,5,87.538,2.0,1.0,,,True,MEDIUM,2.0,True,Audi,1,11.0,True,1,Australian Grand Prix,True,C4,True,2.663,3.138,5.447,6.635,0.206,0.236,87.595
0 days 01:06:52.596000,BOR,5,86.324,3.0,1.0,,,True,MEDIUM,3.0,True,Audi,1,10.0,True,1,Australian Grand Prix,True,C4,True,1.449,1.707,4.233,5.156,-0.391,-0.451,86.438
0 days 01:08:18.628000,BOR,5,86.032,4.0,1.0,,,True,MEDIUM,4.0,True,Audi,1,10.0,True,1,Australian Grand Prix,True,C4,True,1.157,1.363,3.941,4.801,-0.097,-0.113,86.203
0 days 01:09:44.955000,BOR,5,86.327,5.0,1.0,,,False,MEDIUM,5.0,True,Audi,1,10.0,True,1,Australian Grand Prix,True,C4,True,1.452,1.711,4.236,5.16,-0.241,-0.278,86.555
0 days 01:11:12.418000,BOR,5,87.463,6.0,1.0,,,False,MEDIUM,6.0,True,Audi,1,12.0,True,1,Australian Grand Prix,True,C4,True,2.588,3.049,5.372,6.544,1.484,1.726,87.747
0 days 01:12:38.203000,BOR,5,85.785,7.0,1.0,,,True,MEDIUM,7.0,True,Audi,1,12.0,True,1,Australian Grand Prix,True,C4,True,0.91,1.072,3.694,4.5,0.371,0.434,86.126
0 days 01:14:03.673000,BOR,5,85.47,8.0,1.0,,,True,MEDIUM,8.0,True,Audi,1,12.0,True,1,Australian Grand Prix,True,C4,True,0.595,0.701,3.379,4.116,0.018,0.021,85.868
0 days 01:15:28.897000,BOR,5,85.224,9.0,1.0,,,True,MEDIUM,9.0,True,Audi,1,12.0,True,1,Australian Grand Prix,True,C4,True,0.349,0.411,3.133,3.816,-0.415,-0.485,85.679
0 days 01:16:54.458000,BOR,5,85.561,10.0,1.0,,,False,MEDIUM,10.0,True,Audi,1,12.0,True,1,Australian Grand Prix,True,C4,True,0.686,0.808,3.47,4.227,-0.071,-0.083,86.073
0 days 01:18:26.320000,BOR,5,91.862,11.0,1.0,,,False,MEDIUM,11.0,True,Audi,16,8.0,False,1,Australian Grand Prix,True,C4,False,6.987,8.232,9.771,11.903,0.23,0.251,92.431
0 days 01:20:20.684000,BOR,5,114.364,12.0,1.0,,,False,MEDIUM,12.0,True,Audi,6,8.0,False,1,Australian Grand Prix,True,C4,False,29.489,34.744,32.273,39.314,-0.297,-0.259,114.99
0 days 01:22:15.129000,BOR,5,114.445,13.0,1.0,,,False,MEDIUM,13.0,True,Audi,671,8.0,False,1,Australian Grand Prix,True,C4,False,29.57,34.839,32.354,39.412,2.37,2.115,115.128
0 days 01:23:41.087000,BOR,5,85.958,14.0,1.0,,,False,MEDIUM,14.0,True,Audi,1,8.0,True,1,Australian Grand Prix,True,C4,True,1.083,1.276,3.867,4.711,-0.438,-0.507,86.698
0 days 01:25:05.906000,BOR,5,84.819,15.0,1.0,,,True,MEDIUM,15.0,True,Audi,1,8.0,True,1,Australian Grand Prix,True,C4,True,-0.056,-0.066,2.728,3.323,-0.005,-0.006,85.616
0 days 01:26:30.886000,BOR,5,84.98,16.0,1.0,,,False,MEDIUM,16.0,True,Audi,1,8.0,True,1,Australian Grand Prix,True,C4,True,0.105,0.124,2.889,3.519,0.02,0.024,85.833
0 days 01:27:55.947000,BOR,5,85.061,17.0,1.0,,,False,MEDIUM,17.0,True,Audi,1,8.0,True,1,Australian Grand Prix,True,C4,True,0.186,0.219,2.97,3.618,-0.063,-0.074,85.971
0 days 01:29:46.306000,BOR,5,110.359,18.0,1.0,,0 days 01:29:29.607000,False,MEDIUM,18.0,True,Audi,126,9.0,False,1,Australian Grand Prix,True,C4,False,25.484,30.025,28.268,34.435,9.134,9.023,111.326
0 days 01:31:41.985000,BOR,5,115.679,19.0,2.0,0 days 01:29:48.749000,,False,HARD,1.0,True,Audi,671,11.0,False,1,Australian Grand Prix,True,C3,False,30.804,36.293,33.588,40.916,2.968,2.633,116.703
0 days 01:33:07.186000,BOR,5,85.201,20.0,2.0,,,False,HARD,2.0,True,Audi,1,9.0,True,1,Australian Grand Prix,True,C3,True,0.326,0.384,3.11,3.788,-0.931,-1.081,86.282
0 days 01:34:32.230000,BOR,5,85.044,21.0,2.0,,,False,HARD,3.0,True,Audi,1,9.0,True,1,Australian Grand Prix,True,C3,True,0.169,0.199,2.953,3.597,0.123,0.145,86.182
0 days 01:35:56.658000,BOR,5,84.428,22.0,2.0,,,True,HARD,4.0,True,Audi,1,9.0,True,1,Australian Grand Prix,True,C3,True,-0.447,-0.527,2.337,2.847,0.0,0.0,85.623
0 days 01:37:20.993000,BOR,5,84.335,23.0,2.0,,,True,HARD,5.0,True,Audi,1,9.0,True,1,Australian Grand Prix,True,C3,True,-0.54,-0.636,2.244,2.734,-0.315,-0.372,85.587
0 days 01:38:45.320000,BOR,5,84.327,24.0,2.0,,,True,HARD,6.0,True,Audi,1,9.0,True,1,Australian Grand Prix,True,C3,True,-0.548,-0.646,2.236,2.724,-0.365,-0.431,85.636
0 days 01:40:09.690000,BOR,5,84.37,25.0,2.0,,,False,HARD,7.0,True,Audi,1,9.0,True,1,Australian Grand Prix,True,C3,True,-0.505,-0.595,2.279,2.776,-0.112,-0.133,85.736
0 days 01:41:34.223000,BOR,5,84.533,26.0,2.0,,,False,HARD,8.0,True,Audi,1,9.0,True,1,Australian Grand Prix,True,C3,True,-0.342,-0.403,2.442,2.975,0.0,0.0,85.955
0 days 01:42:58.758000,BOR,5,84.535,27.0,2.0,,,False,HARD,9.0,True,Audi,1,9.0,True,1,Australian Grand Prix,True,C3,True,-0.34,-0.401,2.444,2.977,0.087,0.103,86.014
0 days 01:44:23.198000,BOR,5,84.44,28.0,2.0,,,False,HARD,10.0,True,Audi,1,9.0,True,1,Australian Grand Prix,True,C3,True,-0.435,-0.513,2.349,2.861,-0.166,-0.196,85.976
0 days 01:45:47.892000,BOR,5,84.694,29.0,2.0,,,False,HARD,11.0,True,Audi,1,9.0,True,1,Australian Grand Prix,True,C3,True,-0.181,-0.213,2.603,3.171,-0.312,-0.367,86.287
0 days 01:47:12.256000,BOR,5,84.364,30.0,2.0,,,False,HARD,12.0,True,Audi,1,9.0,True,1,Australian Grand Prix,True,C3,True,-0.511,-0.602,2.273,2.769,-0.145,-0.172,86.014
0 days 01:48:36.409000,BOR,5,84.153,31.0,2.0,,,True,HARD,13.0,True,Audi,1,9.0,True,1,Australian Grand Prix,True,C3,True,-0.722,-0.851,2.062,2.512,-0.723,-0.852,85.86
0 days 01:50:00.387000,BOR,5,83.978,32.0,2.0,,,True,HARD,14.0,True,Audi,1,9.0,True,1,Australian Grand Prix,True,C3,True,-0.897,-1.057,1.887,2.299,-1.028,-1.209,85.742
0 days 01:51:44.622000,BOR,5,104.235,33.0,2.0,,0 days 01:51:24.281000,False,HARD,15.0,True,Audi,16,11.0,False,1,Australian Grand Prix,True,C3,False,19.36,22.81,22.144,26.975,17.707,20.464,106.056
0 days 01:53:17.908000,BOR,5,93.286,34.0,3.0,0 days 01:51:47.184000,,False,HARD,1.0,True,Audi,671,11.0,False,1,Australian Grand Prix,True,C3,False,8.411,9.91,11.195,13.637,-0.526,-0.561,95.164
0 days 01:54:41.862000,BOR,5,83.954,35.0,3.0,,,True,HARD,2.0,True,Audi,1,11.0,True,1,Australian Grand Prix,True,C3,True,-0.921,-1.085,1.863,2.269,-0.582,-0.688,85.888
0 days 01:56:05.517000,BOR,5,83.655,36.0,3.0,,,True,HARD,3.0,True,Audi,1,11.0,True,1,Australian Grand Prix,True,C3,True,-1.22,-1.437,1.564,1.905,-0.943,-1.115,85.646
0 days 01:57:29.249000,BOR,5,83.732,37.0,3.0,,,False,HARD,4.0,True,Audi,1,11.0,True,1,Australian Grand Prix,True,C3,True,-1.143,-1.347,1.641,1.999,-0.791,-0.936,85.78
0 days 01:58:54.368000,BOR,5,85.119,38.0,3.0,,,False,HARD,5.0,True,Audi,1,11.0,True,1,Australian Grand Prix,True,C3,True,0.244,0.287,3.028,3.689,0.026,0.031,87.224
0 days 02:00:19.198000,BOR,5,84.83,39.0,3.0,,,False,HARD,6.0,True,Audi,1,10.0,True,1,Australian Grand Prix,True,C3,True,-0.045,-0.053,2.739,3.337,0.037,0.044,86.992
0 days 02:01:43.894000,BOR,5,84.696,40.0,3.0,,,False,HARD,7.0,True,Audi,1,9.0,True,1,Australian Grand Prix,True,C3,True,-0.179,-0.211,2.605,3.173,-0.369,-0.434,86.915
0 days 02:03:08.364000,BOR,5,84.47,41.0,3.0,,,False,HARD,8.0,True,Audi,1,9.0,True,1,Australian Grand Prix,True,C3,True,-0.405,-0.477,2.379,2.898,-0.492,-0.579,86.746
0 days 02:04:32.167000,BOR,5,83.803,42.0,3.0,,,False,HARD,9.0,True,Audi,1,9.0,True,1,Australian Grand Prix,True,C3,True,-1.072,-1.263,1.712,2.085,-0.877,-1.036,86.136
0 days 02:05:55.810000,BOR,5,83.643,43.0,3.0,,,True,HARD,10.0,True,Audi,1,9.0,True,1,Australian Grand Prix,True,C3,True,-1.232,-1.452,1.552,1.891,-0.747,-0.885,86.033
0 days 02:07:19.546000,BOR,5,83.736,44.0,3.0,,,False,HARD,11.0,True,Audi,1,9.0,True,1,Australian Grand Prix,True,C3,True,-1.139,-1.342,1.645,2.004,-0.335,-0.398,86.183
0 days 02:08:42.803000,BOR,5,83.257,45.0,3.0,,,True,HARD,12.0,True,Audi,1,9.0,True,1,Australian Grand Prix,True,C3,True,-1.618,-1.906,1.166,1.42,-0.873,-1.038,85.76
0 days 02:10:06.149000,BOR,5,83.346,46.0,3.0,,,False,HARD,13.0,True,Audi,1,9.0,True,1,Australian Grand Prix,True,C3,True,-1.529,-1.801,1.255,1.529,-0.541,-0.645,85.906
0 days 02:11:30.125000,BOR,5,83.976,47.0,3.0,,,False,HARD,14.0,True,Audi,1,9.0,True,1,Australian Grand Prix,True,C3,True,-0.899,-1.059,1.885,2.296,0.0,0.0,86.593
0 days 02:12:55.133000,BOR,5,85.008,48.0,3.0,,,False,HARD,15.0,True,Audi,1,9.0,True,1,Australian Grand Prix,True,C3,True,0.133,0.157,2.917,3.553,0.695,0.824,87.682
0 days 02:14:20.022000,BOR,5,84.889,49.0,3.0,,,False,HARD,16.0,True,Audi,1,9.0,True,1,Australian Grand Prix,True,C3,True,0.014,0.016,2.798,3.408,0.962,1.146,87.62
0 days 02:15:44.346000,BOR,5,84.324,50.0,3.0,,,False,HARD,17.0,True,Audi,1,9.0,True,1,Australian Grand Prix,True,C3,True,-0.551,-0.649,2.233,2.72,0.508,0.606,87.112
0 days 02:17:09.981000,BOR,5,85.635,51.0,3.0,,,False,HARD,18.0,True,Audi,1,9.0,True,1,Australian Grand Prix,True,C3,True,0.76,0.895,3.544,4.317,1.331,1.579,88.48
0 days 02:18:34.340000,BOR,5,84.359,52.0,3.0,,,False,HARD,19.0,True,Audi,1,9.0,True,1,Australian Grand Prix,True,C3,True,-0.516,-0.608,2.268,2.763,0.047,0.056,87.261
0 days 02:20:00.403000,BOR,5,86.063,53.0,3.0,,,False,HARD,20.0,True,Audi,1,9.0,True,1,Australian Grand Prix,True,C3,True,1.188,1.4,3.972,4.839,1.357,1.602,89.022
0 days 02:21:24.951000,BOR,5,84.548,54.0,3.0,,,False,HARD,21.0,True,Audi,1,9.0,True,1,Australian Grand Prix,True,C3,True,-0.327,-0.385,2.457,2.993,0.155,0.184,87.564
0 days 02:22:50.219000,BOR,5,85.268,55.0,3.0,,,False,HARD,22.0,True,Audi,1,9.0,True,1,Australian Grand Prix,True,C3,True,0.393,0.463,3.177,3.87,1.062,1.261,88.34
0 days 02:24:14.734000,BOR,5,84.515,56.0,3.0,,,False,HARD,23.0,True,Audi,1,9.0,True,1,Australian Grand Prix,True,C3,True,-0.36,-0.424,2.424,2.953,0.029,0.034,87.644
0 days 02:25:39.555000,BOR,5,84.821,57.0,3.0,,,False,HARD,24.0,True,Audi,1,9.0,True,1,Australian Grand Prix,True,C3,True,-0.054,-0.064,2.73,3.326,0.248,0.293,88.007
0 days 01:03:59.794000,SAI,55,,1.0,1.0,,,False,SOFT,1.0,True,Williams,1,13.0,False,1,Australian Grand Prix,True,C5,False,,,,,,,
0 days 01:05:27.774000,SAI,55,87.98,2.0,1.0,,,True,SOFT,2.0,True,Williams,1,14.0,True,1,Australian Grand Prix,True,C5,True,3.105,3.658,5.889,7.174,0.648,0.742,88.037
0 days 01:06:55.867000,SAI,55,88.093,3.0,1.0,,,False,SOFT,3.0,True,Williams,1,15.0,True,1,Australian Grand Prix,True,C5,True,3.218,3.791,6.002,7.311,1.378,1.589,88.207
0 days 01:08:23.083000,SAI,55,87.216,4.0,1.0,,,True,SOFT,4.0,True,Williams,1,15.0,True,1,Australian Grand Prix,True,C5,True,2.341,2.758,5.125,6.243,1.087,1.262,87.387
0 days 01:09:50.594000,SAI,55,87.511,5.0,1.0,,,False,SOFT,5.0,True,Williams,1,15.0,True,1,Australian Grand Prix,True,C5,True,2.636,3.106,5.42,6.602,0.943,1.089,87.739
0 days 01:11:17.466000,SAI,55,86.872,6.0,1.0,,,True,SOFT,6.0,True,Williams,1,14.0,True,1,Australian Grand Prix,True,C5,True,1.997,2.353,4.781,5.824,0.893,1.039,87.156
0 days 01:12:43.164000,SAI,55,85.698,7.0,1.0,,,True,SOFT,7.0,True,Williams,1,14.0,True,1,Australian Grand Prix,True,C5,True,0.823,0.97,3.607,4.394,0.284,0.332,86.039
0 days 01:14:08.597000,SAI,55,85.433,8.0,1.0,,,True,SOFT,8.0,True,Williams,1,14.0,True,1,Australian Grand Prix,True,C5,True,0.558,0.657,3.342,4.071,-0.019,-0.022,85.831
0 days 01:15:34.423000,SAI,55,85.826,9.0,1.0,,,False,SOFT,9.0,True,Williams,1,14.0,True,1,Australian Grand Prix,True,C5,True,0.951,1.12,3.735,4.55,0.187,0.218,86.281
0 days 01:17:00.625000,SAI,55,86.202,10.0,1.0,,,False,SOFT,10.0,True,Williams,1,14.0,True,1,Australian Grand Prix,True,C5,True,1.327,1.563,4.111,5.008,0.57,0.666,86.714
0 days 01:18:47.537000,SAI,55,106.912,11.0,1.0,,0 days 01:18:29.832000,False,SOFT,11.0,True,Williams,16,13.0,False,1,Australian Grand Prix,True,C5,False,22.037,25.964,24.821,30.236,15.28,16.675,107.481
0 days 01:20:44.383000,SAI,55,116.846,12.0,2.0,0 days 01:18:49.955000,,False,HARD,1.0,True,Williams,6,13.0,False,1,Australian Grand Prix,True,C3,False,31.971,37.668,34.755,42.337,2.185,1.906,117.472
0 days 01:22:32.724000,SAI,55,108.341,13.0,2.0,,,False,HARD,2.0,True,Williams,671,13.0,False,1,Australian Grand Prix,True,C3,False,23.466,27.648,26.25,31.977,-3.734,-3.332,109.024
0 days 01:23:57.651000,SAI,55,84.927,14.0,2.0,,,True,HARD,3.0,True,Williams,1,13.0,True,1,Australian Grand Prix,True,C3,True,0.052,0.061,2.836,3.455,-1.469,-1.7,85.667
0 days 01:25:22.475000,SAI,55,84.824,15.0,2.0,,,True,HARD,4.0,True,Williams,1,13.0,True,1,Australian Grand Prix,True,C3,True,-0.051,-0.06,2.733,3.329,0.0,0.0,85.621
0 days 01:26:47.415000,SAI,55,84.94,16.0,2.0,,,False,HARD,5.0,True,Williams,1,12.0,True,1,Australian Grand Prix,True,C3,True,0.065,0.077,2.849,3.471,-0.02,-0.024,85.793
0 days 01:28:12.566000,SAI,55,85.151,17.0,2.0,,,False,HARD,6.0,True,Williams,1,12.0,True,1,Australian Grand Prix,True,C3,True,0.276,0.325,3.06,3.728,0.027,0.032,86.061
0 days 01:29:55.386000,SAI,55,102.82,18.0,2.0,,,False,HARD,7.0,True,Williams,126,12.0,False,1,Australian Grand Prix,True,C3,False,17.945,21.143,20.729,25.251,1.595,1.576,103.787
0 days 01:31:45.466000,SAI,55,110.08,19.0,2.0,,,False,HARD,8.0,True,Williams,671,12.0,False,1,Australian Grand Prix,True,C3,False,25.205,29.697,27.989,34.095,-2.631,-2.334,111.104
0 days 01:33:10.860000,SAI,55,85.394,20.0,2.0,,,False,HARD,9.0,True,Williams,1,12.0,True,1,Australian Grand Prix,True,C3,True,0.519,0.611,3.303,4.024,-0.738,-0.857,86.475
0 days 01:34:36.269000,SAI,55,85.409,21.0,2.0,,,False,HARD,10.0,True,Williams,1,12.0,True,1,Australian Grand Prix,True,C3,True,0.534,0.629,3.318,4.042,0.488,0.575,86.547
0 days 01:36:01.639000,SAI,55,85.37,22.0,2.0,,,False,HARD,11.0,True,Williams,1,12.0,True,1,Australian Grand Prix,True,C3,True,0.495,0.583,3.279,3.994,0.942,1.116,86.565
0 days 01:37:27.239000,SAI,55,85.6,23.0,2.0,,,False,HARD,12.0,True,Williams,1,12.0,True,1,Australian Grand Prix,True,C3,True,0.725,0.854,3.509,4.275,0.95,1.122,86.852
0 days 01:38:52.943000,SAI,55,85.704,24.0,2.0,,,False,HARD,13.0,True,Williams,1,12.0,True,1,Australian Grand Prix,True,C3,True,0.829,0.977,3.613,4.401,1.012,1.195,87.013
0 days 01:40:19.065000,SAI,55,86.122,25.0,2.0,,,False,HARD,14.0,True,Williams,1,12.0,True,1,Australian Grand Prix,True,C3,True,1.247,1.469,4.031,4.91,1.64,1.941,87.488
0 days 01:41:45.206000,SAI,55,86.141,26.0,2.0,,,False,HARD,15.0,True,Williams,1,12.0,True,1,Australian Grand Prix,True,C3,True,1.266,1.492,4.05,4.934,1.608,1.902,87.563
0 days 01:43:11.330000,SAI,55,86.124,27.0,2.0,,,False,HARD,16.0,True,Williams,1,12.0,True,1,Australian Grand Prix,True,C3,True,1.249,1.472,4.033,4.913,1.676,1.985,87.603
0 days 01:44:38.126000,SAI,55,86.796,28.0,2.0,,,False,HARD,17.0,True,Williams,1,12.0,True,1,Australian Grand Prix,True,C3,True,1.921,2.263,4.705,5.731,2.19,2.588,88.332
0 days 01:46:06.175000,SAI,55,88.049,29.0,2.0,,,False,HARD,18.0,True,Williams,1,13.0,True,1,Australian Grand Prix,True,C3,True,3.174,3.74,5.958,7.258,3.043,3.58,89.642
0 days 01:47:33.270000,SAI,55,87.095,30.0,2.0,,,False,HARD,19.0,True,Williams,1,13.0,True,1,Australian Grand Prix,True,C3,True,2.22,2.616,5.004,6.096,2.586,3.06,88.745
0 days 01:48:59.909000,SAI,55,86.639,31.0,2.0,,,False,HARD,20.0,True,Williams,1,13.0,True,1,Australian Grand Prix,True,C3,True,1.764,2.078,4.548,5.54,1.763,2.077,88.346
0 days 01:50:27.295000,SAI,55,87.386,32.0,2.0,,,False,HARD,21.0,True,Williams,1,13.0,True,1,Australian Grand Prix,True,C3,True,2.511,2.958,5.295,6.45,2.38,2.8,89.15
0 days 01:52:27.156000,SAI,55,119.861,33.0,2.0,,0 days 01:52:03.329000,False,HARD,22.0,True,Williams,167,14.0,False,1,Australian Grand Prix,True,C3,False,34.986,41.221,37.77,46.01,33.333,38.523,121.682
0 days 01:54:00.177000,SAI,55,93.021,34.0,3.0,0 days 01:52:29.495000,,False,MEDIUM,1.0,True,Williams,1,15.0,False,1,Australian Grand Prix,True,C4,False,8.146,9.598,10.93,13.314,-0.791,-0.843,94.899
0 days 01:55:25.058000,SAI,55,84.881,35.0,3.0,,,False,MEDIUM,2.0,True,Williams,1,15.0,True,1,Australian Grand Prix,True,C4,True,0.006,0.007,2.79,3.399,0.345,0.408,86.815
0 days 01:56:49.862000,SAI,55,84.804,36.0,3.0,,,True,MEDIUM,3.0,True,Williams,1,15.0,True,1,Australian Grand Prix,True,C4,True,-0.071,-0.084,2.713,3.305,0.206,0.244,86.795
0 days 01:58:15.072000,SAI,55,85.21,37.0,3.0,,,False,MEDIUM,4.0,True,Williams,1,15.0,True,1,Australian Grand Prix,True,C4,True,0.335,0.395,3.119,3.799,0.687,0.813,87.258
0 days 01:59:42.277000,SAI,55,87.205,38.0,3.0,,,False,MEDIUM,5.0,True,Williams,1,15.0,True,1,Australian Grand Prix,True,C4,True,2.33,2.745,5.114,6.23,2.112,2.482,89.31
0 days 02:01:09.543000,SAI,55,87.266,39.0,3.0,,,False,MEDIUM,6.0,True,Williams,1,15.0,True,1,Australian Grand Prix,True,C4,True,2.391,2.817,5.175,6.304,2.473,2.917,89.428
0 days 02:02:35.765000,SAI,55,86.222,40.0,3.0,,,False,MEDIUM,7.0,True,Williams,1,15.0,True,1,Australian Grand Prix,True,C4,True,1.347,1.587,4.131,5.032,1.157,1.36,88.441
0 days 02:04:02.482000,SAI,55,86.717,41.0,3.0,,,False,MEDIUM,8.0,True,Williams,1,15.0,True,1,Australian Grand Prix,True,C4,True,1.842,2.17,4.626,5.635,1.755,2.066,88.993
0 days 02:05:27.843000,SAI,55,85.361,42.0,3.0,,,False,MEDIUM,9.0,True,Williams,1,15.0,True,1,Australian Grand Prix,True,C4,True,0.486,0.573,3.27,3.983,0.681,0.804,87.694
0 days 02:06:53.130000,SAI,55,85.287,43.0,3.0,,,False,MEDIUM,10.0,True,Williams,1,15.0,True,1,Australian Grand Prix,True,C4,True,0.412,0.485,3.196,3.893,0.897,1.063,87.677
0 days 02:08:18.659000,SAI,55,85.529,44.0,3.0,,,False,MEDIUM,11.0,True,Williams,1,15.0,True,1,Australian Grand Prix,True,C4,True,0.654,0.771,3.438,4.188,1.458,1.734,87.976
0 days 02:10:15.050000,SAI,55,116.391,45.0,3.0,,0 days 02:09:42.506000,False,MEDIUM,12.0,True,Williams,1,15.0,False,1,Australian Grand Prix,True,C4,False,31.516,37.132,34.3,41.783,32.261,38.347,118.894
0 days 02:11:46.639000,SAI,55,91.589,46.0,4.0,0 days 02:10:17.375000,,False,SOFT,1.0,True,Williams,1,15.0,False,1,Australian Grand Prix,True,C5,False,6.714,7.91,9.498,11.57,7.702,9.181,94.149
0 days 02:13:22.848000,SAI,55,96.209,47.0,4.0,,,False,SOFT,2.0,True,Williams,1,15.0,True,1,Australian Grand Prix,True,C5,True,11.334,13.354,14.118,17.198,12.233,14.567,98.826
0 days 02:14:47.825000,SAI,55,84.977,48.0,4.0,,,False,SOFT,3.0,True,Williams,1,15.0,True,1,Australian Grand Prix,True,C5,True,0.102,0.12,2.886,3.516,0.664,0.788,87.651
0 days 02:16:11.747000,SAI,55,83.922,49.0,4.0,,,True,SOFT,4.0,True,Williams,1,15.0,True,1,Australian Grand Prix,True,C5,True,-0.953,-1.123,1.831,2.23,-0.005,-0.006,86.653
0 days 02:17:35.347000,SAI,55,83.6,50.0,4.0,,,True,SOFT,5.0,True,Williams,1,15.0,True,1,Australian Grand Prix,True,C5,True,-1.275,-1.502,1.509,1.838,-0.216,-0.258,86.388
0 days 02:18:59.217000,SAI,55,83.87,51.0,4.0,,,False,SOFT,6.0,True,Williams,1,15.0,True,1,Australian Grand Prix,True,C5,True,-1.005,-1.184,1.779,2.167,-0.434,-0.515,86.715
0 days 02:20:22.807000,SAI,55,83.59,52.0,4.0,,,True,SOFT,7.0,True,Williams,1,15.0,True,1,Australian Grand Prix,True,C5,True,-1.285,-1.514,1.499,1.826,-0.722,-0.856,86.492
0 days 02:21:50.768000,SAI,55,87.961,53.0,4.0,,,False,SOFT,8.0,True,Williams,1,15.0,True,1,Australian Grand Prix,True,C5,True,3.086,3.636,5.87,7.151,3.255,3.843,90.92
0 days 02:23:15.034000,SAI,55,84.266,54.0,4.0,,,False,SOFT,9.0,True,Williams,1,15.0,True,1,Australian Grand Prix,True,C5,True,-0.609,-0.718,2.175,2.649,-0.127,-0.15,87.282
0 days 02:24:38.843000,SAI,55,83.809,55.0,4.0,,,False,SOFT,10.0,True,Williams,1,15.0,True,1,Australian Grand Prix,True,C5,True,-1.066,-1.256,1.718,2.093,-0.397,-0.471,86.881
0 days 02:26:03.666000,SAI,55,84.823,56.0,4.0,,,False,SOFT,11.0,True,Williams,1,15.0,True,1,Australian Grand Prix,True,C5,True,-0.052,-0.061,2.732,3.328,0.337,0.399,87.952
0 days 01:03:56.025000,HAD,6,,1.0,1.0,,,False,MEDIUM,1.0,True,Red Bull Racing,1,4.0,False,1,Australian Grand Prix,True,C4,False,,,,,,,
0 days 01:05:22.012000,HAD,6,85.987,2.0,1.0,,,True,MEDIUM,2.0,True,Red Bull Racing,1,4.0,True,1,Australian Grand Prix,True,C4,True,1.112,1.31,3.896,4.746,-1.345,-1.54,86.044
0 days 01:06:47.568000,HAD,6,85.556,3.0,1.0,,,True,MEDIUM,3.0,True,Red Bull Racing,1,4.0,True,1,Australian Grand Prix,True,C4,True,0.681,0.802,3.465,4.221,-1.159,-1.337,85.67
0 days 01:08:12.910000,HAD,6,85.342,4.0,1.0,,,True,MEDIUM,4.0,True,Red Bull Racing,1,4.0,True,1,Australian Grand Prix,True,C4,True,0.467,0.55,3.251,3.96,-0.787,-0.914,85.513
0 days 01:09:38.265000,HAD,6,85.355,5.0,1.0,,,False,MEDIUM,5.0,True,Red Bull Racing,1,4.0,True,1,Australian Grand Prix,True,C4,True,0.48,0.566,3.264,3.976,-1.213,-1.401,85.583
0 days 01:11:04.144000,HAD,6,85.879,6.0,1.0,,,False,MEDIUM,6.0,True,Red Bull Racing,1,5.0,True,1,Australian Grand Prix,True,C4,True,1.004,1.183,3.788,4.614,-0.1,-0.116,86.163
0 days 01:12:29.589000,HAD,6,85.445,7.0,1.0,,,False,MEDIUM,7.0,True,Red Bull Racing,1,5.0,True,1,Australian Grand Prix,True,C4,True,0.57,0.672,3.354,4.086,0.031,0.036,85.786
0 days 01:13:54.902000,HAD,6,85.313,8.0,1.0,,,True,MEDIUM,8.0,True,Red Bull Racing,1,5.0,True,1,Australian Grand Prix,True,C4,True,0.438,0.516,3.222,3.925,-0.139,-0.163,85.711
0 days 01:15:20.141000,HAD,6,85.239,9.0,1.0,,,True,MEDIUM,9.0,True,Red Bull Racing,1,5.0,True,1,Australian Grand Prix,True,C4,True,0.364,0.429,3.148,3.835,-0.4,-0.467,85.694
0 days 01:16:45.504000,HAD,6,85.363,10.0,1.0,,,False,MEDIUM,10.0,True,Red Bull Racing,1,5.0,True,1,Australian Grand Prix,True,C4,True,0.488,0.575,3.272,3.986,-0.269,-0.314,85.875
0 days 01:19:15.504000,HAD,6,,11.0,1.0,,,True,MEDIUM,11.0,True,Red Bull Racing,16,,False,1,Australian Grand Prix,True,C4,False,,,,,,,
0 days 01:03:52.673000,RUS,63,,1.0,1.0,,,False,MEDIUM,1.0,True,Mercedes,1,2.0,False,1,Australian Grand Prix,True,C4,False,,,,,,,
0 days 01:05:17.680000,RUS,63,85.007,2.0,1.0,,,True,MEDIUM,2.0,True,Mercedes,1,1.0,True,1,Australian Grand Prix,True,C4,True,0.132,0.156,2.916,3.552,-2.325,-2.662,85.064
0 days 01:06:44.124000,RUS,63,86.444,3.0,1.0,,,False,MEDIUM,3.0,True,Mercedes,1,2.0,True,1,Australian Grand Prix,True,C4,True,1.569,1.849,4.353,5.303,-0.271,-0.313,86.558
0 days 01:08:08.913000,RUS,63,84.789,4.0,1.0,,,True,MEDIUM,4.0,True,Mercedes,1,2.0,True,1,Australian Grand Prix,True,C4,True,-0.086,-0.101,2.698,3.287,-1.34,-1.556,84.96
0 days 01:09:32.930000,RUS,63,84.017,5.0,1.0,,,True,MEDIUM,5.0,True,Mercedes,1,2.0,True,1,Australian Grand Prix,True,C4,True,-0.858,-1.011,1.926,2.346,-2.551,-2.947,84.245
0 days 01:10:57.569000,RUS,63,84.639,6.0,1.0,,,False,MEDIUM,6.0,True,Mercedes,1,2.0,True,1,Australian Grand Prix,True,C4,True,-0.236,-0.278,2.548,3.104,-1.34,-1.559,84.923
0 days 01:12:21.668000,RUS,63,84.099,7.0,1.0,,,False,MEDIUM,7.0,True,Mercedes,1,2.0,True,1,Australian Grand Prix,True,C4,True,-0.776,-0.914,2.008,2.446,-1.315,-1.54,84.44
0 days 01:13:46.858000,RUS,63,85.19,8.0,1.0,,,False,MEDIUM,8.0,True,Mercedes,1,2.0,True,1,Australian Grand Prix,True,C4,True,0.315,0.371,3.099,3.775,-0.262,-0.307,85.588
0 days 01:15:12.836000,RUS,63,85.978,9.0,1.0,,,False,MEDIUM,9.0,True,Mercedes,1,2.0,True,1,Australian Grand Prix,True,C4,True,1.103,1.3,3.887,4.735,0.339,0.396,86.433
0 days 01:16:36.948000,RUS,63,84.112,10.0,1.0,,,False,MEDIUM,10.0,True,Mercedes,1,2.0,True,1,Australian Grand Prix,True,C4,True,-0.763,-0.899,2.021,2.462,-1.52,-1.775,84.624
0 days 01:18:00.915000,RUS,63,83.967,11.0,1.0,,,True,MEDIUM,11.0,True,Mercedes,1,2.0,True,1,Australian Grand Prix,True,C4,True,-0.908,-1.07,1.876,2.285,-7.665,-8.365,84.536
0 days 01:20:06.855000,RUS,63,125.94,12.0,1.0,,0 days 01:19:51.153000,False,MEDIUM,12.0,True,Mercedes,16,3.0,False,1,Australian Grand Prix,True,C4,False,41.065,48.383,43.849,53.415,11.279,9.837,126.566
0 days 01:22:04.514000,RUS,63,117.659,13.0,2.0,0 days 01:20:09.298000,,False,HARD,1.0,True,Mercedes,67,3.0,False,1,Australian Grand Prix,True,C3,False,32.784,38.626,35.568,43.328,5.584,4.982,118.342
0 days 01:23:31.608000,RUS,63,87.094,14.0,2.0,,,False,HARD,2.0,True,Mercedes,71,3.0,False,1,Australian Grand Prix,True,C3,False,2.219,2.614,5.003,6.094,0.698,0.808,87.834
0 days 01:24:54.433000,RUS,63,82.825,15.0,2.0,,,True,HARD,3.0,True,Mercedes,1,3.0,True,1,Australian Grand Prix,True,C3,True,-2.05,-2.415,0.734,0.894,-1.999,-2.357,83.622
0 days 01:26:17.356000,RUS,63,82.923,16.0,2.0,,,False,HARD,4.0,True,Mercedes,1,3.0,True,1,Australian Grand Prix,True,C3,True,-1.952,-2.3,0.832,1.014,-2.037,-2.398,83.776
0 days 01:27:40.121000,RUS,63,82.765,17.0,2.0,,,True,HARD,5.0,True,Mercedes,1,3.0,True,1,Australian Grand Prix,True,C3,True,-2.11,-2.486,0.674,0.821,-2.359,-2.771,83.675
0 days 01:29:09.100000,RUS,63,88.979,18.0,2.0,,,False,HARD,6.0,True,Mercedes,126,3.0,False,1,Australian Grand Prix,True,C3,False,4.104,4.835,6.888,8.391,-12.246,-12.098,89.946
0 days 01:31:04.357000,RUS,63,115.257,19.0,2.0,,,False,HARD,7.0,True,Mercedes,6,3.0,False,1,Australian Grand Prix,True,C3,False,30.382,35.796,33.166,40.402,2.546,2.259,116.281
0 days 01:32:35.293000,RUS,63,90.936,20.0,2.0,,,False,HARD,8.0,True,Mercedes,671,3.0,False,1,Australian Grand Prix,True,C3,False,6.061,7.141,8.845,10.775,4.804,5.577,92.017
0 days 01:33:57.963000,RUS,63,82.67,21.0,2.0,,,True,HARD,9.0,True,Mercedes,1,3.0,True,1,Australian Grand Prix,True,C3,True,-2.205,-2.598,0.579,0.705,-2.251,-2.651,83.808
0 days 01:35:20.855000,RUS,63,82.892,22.0,2.0,,,False,HARD,10.0,True,Mercedes,1,3.0,True,1,Australian Grand Prix,True,C3,True,-1.983,-2.336,0.801,0.976,-1.536,-1.819,84.087
0 days 01:36:43.683000,RUS,63,82.828,23.0,2.0,,,False,HARD,11.0,True,Mercedes,1,3.0,True,1,Australian Grand Prix,True,C3,True,-2.047,-2.412,0.737,0.898,-1.822,-2.152,84.08
0 days 01:38:07.149000,RUS,63,83.466,24.0,2.0,,,False,HARD,12.0,True,Mercedes,1,3.0,True,1,Australian Grand Prix,True,C3,True,-1.409,-1.66,1.375,1.675,-1.226,-1.448,84.775
0 days 01:39:30.028000,RUS,63,82.879,25.0,2.0,,,False,HARD,13.0,True,Mercedes,1,2.0,True,1,Australian Grand Prix,True,C3,True,-1.996,-2.352,0.788,0.96,-1.603,-1.897,84.245
0 days 01:40:53.121000,RUS,63,83.093,26.0,2.0,,,False,HARD,14.0,True,Mercedes,1,2.0,True,1,Australian Grand Prix,True,C3,True,-1.782,-2.1,1.002,1.221,-1.44,-1.703,84.515
0 days 01:42:16.309000,RUS,63,83.188,27.0,2.0,,,False,HARD,15.0,True,Mercedes,1,2.0,True,1,Australian Grand Prix,True,C3,True,-1.687,-1.988,1.097,1.336,-1.26,-1.492,84.667
0 days 01:43:39.699000,RUS,63,83.39,28.0,2.0,,,False,HARD,16.0,True,Mercedes,1,1.0,True,1,Australian Grand Prix,True,C3,True,-1.485,-1.75,1.299,1.582,-1.216,-1.437,84.926
0 days 01:45:03.185000,RUS,63,83.486,29.0,2.0,,,False,HARD,17.0,True,Mercedes,1,1.0,True,1,Australian Grand Prix,True,C3,True,-1.389,-1.637,1.395,1.699,-1.52,-1.788,85.079
0 days 01:46:26.457000,RUS,63,83.272,30.0,2.0,,,False,HARD,18.0,True,Mercedes,1,1.0,True,1,Australian Grand Prix,True,C3,True,-1.603,-1.889,1.181,1.439,-1.237,-1.464,84.922
0 days 01:47:49.604000,RUS,63,83.147,31.0,2.0,,,False,HARD,19.0,True,Mercedes,1,1.0,True,1,Australian Grand Prix,True,C3,True,-1.728,-2.036,1.056,1.286,-1.729,-2.037,84.854
0 days 01:49:13.144000,RUS,63,83.54,32.0,2.0,,,False,HARD,20.0,True,Mercedes,1,1.0,True,1,Australian Grand Prix,True,C3,True,-1.335,-1.573,1.449,1.765,-1.466,-1.725,85.304
0 days 01:50:36.982000,RUS,63,83.838,33.0,2.0,,,False,HARD,21.0,True,Mercedes,1,1.0,True,1,Australian Grand Prix,True,C3,True,-1.037,-1.222,1.747,2.128,-2.69,-3.109,85.659
0 days 01:52:14.574000,RUS,63,97.592,34.0,2.0,,,False,HARD,22.0,True,Mercedes,167,1.0,False,1,Australian Grand Prix,True,C3,False,12.717,14.983,15.501,18.883,3.78,4.029,99.47
0 days 01:53:37.591000,RUS,63,83.017,35.0,2.0,,,False,HARD,23.0,True,Mercedes,1,1.0,True,1,Australian Grand Prix,True,C3,True,-1.858,-2.189,0.926,1.128,-1.519,-1.797,84.951
0 days 01:55:00.320000,RUS,63,82.729,36.0,2.0,,,False,HARD,24.0,True,Mercedes,1,1.0,True,1,Australian Grand Prix,True,C3,True,-2.146,-2.528,0.638,0.777,-1.869,-2.209,84.72
0 days 01:56:23.159000,RUS,63,82.839,37.0,2.0,,,False,HARD,25.0,True,Mercedes,1,1.0,True,1,Australian Grand Prix,True,C3,True,-2.036,-2.399,0.748,0.911,-1.684,-1.992,84.887
0 days 01:57:46.022000,RUS,63,82.863,38.0,2.0,,,False,HARD,26.0,True,Mercedes,1,1.0,True,1,Australian Grand Prix,True,C3,True,-2.012,-2.371,0.772,0.94,-2.23,-2.621,84.968
0 days 01:59:08.760000,RUS,63,82.738,39.0,2.0,,,False,HARD,27.0,True,Mercedes,1,1.0,True,1,Australian Grand Prix,True,C3,True,-2.137,-2.518,0.647,0.788,-2.055,-2.424,84.9
0 days 02:00:31.675000,RUS,63,82.915,40.0,2.0,,,False,HARD,28.0,True,Mercedes,1,1.0,True,1,Australian Grand Prix,True,C3,True,-1.96,-2.309,0.824,1.004,-2.15,-2.527,85.134
0 days 02:01:54.748000,RUS,63,83.073,41.0,2.0,,,False,HARD,29.0,True,Mercedes,1,1.0,True,1,Australian Grand Prix,True,C3,True,-1.802,-2.123,0.982,1.196,-1.889,-2.223,85.349
0 days 02:03:17.802000,RUS,63,83.054,42.0,2.0,,,False,HARD,30.0,True,Mercedes,1,1.0,True,1,Australian Grand Prix,True,C3,True,-1.821,-2.146,0.963,1.173,-1.626,-1.92,85.387
0 days 02:04:40.695000,RUS,63,82.893,43.0,2.0,,,False,HARD,31.0,True,Mercedes,1,1.0,True,1,Australian Grand Prix,True,C3,True,-1.982,-2.335,0.802,0.977,-1.497,-1.774,85.283
0 days 02:06:03.551000,RUS,63,82.856,44.0,2.0,,,False,HARD,32.0,True,Mercedes,1,1.0,True,1,Australian Grand Prix,True,C3,True,-2.019,-2.379,0.765,0.932,-1.215,-1.445,85.303
0 days 02:07:27.028000,RUS,63,83.477,45.0,2.0,,,False,HARD,33.0,True,Mercedes,1,1.0,True,1,Australian Grand Prix,True,C3,True,-1.398,-1.647,1.386,1.688,-0.653,-0.776,85.98
0 days 02:08:50.779000,RUS,63,83.751,46.0,2.0,,,False,HARD,34.0,True,Mercedes,1,1.0,True,1,Australian Grand Prix,True,C3,True,-1.124,-1.324,1.66,2.022,-0.136,-0.162,86.311
0 days 02:10:13.812000,RUS,63,83.033,47.0,2.0,,,False,HARD,35.0,True,Mercedes,1,1.0,True,1,Australian Grand Prix,True,C3,True,-1.842,-2.17,0.942,1.148,-0.943,-1.123,85.65
0 days 02:11:36.846000,RUS,63,83.034,48.0,2.0,,,False,HARD,36.0,True,Mercedes,1,1.0,True,1,Australian Grand Prix,True,C3,True,-1.841,-2.169,0.943,1.149,-1.279,-1.517,85.708
0 days 02:12:59.690000,RUS,63,82.844,49.0,2.0,,,False,HARD,37.0,True,Mercedes,1,1.0,True,1,Australian Grand Prix,True,C3,True,-2.031,-2.393,0.753,0.917,-1.083,-1.29,85.575
0 days 02:14:22.777000,RUS,63,83.087,50.0,2.0,,,False,HARD,38.0,True,Mercedes,1,1.0,True,1,Australian Grand Prix,True,C3,True,-1.788,-2.107,0.996,1.213,-0.729,-0.87,85.875
0 days 02:15:45.539000,RUS,63,82.762,51.0,2.0,,,False,HARD,39.0,True,Mercedes,1,1.0,True,1,Australian Grand Prix,True,C3,True,-2.113,-2.49,0.671,0.817,-1.542,-1.829,85.607
0 days 02:17:08.645000,RUS,63,83.106,52.0,2.0,,,False,HARD,40.0,True,Mercedes,1,1.0,True,1,Australian Grand Prix,True,C3,True,-1.769,-2.084,1.015,1.236,-1.206,-1.43,86.008
0 days 02:18:31.714000,RUS,63,83.069,53.0,2.0,,,False,HARD,41.0,True,Mercedes,1,1.0,True,1,Australian Grand Prix,True,C3,True,-1.806,-2.128,0.978,1.191,-1.637,-1.933,86.028
0 days 02:19:54.814000,RUS,63,83.1,54.0,2.0,,,False,HARD,42.0,True,Mercedes,1,1.0,True,1,Australian Grand Prix,True,C3,True,-1.775,-2.091,1.009,1.229,-1.293,-1.532,86.116
0 days 02:21:17.484000,RUS,63,82.67,55.0,2.0,,,False,HARD,43.0,True,Mercedes,1,1.0,True,1,Australian Grand Prix,True,C3,True,-2.205,-2.598,0.579,0.705,-1.536,-1.824,85.742
0 days 02:22:40.241000,RUS,63,82.757,56.0,2.0,,,False,HARD,44.0,True,Mercedes,1,1.0,True,1,Australian Grand Prix,True,C3,True,-2.118,-2.495,0.666,0.811,-1.729,-2.046,85.886
0 days 02:24:03.429000,RUS,63,83.188,57.0,2.0,,,False,HARD,45.0,True,Mercedes,1,1.0,True,1,Australian Grand Prix,True,C3,True,-1.687,-1.988,1.097,1.336,-1.385,-1.638,86.374
0 days 02:25:26.780000,RUS,63,83.351,58.0,2.0,,,False,HARD,46.0,True,Mercedes,1,1.0,True,1,Australian Grand Prix,True,C3,True,-1.524,-1.796,1.26,1.535,0.169,0.203,86.594
0 days 01:04:00.829000,BOT,77,,1.0,1.0,,,False,HARD,1.0,True,Cadillac,1,15.0,False,1,Australian Grand Prix,True,C3,False,,,,,,,
0 days 01:05:30.981000,BOT,77,90.152,2.0,1.0,,,True,HARD,2.0,True,Cadillac,1,18.0,True,1,Australian Grand Prix,True,C3,True,5.277,6.217,8.061,9.82,2.82,3.229,90.209
0 days 01:07:00.200000,BOT,77,89.219,3.0,1.0,,,True,HARD,3.0,True,Cadillac,1,19.0,True,1,Australian Grand Prix,True,C3,True,4.344,5.118,7.128,8.683,2.504,2.888,89.333
0 days 01:08:28.257000,BOT,77,88.057,4.0,1.0,,,True,HARD,4.0,True,Cadillac,1,19.0,True,1,Australian Grand Prix,True,C3,True,3.182,3.749,5.966,7.268,1.928,2.239,88.228
0 days 01:09:55.995000,BOT,77,87.738,5.0,1.0,,,True,HARD,5.0,True,Cadillac,1,19.0,True,1,Australian Grand Prix,True,C3,True,2.863,3.373,5.647,6.879,1.17,1.352,87.966
0 days 01:11:23.799000,BOT,77,87.804,6.0,1.0,,,False,HARD,6.0,True,Cadillac,1,19.0,True,1,Australian Grand Prix,True,C3,True,2.929,3.451,5.713,6.959,1.825,2.123,88.088
0 days 01:12:51.256000,BOT,77,87.457,7.0,1.0,,,True,HARD,7.0,True,Cadillac,1,19.0,True,1,Australian Grand Prix,True,C3,True,2.582,3.042,5.366,6.537,2.043,2.392,87.798
0 days 01:14:18.620000,BOT,77,87.364,8.0,1.0,,,True,HARD,8.0,True,Cadillac,1,19.0,True,1,Australian Grand Prix,True,C3,True,2.489,2.933,5.273,6.423,1.912,2.238,87.762
0 days 01:15:46.299000,BOT,77,87.679,9.0,1.0,,,False,HARD,9.0,True,Cadillac,1,18.0,True,1,Australian Grand Prix,True,C3,True,2.804,3.304,5.588,6.807,2.04,2.382,88.134
0 days 01:17:13.960000,BOT,77,87.661,10.0,1.0,,,False,HARD,10.0,True,Cadillac,1,18.0,True,1,Australian Grand Prix,True,C3,True,2.786,3.282,5.57,6.785,2.029,2.369,88.173
0 days 01:18:53.018000,BOT,77,99.058,11.0,1.0,,,False,HARD,11.0,True,Cadillac,16,15.0,False,1,Australian Grand Prix,True,C3,False,14.183,16.71,16.967,20.669,7.426,8.104,99.627
0 days 01:22:05.068000,BOT,77,,12.0,1.0,,0 days 01:21:36.868000,False,HARD,12.0,True,Cadillac,67,19.0,False,1,Australian Grand Prix,True,C3,False,,,,,,,
0 days 01:23:49.179000,BOT,77,104.111,13.0,2.0,0 days 01:22:07.555000,,False,HARD,13.0,False,Cadillac,71,18.0,False,1,Australian Grand Prix,True,C3,False,19.236,22.664,22.02,26.824,-7.964,-7.106,104.794
0 days 01:25:20.568000,BOT,77,91.389,14.0,2.0,,,False,HARD,14.0,False,Cadillac,1,18.0,True,1,Australian Grand Prix,True,C3,True,6.514,7.675,9.298,11.326,4.993,5.779,92.129
0 days 01:26:51.898000,BOT,77,91.33,15.0,2.0,,,False,HARD,15.0,False,Cadillac,1,18.0,True,1,Australian Grand Prix,True,C3,True,6.455,7.605,9.239,11.255,6.506,7.67,92.127
0 days 01:29:21.898000,BOT,77,,16.0,2.0,,,True,HARD,16.0,False,Cadillac,126,,False,1,Australian Grand Prix,True,C3,False,,,,,,,
0 days 01:03:59.810000,BEA,87,,1.0,1.0,,,False,MEDIUM,1.0,True,Haas F1 Team,1,14.0,False,1,Australian Grand Prix,True,C4,False,,,,,,,
0 days 01:05:27.131000,BEA,87,87.321,2.0,1.0,,,True,MEDIUM,2.0,True,Haas F1 Team,1,12.0,True,1,Australian Grand Prix,True,C4,True,2.446,2.882,5.23,6.371,-0.011,-0.013,87.378
0 days 01:06:53.515000,BEA,87,86.384,3.0,1.0,,,True,MEDIUM,3.0,True,Haas F1 Team,1,11.0,True,1,Australian Grand Prix,True,C4,True,1.509,1.778,4.293,5.23,-0.331,-0.382,86.498
0 days 01:08:19.435000,BEA,87,85.92,4.0,1.0,,,True,MEDIUM,4.0,True,Haas F1 Team,1,11.0,True,1,Australian Grand Prix,True,C4,True,1.045,1.231,3.829,4.664,-0.209,-0.243,86.091
0 days 01:09:45.438000,BEA,87,86.003,5.0,1.0,,,False,MEDIUM,5.0,True,Haas F1 Team,1,11.0,True,1,Australian Grand Prix,True,C4,True,1.128,1.329,3.912,4.765,-0.565,-0.653,86.231
0 days 01:11:11.407000,BEA,87,85.969,6.0,1.0,,,False,MEDIUM,6.0,True,Haas F1 Team,1,10.0,True,1,Australian Grand Prix,True,C4,True,1.094,1.289,3.878,4.724,-0.01,-0.012,86.253
0 days 01:12:36.602000,BEA,87,85.195,7.0,1.0,,,True,MEDIUM,7.0,True,Haas F1 Team,1,10.0,True,1,Australian Grand Prix,True,C4,True,0.32,0.377,3.104,3.781,-0.219,-0.256,85.536
0 days 01:14:02.648000,BEA,87,86.046,8.0,1.0,,,False,MEDIUM,8.0,True,Haas F1 Team,1,11.0,True,1,Australian Grand Prix,True,C4,True,1.171,1.38,3.955,4.818,0.594,0.695,86.444
0 days 01:15:28.045000,BEA,87,85.397,9.0,1.0,,,False,MEDIUM,9.0,True,Haas F1 Team,1,11.0,True,1,Australian Grand Prix,True,C4,True,0.522,0.615,3.306,4.027,-0.242,-0.283,85.852
0 days 01:16:53.713000,BEA,87,85.668,10.0,1.0,,,False,MEDIUM,10.0,True,Haas F1 Team,1,11.0,True,1,Australian Grand Prix,True,C4,True,0.793,0.934,3.577,4.357,0.036,0.042,86.18
0 days 01:18:25.116000,BEA,87,91.403,11.0,1.0,,,False,MEDIUM,11.0,True,Haas F1 Team,16,7.0,False,1,Australian Grand Prix,True,C4,False,6.528,7.691,9.312,11.344,-0.229,-0.25,91.972
0 days 01:20:20.155000,BEA,87,115.039,12.0,1.0,,,False,MEDIUM,12.0,True,Haas F1 Team,6,7.0,False,1,Australian Grand Prix,True,C4,False,30.164,35.539,32.948,40.136,0.378,0.33,115.665
0 days 01:22:13.938000,BEA,87,113.783,13.0,1.0,,,False,MEDIUM,13.0,True,Haas F1 Team,671,7.0,False,1,Australian Grand Prix,True,C4,False,28.908,34.059,31.692,38.606,1.708,1.524,114.466
0 days 01:23:39.566000,BEA,87,85.628,14.0,1.0,,,False,MEDIUM,14.0,True,Haas F1 Team,1,7.0,True,1,Australian Grand Prix,True,C4,True,0.753,0.887,3.537,4.309,-0.768,-0.889,86.368
0 days 01:25:04.128000,BEA,87,84.562,15.0,1.0,,,True,MEDIUM,15.0,True,Haas F1 Team,1,7.0,True,1,Australian Grand Prix,True,C4,True,-0.313,-0.369,2.471,3.01,-0.262,-0.309,85.359
0 days 01:26:28.691000,BEA,87,84.563,16.0,1.0,,,False,MEDIUM,16.0,True,Haas F1 Team,1,7.0,True,1,Australian Grand Prix,True,C4,True,-0.312,-0.368,2.472,3.011,-0.397,-0.467,85.416
0 days 01:27:53.498000,BEA,87,84.807,17.0,1.0,,,False,MEDIUM,17.0,True,Haas F1 Team,1,7.0,True,1,Australian Grand Prix,True,C4,True,-0.068,-0.08,2.716,3.309,-0.317,-0.372,85.717
0 days 01:29:41.102000,BEA,87,107.604,18.0,1.0,,0 days 01:29:24.359000,False,MEDIUM,18.0,True,Haas F1 Team,126,8.0,False,1,Australian Grand Prix,True,C4,False,22.729,26.779,25.513,31.079,6.379,6.302,108.571
0 days 01:31:37.779000,BEA,87,116.677,19.0,2.0,0 days 01:29:43.478000,,False,HARD,1.0,True,Haas F1 Team,671,8.0,False,1,Australian Grand Prix,True,C3,False,31.802,37.469,34.586,42.131,3.966,3.519,117.701
0 days 01:33:02.965000,BEA,87,85.186,20.0,2.0,,,False,HARD,2.0,True,Haas F1 Team,1,8.0,True,1,Australian Grand Prix,True,C3,True,0.311,0.366,3.095,3.77,-0.946,-1.098,86.267
0 days 01:34:27.168000,BEA,87,84.203,21.0,2.0,,,True,HARD,3.0,True,Haas F1 Team,1,8.0,True,1,Australian Grand Prix,True,C3,True,-0.672,-0.792,2.112,2.573,-0.718,-0.845,85.341
0 days 01:35:51.188000,BEA,87,84.02,22.0,2.0,,,True,HARD,4.0,True,Haas F1 Team,1,8.0,True,1,Australian Grand Prix,True,C3,True,-0.855,-1.007,1.929,2.35,-0.408,-0.483,85.215
0 days 01:37:16.156000,BEA,87,84.968,23.0,2.0,,,False,HARD,5.0,True,Haas F1 Team,1,8.0,True,1,Australian Grand Prix,True,C3,True,0.093,0.11,2.877,3.505,0.318,0.376,86.22
0 days 01:38:40.848000,BEA,87,84.692,24.0,2.0,,,False,HARD,6.0,True,Haas F1 Team,1,8.0,True,1,Australian Grand Prix,True,C3,True,-0.183,-0.216,2.601,3.168,0.0,0.0,86.001
0 days 01:40:04.906000,BEA,87,84.058,25.0,2.0,,,False,HARD,7.0,True,Haas F1 Team,1,8.0,True,1,Australian Grand Prix,True,C3,True,-0.817,-0.963,1.967,2.396,-0.424,-0.502,85.424
0 days 01:41:29.061000,BEA,87,84.155,26.0,2.0,,,False,HARD,8.0,True,Haas F1 Team,1,8.0,True,1,Australian Grand Prix,True,C3,True,-0.72,-0.848,2.064,2.514,-0.378,-0.447,85.577
0 days 01:42:53.345000,BEA,87,84.284,27.0,2.0,,,False,HARD,9.0,True,Haas F1 Team,1,8.0,True,1,Australian Grand Prix,True,C3,True,-0.591,-0.696,2.193,2.671,-0.164,-0.194,85.763
0 days 01:44:17.561000,BEA,87,84.216,28.0,2.0,,,False,HARD,10.0,True,Haas F1 Team,1,8.0,True,1,Australian Grand Prix,True,C3,True,-0.659,-0.776,2.125,2.589,-0.39,-0.461,85.752
0 days 01:45:42.876000,BEA,87,85.315,29.0,2.0,,,False,HARD,11.0,True,Haas F1 Team,1,8.0,True,1,Australian Grand Prix,True,C3,True,0.44,0.518,3.224,3.927,0.309,0.364,86.908
0 days 01:47:07.385000,BEA,87,84.509,30.0,2.0,,,False,HARD,12.0,True,Haas F1 Team,1,8.0,True,1,Australian Grand Prix,True,C3,True,-0.366,-0.431,2.418,2.946,0.0,0.0,86.159
0 days 01:48:32.012000,BEA,87,84.627,31.0,2.0,,,False,HARD,13.0,True,Haas F1 Team,1,8.0,True,1,Australian Grand Prix,True,C3,True,-0.248,-0.292,2.536,3.089,-0.249,-0.293,86.334
0 days 01:49:57.018000,BEA,87,85.006,32.0,2.0,,,False,HARD,14.0,True,Haas F1 Team,1,8.0,True,1,Australian Grand Prix,True,C3,True,0.131,0.154,2.915,3.551,0.0,0.0,86.77
0 days 01:51:27.665000,BEA,87,90.647,33.0,2.0,,,False,HARD,15.0,True,Haas F1 Team,16,8.0,False,1,Australian Grand Prix,True,C3,False,5.772,6.801,8.556,10.423,4.119,4.76,92.468
0 days 01:52:59.975000,BEA,87,92.31,34.0,2.0,,,False,HARD,16.0,True,Haas F1 Team,671,8.0,False,1,Australian Grand Prix,True,C3,False,7.435,8.76,10.219,12.448,-1.502,-1.601,94.188
0 days 01:54:24.889000,BEA,87,84.914,35.0,2.0,,,False,HARD,17.0,True,Haas F1 Team,1,7.0,True,1,Australian Grand Prix,True,C3,True,0.039,0.046,2.823,3.439,0.378,0.447,86.848
0 days 01:55:49.487000,BEA,87,84.598,36.0,2.0,,,False,HARD,18.0,True,Haas F1 Team,1,7.0,True,1,Australian Grand Prix,True,C3,True,-0.277,-0.326,2.507,3.054,0.0,0.0,86.589
0 days 01:57:13.987000,BEA,87,84.5,37.0,2.0,,,False,HARD,19.0,True,Haas F1 Team,1,7.0,True,1,Australian Grand Prix,True,C3,True,-0.375,-0.442,2.409,2.935,-0.023,-0.027,86.548
0 days 01:58:39.080000,BEA,87,85.093,38.0,2.0,,,False,HARD,20.0,True,Haas F1 Team,1,8.0,True,1,Australian Grand Prix,True,C3,True,0.218,0.257,3.002,3.657,0.0,0.0,87.198
0 days 02:00:03.836000,BEA,87,84.756,39.0,2.0,,,False,HARD,21.0,True,Haas F1 Team,1,8.0,True,1,Australian Grand Prix,True,C3,True,-0.119,-0.14,2.665,3.246,-0.037,-0.044,86.918
0 days 02:01:30.824000,BEA,87,86.988,40.0,2.0,,,False,HARD,22.0,True,Haas F1 Team,1,7.0,True,1,Australian Grand Prix,True,C3,True,2.113,2.49,4.897,5.965,1.923,2.261,89.207
0 days 02:02:55.873000,BEA,87,85.049,41.0,2.0,,,False,HARD,23.0,True,Haas F1 Team,1,7.0,True,1,Australian Grand Prix,True,C3,True,0.174,0.205,2.958,3.603,0.087,0.102,87.325
0 days 02:04:20.376000,BEA,87,84.503,42.0,2.0,,,False,HARD,24.0,True,Haas F1 Team,1,7.0,True,1,Australian Grand Prix,True,C3,True,-0.372,-0.438,2.412,2.938,-0.177,-0.209,86.836
0 days 02:05:44.925000,BEA,87,84.549,43.0,2.0,,,False,HARD,25.0,True,Haas F1 Team,1,7.0,True,1,Australian Grand Prix,True,C3,True,-0.326,-0.384,2.458,2.994,0.159,0.188,86.939
0 days 02:07:09.537000,BEA,87,84.612,44.0,2.0,,,False,HARD,26.0,True,Haas F1 Team,1,7.0,True,1,Australian Grand Prix,True,C3,True,-0.263,-0.31,2.521,3.071,0.541,0.644,87.059
0 days 02:08:33.667000,BEA,87,84.13,45.0,2.0,,,False,HARD,27.0,True,Haas F1 Team,1,7.0,True,1,Australian Grand Prix,True,C3,True,-0.745,-0.878,2.039,2.484,0.0,0.0,86.633
0 days 02:09:58.217000,BEA,87,84.55,46.0,2.0,,,False,HARD,28.0,True,Haas F1 Team,1,7.0,True,1,Australian Grand Prix,True,C3,True,-0.325,-0.383,2.459,2.995,0.663,0.79,87.11
0 days 02:11:22.977000,BEA,87,84.76,47.0,2.0,,,False,HARD,29.0,True,Haas F1 Team,1,7.0,True,1,Australian Grand Prix,True,C3,True,-0.115,-0.135,2.669,3.251,0.784,0.934,87.377
0 days 02:12:47.381000,BEA,87,84.404,48.0,2.0,,,False,HARD,30.0,True,Haas F1 Team,1,7.0,True,1,Australian Grand Prix,True,C3,True,-0.471,-0.555,2.313,2.818,0.091,0.108,87.078
0 days 02:14:11.662000,BEA,87,84.281,49.0,2.0,,,False,HARD,31.0,True,Haas F1 Team,1,7.0,True,1,Australian Grand Prix,True,C3,True,-0.594,-0.7,2.19,2.668,0.354,0.422,87.012
0 days 02:15:36.129000,BEA,87,84.467,50.0,2.0,,,False,HARD,32.0,True,Haas F1 Team,1,7.0,True,1,Australian Grand Prix,True,C3,True,-0.408,-0.481,2.376,2.894,0.651,0.777,87.255
0 days 02:17:00.362000,BEA,87,84.233,51.0,2.0,,,False,HARD,33.0,True,Haas F1 Team,1,7.0,True,1,Australian Grand Prix,True,C3,True,-0.642,-0.756,2.142,2.609,-0.071,-0.084,87.078
0 days 02:18:24.626000,BEA,87,84.264,52.0,2.0,,,False,HARD,34.0,True,Haas F1 Team,1,7.0,True,1,Australian Grand Prix,True,C3,True,-0.611,-0.72,2.173,2.647,-0.048,-0.057,87.166
0 days 02:19:49.241000,BEA,87,84.615,53.0,2.0,,,False,HARD,35.0,True,Haas F1 Team,1,7.0,True,1,Australian Grand Prix,True,C3,True,-0.26,-0.306,2.524,3.075,-0.091,-0.107,87.574
0 days 02:21:13.851000,BEA,87,84.61,54.0,2.0,,,False,HARD,36.0,True,Haas F1 Team,1,7.0,True,1,Australian Grand Prix,True,C3,True,-0.265,-0.312,2.519,3.069,0.217,0.257,87.626
0 days 02:22:38.351000,BEA,87,84.5,55.0,2.0,,,False,HARD,37.0,True,Haas F1 Team,1,7.0,True,1,Australian Grand Prix,True,C3,True,-0.375,-0.442,2.409,2.935,0.294,0.349,87.572
0 days 02:24:04.790000,BEA,87,86.439,56.0,2.0,,,False,HARD,38.0,True,Haas F1 Team,1,7.0,True,1,Australian Grand Prix,True,C3,True,1.564,1.843,4.348,5.297,1.953,2.312,89.568
0 days 02:25:31.439000,BEA,87,86.649,57.0,2.0,,,False,HARD,39.0,True,Haas F1 Team,1,7.0,True,1,Australian Grand Prix,True,C3,True,1.774,2.09,4.558,5.552,2.076,2.455,89.835
0 days 00:58:06.903000,GAS,10,102.591,1.0,1.0,,,False,MEDIUM,1.0,True,Alpine,12,5.0,False,2,Chinese Grand Prix,True,C3,False,4.501,4.589,7.316,7.679,-4.102,-3.845,102.591
0 days 00:59:45.820000,GAS,10,98.917,2.0,1.0,,,True,MEDIUM,2.0,True,Alpine,1,5.0,True,2,Chinese Grand Prix,True,C3,True,0.827,0.843,3.642,3.823,-1.378,-1.374,98.976
0 days 01:01:24.743000,GAS,10,98.923,3.0,1.0,,,False,MEDIUM,3.0,True,Alpine,1,5.0,True,2,Chinese Grand Prix,True,C3,True,0.833,0.849,3.648,3.829,-0.192,-0.194,99.041
0 days 01:03:03.460000,GAS,10,98.717,4.0,1.0,,,True,MEDIUM,4.0,True,Alpine,1,5.0,True,2,Chinese Grand Prix,True,C3,True,0.627,0.639,3.442,3.613,-0.391,-0.395,98.894
0 days 01:04:41.934000,GAS,10,98.474,5.0,1.0,,,True,MEDIUM,5.0,True,Alpine,1,5.0,True,2,Chinese Grand Prix,True,C3,True,0.384,0.391,3.199,3.358,-0.856,-0.862,98.71
0 days 01:06:20.232000,GAS,10,98.298,6.0,1.0,,,True,MEDIUM,6.0,True,Alpine,1,5.0,True,2,Chinese Grand Prix,True,C3,True,0.208,0.212,3.023,3.173,-0.469,-0.475,98.593
0 days 01:07:58.867000,GAS,10,98.635,7.0,1.0,,,False,MEDIUM,7.0,True,Alpine,1,5.0,True,2,Chinese Grand Prix,True,C3,True,0.545,0.556,3.36,3.527,-0.625,-0.63,98.989
0 days 01:09:37.294000,GAS,10,98.427,8.0,1.0,,,False,MEDIUM,8.0,True,Alpine,1,5.0,True,2,Chinese Grand Prix,True,C3,True,0.337,0.344,3.152,3.308,-0.805,-0.811,98.84
0 days 01:11:15.903000,GAS,10,98.609,9.0,1.0,,,False,MEDIUM,9.0,True,Alpine,1,5.0,True,2,Chinese Grand Prix,True,C3,True,0.519,0.529,3.334,3.499,-0.427,-0.431,99.08
0 days 01:13:08.897000,GAS,10,112.994,10.0,1.0,,0 days 01:13:07.031000,False,MEDIUM,10.0,True,Alpine,124,5.0,False,2,Chinese Grand Prix,True,C3,False,14.904,15.194,17.719,18.598,-0.48,-0.423,113.524
0 days 01:15:47.651000,GAS,10,,11.0,2.0,0 days 01:13:30.471000,,False,HARD,1.0,True,Alpine,4,9.0,False,2,Chinese Grand Prix,True,C2,False,,,,,,,
0 days 01:18:17.634000,GAS,10,,12.0,2.0,,,False,HARD,2.0,True,Alpine,4,9.0,False,2,Chinese Grand Prix,True,C2,False,,,,,,,
0 days 01:20:43.193000,GAS,10,145.559,13.0,2.0,,,False,HARD,3.0,True,Alpine,41,9.0,False,2,Chinese Grand Prix,True,C2,False,47.469,48.393,50.284,52.778,1.019,0.705,146.266
0 days 01:22:23.601000,GAS,10,100.408,14.0,2.0,,,False,HARD,4.0,True,Alpine,1,10.0,True,2,Chinese Grand Prix,True,C2,True,2.318,2.363,5.133,5.388,0.0,0.0,101.174
0 days 01:24:02.484000,GAS,10,98.883,15.0,2.0,,,False,HARD,5.0,True,Alpine,1,10.0,True,2,Chinese Grand Prix,True,C2,True,0.793,0.808,3.608,3.787,-0.185,-0.187,99.708
0 days 01:25:41.128000,GAS,10,98.644,16.0,2.0,,,False,HARD,6.0,True,Alpine,1,9.0,True,2,Chinese Grand Prix,True,C2,True,0.554,0.565,3.369,3.536,-0.773,-0.778,99.528
0 days 01:27:19.366000,GAS,10,98.238,17.0,2.0,,,True,HARD,7.0,True,Alpine,1,8.0,True,2,Chinese Grand Prix,True,C2,True,0.148,0.151,2.963,3.11,-0.145,-0.147,99.181
0 days 01:28:56.959000,GAS,10,97.593,18.0,2.0,,,True,HARD,8.0,True,Alpine,12,8.0,True,2,Chinese Grand Prix,True,C2,False,-0.497,-0.507,2.318,2.433,-1.078,-1.093,98.595
0 days 01:30:36.284000,GAS,10,99.325,19.0,2.0,,,False,HARD,9.0,True,Alpine,1,8.0,True,2,Chinese Grand Prix,True,C2,True,1.235,1.259,4.05,4.251,0.29,0.293,100.386
0 days 01:32:15.788000,GAS,10,99.504,20.0,2.0,,,False,HARD,10.0,True,Alpine,1,9.0,True,2,Chinese Grand Prix,True,C2,True,1.414,1.442,4.229,4.439,0.513,0.518,100.624
0 days 01:33:54.996000,GAS,10,99.208,21.0,2.0,,,False,HARD,11.0,True,Alpine,1,9.0,True,2,Chinese Grand Prix,True,C2,True,1.118,1.14,3.933,4.128,0.075,0.076,100.387
0 days 01:35:34.334000,GAS,10,99.338,22.0,2.0,,,False,HARD,12.0,True,Alpine,1,10.0,True,2,Chinese Grand Prix,True,C2,True,1.248,1.272,4.063,4.264,0.638,0.646,100.575
0 days 01:37:12.401000,GAS,10,98.067,23.0,2.0,,,False,HARD,13.0,True,Alpine,1,9.0,True,2,Chinese Grand Prix,True,C2,True,-0.023,-0.023,2.792,2.93,-0.37,-0.376,99.363
0 days 01:38:50.774000,GAS,10,98.373,24.0,2.0,,,False,HARD,14.0,True,Alpine,1,9.0,True,2,Chinese Grand Prix,True,C2,True,0.283,0.289,3.098,3.252,-0.173,-0.176,99.728
0 days 01:40:29.342000,GAS,10,98.568,25.0,2.0,,,False,HARD,15.0,True,Alpine,1,9.0,True,2,Chinese Grand Prix,True,C2,True,0.478,0.487,3.293,3.456,0.0,0.0,99.982
0 days 01:42:07.162000,GAS,10,97.82,26.0,2.0,,,False,HARD,16.0,True,Alpine,1,9.0,True,2,Chinese Grand Prix,True,C2,True,-0.27,-0.275,2.545,2.671,-0.25,-0.255,99.293
0 days 01:43:45.325000,GAS,10,98.163,27.0,2.0,,,False,HARD,17.0,True,Alpine,12,9.0,True,2,Chinese Grand Prix,True,C2,False,0.073,0.074,2.888,3.031,-0.125,-0.127,99.695
0 days 01:45:23.550000,GAS,10,98.225,28.0,2.0,,,False,HARD,18.0,True,Alpine,21,8.0,True,2,Chinese Grand Prix,True,C2,False,0.135,0.138,2.95,3.096,-0.134,-0.136,99.816
0 days 01:47:01.116000,GAS,10,97.566,29.0,2.0,,,True,HARD,19.0,True,Alpine,1,7.0,True,2,Chinese Grand Prix,True,C2,True,-0.524,-0.534,2.291,2.405,-0.629,-0.641,99.216
0 days 01:48:39.248000,GAS,10,98.132,30.0,2.0,,,False,HARD,20.0,True,Alpine,1,7.0,True,2,Chinese Grand Prix,True,C2,True,0.042,0.043,2.857,2.999,0.226,0.231,99.841
0 days 01:50:16.882000,GAS,10,97.634,31.0,2.0,,,False,HARD,21.0,True,Alpine,1,7.0,True,2,Chinese Grand Prix,True,C2,True,-0.456,-0.465,2.359,2.476,-0.064,-0.066,99.402
0 days 01:51:54.135000,GAS,10,97.253,32.0,2.0,,,True,HARD,22.0,True,Alpine,1,7.0,True,2,Chinese Grand Prix,True,C2,True,-0.837,-0.853,1.978,2.076,-0.507,-0.519,99.08
0 days 01:53:31.258000,GAS,10,97.123,33.0,2.0,,,True,HARD,23.0,True,Alpine,12,7.0,True,2,Chinese Grand Prix,True,C2,False,-0.967,-0.986,1.848,1.94,-0.698,-0.714,99.009
0 days 01:55:08.451000,GAS,10,97.193,34.0,2.0,,,False,HARD,24.0,True,Alpine,1,7.0,True,2,Chinese Grand Prix,True,C2,True,-0.897,-0.914,1.918,2.013,-0.531,-0.543,99.138
0 days 01:56:45.744000,GAS,10,97.293,35.0,2.0,,,False,HARD,25.0,True,Alpine,1,7.0,True,2,Chinese Grand Prix,True,C2,True,-0.797,-0.813,2.018,2.118,-0.645,-0.659,99.297
0 days 01:58:22.847000,GAS,10,97.103,36.0,2.0,,,True,HARD,26.0,True,Alpine,1,7.0,True,2,Chinese Grand Prix,True,C2,True,-0.987,-1.006,1.828,1.919,-0.377,-0.387,99.166
0 days 01:59:59.599000,GAS,10,96.752,37.0,2.0,,,True,HARD,27.0,True,Alpine,1,7.0,True,2,Chinese Grand Prix,True,C2,True,-1.338,-1.364,1.477,1.55,-0.444,-0.457,98.873
0 days 02:01:36.271000,GAS,10,96.672,38.0,2.0,,,True,HARD,28.0,True,Alpine,1,7.0,True,2,Chinese Grand Prix,True,C2,True,-1.418,-1.446,1.397,1.466,-0.47,-0.484,98.852
0 days 02:03:13.025000,GAS,10,96.754,39.0,2.0,,,False,HARD,29.0,True,Alpine,1,7.0,True,2,Chinese Grand Prix,True,C2,True,-1.336,-1.362,1.479,1.552,-0.681,-0.699,98.993
0 days 02:04:49.890000,GAS,10,96.865,40.0,2.0,,,False,HARD,30.0,True,Alpine,1,7.0,True,2,Chinese Grand Prix,True,C2,True,-1.225,-1.249,1.59,1.669,-0.667,-0.684,99.163
0 days 02:06:27.104000,GAS,10,97.214,41.0,2.0,,,False,HARD,31.0,True,Alpine,1,7.0,True,2,Chinese Grand Prix,True,C2,True,-0.876,-0.893,1.939,2.035,-0.212,-0.218,99.571
0 days 02:08:04.130000,GAS,10,97.026,42.0,2.0,,,False,HARD,32.0,True,Alpine,1,7.0,True,2,Chinese Grand Prix,True,C2,True,-1.064,-1.085,1.751,1.838,-0.504,-0.517,99.442
0 days 02:09:41.007000,GAS,10,96.877,43.0,2.0,,,False,HARD,33.0,True,Alpine,1,7.0,True,2,Chinese Grand Prix,True,C2,True,-1.213,-1.237,1.602,1.681,-0.337,-0.347,99.352
0 days 02:11:17.771000,GAS,10,96.764,44.0,2.0,,,False,HARD,34.0,True,Alpine,1,7.0,True,2,Chinese Grand Prix,True,C2,True,-1.326,-1.352,1.489,1.563,-0.32,-0.33,99.298
0 days 02:12:54.666000,GAS,10,96.895,45.0,2.0,,,False,HARD,35.0,True,Alpine,1,6.0,True,2,Chinese Grand Prix,True,C2,True,-1.195,-1.218,1.62,1.7,-0.337,-0.347,99.488
0 days 02:14:31.414000,GAS,10,96.748,46.0,2.0,,,False,HARD,36.0,True,Alpine,1,6.0,True,2,Chinese Grand Prix,True,C2,True,-1.342,-1.368,1.473,1.546,-0.314,-0.324,99.4
0 days 02:16:08.998000,GAS,10,97.584,47.0,2.0,,,False,HARD,37.0,True,Alpine,1,6.0,True,2,Chinese Grand Prix,True,C2,True,-0.506,-0.516,2.309,2.424,0.183,0.188,100.295
0 days 02:17:46.008000,GAS,10,97.01,48.0,2.0,,,False,HARD,38.0,True,Alpine,1,6.0,True,2,Chinese Grand Prix,True,C2,True,-1.08,-1.101,1.735,1.821,0.0,0.0,99.78
0 days 02:19:22.760000,GAS,10,96.752,49.0,2.0,,,False,HARD,39.0,True,Alpine,1,6.0,True,2,Chinese Grand Prix,True,C2,True,-1.338,-1.364,1.477,1.55,-0.705,-0.723,99.581
0 days 02:20:59.800000,GAS,10,97.04,50.0,2.0,,,False,HARD,40.0,True,Alpine,1,6.0,True,2,Chinese Grand Prix,True,C2,True,-1.05,-1.07,1.765,1.853,0.0,0.0,99.928
0 days 02:22:36.553000,GAS,10,96.753,51.0,2.0,,,False,HARD,41.0,True,Alpine,1,6.0,True,2,Chinese Grand Prix,True,C2,True,-1.337,-1.363,1.478,1.551,-0.072,-0.074,99.699
0 days 02:24:13.195000,GAS,10,96.642,52.0,2.0,,,True,HARD,42.0,True,Alpine,1,6.0,True,2,Chinese Grand Prix,True,C2,True,-1.448,-1.476,1.367,1.435,-0.682,-0.701,99.647
0 days 02:25:49.700000,GAS,10,96.505,53.0,2.0,,,True,HARD,43.0,True,Alpine,12,6.0,True,2,Chinese Grand Prix,True,C2,False,-1.585,-1.616,1.23,1.291,-0.845,-0.868,99.569
0 days 02:27:26.382000,GAS,10,96.682,54.0,2.0,,,False,HARD,44.0,True,Alpine,1,6.0,True,2,Chinese Grand Prix,True,C2,True,-1.408,-1.435,1.407,1.477,-0.52,-0.535,99.805
0 days 02:29:03.020000,GAS,10,96.638,55.0,2.0,,,False,HARD,45.0,True,Alpine,1,6.0,True,2,Chinese Grand Prix,True,C2,True,-1.452,-1.48,1.363,1.431,-0.528,-0.543,99.82
0 days 02:30:39.589000,GAS,10,96.569,56.0,2.0,,,False,HARD,46.0,True,Alpine,1,6.0,True,2,Chinese Grand Prix,True,C2,True,-1.521,-1.551,1.294,1.358,0.07,0.073,99.81
0 days 00:58:19.401000,PER,11,115.089,1.0,1.0,,,False,MEDIUM,1.0,True,Cadillac,12,17.0,False,2,Chinese Grand Prix,True,C3,False,16.999,17.33,19.814,20.797,8.396,7.869,115.089
0 days 01:00:00.467000,PER,11,101.066,2.0,1.0,,,True,MEDIUM,2.0,True,Cadillac,1,17.0,True,2,Chinese Grand Prix,True,C3,True,2.976,3.034,5.791,6.078,0.771,0.769,101.125
0 days 01:01:41.691000,PER,11,101.224,3.0,1.0,,,False,MEDIUM,3.0,True,Cadillac,1,17.0,True,2,Chinese Grand Prix,True,C3,True,3.134,3.195,5.949,6.244,2.109,2.128,101.342
0 days 01:03:22.625000,PER,11,100.934,4.0,1.0,,,True,MEDIUM,4.0,True,Cadillac,1,17.0,True,2,Chinese Grand Prix,True,C3,True,2.844,2.899,5.659,5.94,1.826,1.842,101.111
0 days 01:05:03.603000,PER,11,100.978,5.0,1.0,,,False,MEDIUM,5.0,True,Cadillac,1,17.0,True,2,Chinese Grand Prix,True,C3,True,2.888,2.944,5.703,5.986,1.648,1.659,101.214
0 days 01:06:44.160000,PER,11,100.557,6.0,1.0,,,True,MEDIUM,6.0,True,Cadillac,1,17.0,True,2,Chinese Grand Prix,True,C3,True,2.467,2.515,5.282,5.544,1.79,1.812,100.852
0 days 01:08:25.078000,PER,11,100.918,7.0,1.0,,,False,MEDIUM,7.0,True,Cadillac,1,17.0,True,2,Chinese Grand Prix,True,C3,True,2.828,2.883,5.643,5.923,1.658,1.67,101.272
0 days 01:10:06.181000,PER,11,101.103,8.0,1.0,,,False,MEDIUM,8.0,True,Cadillac,1,17.0,True,2,Chinese Grand Prix,True,C3,True,3.013,3.072,5.828,6.117,1.871,1.885,101.515
0 days 01:11:47.962000,PER,11,101.781,9.0,1.0,,,False,MEDIUM,9.0,True,Cadillac,1,17.0,True,2,Chinese Grand Prix,True,C3,True,3.691,3.763,6.506,6.829,2.745,2.772,102.252
0 days 01:13:49.579000,PER,11,121.617,10.0,1.0,,,False,MEDIUM,10.0,True,Cadillac,124,13.0,False,2,Chinese Grand Prix,True,C3,False,23.527,23.985,26.342,27.648,8.143,7.176,122.147
0 days 01:16:08.298000,PER,11,138.719,11.0,1.0,,0 days 01:16:06.575000,False,MEDIUM,11.0,True,Cadillac,4,12.0,False,2,Chinese Grand Prix,True,C3,False,40.629,41.42,43.444,45.599,0.024,0.017,139.308
0 days 01:18:26.233000,PER,11,137.935,12.0,2.0,0 days 01:16:32.816000,,False,HARD,1.0,True,Cadillac,4,16.0,False,2,Chinese Grand Prix,True,C2,False,39.845,40.621,42.66,44.776,-2.801,-1.99,138.583
0 days 01:20:45.899000,PER,11,139.666,13.0,2.0,,,False,HARD,2.0,True,Cadillac,41,16.0,False,2,Chinese Grand Prix,True,C2,False,41.576,42.386,44.391,46.592,-4.874,-3.372,140.373
0 days 01:22:27.658000,PER,11,101.759,14.0,2.0,,,False,HARD,3.0,True,Cadillac,1,17.0,True,2,Chinese Grand Prix,True,C2,True,3.669,3.74,6.484,6.806,1.351,1.346,102.525
0 days 01:24:07.662000,PER,11,100.004,15.0,2.0,,,True,HARD,4.0,True,Cadillac,1,16.0,True,2,Chinese Grand Prix,True,C2,True,1.914,1.951,4.729,4.964,0.936,0.945,100.829
0 days 01:25:47.283000,PER,11,99.621,16.0,2.0,,,True,HARD,5.0,True,Cadillac,1,16.0,True,2,Chinese Grand Prix,True,C2,True,1.531,1.561,4.346,4.562,0.204,0.205,100.505
0 days 01:27:29.486000,PER,11,102.203,17.0,2.0,,,False,HARD,6.0,True,Cadillac,12,17.0,True,2,Chinese Grand Prix,True,C2,False,4.113,4.193,6.928,7.272,3.82,3.883,103.146
0 days 01:29:08.807000,PER,11,99.321,18.0,2.0,,,True,HARD,7.0,True,Cadillac,21,16.0,True,2,Chinese Grand Prix,True,C2,False,1.231,1.255,4.046,4.247,0.65,0.659,100.323
0 days 01:30:48.538000,PER,11,99.731,19.0,2.0,,,False,HARD,8.0,True,Cadillac,1,16.0,True,2,Chinese Grand Prix,True,C2,True,1.641,1.673,4.456,4.677,0.696,0.703,100.792
0 days 01:32:28.672000,PER,11,100.134,20.0,2.0,,,False,HARD,9.0,True,Cadillac,1,16.0,True,2,Chinese Grand Prix,True,C2,True,2.044,2.084,4.859,5.1,1.143,1.155,101.254
0 days 01:34:08.354000,PER,11,99.682,21.0,2.0,,,False,HARD,10.0,True,Cadillac,1,16.0,True,2,Chinese Grand Prix,True,C2,True,1.592,1.623,4.407,4.626,0.549,0.554,100.861
0 days 01:35:47.976000,PER,11,99.622,22.0,2.0,,,False,HARD,11.0,True,Cadillac,1,16.0,True,2,Chinese Grand Prix,True,C2,True,1.532,1.562,4.347,4.563,0.922,0.934,100.86
0 days 01:37:27.726000,PER,11,99.75,23.0,2.0,,,False,HARD,12.0,True,Cadillac,1,16.0,True,2,Chinese Grand Prix,True,C2,True,1.66,1.692,4.475,4.697,1.313,1.334,101.046
0 days 01:39:07.462000,PER,11,99.736,24.0,2.0,,,False,HARD,13.0,True,Cadillac,1,16.0,True,2,Chinese Grand Prix,True,C2,True,1.646,1.678,4.461,4.682,1.19,1.208,101.091
0 days 01:40:48.004000,PER,11,100.542,25.0,2.0,,,False,HARD,14.0,True,Cadillac,1,16.0,True,2,Chinese Grand Prix,True,C2,True,2.452,2.5,5.267,5.528,1.974,2.003,101.956
0 days 01:42:28.014000,PER,11,100.01,26.0,2.0,,,False,HARD,15.0,True,Cadillac,1,16.0,True,2,Chinese Grand Prix,True,C2,True,1.92,1.957,4.735,4.97,1.94,1.978,101.483
0 days 01:44:08.321000,PER,11,100.307,27.0,2.0,,,False,HARD,16.0,True,Cadillac,12,16.0,True,2,Chinese Grand Prix,True,C2,False,2.217,2.26,5.032,5.282,2.019,2.054,101.839
0 days 01:45:47.904000,PER,11,99.583,28.0,2.0,,,False,HARD,17.0,True,Cadillac,1,16.0,True,2,Chinese Grand Prix,True,C2,True,1.493,1.522,4.308,4.522,1.224,1.244,101.174
0 days 01:47:28.341000,PER,11,100.437,29.0,2.0,,,False,HARD,18.0,True,Cadillac,1,16.0,True,2,Chinese Grand Prix,True,C2,True,2.347,2.393,5.162,5.418,2.242,2.283,102.087
0 days 01:49:08.357000,PER,11,100.016,30.0,2.0,,,False,HARD,19.0,True,Cadillac,1,16.0,True,2,Chinese Grand Prix,True,C2,True,1.926,1.964,4.741,4.976,2.11,2.155,101.725
0 days 01:50:48.334000,PER,11,99.977,31.0,2.0,,,False,HARD,20.0,True,Cadillac,1,16.0,True,2,Chinese Grand Prix,True,C2,True,1.887,1.924,4.702,4.935,2.279,2.333,101.745
0 days 01:52:28.133000,PER,11,99.799,32.0,2.0,,,False,HARD,21.0,True,Cadillac,1,16.0,True,2,Chinese Grand Prix,True,C2,True,1.709,1.742,4.524,4.748,2.039,2.086,101.626
0 days 01:54:08.239000,PER,11,100.106,33.0,2.0,,,False,HARD,22.0,True,Cadillac,12,15.0,True,2,Chinese Grand Prix,True,C2,False,2.016,2.055,4.831,5.071,2.285,2.336,101.992
0 days 01:55:48.424000,PER,11,100.185,34.0,2.0,,,False,HARD,23.0,True,Cadillac,1,16.0,True,2,Chinese Grand Prix,True,C2,True,2.095,2.136,4.91,5.154,2.461,2.518,102.13
0 days 01:57:27.904000,PER,11,99.48,35.0,2.0,,,False,HARD,24.0,True,Cadillac,1,16.0,True,2,Chinese Grand Prix,True,C2,True,1.39,1.417,4.205,4.414,1.542,1.574,101.484
0 days 01:59:07.455000,PER,11,99.551,36.0,2.0,,,False,HARD,25.0,True,Cadillac,1,15.0,True,2,Chinese Grand Prix,True,C2,True,1.461,1.489,4.276,4.488,2.071,2.125,101.614
0 days 02:00:47.061000,PER,11,99.606,37.0,2.0,,,False,HARD,26.0,True,Cadillac,1,15.0,True,2,Chinese Grand Prix,True,C2,True,1.516,1.546,4.331,4.546,2.41,2.48,101.727
0 days 02:02:27.172000,PER,11,100.111,38.0,2.0,,,False,HARD,27.0,True,Cadillac,1,16.0,True,2,Chinese Grand Prix,True,C2,True,2.021,2.06,4.836,5.076,2.969,3.056,102.291
0 days 02:04:06.788000,PER,11,99.616,39.0,2.0,,,False,HARD,28.0,True,Cadillac,1,16.0,True,2,Chinese Grand Prix,True,C2,True,1.526,1.556,4.341,4.556,2.181,2.238,101.855
0 days 02:05:46.379000,PER,11,99.591,40.0,2.0,,,False,HARD,29.0,True,Cadillac,1,16.0,True,2,Chinese Grand Prix,True,C2,True,1.501,1.53,4.316,4.53,2.059,2.111,101.889
0 days 02:07:26.936000,PER,11,100.557,41.0,2.0,,,False,HARD,30.0,True,Cadillac,1,16.0,True,2,Chinese Grand Prix,True,C2,True,2.467,2.515,5.282,5.544,3.131,3.214,102.914
0 days 02:09:06.063000,PER,11,99.127,42.0,2.0,,,True,HARD,31.0,True,Cadillac,1,16.0,True,2,Chinese Grand Prix,True,C2,True,1.037,1.057,3.852,4.043,1.597,1.637,101.543
0 days 02:10:47.214000,PER,11,101.151,43.0,2.0,,,False,HARD,32.0,True,Cadillac,1,16.0,True,2,Chinese Grand Prix,True,C2,True,3.061,3.121,5.876,6.167,3.937,4.05,103.626
0 days 02:12:31.178000,PER,11,103.964,44.0,2.0,,,False,HARD,33.0,True,Cadillac,1,16.0,True,2,Chinese Grand Prix,True,C2,True,5.874,5.988,8.689,9.12,6.88,7.087,106.498
0 days 02:14:20.012000,PER,11,108.834,45.0,2.0,,,False,HARD,34.0,True,Cadillac,1,16.0,True,2,Chinese Grand Prix,True,C2,True,10.744,10.953,13.559,14.231,11.602,11.932,111.427
0 days 02:16:00.995000,PER,11,100.983,46.0,2.0,,,False,HARD,35.0,True,Cadillac,1,15.0,True,2,Chinese Grand Prix,True,C2,True,2.893,2.949,5.708,5.991,3.921,4.04,103.635
0 days 02:17:40.875000,PER,11,99.88,47.0,2.0,,,False,HARD,36.0,True,Cadillac,1,14.0,True,2,Chinese Grand Prix,True,C2,True,1.79,1.825,4.605,4.833,2.479,2.545,102.591
0 days 02:19:21.102000,PER,11,100.227,48.0,2.0,,,False,HARD,37.0,True,Cadillac,1,14.0,True,2,Chinese Grand Prix,True,C2,True,2.137,2.179,4.952,5.198,3.217,3.316,102.997
0 days 02:21:00.564000,PER,11,99.462,49.0,2.0,,,False,HARD,38.0,True,Cadillac,1,14.0,True,2,Chinese Grand Prix,True,C2,True,1.372,1.399,4.187,4.395,2.005,2.057,102.291
0 days 02:22:39.087000,PER,11,98.523,50.0,2.0,,,True,HARD,39.0,True,Cadillac,1,14.0,True,2,Chinese Grand Prix,True,C2,True,0.433,0.441,3.248,3.409,1.483,1.528,101.41
0 days 02:24:18.101000,PER,11,99.014,51.0,2.0,,,False,HARD,40.0,True,Cadillac,1,14.0,True,2,Chinese Grand Prix,True,C2,True,0.924,0.942,3.739,3.924,2.189,2.261,101.96
0 days 02:25:57.627000,PER,11,99.526,52.0,2.0,,,False,HARD,41.0,True,Cadillac,12,15.0,True,2,Chinese Grand Prix,True,C2,False,1.436,1.464,4.251,4.462,2.202,2.263,102.531
0 days 02:27:36.586000,PER,11,98.959,53.0,2.0,,,False,HARD,42.0,True,Cadillac,1,15.0,True,2,Chinese Grand Prix,True,C2,True,0.869,0.886,3.684,3.867,1.609,1.653,102.023
0 days 02:29:15.662000,PER,11,99.076,54.0,2.0,,,False,HARD,43.0,True,Cadillac,1,15.0,True,2,Chinese Grand Prix,True,C2,True,0.986,1.005,3.801,3.99,1.874,1.928,102.199
0 days 02:30:54.560000,PER,11,98.898,55.0,2.0,,,False,HARD,44.0,True,Cadillac,1,15.0,True,2,Chinese Grand Prix,True,C2,True,0.808,0.824,3.623,3.803,1.732,1.783,102.08
0 days 00:58:04.449000,ANT,12,100.137,1.0,1.0,,,False,MEDIUM,1.0,True,Mercedes,12,2.0,False,2,Chinese Grand Prix,True,C3,False,2.047,2.087,4.862,5.103,-6.556,-6.145,100.137
0 days 00:59:42.754000,ANT,12,98.305,2.0,1.0,,,True,MEDIUM,2.0,True,Mercedes,1,1.0,True,2,Chinese Grand Prix,True,C3,True,0.215,0.219,3.03,3.18,-1.99,-1.984,98.364
0 days 01:01:20.767000,ANT,12,98.013,3.0,1.0,,,True,MEDIUM,3.0,True,Mercedes,1,1.0,True,2,Chinese Grand Prix,True,C3,True,-0.077,-0.078,2.738,2.874,-1.102,-1.112,98.131
0 days 01:02:58.161000,ANT,12,97.394,4.0,1.0,,,True,MEDIUM,4.0,True,Mercedes,1,1.0,True,2,Chinese Grand Prix,True,C3,True,-0.696,-0.71,2.119,2.224,-1.714,-1.729,97.571
0 days 01:04:35.696000,ANT,12,97.535,5.0,1.0,,,False,MEDIUM,5.0,True,Mercedes,1,1.0,True,2,Chinese Grand Prix,True,C3,True,-0.555,-0.566,2.26,2.372,-1.795,-1.807,97.771
0 days 01:06:12.868000,ANT,12,97.172,6.0,1.0,,,True,MEDIUM,6.0,True,Mercedes,1,1.0,True,2,Chinese Grand Prix,True,C3,True,-0.918,-0.936,1.897,1.991,-1.595,-1.615,97.467
0 days 01:07:50.280000,ANT,12,97.412,7.0,1.0,,,False,MEDIUM,7.0,True,Mercedes,1,1.0,True,2,Chinese Grand Prix,True,C3,True,-0.678,-0.691,2.137,2.243,-1.848,-1.862,97.766
0 days 01:09:27.602000,ANT,12,97.322,8.0,1.0,,,False,MEDIUM,8.0,True,Mercedes,1,1.0,True,2,Chinese Grand Prix,True,C3,True,-0.768,-0.783,2.047,2.149,-1.91,-1.925,97.734
0 days 01:11:04.958000,ANT,12,97.356,9.0,1.0,,,False,MEDIUM,9.0,True,Mercedes,1,1.0,True,2,Chinese Grand Prix,True,C3,True,-0.734,-0.748,2.081,2.184,-1.68,-1.696,97.827
0 days 01:12:51.629000,ANT,12,106.671,10.0,1.0,,0 days 01:12:49.922000,False,MEDIUM,10.0,True,Mercedes,124,1.0,False,2,Chinese Grand Prix,True,C3,False,8.581,8.748,11.396,11.961,-6.803,-5.995,107.201
0 days 01:15:38.818000,ANT,12,,11.0,2.0,0 days 01:13:12.979000,,False,HARD,1.0,True,Mercedes,4,1.0,False,2,Chinese Grand Prix,True,C2,False,,,,,,,
0 days 01:18:08.728000,ANT,12,149.91,12.0,2.0,,,False,HARD,2.0,True,Mercedes,4,1.0,False,2,Chinese Grand Prix,True,C2,False,51.82,52.829,54.635,57.345,9.174,6.519,150.558
0 days 01:20:39.246000,ANT,12,,13.0,2.0,,,False,HARD,3.0,True,Mercedes,41,1.0,False,2,Chinese Grand Prix,True,C2,False,,,,,,,
0 days 01:22:18.203000,ANT,12,98.957,14.0,2.0,,,False,HARD,4.0,True,Mercedes,1,1.0,True,2,Chinese Grand Prix,True,C2,True,0.867,0.884,3.682,3.865,-1.451,-1.445,99.723
0 days 01:23:56.425000,ANT,12,98.222,15.0,2.0,,,False,HARD,5.0,True,Mercedes,1,1.0,True,2,Chinese Grand Prix,True,C2,True,0.132,0.135,2.947,3.093,-0.846,-0.854,99.047
0 days 01:25:33.029000,ANT,12,96.604,16.0,2.0,,,True,HARD,6.0,True,Mercedes,1,1.0,True,2,Chinese Grand Prix,True,C2,True,-1.486,-1.515,1.329,1.395,-2.813,-2.829,97.488
0 days 01:27:09.584000,ANT,12,96.555,17.0,2.0,,,True,HARD,7.0,True,Mercedes,1,1.0,True,2,Chinese Grand Prix,True,C2,True,-1.535,-1.565,1.28,1.343,-1.828,-1.858,97.498
0 days 01:28:46.643000,ANT,12,97.059,18.0,2.0,,,False,HARD,8.0,True,Mercedes,12,1.0,True,2,Chinese Grand Prix,True,C2,False,-1.031,-1.051,1.784,1.872,-1.612,-1.634,98.061
0 days 01:30:23.459000,ANT,12,96.816,19.0,2.0,,,False,HARD,9.0,True,Mercedes,1,1.0,True,2,Chinese Grand Prix,True,C2,True,-1.274,-1.299,1.541,1.617,-2.219,-2.241,97.877
0 days 01:32:00.221000,ANT,12,96.762,20.0,2.0,,,False,HARD,10.0,True,Mercedes,1,1.0,True,2,Chinese Grand Prix,True,C2,True,-1.328,-1.354,1.487,1.561,-2.229,-2.252,97.882
0 days 01:33:37.150000,ANT,12,96.929,21.0,2.0,,,False,HARD,11.0,True,Mercedes,1,1.0,True,2,Chinese Grand Prix,True,C2,True,-1.161,-1.184,1.654,1.736,-2.204,-2.223,98.108
0 days 01:35:13.762000,ANT,12,96.612,22.0,2.0,,,False,HARD,12.0,True,Mercedes,1,1.0,True,2,Chinese Grand Prix,True,C2,True,-1.478,-1.507,1.337,1.403,-2.088,-2.116,97.849
0 days 01:36:50.568000,ANT,12,96.806,23.0,2.0,,,False,HARD,13.0,True,Mercedes,1,1.0,True,2,Chinese Grand Prix,True,C2,True,-1.284,-1.309,1.531,1.607,-1.631,-1.657,98.102
0 days 01:38:27.081000,ANT,12,96.513,24.0,2.0,,,True,HARD,14.0,True,Mercedes,1,1.0,True,2,Chinese Grand Prix,True,C2,True,-1.577,-1.608,1.238,1.299,-2.033,-2.063,97.868
0 days 01:40:03.595000,ANT,12,96.514,25.0,2.0,,,False,HARD,15.0,True,Mercedes,1,1.0,True,2,Chinese Grand Prix,True,C2,True,-1.576,-1.607,1.239,1.3,-2.054,-2.084,97.928
0 days 01:41:40.183000,ANT,12,96.588,26.0,2.0,,,False,HARD,16.0,True,Mercedes,1,1.0,True,2,Chinese Grand Prix,True,C2,True,-1.502,-1.531,1.313,1.378,-1.482,-1.511,98.061
0 days 01:43:16.773000,ANT,12,96.59,27.0,2.0,,,False,HARD,17.0,True,Mercedes,1,1.0,True,2,Chinese Grand Prix,True,C2,True,-1.5,-1.529,1.315,1.38,-1.698,-1.728,98.122
0 days 01:44:53.362000,ANT,12,96.589,28.0,2.0,,,False,HARD,18.0,True,Mercedes,12,1.0,True,2,Chinese Grand Prix,True,C2,False,-1.501,-1.53,1.314,1.379,-1.77,-1.8,98.18
0 days 01:46:29.743000,ANT,12,96.381,29.0,2.0,,,True,HARD,19.0,True,Mercedes,1,1.0,True,2,Chinese Grand Prix,True,C2,True,-1.709,-1.742,1.106,1.161,-1.814,-1.847,98.031
0 days 01:48:05.909000,ANT,12,96.166,30.0,2.0,,,True,HARD,20.0,True,Mercedes,1,1.0,True,2,Chinese Grand Prix,True,C2,True,-1.924,-1.961,0.891,0.935,-1.74,-1.777,97.875
0 days 01:49:42.017000,ANT,12,96.108,31.0,2.0,,,True,HARD,21.0,True,Mercedes,1,1.0,True,2,Chinese Grand Prix,True,C2,True,-1.982,-2.021,0.833,0.874,-1.59,-1.627,97.876
0 days 01:51:18,ANT,12,95.983,32.0,2.0,,,True,HARD,22.0,True,Mercedes,1,1.0,True,2,Chinese Grand Prix,True,C2,True,-2.107,-2.148,0.708,0.743,-1.777,-1.818,97.81
0 days 01:52:54.443000,ANT,12,96.443,33.0,2.0,,,False,HARD,23.0,True,Mercedes,12,1.0,True,2,Chinese Grand Prix,True,C2,False,-1.647,-1.679,1.168,1.226,-1.378,-1.409,98.329
0 days 01:54:30.464000,ANT,12,96.021,34.0,2.0,,,False,HARD,24.0,True,Mercedes,1,1.0,True,2,Chinese Grand Prix,True,C2,True,-2.069,-2.109,0.746,0.783,-1.703,-1.743,97.966
0 days 01:56:06.501000,ANT,12,96.037,35.0,2.0,,,False,HARD,25.0,True,Mercedes,1,1.0,True,2,Chinese Grand Prix,True,C2,True,-2.053,-2.093,0.762,0.8,-1.901,-1.941,98.041
0 days 01:57:42.515000,ANT,12,96.014,36.0,2.0,,,False,HARD,26.0,True,Mercedes,1,1.0,True,2,Chinese Grand Prix,True,C2,True,-2.076,-2.116,0.739,0.776,-1.466,-1.504,98.076
0 days 01:59:18.674000,ANT,12,96.159,37.0,2.0,,,False,HARD,27.0,True,Mercedes,1,1.0,True,2,Chinese Grand Prix,True,C2,True,-1.931,-1.969,0.884,0.928,-1.037,-1.067,98.28
0 days 02:00:54.200000,ANT,12,95.526,38.0,2.0,,,True,HARD,28.0,True,Mercedes,1,1.0,True,2,Chinese Grand Prix,True,C2,True,-2.564,-2.614,0.251,0.263,-1.616,-1.664,97.706
0 days 02:02:29.694000,ANT,12,95.494,39.0,2.0,,,True,HARD,29.0,True,Mercedes,1,1.0,True,2,Chinese Grand Prix,True,C2,True,-2.596,-2.647,0.219,0.23,-1.941,-1.992,97.733
0 days 02:04:05.844000,ANT,12,96.15,40.0,2.0,,,False,HARD,30.0,True,Mercedes,1,1.0,True,2,Chinese Grand Prix,True,C2,True,-1.94,-1.978,0.875,0.918,-1.382,-1.417,98.448
0 days 02:05:41.187000,ANT,12,95.343,41.0,2.0,,,True,HARD,31.0,True,Mercedes,1,1.0,True,2,Chinese Grand Prix,True,C2,True,-2.747,-2.8,0.068,0.071,-2.083,-2.138,97.7
0 days 02:07:17.117000,ANT,12,95.93,42.0,2.0,,,False,HARD,32.0,True,Mercedes,1,1.0,True,2,Chinese Grand Prix,True,C2,True,-2.16,-2.202,0.655,0.687,-1.6,-1.641,98.346
0 days 02:08:53.053000,ANT,12,95.936,43.0,2.0,,,False,HARD,33.0,True,Mercedes,1,1.0,True,2,Chinese Grand Prix,True,C2,True,-2.154,-2.196,0.661,0.694,-1.278,-1.315,98.411
0 days 02:10:28.385000,ANT,12,95.332,44.0,2.0,,,True,HARD,34.0,True,Mercedes,1,1.0,True,2,Chinese Grand Prix,True,C2,True,-2.758,-2.812,0.057,0.06,-1.752,-1.805,97.866
0 days 02:12:03.913000,ANT,12,95.528,45.0,2.0,,,False,HARD,35.0,True,Mercedes,1,1.0,True,2,Chinese Grand Prix,True,C2,True,-2.562,-2.612,0.253,0.266,-1.704,-1.753,98.121
0 days 02:13:39.195000,ANT,12,95.282,46.0,2.0,,,True,HARD,36.0,True,Mercedes,1,1.0,True,2,Chinese Grand Prix,True,C2,True,-2.808,-2.863,0.007,0.007,-1.78,-1.834,97.934
0 days 02:15:14.696000,ANT,12,95.501,47.0,2.0,,,False,HARD,37.0,True,Mercedes,1,1.0,True,2,Chinese Grand Prix,True,C2,True,-2.589,-2.639,0.226,0.237,-1.9,-1.951,98.212
0 days 02:16:50.402000,ANT,12,95.706,48.0,2.0,,,False,HARD,38.0,True,Mercedes,1,1.0,True,2,Chinese Grand Prix,True,C2,True,-2.384,-2.43,0.431,0.452,-1.304,-1.344,98.476
0 days 02:18:25.925000,ANT,12,95.523,49.0,2.0,,,False,HARD,39.0,True,Mercedes,1,1.0,True,2,Chinese Grand Prix,True,C2,True,-2.567,-2.617,0.248,0.26,-1.934,-1.984,98.352
0 days 02:20:01.584000,ANT,12,95.659,50.0,2.0,,,False,HARD,40.0,True,Mercedes,1,1.0,True,2,Chinese Grand Prix,True,C2,True,-2.431,-2.478,0.384,0.403,-1.381,-1.423,98.547
0 days 02:21:37.595000,ANT,12,96.011,51.0,2.0,,,False,HARD,41.0,True,Mercedes,1,1.0,True,2,Chinese Grand Prix,True,C2,True,-2.079,-2.119,0.736,0.773,-0.814,-0.841,98.957
0 days 02:23:12.870000,ANT,12,95.275,52.0,2.0,,,True,HARD,42.0,True,Mercedes,1,1.0,True,2,Chinese Grand Prix,True,C2,True,-2.815,-2.87,0.0,0.0,-2.049,-2.105,98.28
0 days 02:24:50.400000,ANT,12,97.53,53.0,2.0,,,False,HARD,43.0,True,Mercedes,12,1.0,True,2,Chinese Grand Prix,True,C2,False,-0.56,-0.571,2.255,2.367,0.18,0.185,100.594
0 days 02:26:26.576000,ANT,12,96.176,54.0,2.0,,,False,HARD,44.0,True,Mercedes,1,1.0,True,2,Chinese Grand Prix,True,C2,True,-1.914,-1.951,0.901,0.946,-1.026,-1.056,99.299
0 days 02:28:02.954000,ANT,12,96.378,55.0,2.0,,,False,HARD,45.0,True,Mercedes,1,1.0,True,2,Chinese Grand Prix,True,C2,True,-1.712,-1.745,1.103,1.158,-0.788,-0.811,99.56
0 days 02:29:39.883000,ANT,12,96.929,56.0,2.0,,,False,HARD,46.0,True,Mercedes,1,1.0,True,2,Chinese Grand Prix,True,C2,True,-1.161,-1.184,1.654,1.736,0.43,0.446,100.17
0 days 00:58:11.542000,ALO,14,107.23,1.0,1.0,,,False,HARD,1.0,True,Aston Martin,12,10.0,False,2,Chinese Grand Prix,True,C2,False,9.14,9.318,11.955,12.548,0.537,0.503,107.23
0 days 00:59:53.833000,ALO,14,102.291,2.0,1.0,,,True,HARD,2.0,True,Aston Martin,1,13.0,True,2,Chinese Grand Prix,True,C2,True,4.201,4.283,7.016,7.364,1.996,1.99,102.35
0 days 01:01:35.421000,ALO,14,101.588,3.0,1.0,,,True,HARD,3.0,True,Aston Martin,1,14.0,True,2,Chinese Grand Prix,True,C2,True,3.498,3.566,6.313,6.626,2.473,2.495,101.706
0 days 01:03:15.892000,ALO,14,100.471,4.0,1.0,,,True,HARD,4.0,True,Aston Martin,1,14.0,True,2,Chinese Grand Prix,True,C2,True,2.381,2.427,5.196,5.454,1.363,1.375,100.648
0 days 01:04:57.446000,ALO,14,101.554,5.0,1.0,,,False,HARD,5.0,True,Aston Martin,1,14.0,True,2,Chinese Grand Prix,True,C2,True,3.464,3.531,6.279,6.59,2.224,2.239,101.79
0 days 01:06:39.270000,ALO,14,101.824,6.0,1.0,,,False,HARD,6.0,True,Aston Martin,1,15.0,True,2,Chinese Grand Prix,True,C2,True,3.734,3.807,6.549,6.874,3.057,3.095,102.119
0 days 01:08:20.929000,ALO,14,101.659,7.0,1.0,,,False,HARD,7.0,True,Aston Martin,1,15.0,True,2,Chinese Grand Prix,True,C2,True,3.569,3.638,6.384,6.701,2.399,2.417,102.013
0 days 01:10:02.042000,ALO,14,101.113,8.0,1.0,,,False,HARD,8.0,True,Aston Martin,1,15.0,True,2,Chinese Grand Prix,True,C2,True,3.023,3.082,5.838,6.128,1.881,1.896,101.526
0 days 01:11:43.673000,ALO,14,101.631,9.0,1.0,,,False,HARD,9.0,True,Aston Martin,1,15.0,True,2,Chinese Grand Prix,True,C2,True,3.541,3.61,6.356,6.671,2.595,2.62,102.102
0 days 01:13:43.592000,ALO,14,119.919,10.0,1.0,,,False,HARD,10.0,True,Aston Martin,124,11.0,False,2,Chinese Grand Prix,True,C2,False,21.829,22.254,24.644,25.866,6.445,5.68,120.449
0 days 01:15:58.985000,ALO,14,135.393,11.0,1.0,,,False,HARD,11.0,True,Aston Martin,4,11.0,False,2,Chinese Grand Prix,True,C2,False,37.303,38.029,40.118,42.108,-3.302,-2.381,135.982
0 days 01:18:19.983000,ALO,14,140.998,12.0,1.0,,,False,HARD,12.0,True,Aston Martin,4,11.0,False,2,Chinese Grand Prix,True,C2,False,42.908,43.744,45.723,47.991,0.262,0.186,141.646
0 days 01:20:43.729000,ALO,14,143.746,13.0,1.0,,,False,HARD,13.0,True,Aston Martin,41,11.0,False,2,Chinese Grand Prix,True,C2,False,45.656,46.545,48.471,50.875,-0.794,-0.549,144.453
0 days 01:22:27.229000,ALO,14,103.5,14.0,1.0,,,False,HARD,14.0,True,Aston Martin,1,16.0,True,2,Chinese Grand Prix,True,C2,True,5.41,5.515,8.225,8.633,3.092,3.079,104.266
0 days 01:24:08.412000,ALO,14,101.183,15.0,1.0,,,False,HARD,15.0,True,Aston Martin,1,17.0,True,2,Chinese Grand Prix,True,C2,True,3.093,3.153,5.908,6.201,2.115,2.135,102.008
0 days 01:25:48.672000,ALO,14,100.26,16.0,1.0,,,True,HARD,16.0,True,Aston Martin,1,17.0,True,2,Chinese Grand Prix,True,C2,True,2.17,2.212,4.985,5.232,0.843,0.848,101.144
0 days 01:27:29.035000,ALO,14,100.363,17.0,1.0,,,False,HARD,17.0,True,Aston Martin,12,16.0,True,2,Chinese Grand Prix,True,C2,False,2.273,2.317,5.088,5.34,1.98,2.013,101.306
0 days 01:29:10.276000,ALO,14,101.241,18.0,1.0,,,False,HARD,18.0,True,Aston Martin,21,17.0,True,2,Chinese Grand Prix,True,C2,False,3.151,3.212,5.966,6.262,2.57,2.605,102.243
0 days 01:30:50.632000,ALO,14,100.356,19.0,1.0,,,False,HARD,19.0,True,Aston Martin,1,17.0,True,2,Chinese Grand Prix,True,C2,True,2.266,2.31,5.081,5.333,1.321,1.334,101.417
0 days 01:32:30.886000,ALO,14,100.254,20.0,1.0,,,True,HARD,20.0,True,Aston Martin,1,17.0,True,2,Chinese Grand Prix,True,C2,True,2.164,2.206,4.979,5.226,1.263,1.276,101.374
0 days 01:34:10.698000,ALO,14,99.812,21.0,1.0,,,True,HARD,21.0,True,Aston Martin,1,17.0,True,2,Chinese Grand Prix,True,C2,True,1.722,1.756,4.537,4.762,0.679,0.685,100.991
0 days 01:35:50.636000,ALO,14,99.938,22.0,1.0,,,False,HARD,22.0,True,Aston Martin,1,17.0,True,2,Chinese Grand Prix,True,C2,True,1.848,1.884,4.663,4.894,1.238,1.254,101.176
0 days 01:37:30.437000,ALO,14,99.801,23.0,1.0,,,True,HARD,23.0,True,Aston Martin,1,17.0,True,2,Chinese Grand Prix,True,C2,True,1.711,1.744,4.526,4.75,1.364,1.386,101.097
0 days 01:39:10.204000,ALO,14,99.767,24.0,1.0,,,True,HARD,24.0,True,Aston Martin,1,17.0,True,2,Chinese Grand Prix,True,C2,True,1.677,1.71,4.492,4.715,1.221,1.239,101.122
0 days 01:40:49.925000,ALO,14,99.721,25.0,1.0,,,True,HARD,25.0,True,Aston Martin,1,17.0,True,2,Chinese Grand Prix,True,C2,True,1.631,1.663,4.446,4.666,1.153,1.17,101.135
0 days 01:42:29.680000,ALO,14,99.755,26.0,1.0,,,False,HARD,26.0,True,Aston Martin,1,17.0,True,2,Chinese Grand Prix,True,C2,True,1.665,1.697,4.48,4.702,1.685,1.718,101.228
0 days 01:44:09.922000,ALO,14,100.242,27.0,1.0,,,False,HARD,27.0,True,Aston Martin,12,17.0,True,2,Chinese Grand Prix,True,C2,False,2.152,2.194,4.967,5.213,1.954,1.988,101.774
0 days 01:45:49.667000,ALO,14,99.745,28.0,1.0,,,False,HARD,28.0,True,Aston Martin,1,17.0,True,2,Chinese Grand Prix,True,C2,True,1.655,1.687,4.47,4.692,1.386,1.409,101.336
0 days 01:47:29.612000,ALO,14,99.945,29.0,1.0,,,False,HARD,29.0,True,Aston Martin,1,17.0,True,2,Chinese Grand Prix,True,C2,True,1.855,1.891,4.67,4.902,1.75,1.782,101.595
0 days 01:49:09.961000,ALO,14,100.349,30.0,1.0,,,False,HARD,30.0,True,Aston Martin,1,17.0,True,2,Chinese Grand Prix,True,C2,True,2.259,2.303,5.074,5.326,2.443,2.495,102.058
0 days 01:50:56.380000,ALO,14,106.419,31.0,1.0,,0 days 01:50:54.634000,False,HARD,31.0,True,Aston Martin,1,17.0,False,2,Chinese Grand Prix,True,C2,False,8.329,8.491,11.144,11.697,8.721,8.926,108.187
0 days 01:53:03.895000,ALO,14,127.515,32.0,2.0,0 days 01:51:17.946000,0 days 01:53:02.232000,False,MEDIUM,1.0,True,Aston Martin,12,17.0,False,2,Chinese Grand Prix,True,C3,False,29.425,29.998,32.24,33.839,29.755,30.437,129.342
0 days 00:58:05.376000,LEC,16,101.064,1.0,1.0,,,False,MEDIUM,1.0,True,Ferrari,12,3.0,False,2,Chinese Grand Prix,True,C3,False,2.974,3.032,5.789,6.076,-5.629,-5.276,101.064
0 days 00:59:43.934000,LEC,16,98.558,2.0,1.0,,,True,MEDIUM,2.0,True,Ferrari,1,3.0,True,2,Chinese Grand Prix,True,C3,True,0.468,0.477,3.283,3.446,-1.737,-1.732,98.617
0 days 01:01:23.082000,LEC,16,99.148,3.0,1.0,,,False,MEDIUM,3.0,True,Ferrari,1,4.0,True,2,Chinese Grand Prix,True,C3,True,1.058,1.079,3.873,4.065,0.033,0.033,99.266
0 days 01:03:00.917000,LEC,16,97.835,4.0,1.0,,,True,MEDIUM,4.0,True,Ferrari,1,4.0,True,2,Chinese Grand Prix,True,C3,True,-0.255,-0.26,2.56,2.687,-1.273,-1.284,98.012
0 days 01:04:38.780000,LEC,16,97.863,5.0,1.0,,,False,MEDIUM,5.0,True,Ferrari,1,4.0,True,2,Chinese Grand Prix,True,C3,True,-0.227,-0.231,2.588,2.716,-1.467,-1.477,98.099
0 days 01:06:16.916000,LEC,16,98.136,6.0,1.0,,,False,MEDIUM,6.0,True,Ferrari,1,4.0,True,2,Chinese Grand Prix,True,C3,True,0.046,0.047,2.861,3.003,-0.631,-0.639,98.431
0 days 01:07:54.910000,LEC,16,97.994,7.0,1.0,,,False,MEDIUM,7.0,True,Ferrari,1,4.0,True,2,Chinese Grand Prix,True,C3,True,-0.096,-0.098,2.719,2.854,-1.266,-1.275,98.348
0 days 01:09:32.704000,LEC,16,97.794,8.0,1.0,,,True,MEDIUM,8.0,True,Ferrari,1,4.0,True,2,Chinese Grand Prix,True,C3,True,-0.296,-0.302,2.519,2.644,-1.438,-1.449,98.206
0 days 01:11:10.834000,LEC,16,98.13,9.0,1.0,,,False,MEDIUM,9.0,True,Ferrari,1,4.0,True,2,Chinese Grand Prix,True,C3,True,0.04,0.041,2.855,2.997,-0.906,-0.915,98.601
0 days 01:13:03.231000,LEC,16,112.397,10.0,1.0,,0 days 01:13:01.547000,False,MEDIUM,10.0,True,Ferrari,124,4.0,False,2,Chinese Grand Prix,True,C3,False,14.307,14.586,17.122,17.971,-1.077,-0.949,112.927
0 days 01:15:45.025000,LEC,16,,11.0,2.0,0 days 01:13:27.065000,,False,HARD,1.0,True,Ferrari,4,7.0,False,2,Chinese Grand Prix,True,C2,False,,,,,,,
0 days 01:18:15.130000,LEC,16,,12.0,2.0,,,False,HARD,2.0,True,Ferrari,4,7.0,False,2,Chinese Grand Prix,True,C2,False,,,,,,,
0 days 01:20:41.616000,LEC,16,146.486,13.0,2.0,,,False,HARD,3.0,True,Ferrari,41,7.0,False,2,Chinese Grand Prix,True,C2,False,48.396,49.338,51.211,53.751,1.946,1.346,147.193
0 days 01:22:21.467000,LEC,16,99.851,14.0,2.0,,,False,HARD,4.0,True,Ferrari,1,6.0,True,2,Chinese Grand Prix,True,C2,True,1.761,1.795,4.576,4.803,-0.557,-0.555,100.617
0 days 01:23:58.672000,LEC,16,97.205,15.0,2.0,,,True,HARD,5.0,True,Ferrari,1,4.0,True,2,Chinese Grand Prix,True,C2,True,-0.885,-0.902,1.93,2.026,-1.863,-1.881,98.03
0 days 01:25:35.978000,LEC,16,97.306,16.0,2.0,,,False,HARD,6.0,True,Ferrari,1,3.0,True,2,Chinese Grand Prix,True,C2,True,-0.784,-0.799,2.031,2.132,-2.111,-2.123,98.19
0 days 01:27:12.855000,LEC,16,96.877,17.0,2.0,,,True,HARD,7.0,True,Ferrari,1,3.0,True,2,Chinese Grand Prix,True,C2,True,-1.213,-1.237,1.602,1.681,-1.506,-1.531,97.82
0 days 01:28:49.454000,LEC,16,96.599,18.0,2.0,,,True,HARD,8.0,True,Ferrari,12,3.0,True,2,Chinese Grand Prix,True,C2,False,-1.491,-1.52,1.324,1.39,-2.072,-2.1,97.601
0 days 01:30:26.315000,LEC,16,96.861,19.0,2.0,,,False,HARD,9.0,True,Ferrari,1,3.0,True,2,Chinese Grand Prix,True,C2,True,-1.229,-1.253,1.586,1.665,-2.174,-2.195,97.922
0 days 01:32:03.148000,LEC,16,96.833,20.0,2.0,,,False,HARD,10.0,True,Ferrari,1,3.0,True,2,Chinese Grand Prix,True,C2,True,-1.257,-1.281,1.558,1.635,-2.158,-2.18,97.953
0 days 01:33:39.853000,LEC,16,96.705,21.0,2.0,,,False,HARD,11.0,True,Ferrari,1,3.0,True,2,Chinese Grand Prix,True,C2,True,-1.385,-1.412,1.43,1.501,-2.428,-2.449,97.884
0 days 01:35:16.496000,LEC,16,96.643,22.0,2.0,,,False,HARD,12.0,True,Ferrari,1,3.0,True,2,Chinese Grand Prix,True,C2,True,-1.447,-1.475,1.368,1.436,-2.057,-2.084,97.88
0 days 01:36:53.309000,LEC,16,96.813,23.0,2.0,,,False,HARD,13.0,True,Ferrari,1,3.0,True,2,Chinese Grand Prix,True,C2,True,-1.277,-1.302,1.538,1.614,-1.624,-1.65,98.109
0 days 01:38:30.586000,LEC,16,97.277,24.0,2.0,,,False,HARD,14.0,True,Ferrari,1,2.0,True,2,Chinese Grand Prix,True,C2,True,-0.813,-0.829,2.002,2.101,-1.269,-1.288,98.632
0 days 01:40:08.267000,LEC,16,97.681,25.0,2.0,,,False,HARD,15.0,True,Ferrari,1,2.0,True,2,Chinese Grand Prix,True,C2,True,-0.409,-0.417,2.406,2.525,-0.887,-0.9,99.095
0 days 01:41:45.841000,LEC,16,97.574,26.0,2.0,,,False,HARD,16.0,True,Ferrari,1,3.0,True,2,Chinese Grand Prix,True,C2,True,-0.516,-0.526,2.299,2.413,-0.496,-0.506,99.047
0 days 01:43:23.713000,LEC,16,97.872,27.0,2.0,,,False,HARD,17.0,True,Ferrari,1,2.0,True,2,Chinese Grand Prix,True,C2,True,-0.218,-0.222,2.597,2.726,-0.416,-0.423,99.404
0 days 01:45:00.789000,LEC,16,97.076,28.0,2.0,,,False,HARD,18.0,True,Ferrari,12,2.0,True,2,Chinese Grand Prix,True,C2,False,-1.014,-1.034,1.801,1.89,-1.283,-1.304,98.667
0 days 01:46:37.896000,LEC,16,97.107,29.0,2.0,,,False,HARD,19.0,True,Ferrari,1,3.0,True,2,Chinese Grand Prix,True,C2,True,-0.983,-1.002,1.832,1.923,-1.088,-1.108,98.757
0 days 01:48:14.693000,LEC,16,96.797,30.0,2.0,,,False,HARD,20.0,True,Ferrari,1,3.0,True,2,Chinese Grand Prix,True,C2,True,-1.293,-1.318,1.522,1.597,-1.109,-1.133,98.506
0 days 01:49:51.102000,LEC,16,96.409,31.0,2.0,,,True,HARD,21.0,True,Ferrari,1,3.0,True,2,Chinese Grand Prix,True,C2,True,-1.681,-1.714,1.134,1.19,-1.289,-1.319,98.177
0 days 01:51:27.726000,LEC,16,96.624,32.0,2.0,,,False,HARD,22.0,True,Ferrari,1,3.0,True,2,Chinese Grand Prix,True,C2,True,-1.466,-1.495,1.349,1.416,-1.136,-1.162,98.451
0 days 01:53:04.276000,LEC,16,96.55,33.0,2.0,,,False,HARD,23.0,True,Ferrari,12,3.0,True,2,Chinese Grand Prix,True,C2,False,-1.54,-1.57,1.275,1.338,-1.271,-1.299,98.436
0 days 01:54:41.005000,LEC,16,96.729,34.0,2.0,,,False,HARD,24.0,True,Ferrari,1,3.0,True,2,Chinese Grand Prix,True,C2,True,-1.361,-1.388,1.454,1.526,-0.995,-1.018,98.674
0 days 01:56:19.516000,LEC,16,98.511,35.0,2.0,,,False,HARD,25.0,True,Ferrari,1,4.0,True,2,Chinese Grand Prix,True,C2,True,0.421,0.429,3.236,3.396,0.573,0.585,100.515
0 days 01:57:56.763000,LEC,16,97.247,36.0,2.0,,,False,HARD,26.0,True,Ferrari,1,4.0,True,2,Chinese Grand Prix,True,C2,True,-0.843,-0.859,1.972,2.07,-0.233,-0.239,99.31
0 days 01:59:33.530000,LEC,16,96.767,37.0,2.0,,,False,HARD,27.0,True,Ferrari,1,4.0,True,2,Chinese Grand Prix,True,C2,True,-1.323,-1.349,1.492,1.566,-0.429,-0.441,98.888
0 days 02:01:10.289000,LEC,16,96.759,38.0,2.0,,,False,HARD,28.0,True,Ferrari,1,4.0,True,2,Chinese Grand Prix,True,C2,True,-1.331,-1.357,1.484,1.558,-0.383,-0.394,98.939
0 days 02:02:47.282000,LEC,16,96.993,39.0,2.0,,,False,HARD,29.0,True,Ferrari,1,3.0,True,2,Chinese Grand Prix,True,C2,True,-1.097,-1.118,1.718,1.803,-0.442,-0.454,99.232
0 days 02:04:25.538000,LEC,16,98.256,40.0,2.0,,,False,HARD,30.0,True,Ferrari,1,4.0,True,2,Chinese Grand Prix,True,C2,True,0.166,0.169,2.981,3.129,0.724,0.742,100.554
0 days 02:06:02.378000,LEC,16,96.84,41.0,2.0,,,False,HARD,31.0,True,Ferrari,1,4.0,True,2,Chinese Grand Prix,True,C2,True,-1.25,-1.274,1.565,1.643,-0.586,-0.601,99.197
0 days 02:07:39.173000,LEC,16,96.795,42.0,2.0,,,False,HARD,32.0,True,Ferrari,1,4.0,True,2,Chinese Grand Prix,True,C2,True,-1.295,-1.32,1.52,1.595,-0.735,-0.754,99.211
0 days 02:09:15.757000,LEC,16,96.584,43.0,2.0,,,False,HARD,33.0,True,Ferrari,1,4.0,True,2,Chinese Grand Prix,True,C2,True,-1.506,-1.535,1.309,1.374,-0.63,-0.648,99.059
0 days 02:10:52.406000,LEC,16,96.649,44.0,2.0,,,False,HARD,34.0,True,Ferrari,1,4.0,True,2,Chinese Grand Prix,True,C2,True,-1.441,-1.469,1.374,1.442,-0.435,-0.448,99.183
0 days 02:12:29.630000,LEC,16,97.224,45.0,2.0,,,False,HARD,35.0,True,Ferrari,1,4.0,True,2,Chinese Grand Prix,True,C2,True,-0.866,-0.883,1.949,2.046,-0.008,-0.008,99.817
0 days 02:14:05.901000,LEC,16,96.271,46.0,2.0,,,True,HARD,36.0,True,Ferrari,1,4.0,True,2,Chinese Grand Prix,True,C2,True,-1.819,-1.854,0.996,1.045,-0.791,-0.815,98.923
0 days 02:15:42.105000,LEC,16,96.204,47.0,2.0,,,True,HARD,37.0,True,Ferrari,1,4.0,True,2,Chinese Grand Prix,True,C2,True,-1.886,-1.923,0.929,0.975,-1.197,-1.229,98.915
0 days 02:17:18.333000,LEC,16,96.228,48.0,2.0,,,False,HARD,38.0,True,Ferrari,1,4.0,True,2,Chinese Grand Prix,True,C2,True,-1.862,-1.898,0.953,1.0,-0.782,-0.806,98.998
0 days 02:18:54.664000,LEC,16,96.331,49.0,2.0,,,False,HARD,39.0,True,Ferrari,1,4.0,True,2,Chinese Grand Prix,True,C2,True,-1.759,-1.793,1.056,1.108,-1.126,-1.155,99.16
0 days 02:20:31.051000,LEC,16,96.387,50.0,2.0,,,False,HARD,40.0,True,Ferrari,1,4.0,True,2,Chinese Grand Prix,True,C2,True,-1.703,-1.736,1.112,1.167,-0.653,-0.673,99.274
0 days 02:22:07.795000,LEC,16,96.744,51.0,2.0,,,False,HARD,41.0,True,Ferrari,1,4.0,True,2,Chinese Grand Prix,True,C2,True,-1.346,-1.372,1.469,1.542,-0.081,-0.084,99.69
0 days 02:23:44.119000,LEC,16,96.324,52.0,2.0,,,False,HARD,42.0,True,Ferrari,1,4.0,True,2,Chinese Grand Prix,True,C2,True,-1.766,-1.8,1.049,1.101,-1.0,-1.027,99.329
0 days 02:25:20.439000,LEC,16,96.32,53.0,2.0,,,False,HARD,43.0,True,Ferrari,12,4.0,True,2,Chinese Grand Prix,True,C2,False,-1.77,-1.804,1.045,1.097,-1.03,-1.058,99.384
0 days 02:26:56.652000,LEC,16,96.213,54.0,2.0,,,False,HARD,44.0,True,Ferrari,1,4.0,True,2,Chinese Grand Prix,True,C2,True,-1.877,-1.914,0.938,0.985,-0.989,-1.017,99.336
0 days 02:28:32.786000,LEC,16,96.134,55.0,2.0,,,True,HARD,45.0,True,Ferrari,1,4.0,True,2,Chinese Grand Prix,True,C2,True,-1.956,-1.994,0.859,0.902,-1.032,-1.062,99.316
0 days 02:30:08.797000,LEC,16,96.011,56.0,2.0,,,True,HARD,46.0,True,Ferrari,1,4.0,True,2,Chinese Grand Prix,True,C2,True,-2.079,-2.119,0.736,0.773,-0.488,-0.506,99.252
0 days 00:58:13.783000,STR,18,109.471,1.0,1.0,,,False,HARD,1.0,True,Aston Martin,12,16.0,False,2,Chinese Grand Prix,True,C2,False,11.381,11.603,14.196,14.9,2.778,2.604,109.471
0 days 00:59:55.613000,STR,18,101.83,2.0,1.0,,,True,HARD,2.0,True,Aston Martin,1,16.0,True,2,Chinese Grand Prix,True,C2,True,3.74,3.813,6.555,6.88,1.535,1.53,101.889
0 days 01:01:37.411000,STR,18,101.798,3.0,1.0,,,True,HARD,3.0,True,Aston Martin,1,16.0,True,2,Chinese Grand Prix,True,C2,True,3.708,3.78,6.523,6.846,2.683,2.707,101.916
0 days 01:03:19.265000,STR,18,101.854,4.0,1.0,,,False,HARD,4.0,True,Aston Martin,1,16.0,True,2,Chinese Grand Prix,True,C2,True,3.764,3.837,6.579,6.905,2.746,2.771,102.031
0 days 01:05:00.257000,STR,18,100.992,5.0,1.0,,,True,HARD,5.0,True,Aston Martin,1,16.0,True,2,Chinese Grand Prix,True,C2,True,2.902,2.959,5.717,6.001,1.662,1.673,101.228
0 days 01:06:41.228000,STR,18,100.971,6.0,1.0,,,True,HARD,6.0,True,Aston Martin,1,16.0,True,2,Chinese Grand Prix,True,C2,True,2.881,2.937,5.696,5.978,2.204,2.232,101.266
0 days 01:08:22.184000,STR,18,100.956,7.0,1.0,,,True,HARD,7.0,True,Aston Martin,1,16.0,True,2,Chinese Grand Prix,True,C2,True,2.866,2.922,5.681,5.963,1.696,1.709,101.31
0 days 01:10:03.358000,STR,18,101.174,8.0,1.0,,,False,HARD,8.0,True,Aston Martin,1,16.0,True,2,Chinese Grand Prix,True,C2,True,3.084,3.144,5.899,6.192,1.942,1.957,101.586
0 days 01:11:44.241000,STR,18,100.883,9.0,1.0,,,True,HARD,9.0,True,Aston Martin,1,16.0,True,2,Chinese Grand Prix,True,C2,True,2.793,2.847,5.608,5.886,1.847,1.865,101.354
0 days 01:14:14.241000,STR,18,,10.0,1.0,,,True,HARD,10.0,True,Aston Martin,124,,False,2,Chinese Grand Prix,True,C2,False,,,,,,,
0 days 00:58:13.031000,HUL,27,108.719,1.0,1.0,,,False,HARD,1.0,True,Audi,12,15.0,False,2,Chinese Grand Prix,True,C2,False,10.629,10.836,13.444,14.111,2.026,1.899,108.719
0 days 00:59:54.665000,HUL,27,101.634,2.0,1.0,,,True,HARD,2.0,True,Audi,1,15.0,True,2,Chinese Grand Prix,True,C2,True,3.544,3.613,6.359,6.674,1.339,1.335,101.693
0 days 01:01:34.572000,HUL,27,99.907,3.0,1.0,,,True,HARD,3.0,True,Audi,1,13.0,True,2,Chinese Grand Prix,True,C2,True,1.817,1.852,4.632,4.862,0.792,0.799,100.025
0 days 01:03:14.089000,HUL,27,99.517,4.0,1.0,,,True,HARD,4.0,True,Audi,1,13.0,True,2,Chinese Grand Prix,True,C2,True,1.427,1.455,4.242,4.452,0.409,0.413,99.694
0 days 01:04:53.353000,HUL,27,99.264,5.0,1.0,,,True,HARD,5.0,True,Audi,1,13.0,True,2,Chinese Grand Prix,True,C2,True,1.174,1.197,3.989,4.187,-0.066,-0.066,99.5
0 days 01:06:32.128000,HUL,27,98.775,6.0,1.0,,,True,HARD,6.0,True,Audi,1,13.0,True,2,Chinese Grand Prix,True,C2,True,0.685,0.698,3.5,3.674,0.008,0.008,99.07
0 days 01:08:11.518000,HUL,27,99.39,7.0,1.0,,,False,HARD,7.0,True,Audi,1,12.0,True,2,Chinese Grand Prix,True,C2,True,1.3,1.325,4.115,4.319,0.13,0.131,99.744
0 days 01:09:50.545000,HUL,27,99.027,8.0,1.0,,,False,HARD,8.0,True,Audi,1,12.0,True,2,Chinese Grand Prix,True,C2,True,0.937,0.955,3.752,3.938,-0.205,-0.207,99.44
0 days 01:11:29.709000,HUL,27,99.164,9.0,1.0,,,False,HARD,9.0,True,Audi,1,10.0,True,2,Chinese Grand Prix,True,C2,True,1.074,1.095,3.889,4.082,0.128,0.129,99.635
0 days 01:13:23.518000,HUL,27,113.809,10.0,1.0,,,False,HARD,10.0,True,Audi,124,9.0,False,2,Chinese Grand Prix,True,C2,False,15.719,16.025,18.534,19.453,0.335,0.295,114.339
0 days 01:15:45.516000,HUL,27,141.998,11.0,1.0,,,False,HARD,11.0,True,Audi,4,8.0,False,2,Chinese Grand Prix,True,C2,False,43.908,44.763,46.723,49.04,3.303,2.381,142.587
0 days 01:18:16.434000,HUL,27,,12.0,1.0,,,False,HARD,12.0,True,Audi,4,8.0,False,2,Chinese Grand Prix,True,C2,False,,,,,,,
0 days 01:20:42.042000,HUL,27,145.608,13.0,1.0,,,False,HARD,13.0,True,Audi,41,8.0,False,2,Chinese Grand Prix,True,C2,False,47.518,48.443,50.333,52.829,1.068,0.739,146.315
0 days 01:22:22.987000,HUL,27,100.945,14.0,1.0,,,False,HARD,14.0,True,Audi,1,9.0,True,2,Chinese Grand Prix,True,C2,True,2.855,2.911,5.67,5.951,0.537,0.535,101.711
0 days 01:24:02.185000,HUL,27,99.198,15.0,1.0,,,False,HARD,15.0,True,Audi,1,9.0,True,2,Chinese Grand Prix,True,C2,True,1.108,1.13,3.923,4.118,0.13,0.131,100.023
0 days 01:25:41.751000,HUL,27,99.566,16.0,1.0,,,False,HARD,16.0,True,Audi,1,10.0,True,2,Chinese Grand Prix,True,C2,True,1.476,1.505,4.291,4.504,0.149,0.15,100.45
0 days 01:27:20.986000,HUL,27,99.235,17.0,1.0,,,False,HARD,17.0,True,Audi,12,11.0,True,2,Chinese Grand Prix,True,C2,False,1.145,1.167,3.96,4.156,0.852,0.866,100.178
0 days 01:28:59.860000,HUL,27,98.874,18.0,1.0,,,False,HARD,18.0,True,Audi,21,11.0,True,2,Chinese Grand Prix,True,C2,False,0.784,0.799,3.599,3.777,0.203,0.206,99.876
0 days 01:30:38.242000,HUL,27,98.382,19.0,1.0,,,True,HARD,19.0,True,Audi,1,10.0,True,2,Chinese Grand Prix,True,C2,True,0.292,0.298,3.107,3.261,-0.653,-0.659,99.443
0 days 01:32:17.066000,HUL,27,98.824,20.0,1.0,,,False,HARD,20.0,True,Audi,1,10.0,True,2,Chinese Grand Prix,True,C2,True,0.734,0.748,3.549,3.725,-0.167,-0.169,99.944
0 days 01:33:55.460000,HUL,27,98.394,21.0,1.0,,,False,HARD,21.0,True,Audi,1,10.0,True,2,Chinese Grand Prix,True,C2,True,0.304,0.31,3.119,3.274,-0.739,-0.745,99.573
0 days 01:35:33.903000,HUL,27,98.443,22.0,1.0,,,False,HARD,22.0,True,Audi,1,9.0,True,2,Chinese Grand Prix,True,C2,True,0.353,0.36,3.168,3.325,-0.257,-0.26,99.68
0 days 01:37:13.399000,HUL,27,99.496,23.0,1.0,,,False,HARD,23.0,True,Audi,1,10.0,True,2,Chinese Grand Prix,True,C2,True,1.406,1.433,4.221,4.43,1.059,1.076,100.792
0 days 01:38:52.111000,HUL,27,98.712,24.0,1.0,,,False,HARD,24.0,True,Audi,1,10.0,True,2,Chinese Grand Prix,True,C2,True,0.622,0.634,3.437,3.607,0.166,0.168,100.067
0 days 01:40:30.699000,HUL,27,98.588,25.0,1.0,,,False,HARD,25.0,True,Audi,1,10.0,True,2,Chinese Grand Prix,True,C2,True,0.498,0.508,3.313,3.477,0.02,0.02,100.002
0 days 01:42:09.001000,HUL,27,98.302,26.0,1.0,,,True,HARD,26.0,True,Audi,1,10.0,True,2,Chinese Grand Prix,True,C2,True,0.212,0.216,3.027,3.177,0.232,0.237,99.775
0 days 01:43:46.960000,HUL,27,97.959,27.0,1.0,,,True,HARD,27.0,True,Audi,12,10.0,True,2,Chinese Grand Prix,True,C2,False,-0.131,-0.134,2.684,2.817,-0.329,-0.335,99.491
0 days 01:45:25.110000,HUL,27,98.15,28.0,1.0,,,False,HARD,28.0,True,Audi,21,10.0,True,2,Chinese Grand Prix,True,C2,False,0.06,0.061,2.875,3.018,-0.209,-0.212,99.741
0 days 01:47:03.787000,HUL,27,98.677,29.0,1.0,,,False,HARD,29.0,True,Audi,1,9.0,True,2,Chinese Grand Prix,True,C2,True,0.587,0.598,3.402,3.571,0.482,0.491,100.327
0 days 01:48:41.646000,HUL,27,97.859,30.0,1.0,,,True,HARD,30.0,True,Audi,1,9.0,True,2,Chinese Grand Prix,True,C2,True,-0.231,-0.235,2.584,2.712,-0.047,-0.048,99.568
0 days 01:50:19.408000,HUL,27,97.762,31.0,1.0,,,True,HARD,31.0,True,Audi,1,9.0,True,2,Chinese Grand Prix,True,C2,True,-0.328,-0.334,2.487,2.61,0.064,0.066,99.53
0 days 01:51:57.704000,HUL,27,98.296,32.0,1.0,,,False,HARD,32.0,True,Audi,1,8.0,True,2,Chinese Grand Prix,True,C2,True,0.206,0.21,3.021,3.171,0.536,0.548,100.123
0 days 01:53:36.367000,HUL,27,98.663,33.0,1.0,,,False,HARD,33.0,True,Audi,12,8.0,True,2,Chinese Grand Prix,True,C2,False,0.573,0.584,3.388,3.556,0.842,0.861,100.549
0 days 01:55:14.794000,HUL,27,98.427,34.0,1.0,,,False,HARD,34.0,True,Audi,1,8.0,True,2,Chinese Grand Prix,True,C2,True,0.337,0.344,3.152,3.308,0.703,0.719,100.372
0 days 01:56:59.707000,HUL,27,104.913,35.0,1.0,,0 days 01:56:57.832000,False,HARD,35.0,True,Audi,1,10.0,False,2,Chinese Grand Prix,True,C2,False,6.823,6.956,9.638,10.116,6.975,7.122,106.917
0 days 01:59:11.917000,HUL,27,132.21,36.0,2.0,0 days 01:57:35.057000,,False,MEDIUM,1.0,True,Audi,1,16.0,False,2,Chinese Grand Prix,True,C3,False,34.12,34.784,36.935,38.767,34.73,35.628,134.272
0 days 02:00:48.537000,HUL,27,96.62,37.0,2.0,,,True,MEDIUM,2.0,True,Audi,1,16.0,True,2,Chinese Grand Prix,True,C3,True,-1.47,-1.499,1.345,1.412,-0.576,-0.593,98.741
0 days 02:02:24.717000,HUL,27,96.18,38.0,2.0,,,True,MEDIUM,3.0,True,Audi,1,14.0,True,2,Chinese Grand Prix,True,C3,True,-1.91,-1.947,0.905,0.95,-0.962,-0.99,98.36
0 days 02:04:01.833000,HUL,27,97.116,39.0,2.0,,,False,MEDIUM,4.0,True,Audi,1,14.0,True,2,Chinese Grand Prix,True,C3,True,-0.974,-0.993,1.841,1.932,-0.319,-0.327,99.355
0 days 02:05:38.706000,HUL,27,96.873,40.0,2.0,,,False,MEDIUM,5.0,True,Audi,1,14.0,True,2,Chinese Grand Prix,True,C3,True,-1.217,-1.241,1.598,1.677,-0.659,-0.676,99.171
0 days 02:07:15.331000,HUL,27,96.625,41.0,2.0,,,False,MEDIUM,6.0,True,Audi,1,14.0,True,2,Chinese Grand Prix,True,C3,True,-1.465,-1.494,1.35,1.417,-0.801,-0.822,98.982
0 days 02:08:54.006000,HUL,27,98.675,42.0,2.0,,,False,MEDIUM,7.0,True,Audi,1,14.0,True,2,Chinese Grand Prix,True,C3,True,0.585,0.596,3.4,3.569,1.145,1.174,101.091
0 days 02:10:30.767000,HUL,27,96.761,43.0,2.0,,,False,MEDIUM,8.0,True,Audi,1,12.0,True,2,Chinese Grand Prix,True,C3,True,-1.329,-1.355,1.486,1.56,-0.453,-0.466,99.236
0 days 02:12:07.635000,HUL,27,96.868,44.0,2.0,,,False,MEDIUM,9.0,True,Audi,1,12.0,True,2,Chinese Grand Prix,True,C3,True,-1.222,-1.246,1.593,1.672,-0.216,-0.222,99.402
0 days 02:13:44.536000,HUL,27,96.901,45.0,2.0,,,False,MEDIUM,10.0,True,Audi,1,11.0,True,2,Chinese Grand Prix,True,C3,True,-1.189,-1.212,1.626,1.707,-0.331,-0.34,99.494
0 days 02:15:21.521000,HUL,27,96.985,46.0,2.0,,,False,MEDIUM,11.0,True,Audi,1,11.0,True,2,Chinese Grand Prix,True,C3,True,-1.105,-1.127,1.71,1.795,-0.077,-0.079,99.637
0 days 02:17:00.284000,HUL,27,98.763,47.0,2.0,,,False,MEDIUM,12.0,True,Audi,1,11.0,True,2,Chinese Grand Prix,True,C3,True,0.673,0.686,3.488,3.661,1.362,1.398,101.474
0 days 02:18:37.060000,HUL,27,96.776,48.0,2.0,,,False,MEDIUM,13.0,True,Audi,1,11.0,True,2,Chinese Grand Prix,True,C3,True,-1.314,-1.34,1.501,1.575,-0.234,-0.241,99.546
0 days 02:20:15.124000,HUL,27,98.064,49.0,2.0,,,False,MEDIUM,14.0,True,Audi,1,11.0,True,2,Chinese Grand Prix,True,C3,True,-0.026,-0.027,2.789,2.927,0.607,0.623,100.893
0 days 02:21:52.820000,HUL,27,97.696,50.0,2.0,,,False,MEDIUM,15.0,True,Audi,1,11.0,True,2,Chinese Grand Prix,True,C3,True,-0.394,-0.402,2.421,2.541,0.656,0.676,100.584
0 days 02:23:30.325000,HUL,27,97.505,51.0,2.0,,,False,MEDIUM,16.0,True,Audi,1,11.0,True,2,Chinese Grand Prix,True,C3,True,-0.585,-0.596,2.23,2.341,0.68,0.702,100.451
0 days 02:25:07.939000,HUL,27,97.614,52.0,2.0,,,False,MEDIUM,17.0,True,Audi,12,11.0,True,2,Chinese Grand Prix,True,C3,False,-0.476,-0.485,2.339,2.455,0.29,0.298,100.619
0 days 02:26:45.909000,HUL,27,97.97,53.0,2.0,,,False,MEDIUM,18.0,True,Audi,1,11.0,True,2,Chinese Grand Prix,True,C3,True,-0.12,-0.122,2.695,2.829,0.62,0.637,101.034
0 days 02:28:23.518000,HUL,27,97.609,54.0,2.0,,,False,MEDIUM,19.0,True,Audi,1,11.0,True,2,Chinese Grand Prix,True,C3,True,-0.481,-0.49,2.334,2.45,0.407,0.419,100.732
0 days 02:30:01.089000,HUL,27,97.571,55.0,2.0,,,False,MEDIUM,20.0,True,Audi,1,11.0,True,2,Chinese Grand Prix,True,C3,True,-0.519,-0.529,2.296,2.41,0.405,0.417,100.753
0 days 00:58:12.231000,VER,3,107.91,1.0,1.0,,,False,SOFT,4.0,False,Red Bull Racing,12,13.0,False,2,Chinese Grand Prix,True,C4,False,9.82,10.011,12.635,13.262,1.217,1.141,107.91
0 days 00:59:52.526000,VER,3,100.295,2.0,1.0,,,True,SOFT,5.0,False,Red Bull Racing,1,10.0,True,2,Chinese Grand Prix,True,C4,True,2.205,2.248,5.02,5.269,0.0,0.0,100.354
0 days 01:01:31.606000,VER,3,99.08,3.0,1.0,,,True,SOFT,6.0,False,Red Bull Racing,1,10.0,True,2,Chinese Grand Prix,True,C4,True,0.99,1.009,3.805,3.994,-0.035,-0.035,99.198
0 days 01:03:10.726000,VER,3,99.12,4.0,1.0,,,False,SOFT,7.0,False,Red Bull Racing,1,10.0,True,2,Chinese Grand Prix,True,C4,True,1.03,1.05,3.845,4.036,0.012,0.012,99.297
0 days 01:04:50.308000,VER,3,99.582,5.0,1.0,,,False,SOFT,8.0,False,Red Bull Racing,1,10.0,True,2,Chinese Grand Prix,True,C4,True,1.492,1.521,4.307,4.521,0.252,0.254,99.818
0 days 01:06:29.514000,VER,3,99.206,6.0,1.0,,,False,SOFT,9.0,False,Red Bull Racing,1,10.0,True,2,Chinese Grand Prix,True,C4,True,1.116,1.138,3.931,4.126,0.439,0.444,99.501
0 days 01:08:09.088000,VER,3,99.574,7.0,1.0,,,False,SOFT,10.0,False,Red Bull Racing,1,10.0,True,2,Chinese Grand Prix,True,C4,True,1.484,1.513,4.299,4.512,0.314,0.316,99.928
0 days 01:09:48.553000,VER,3,99.465,8.0,1.0,,,False,SOFT,11.0,False,Red Bull Racing,1,10.0,True,2,Chinese Grand Prix,True,C4,True,1.375,1.402,4.19,4.398,0.233,0.235,99.878
0 days 01:11:34.078000,VER,3,105.525,9.0,1.0,,0 days 01:11:32.287000,False,SOFT,12.0,False,Red Bull Racing,1,12.0,False,2,Chinese Grand Prix,True,C4,False,7.435,7.58,10.25,10.758,6.489,6.552,105.996
0 days 01:13:57.230000,VER,3,143.152,10.0,2.0,0 days 01:11:56.003000,,False,HARD,1.0,True,Red Bull Racing,124,15.0,False,2,Chinese Grand Prix,True,C2,False,45.062,45.939,47.877,50.251,29.678,26.154,143.682
0 days 01:16:12.298000,VER,3,135.068,11.0,2.0,,,False,HARD,2.0,True,Red Bull Racing,4,14.0,False,2,Chinese Grand Prix,True,C2,False,36.978,37.698,39.793,41.766,-3.627,-2.615,135.657
0 days 01:18:21.967000,VER,3,129.669,12.0,2.0,,,False,HARD,3.0,True,Red Bull Racing,4,13.0,False,2,Chinese Grand Prix,True,C2,False,31.579,32.194,34.394,36.1,-11.067,-7.864,130.317
0 days 01:20:44.314000,VER,3,142.347,13.0,2.0,,,False,HARD,4.0,True,Red Bull Racing,41,13.0,False,2,Chinese Grand Prix,True,C2,False,44.257,45.119,47.072,49.406,-2.193,-1.517,143.054
0 days 01:22:23.887000,VER,3,99.573,14.0,2.0,,,False,HARD,5.0,True,Red Bull Racing,1,11.0,True,2,Chinese Grand Prix,True,C2,True,1.483,1.512,4.298,4.511,-0.835,-0.832,100.339
0 days 01:24:02.955000,VER,3,99.068,15.0,2.0,,,True,HARD,6.0,True,Red Bull Racing,1,11.0,True,2,Chinese Grand Prix,True,C2,True,0.978,0.997,3.793,3.981,0.0,0.0,99.893
0 days 01:25:41.908000,VER,3,98.953,16.0,2.0,,,True,HARD,7.0,True,Red Bull Racing,1,11.0,True,2,Chinese Grand Prix,True,C2,True,0.863,0.88,3.678,3.86,-0.464,-0.467,99.837
0 days 01:27:20.175000,VER,3,98.267,17.0,2.0,,,True,HARD,8.0,True,Red Bull Racing,12,10.0,True,2,Chinese Grand Prix,True,C2,False,0.177,0.18,2.992,3.14,-0.116,-0.118,99.21
0 days 01:28:57.525000,VER,3,97.35,18.0,2.0,,,True,HARD,9.0,True,Red Bull Racing,21,9.0,True,2,Chinese Grand Prix,True,C2,False,-0.74,-0.754,2.075,2.178,-1.321,-1.339,98.352
0 days 01:30:36.560000,VER,3,99.035,19.0,2.0,,,False,HARD,10.0,True,Red Bull Racing,1,9.0,True,2,Chinese Grand Prix,True,C2,True,0.945,0.963,3.76,3.946,0.0,0.0,100.096
0 days 01:32:15.091000,VER,3,98.531,20.0,2.0,,,False,HARD,11.0,True,Red Bull Racing,1,8.0,True,2,Chinese Grand Prix,True,C2,True,0.441,0.45,3.256,3.417,-0.46,-0.465,99.651
0 days 01:33:53.859000,VER,3,98.768,21.0,2.0,,,False,HARD,12.0,True,Red Bull Racing,1,7.0,True,2,Chinese Grand Prix,True,C2,True,0.678,0.691,3.493,3.666,-0.365,-0.368,99.947
0 days 01:35:32.006000,VER,3,98.147,22.0,2.0,,,False,HARD,13.0,True,Red Bull Racing,1,6.0,True,2,Chinese Grand Prix,True,C2,True,0.057,0.058,2.872,3.014,-0.553,-0.56,99.384
0 days 01:37:10.045000,VER,3,98.039,23.0,2.0,,,False,HARD,14.0,True,Red Bull Racing,1,6.0,True,2,Chinese Grand Prix,True,C2,True,-0.051,-0.052,2.764,2.901,-0.398,-0.404,99.335
0 days 01:38:47.925000,VER,3,97.88,24.0,2.0,,,False,HARD,15.0,True,Red Bull Racing,1,6.0,True,2,Chinese Grand Prix,True,C2,True,-0.21,-0.214,2.605,2.734,-0.666,-0.676,99.235
0 days 01:40:25.794000,VER,3,97.869,25.0,2.0,,,False,HARD,16.0,True,Red Bull Racing,1,6.0,True,2,Chinese Grand Prix,True,C2,True,-0.221,-0.225,2.594,2.723,-0.699,-0.709,99.283
0 days 01:42:03.174000,VER,3,97.38,26.0,2.0,,,False,HARD,17.0,True,Red Bull Racing,1,6.0,True,2,Chinese Grand Prix,True,C2,True,-0.71,-0.724,2.105,2.209,-0.69,-0.704,98.853
0 days 01:43:40.819000,VER,3,97.645,27.0,2.0,,,False,HARD,18.0,True,Red Bull Racing,1,6.0,True,2,Chinese Grand Prix,True,C2,True,-0.445,-0.454,2.37,2.488,-0.643,-0.654,99.177
0 days 01:45:18.187000,VER,3,97.368,28.0,2.0,,,False,HARD,19.0,True,Red Bull Racing,12,6.0,True,2,Chinese Grand Prix,True,C2,False,-0.722,-0.736,2.093,2.197,-0.991,-1.008,98.959
0 days 01:46:55.859000,VER,3,97.672,29.0,2.0,,,False,HARD,20.0,True,Red Bull Racing,1,6.0,True,2,Chinese Grand Prix,True,C2,True,-0.418,-0.426,2.397,2.516,-0.523,-0.533,99.322
0 days 01:48:33.446000,VER,3,97.587,30.0,2.0,,,False,HARD,21.0,True,Red Bull Racing,1,6.0,True,2,Chinese Grand Prix,True,C2,True,-0.503,-0.513,2.312,2.427,-0.319,-0.326,99.296
0 days 01:50:10.964000,VER,3,97.518,31.0,2.0,,,False,HARD,22.0,True,Red Bull Racing,1,6.0,True,2,Chinese Grand Prix,True,C2,True,-0.572,-0.583,2.243,2.354,-0.18,-0.184,99.286
0 days 01:51:48.724000,VER,3,97.76,32.0,2.0,,,False,HARD,23.0,True,Red Bull Racing,1,6.0,True,2,Chinese Grand Prix,True,C2,True,-0.33,-0.336,2.485,2.608,0.0,0.0,99.587
0 days 01:53:26.105000,VER,3,97.381,33.0,2.0,,,False,HARD,24.0,True,Red Bull Racing,12,6.0,True,2,Chinese Grand Prix,True,C2,False,-0.709,-0.723,2.106,2.21,-0.44,-0.45,99.267
0 days 01:55:03.515000,VER,3,97.41,34.0,2.0,,,False,HARD,25.0,True,Red Bull Racing,1,6.0,True,2,Chinese Grand Prix,True,C2,True,-0.68,-0.693,2.135,2.241,-0.314,-0.321,99.355
0 days 01:56:41.005000,VER,3,97.49,35.0,2.0,,,False,HARD,26.0,True,Red Bull Racing,1,6.0,True,2,Chinese Grand Prix,True,C2,True,-0.6,-0.612,2.215,2.325,-0.448,-0.457,99.494
0 days 01:58:18.234000,VER,3,97.229,36.0,2.0,,,True,HARD,27.0,True,Red Bull Racing,1,6.0,True,2,Chinese Grand Prix,True,C2,True,-0.861,-0.878,1.954,2.051,-0.251,-0.257,99.292
0 days 01:59:55.384000,VER,3,97.15,37.0,2.0,,,True,HARD,28.0,True,Red Bull Racing,1,6.0,True,2,Chinese Grand Prix,True,C2,True,-0.94,-0.958,1.875,1.968,-0.046,-0.047,99.271
0 days 02:01:32.447000,VER,3,97.063,38.0,2.0,,,True,HARD,29.0,True,Red Bull Racing,1,6.0,True,2,Chinese Grand Prix,True,C2,True,-1.027,-1.047,1.788,1.877,-0.079,-0.081,99.243
0 days 02:03:09.493000,VER,3,97.046,39.0,2.0,,,True,HARD,30.0,True,Red Bull Racing,1,6.0,True,2,Chinese Grand Prix,True,C2,True,-1.044,-1.064,1.771,1.859,-0.389,-0.399,99.285
0 days 02:04:46.748000,VER,3,97.255,40.0,2.0,,,False,HARD,31.0,True,Red Bull Racing,1,6.0,True,2,Chinese Grand Prix,True,C2,True,-0.835,-0.851,1.98,2.078,-0.277,-0.284,99.553
0 days 02:06:24.153000,VER,3,97.405,41.0,2.0,,,False,HARD,32.0,True,Red Bull Racing,1,6.0,True,2,Chinese Grand Prix,True,C2,True,-0.685,-0.698,2.13,2.236,-0.021,-0.022,99.762
0 days 02:08:01.536000,VER,3,97.383,42.0,2.0,,,False,HARD,33.0,True,Red Bull Racing,1,6.0,True,2,Chinese Grand Prix,True,C2,True,-0.707,-0.721,2.108,2.213,-0.147,-0.151,99.799
0 days 02:09:38.659000,VER,3,97.123,43.0,2.0,,,False,HARD,34.0,True,Red Bull Racing,1,6.0,True,2,Chinese Grand Prix,True,C2,True,-0.967,-0.986,1.848,1.94,-0.091,-0.094,99.598
0 days 02:11:15.751000,VER,3,97.092,44.0,2.0,,,False,HARD,35.0,True,Red Bull Racing,1,6.0,True,2,Chinese Grand Prix,True,C2,True,-0.998,-1.017,1.817,1.907,0.008,0.008,99.626
0 days 02:13:50.686000,VER,3,,45.0,2.0,,0 days 02:13:48.930000,False,HARD,36.0,True,Red Bull Racing,1,13.0,False,2,Chinese Grand Prix,True,C2,False,,,,,,,
0 days 00:58:10.396000,LAW,30,106.084,1.0,1.0,,,False,MEDIUM,1.0,True,Racing Bulls,12,7.0,False,2,Chinese Grand Prix,True,C3,False,7.994,8.15,10.809,11.345,-0.609,-0.571,106.084
0 days 00:59:50.194000,LAW,30,99.798,2.0,1.0,,,True,MEDIUM,2.0,True,Racing Bulls,1,7.0,True,2,Chinese Grand Prix,True,C3,True,1.708,1.741,4.523,4.747,-0.497,-0.496,99.857
0 days 01:01:29.141000,LAW,30,98.947,3.0,1.0,,,True,MEDIUM,3.0,True,Racing Bulls,1,7.0,True,2,Chinese Grand Prix,True,C3,True,0.857,0.874,3.672,3.854,-0.168,-0.17,99.065
0 days 01:03:08.255000,LAW,30,99.114,4.0,1.0,,,False,MEDIUM,4.0,True,Racing Bulls,1,7.0,True,2,Chinese Grand Prix,True,C3,True,1.024,1.044,3.839,4.029,0.006,0.006,99.291
0 days 01:04:48.310000,LAW,30,100.055,5.0,1.0,,,False,MEDIUM,5.0,True,Racing Bulls,1,8.0,True,2,Chinese Grand Prix,True,C3,True,1.965,2.003,4.78,5.017,0.725,0.73,100.291
0 days 01:06:27.820000,LAW,30,99.51,6.0,1.0,,,False,MEDIUM,6.0,True,Racing Bulls,1,8.0,True,2,Chinese Grand Prix,True,C3,True,1.42,1.448,4.235,4.445,0.743,0.752,99.805
0 days 01:08:07.529000,LAW,30,99.709,7.0,1.0,,,False,MEDIUM,7.0,True,Racing Bulls,1,8.0,True,2,Chinese Grand Prix,True,C3,True,1.619,1.651,4.434,4.654,0.449,0.452,100.063
0 days 01:09:47.407000,LAW,30,99.878,8.0,1.0,,,False,MEDIUM,8.0,True,Racing Bulls,1,8.0,True,2,Chinese Grand Prix,True,C3,True,1.788,1.823,4.603,4.831,0.646,0.651,100.29
0 days 01:11:33.586000,LAW,30,106.179,9.0,1.0,,0 days 01:11:31.865000,False,MEDIUM,9.0,True,Racing Bulls,1,11.0,False,2,Chinese Grand Prix,True,C3,False,8.089,8.247,10.904,11.445,7.143,7.213,106.65
0 days 01:13:55.724000,LAW,30,142.138,10.0,2.0,0 days 01:11:54.818000,,False,HARD,1.0,True,Racing Bulls,124,14.0,False,2,Chinese Grand Prix,True,C2,False,44.048,44.906,46.863,49.187,28.664,25.26,142.668
0 days 01:16:10.893000,LAW,30,135.169,11.0,2.0,,,False,HARD,2.0,True,Racing Bulls,4,13.0,False,2,Chinese Grand Prix,True,C2,False,37.079,37.801,39.894,41.872,-3.526,-2.542,135.758
0 days 01:18:21.477000,LAW,30,130.584,12.0,2.0,,,False,HARD,3.0,True,Racing Bulls,4,12.0,False,2,Chinese Grand Prix,True,C2,False,32.494,33.127,35.309,37.06,-10.152,-7.214,131.232
0 days 01:20:43.894000,LAW,30,142.417,13.0,2.0,,,False,HARD,4.0,True,Racing Bulls,41,12.0,False,2,Chinese Grand Prix,True,C2,False,44.327,45.19,47.142,49.48,-2.123,-1.469,143.124
0 days 01:22:24.673000,LAW,30,100.779,14.0,2.0,,,False,HARD,5.0,True,Racing Bulls,1,12.0,True,2,Chinese Grand Prix,True,C2,True,2.689,2.741,5.504,5.777,0.371,0.369,101.545
0 days 01:24:03.693000,LAW,30,99.02,15.0,2.0,,,False,HARD,6.0,True,Racing Bulls,1,12.0,True,2,Chinese Grand Prix,True,C2,True,0.93,0.948,3.745,3.931,-0.048,-0.048,99.845
0 days 01:25:43.130000,LAW,30,99.437,16.0,2.0,,,False,HARD,7.0,True,Racing Bulls,1,12.0,True,2,Chinese Grand Prix,True,C2,True,1.347,1.373,4.162,4.368,0.02,0.02,100.321
0 days 01:27:22.039000,LAW,30,98.909,17.0,2.0,,,True,HARD,8.0,True,Racing Bulls,12,12.0,True,2,Chinese Grand Prix,True,C2,False,0.819,0.835,3.634,3.814,0.526,0.535,99.852
0 days 01:29:00.748000,LAW,30,98.709,18.0,2.0,,,True,HARD,9.0,True,Racing Bulls,21,12.0,True,2,Chinese Grand Prix,True,C2,False,0.619,0.631,3.434,3.604,0.038,0.039,99.711
0 days 01:30:39.737000,LAW,30,98.989,19.0,2.0,,,False,HARD,10.0,True,Racing Bulls,1,12.0,True,2,Chinese Grand Prix,True,C2,True,0.899,0.917,3.714,3.898,-0.046,-0.046,100.05
0 days 01:32:18.924000,LAW,30,99.187,20.0,2.0,,,False,HARD,11.0,True,Racing Bulls,1,12.0,True,2,Chinese Grand Prix,True,C2,True,1.097,1.118,3.912,4.106,0.196,0.198,100.307
0 days 01:33:57.415000,LAW,30,98.491,21.0,2.0,,,True,HARD,12.0,True,Racing Bulls,1,11.0,True,2,Chinese Grand Prix,True,C2,True,0.401,0.409,3.216,3.375,-0.642,-0.648,99.67
0 days 01:35:36.215000,LAW,30,98.8,22.0,2.0,,,False,HARD,13.0,True,Racing Bulls,1,11.0,True,2,Chinese Grand Prix,True,C2,True,0.71,0.724,3.525,3.7,0.1,0.101,100.038
0 days 01:37:14.767000,LAW,30,98.552,23.0,2.0,,,False,HARD,14.0,True,Racing Bulls,1,11.0,True,2,Chinese Grand Prix,True,C2,True,0.462,0.471,3.277,3.44,0.115,0.117,99.848
0 days 01:38:53.313000,LAW,30,98.546,24.0,2.0,,,False,HARD,15.0,True,Racing Bulls,1,11.0,True,2,Chinese Grand Prix,True,C2,True,0.456,0.465,3.271,3.433,0.0,0.0,99.901
0 days 01:40:31.912000,LAW,30,98.599,25.0,2.0,,,False,HARD,16.0,True,Racing Bulls,1,11.0,True,2,Chinese Grand Prix,True,C2,True,0.509,0.519,3.324,3.489,0.031,0.031,100.013
0 days 01:42:10.357000,LAW,30,98.445,26.0,2.0,,,True,HARD,17.0,True,Racing Bulls,1,11.0,True,2,Chinese Grand Prix,True,C2,True,0.355,0.362,3.17,3.327,0.375,0.382,99.918
0 days 01:43:48.715000,LAW,30,98.358,27.0,2.0,,,True,HARD,18.0,True,Racing Bulls,12,11.0,True,2,Chinese Grand Prix,True,C2,False,0.268,0.273,3.083,3.236,0.07,0.071,99.89
0 days 01:45:27.104000,LAW,30,98.389,28.0,2.0,,,False,HARD,19.0,True,Racing Bulls,21,11.0,True,2,Chinese Grand Prix,True,C2,False,0.299,0.305,3.114,3.268,0.03,0.031,99.98
0 days 01:47:05.412000,LAW,30,98.308,29.0,2.0,,,True,HARD,20.0,True,Racing Bulls,1,10.0,True,2,Chinese Grand Prix,True,C2,True,0.218,0.222,3.033,3.183,0.113,0.115,99.958
0 days 01:48:43.306000,LAW,30,97.894,30.0,2.0,,,True,HARD,21.0,True,Racing Bulls,1,10.0,True,2,Chinese Grand Prix,True,C2,True,-0.196,-0.2,2.619,2.749,-0.012,-0.012,99.603
0 days 01:50:21.390000,LAW,30,98.084,31.0,2.0,,,False,HARD,22.0,True,Racing Bulls,1,10.0,True,2,Chinese Grand Prix,True,C2,True,-0.006,-0.006,2.809,2.948,0.386,0.395,99.852
0 days 01:51:59.349000,LAW,30,97.959,32.0,2.0,,,False,HARD,23.0,True,Racing Bulls,1,9.0,True,2,Chinese Grand Prix,True,C2,True,-0.131,-0.134,2.684,2.817,0.199,0.204,99.786
0 days 01:53:37.247000,LAW,30,97.898,33.0,2.0,,,False,HARD,24.0,True,Racing Bulls,12,9.0,True,2,Chinese Grand Prix,True,C2,False,-0.192,-0.196,2.623,2.753,0.077,0.079,99.784
0 days 01:55:15.471000,LAW,30,98.224,34.0,2.0,,,False,HARD,25.0,True,Racing Bulls,1,9.0,True,2,Chinese Grand Prix,True,C2,True,0.134,0.137,2.949,3.095,0.5,0.512,100.169
0 days 01:56:53.480000,LAW,30,98.009,35.0,2.0,,,False,HARD,26.0,True,Racing Bulls,1,8.0,True,2,Chinese Grand Prix,True,C2,True,-0.081,-0.083,2.734,2.87,0.071,0.072,100.013
0 days 01:58:31.461000,LAW,30,97.981,36.0,2.0,,,False,HARD,27.0,True,Racing Bulls,1,8.0,True,2,Chinese Grand Prix,True,C2,True,-0.109,-0.111,2.706,2.84,0.501,0.514,100.044
0 days 02:00:09.433000,LAW,30,97.972,37.0,2.0,,,False,HARD,28.0,True,Racing Bulls,1,8.0,True,2,Chinese Grand Prix,True,C2,True,-0.118,-0.12,2.697,2.831,0.776,0.798,100.093
0 days 02:01:47.001000,LAW,30,97.568,38.0,2.0,,,True,HARD,29.0,True,Racing Bulls,1,8.0,True,2,Chinese Grand Prix,True,C2,True,-0.522,-0.532,2.293,2.407,0.426,0.439,99.748
0 days 02:03:24.764000,LAW,30,97.763,39.0,2.0,,,False,HARD,30.0,True,Racing Bulls,1,8.0,True,2,Chinese Grand Prix,True,C2,True,-0.327,-0.333,2.488,2.611,0.328,0.337,100.002
0 days 02:05:02.574000,LAW,30,97.81,40.0,2.0,,,False,HARD,31.0,True,Racing Bulls,1,8.0,True,2,Chinese Grand Prix,True,C2,True,-0.28,-0.285,2.535,2.661,0.278,0.285,100.108
0 days 02:06:40.190000,LAW,30,97.616,41.0,2.0,,,False,HARD,32.0,True,Racing Bulls,1,8.0,True,2,Chinese Grand Prix,True,C2,True,-0.474,-0.483,2.341,2.457,0.19,0.195,99.973
0 days 02:08:17.746000,LAW,30,97.556,42.0,2.0,,,True,HARD,33.0,True,Racing Bulls,1,8.0,True,2,Chinese Grand Prix,True,C2,True,-0.534,-0.544,2.281,2.394,0.026,0.027,99.972
0 days 02:09:55.307000,LAW,30,97.561,43.0,2.0,,,False,HARD,34.0,True,Racing Bulls,1,8.0,True,2,Chinese Grand Prix,True,C2,True,-0.529,-0.539,2.286,2.399,0.347,0.357,100.036
0 days 02:11:32.661000,LAW,30,97.354,44.0,2.0,,,True,HARD,35.0,True,Racing Bulls,1,8.0,True,2,Chinese Grand Prix,True,C2,True,-0.736,-0.75,2.079,2.182,0.27,0.278,99.888
0 days 02:13:10.208000,LAW,30,97.547,45.0,2.0,,,False,HARD,36.0,True,Racing Bulls,1,7.0,True,2,Chinese Grand Prix,True,C2,True,-0.543,-0.554,2.272,2.385,0.315,0.324,100.14
0 days 02:14:47.577000,LAW,30,97.369,46.0,2.0,,,False,HARD,37.0,True,Racing Bulls,1,7.0,True,2,Chinese Grand Prix,True,C2,True,-0.721,-0.735,2.094,2.198,0.307,0.316,100.021
0 days 02:16:24.875000,LAW,30,97.298,47.0,2.0,,,True,HARD,38.0,True,Racing Bulls,1,7.0,True,2,Chinese Grand Prix,True,C2,True,-0.792,-0.807,2.023,2.123,-0.103,-0.106,100.009
0 days 02:18:02.318000,LAW,30,97.443,48.0,2.0,,,False,HARD,39.0,True,Racing Bulls,1,7.0,True,2,Chinese Grand Prix,True,C2,True,-0.647,-0.66,2.168,2.276,0.433,0.446,100.213
0 days 02:19:39.775000,LAW,30,97.457,49.0,2.0,,,False,HARD,40.0,True,Racing Bulls,1,7.0,True,2,Chinese Grand Prix,True,C2,True,-0.633,-0.645,2.182,2.29,0.0,0.0,100.286
0 days 02:21:16.976000,LAW,30,97.201,50.0,2.0,,,True,HARD,41.0,True,Racing Bulls,1,7.0,True,2,Chinese Grand Prix,True,C2,True,-0.889,-0.906,1.926,2.022,0.161,0.166,100.088
0 days 02:22:54.369000,LAW,30,97.393,51.0,2.0,,,False,HARD,42.0,True,Racing Bulls,1,7.0,True,2,Chinese Grand Prix,True,C2,True,-0.697,-0.711,2.118,2.223,0.568,0.587,100.339
0 days 02:24:31.693000,LAW,30,97.324,52.0,2.0,,,False,HARD,43.0,True,Racing Bulls,1,7.0,True,2,Chinese Grand Prix,True,C2,True,-0.766,-0.781,2.049,2.151,0.0,0.0,100.329
0 days 02:26:09.043000,LAW,30,97.35,53.0,2.0,,,False,HARD,44.0,True,Racing Bulls,12,7.0,True,2,Chinese Grand Prix,True,C2,False,-0.74,-0.754,2.075,2.178,0.0,0.0,100.414
0 days 02:27:46.245000,LAW,30,97.202,54.0,2.0,,,False,HARD,45.0,True,Racing Bulls,1,7.0,True,2,Chinese Grand Prix,True,C2,True,-0.888,-0.905,1.927,2.023,0.0,0.0,100.325
0 days 02:29:23.411000,LAW,30,97.166,55.0,2.0,,,True,HARD,46.0,True,Racing Bulls,1,7.0,True,2,Chinese Grand Prix,True,C2,True,-0.924,-0.942,1.891,1.985,0.0,0.0,100.348
0 days 02:31:00.507000,LAW,30,97.096,56.0,2.0,,,True,HARD,47.0,True,Racing Bulls,1,7.0,True,2,Chinese Grand Prix,True,C2,True,-0.994,-1.013,1.821,1.911,0.597,0.619,100.337
0 days 00:58:11.005000,OCO,31,106.693,1.0,1.0,,,False,HARD,1.0,True,Haas F1 Team,12,9.0,False,2,Chinese Grand Prix,True,C2,False,8.603,8.771,11.418,11.984,0.0,0.0,106.693
0 days 00:59:50.741000,OCO,31,99.736,2.0,1.0,,,True,HARD,2.0,True,Haas F1 Team,1,8.0,True,2,Chinese Grand Prix,True,C2,True,1.646,1.678,4.461,4.682,-0.559,-0.557,99.795
0 days 01:01:29.823000,OCO,31,99.082,3.0,1.0,,,True,HARD,3.0,True,Haas F1 Team,1,8.0,True,2,Chinese Grand Prix,True,C2,True,0.992,1.011,3.807,3.996,-0.033,-0.033,99.2
0 days 01:03:08.925000,OCO,31,99.102,4.0,1.0,,,False,HARD,4.0,True,Haas F1 Team,1,8.0,True,2,Chinese Grand Prix,True,C2,True,1.012,1.032,3.827,4.017,-0.006,-0.006,99.279
0 days 01:04:47.771000,OCO,31,98.846,5.0,1.0,,,True,HARD,5.0,True,Haas F1 Team,1,7.0,True,2,Chinese Grand Prix,True,C2,True,0.756,0.771,3.571,3.748,-0.484,-0.487,99.082
0 days 01:06:26.529000,OCO,31,98.758,6.0,1.0,,,True,HARD,6.0,True,Haas F1 Team,1,7.0,True,2,Chinese Grand Prix,True,C2,True,0.668,0.681,3.483,3.656,-0.009,-0.009,99.053
0 days 01:08:05.615000,OCO,31,99.086,7.0,1.0,,,False,HARD,7.0,True,Haas F1 Team,1,7.0,True,2,Chinese Grand Prix,True,C2,True,0.996,1.015,3.811,4.0,-0.174,-0.175,99.44
0 days 01:09:44.630000,OCO,31,99.015,8.0,1.0,,,False,HARD,8.0,True,Haas F1 Team,1,7.0,True,2,Chinese Grand Prix,True,C2,True,0.925,0.943,3.74,3.925,-0.217,-0.219,99.428
0 days 01:11:23.648000,OCO,31,99.018,9.0,1.0,,,False,HARD,9.0,True,Haas F1 Team,1,7.0,True,2,Chinese Grand Prix,True,C2,True,0.928,0.946,3.743,3.929,-0.018,-0.018,99.489
0 days 01:13:16.023000,OCO,31,112.375,10.0,1.0,,,False,HARD,10.0,True,Haas F1 Team,124,7.0,False,2,Chinese Grand Prix,True,C2,False,14.285,14.563,17.1,17.948,-1.099,-0.969,112.905
0 days 01:15:40.267000,OCO,31,144.244,11.0,1.0,,,False,HARD,11.0,True,Haas F1 Team,4,3.0,False,2,Chinese Grand Prix,True,C2,False,46.154,47.053,48.969,51.398,5.549,4.001,144.833
0 days 01:18:10.121000,OCO,31,149.854,12.0,1.0,,,False,HARD,12.0,True,Haas F1 Team,4,3.0,False,2,Chinese Grand Prix,True,C2,False,51.764,52.772,54.579,57.286,9.118,6.479,150.502
0 days 01:20:40.091000,OCO,31,149.97,13.0,1.0,,,False,HARD,13.0,True,Haas F1 Team,41,3.0,False,2,Chinese Grand Prix,True,C2,False,51.88,52.89,54.695,57.408,5.43,3.757,150.677
0 days 01:22:20.416000,OCO,31,100.325,14.0,1.0,,,False,HARD,14.0,True,Haas F1 Team,1,4.0,True,2,Chinese Grand Prix,True,C2,True,2.235,2.279,5.05,5.3,-0.083,-0.083,101.091
0 days 01:23:59.459000,OCO,31,99.043,15.0,1.0,,,False,HARD,15.0,True,Haas F1 Team,1,5.0,True,2,Chinese Grand Prix,True,C2,True,0.953,0.972,3.768,3.955,-0.025,-0.025,99.868
0 days 01:25:38.876000,OCO,31,99.417,16.0,1.0,,,False,HARD,16.0,True,Haas F1 Team,1,6.0,True,2,Chinese Grand Prix,True,C2,True,1.327,1.353,4.142,4.347,0.0,0.0,100.301
0 days 01:27:17.233000,OCO,31,98.357,17.0,1.0,,,True,HARD,17.0,True,Haas F1 Team,1,6.0,True,2,Chinese Grand Prix,True,C2,True,0.267,0.272,3.082,3.235,-0.026,-0.026,99.3
0 days 01:28:55.904000,OCO,31,98.671,18.0,1.0,,,False,HARD,18.0,True,Haas F1 Team,12,6.0,True,2,Chinese Grand Prix,True,C2,False,0.581,0.592,3.396,3.564,0.0,0.0,99.673
0 days 01:30:35.815000,OCO,31,99.911,19.0,1.0,,,False,HARD,19.0,True,Haas F1 Team,1,7.0,True,2,Chinese Grand Prix,True,C2,True,1.821,1.856,4.636,4.866,0.876,0.885,100.972
0 days 01:32:14.806000,OCO,31,98.991,20.0,1.0,,,False,HARD,20.0,True,Haas F1 Team,1,7.0,True,2,Chinese Grand Prix,True,C2,True,0.901,0.919,3.716,3.9,0.0,0.0,100.111
0 days 01:33:54.628000,OCO,31,99.822,21.0,1.0,,,False,HARD,21.0,True,Haas F1 Team,1,8.0,True,2,Chinese Grand Prix,True,C2,True,1.732,1.766,4.547,4.773,0.689,0.695,101.001
0 days 01:35:33.328000,OCO,31,98.7,22.0,1.0,,,False,HARD,22.0,True,Haas F1 Team,1,8.0,True,2,Chinese Grand Prix,True,C2,True,0.61,0.622,3.425,3.595,0.0,0.0,99.938
0 days 01:37:11.662000,OCO,31,98.334,23.0,1.0,,,True,HARD,23.0,True,Haas F1 Team,1,8.0,True,2,Chinese Grand Prix,True,C2,True,0.244,0.249,3.059,3.211,-0.103,-0.105,99.63
0 days 01:38:50.512000,OCO,31,98.85,24.0,1.0,,,False,HARD,24.0,True,Haas F1 Team,1,8.0,True,2,Chinese Grand Prix,True,C2,True,0.76,0.775,3.575,3.752,0.304,0.308,100.205
0 days 01:40:28.843000,OCO,31,98.331,25.0,1.0,,,True,HARD,25.0,True,Haas F1 Team,1,8.0,True,2,Chinese Grand Prix,True,C2,True,0.241,0.246,3.056,3.208,-0.237,-0.24,99.745
0 days 01:42:06.668000,OCO,31,97.825,26.0,1.0,,,True,HARD,26.0,True,Haas F1 Team,1,8.0,True,2,Chinese Grand Prix,True,C2,True,-0.265,-0.27,2.55,2.676,-0.245,-0.25,99.298
0 days 01:43:44.789000,OCO,31,98.121,27.0,1.0,,,False,HARD,27.0,True,Haas F1 Team,12,8.0,True,2,Chinese Grand Prix,True,C2,False,0.031,0.032,2.846,2.987,-0.167,-0.17,99.653
0 days 01:45:23.458000,OCO,31,98.669,28.0,1.0,,,False,HARD,28.0,True,Haas F1 Team,21,7.0,True,2,Chinese Grand Prix,True,C2,False,0.579,0.59,3.394,3.562,0.31,0.315,100.26
0 days 01:47:08.025000,OCO,31,104.567,29.0,1.0,,0 days 01:47:06.330000,False,HARD,29.0,True,Haas F1 Team,1,12.0,False,2,Chinese Grand Prix,True,C2,False,6.477,6.603,9.292,9.753,6.372,6.489,106.217
0 days 01:49:07.021000,OCO,31,118.996,30.0,2.0,0 days 01:47:32.275000,,False,MEDIUM,1.0,True,Haas F1 Team,1,15.0,False,2,Chinese Grand Prix,True,C3,False,20.906,21.313,23.721,24.897,21.09,21.541,120.705
0 days 01:50:43.947000,OCO,31,96.926,31.0,2.0,,,True,MEDIUM,2.0,True,Haas F1 Team,1,14.0,True,2,Chinese Grand Prix,True,C3,True,-1.164,-1.187,1.651,1.733,-0.772,-0.79,98.694
0 days 01:52:21.051000,OCO,31,97.104,32.0,2.0,,,False,MEDIUM,3.0,True,Haas F1 Team,1,14.0,True,2,Chinese Grand Prix,True,C3,True,-0.986,-1.005,1.829,1.92,-0.656,-0.671,98.931
0 days 01:54:09.468000,OCO,31,108.417,33.0,2.0,,,False,MEDIUM,4.0,True,Haas F1 Team,12,16.0,True,2,Chinese Grand Prix,True,C3,False,10.327,10.528,13.142,13.794,10.596,10.832,110.303
0 days 01:55:47.942000,OCO,31,98.474,34.0,2.0,,,False,MEDIUM,5.0,True,Haas F1 Team,1,15.0,True,2,Chinese Grand Prix,True,C3,True,0.384,0.391,3.199,3.358,0.75,0.767,100.419
0 days 01:57:25.979000,OCO,31,98.037,35.0,2.0,,,False,MEDIUM,6.0,True,Haas F1 Team,1,15.0,True,2,Chinese Grand Prix,True,C3,True,-0.053,-0.054,2.762,2.899,0.099,0.101,100.041
0 days 01:59:04.796000,OCO,31,98.817,36.0,2.0,,,False,MEDIUM,7.0,True,Haas F1 Team,1,13.0,True,2,Chinese Grand Prix,True,C3,True,0.727,0.741,3.542,3.718,1.337,1.372,100.88
0 days 02:00:42.626000,OCO,31,97.83,37.0,2.0,,,False,MEDIUM,8.0,True,Haas F1 Team,1,13.0,True,2,Chinese Grand Prix,True,C3,True,-0.26,-0.265,2.555,2.682,0.634,0.652,99.951
0 days 02:02:20.320000,OCO,31,97.694,38.0,2.0,,,False,MEDIUM,9.0,True,Haas F1 Team,1,13.0,True,2,Chinese Grand Prix,True,C3,True,-0.396,-0.404,2.419,2.539,0.552,0.568,99.874
0 days 02:03:58.337000,OCO,31,98.017,39.0,2.0,,,False,MEDIUM,10.0,True,Haas F1 Team,1,13.0,True,2,Chinese Grand Prix,True,C3,True,-0.073,-0.074,2.742,2.878,0.582,0.597,100.256
0 days 02:05:36.405000,OCO,31,98.068,40.0,2.0,,,False,MEDIUM,11.0,True,Haas F1 Team,1,13.0,True,2,Chinese Grand Prix,True,C3,True,-0.022,-0.022,2.793,2.932,0.536,0.55,100.366
0 days 02:07:14.306000,OCO,31,97.901,41.0,2.0,,,False,MEDIUM,12.0,True,Haas F1 Team,1,13.0,True,2,Chinese Grand Prix,True,C3,True,-0.189,-0.193,2.626,2.756,0.475,0.488,100.258
0 days 02:08:52.320000,OCO,31,98.014,42.0,2.0,,,False,MEDIUM,13.0,True,Haas F1 Team,1,13.0,True,2,Chinese Grand Prix,True,C3,True,-0.076,-0.077,2.739,2.875,0.484,0.496,100.43
0 days 02:10:32.078000,OCO,31,99.758,43.0,2.0,,,False,MEDIUM,14.0,True,Haas F1 Team,1,13.0,True,2,Chinese Grand Prix,True,C3,True,1.668,1.7,4.483,4.705,2.544,2.617,102.233
0 days 02:12:09.924000,OCO,31,97.846,44.0,2.0,,,False,MEDIUM,15.0,True,Haas F1 Team,1,13.0,True,2,Chinese Grand Prix,True,C3,True,-0.244,-0.249,2.571,2.699,0.762,0.785,100.38
0 days 02:13:49.070000,OCO,31,99.146,45.0,2.0,,,False,MEDIUM,16.0,True,Haas F1 Team,1,12.0,True,2,Chinese Grand Prix,True,C3,True,1.056,1.077,3.871,4.063,1.914,1.968,101.739
0 days 02:15:32.620000,OCO,31,103.55,46.0,2.0,,0 days 02:15:30.912000,False,MEDIUM,17.0,True,Haas F1 Team,1,13.0,False,2,Chinese Grand Prix,True,C3,False,5.46,5.566,8.275,8.685,6.488,6.684,106.202
0 days 02:17:53.507000,OCO,31,140.887,47.0,3.0,0 days 02:16:18.022000,,False,SOFT,1.0,True,Haas F1 Team,1,15.0,False,2,Chinese Grand Prix,True,C4,False,42.797,43.63,45.612,47.874,43.486,44.646,143.598
0 days 02:19:29.968000,OCO,31,96.461,48.0,3.0,,,True,SOFT,2.0,True,Haas F1 Team,1,15.0,True,2,Chinese Grand Prix,True,C4,True,-1.629,-1.661,1.186,1.245,-0.549,-0.566,99.231
0 days 02:21:06.714000,OCO,31,96.746,49.0,3.0,,,False,SOFT,3.0,True,Haas F1 Team,1,15.0,True,2,Chinese Grand Prix,True,C4,True,-1.344,-1.37,1.471,1.544,-0.711,-0.73,99.575
0 days 02:22:43.141000,OCO,31,96.427,50.0,3.0,,,True,SOFT,4.0,True,Haas F1 Team,1,15.0,True,2,Chinese Grand Prix,True,C4,True,-1.663,-1.695,1.152,1.209,-0.613,-0.632,99.315
0 days 02:24:19.617000,OCO,31,96.476,51.0,3.0,,,False,SOFT,5.0,True,Haas F1 Team,1,15.0,True,2,Chinese Grand Prix,True,C4,True,-1.614,-1.645,1.201,1.261,-0.349,-0.36,99.422
0 days 02:25:57.288000,OCO,31,97.671,52.0,3.0,,,False,SOFT,6.0,True,Haas F1 Team,12,14.0,True,2,Chinese Grand Prix,True,C4,False,-0.419,-0.427,2.396,2.515,0.347,0.357,100.676
0 days 02:27:33.930000,OCO,31,96.642,53.0,3.0,,,False,SOFT,7.0,True,Haas F1 Team,1,14.0,True,2,Chinese Grand Prix,True,C4,True,-1.448,-1.476,1.367,1.435,-0.708,-0.727,99.706
0 days 02:29:09.894000,OCO,31,95.964,54.0,3.0,,,True,SOFT,8.0,True,Haas F1 Team,1,14.0,True,2,Chinese Grand Prix,True,C4,True,-2.126,-2.167,0.689,0.723,-1.238,-1.274,99.087
0 days 02:30:46.175000,OCO,31,96.281,55.0,3.0,,,False,SOFT,9.0,True,Haas F1 Team,1,14.0,True,2,Chinese Grand Prix,True,C4,True,-1.809,-1.844,1.006,1.056,-0.885,-0.911,99.463
0 days 00:58:10.825000,LIN,41,106.513,1.0,1.0,,,False,HARD,1.0,True,Racing Bulls,12,8.0,False,2,Chinese Grand Prix,True,C2,False,8.423,8.587,11.238,11.795,-0.18,-0.169,106.513
0 days 00:59:51.874000,LIN,41,101.049,2.0,1.0,,,True,HARD,2.0,True,Racing Bulls,1,9.0,True,2,Chinese Grand Prix,True,C2,True,2.959,3.017,5.774,6.06,0.754,0.752,101.108
0 days 01:01:31.182000,LIN,41,99.308,3.0,1.0,,,True,HARD,3.0,True,Racing Bulls,1,9.0,True,2,Chinese Grand Prix,True,C2,True,1.218,1.242,4.033,4.233,0.193,0.195,99.426
0 days 01:03:10.480000,LIN,41,99.298,4.0,1.0,,,True,HARD,4.0,True,Racing Bulls,1,9.0,True,2,Chinese Grand Prix,True,C2,True,1.208,1.232,4.023,4.223,0.19,0.192,99.475
0 days 01:04:49.875000,LIN,41,99.395,5.0,1.0,,,False,HARD,5.0,True,Racing Bulls,1,9.0,True,2,Chinese Grand Prix,True,C2,True,1.305,1.33,4.12,4.324,0.065,0.065,99.631
0 days 01:06:29.238000,LIN,41,99.363,6.0,1.0,,,False,HARD,6.0,True,Racing Bulls,1,9.0,True,2,Chinese Grand Prix,True,C2,True,1.273,1.298,4.088,4.291,0.596,0.603,99.658
0 days 01:08:08.436000,LIN,41,99.198,7.0,1.0,,,True,HARD,7.0,True,Racing Bulls,1,9.0,True,2,Chinese Grand Prix,True,C2,True,1.108,1.13,3.923,4.118,-0.062,-0.062,99.552
0 days 01:09:47.886000,LIN,41,99.45,8.0,1.0,,,False,HARD,8.0,True,Racing Bulls,1,9.0,True,2,Chinese Grand Prix,True,C2,True,1.36,1.386,4.175,4.382,0.218,0.22,99.862
0 days 01:11:27.745000,LIN,41,99.859,9.0,1.0,,,False,HARD,9.0,True,Racing Bulls,1,8.0,True,2,Chinese Grand Prix,True,C2,True,1.769,1.803,4.584,4.811,0.823,0.831,100.33
0 days 01:13:20.883000,LIN,41,113.138,10.0,1.0,,,False,HARD,10.0,True,Racing Bulls,124,8.0,False,2,Chinese Grand Prix,True,C2,False,15.048,15.341,17.863,18.749,-0.336,-0.296,113.668
0 days 01:15:43.939000,LIN,41,143.056,11.0,1.0,,,False,HARD,11.0,True,Racing Bulls,4,6.0,False,2,Chinese Grand Prix,True,C2,False,44.966,45.842,47.781,50.151,4.361,3.144,143.645
0 days 01:18:13.763000,LIN,41,149.824,12.0,1.0,,,False,HARD,12.0,True,Racing Bulls,4,6.0,False,2,Chinese Grand Prix,True,C2,False,51.734,52.741,54.549,57.254,9.088,6.457,150.472
0 days 01:20:41.334000,LIN,41,147.571,13.0,1.0,,,False,HARD,13.0,True,Racing Bulls,41,6.0,False,2,Chinese Grand Prix,True,C2,False,49.481,50.444,52.296,54.89,3.031,2.097,148.278
0 days 01:22:22.207000,LIN,41,100.873,14.0,1.0,,,False,HARD,14.0,True,Racing Bulls,1,7.0,True,2,Chinese Grand Prix,True,C2,True,2.783,2.837,5.598,5.876,0.465,0.463,101.639
0 days 01:24:01.291000,LIN,41,99.084,15.0,1.0,,,True,HARD,15.0,True,Racing Bulls,1,7.0,True,2,Chinese Grand Prix,True,C2,True,0.994,1.013,3.809,3.998,0.016,0.016,99.909
0 days 01:25:40.619000,LIN,41,99.328,16.0,1.0,,,False,HARD,16.0,True,Racing Bulls,1,8.0,True,2,Chinese Grand Prix,True,C2,True,1.238,1.262,4.053,4.254,-0.089,-0.09,100.212
0 days 01:27:19.906000,LIN,41,99.287,17.0,1.0,,,False,HARD,17.0,True,Racing Bulls,12,9.0,True,2,Chinese Grand Prix,True,C2,False,1.197,1.22,4.012,4.211,0.904,0.919,100.23
0 days 01:28:59.376000,LIN,41,99.47,18.0,1.0,,,False,HARD,18.0,True,Racing Bulls,21,10.0,True,2,Chinese Grand Prix,True,C2,False,1.38,1.407,4.195,4.403,0.799,0.81,100.472
0 days 01:30:38.739000,LIN,41,99.363,19.0,1.0,,,False,HARD,19.0,True,Racing Bulls,1,11.0,True,2,Chinese Grand Prix,True,C2,True,1.273,1.298,4.088,4.291,0.328,0.331,100.424
0 days 01:32:18.205000,LIN,41,99.466,20.0,1.0,,,False,HARD,20.0,True,Racing Bulls,1,11.0,True,2,Chinese Grand Prix,True,C2,True,1.376,1.403,4.191,4.399,0.475,0.48,100.586
0 days 01:33:57.985000,LIN,41,99.78,21.0,1.0,,,False,HARD,21.0,True,Racing Bulls,1,12.0,True,2,Chinese Grand Prix,True,C2,True,1.69,1.723,4.505,4.728,0.647,0.653,100.959
0 days 01:35:37.291000,LIN,41,99.306,22.0,1.0,,,False,HARD,22.0,True,Racing Bulls,1,12.0,True,2,Chinese Grand Prix,True,C2,True,1.216,1.24,4.031,4.231,0.606,0.614,100.544
0 days 01:37:15.747000,LIN,41,98.456,23.0,1.0,,,True,HARD,23.0,True,Racing Bulls,1,12.0,True,2,Chinese Grand Prix,True,C2,True,0.366,0.373,3.181,3.339,0.019,0.019,99.752
0 days 01:38:54.722000,LIN,41,98.975,24.0,1.0,,,False,HARD,24.0,True,Racing Bulls,1,12.0,True,2,Chinese Grand Prix,True,C2,True,0.885,0.902,3.7,3.883,0.429,0.435,100.33
0 days 01:40:34.251000,LIN,41,99.529,25.0,1.0,,,False,HARD,25.0,True,Racing Bulls,1,13.0,True,2,Chinese Grand Prix,True,C2,True,1.439,1.467,4.254,4.465,0.961,0.975,100.943
0 days 01:42:13.390000,LIN,41,99.139,26.0,1.0,,,False,HARD,26.0,True,Racing Bulls,1,13.0,True,2,Chinese Grand Prix,True,C2,True,1.049,1.069,3.864,4.056,1.069,1.09,100.612
0 days 01:44:03.544000,LIN,41,110.154,27.0,1.0,,,False,HARD,27.0,True,Racing Bulls,12,14.0,True,2,Chinese Grand Prix,True,C2,False,12.064,12.299,14.879,15.617,11.866,12.073,111.686
0 days 01:45:43.387000,LIN,41,99.843,28.0,1.0,,,False,HARD,28.0,True,Racing Bulls,1,14.0,True,2,Chinese Grand Prix,True,C2,True,1.753,1.787,4.568,4.795,1.484,1.509,101.434
0 days 01:47:22.047000,LIN,41,98.66,29.0,1.0,,,False,HARD,29.0,True,Racing Bulls,1,14.0,True,2,Chinese Grand Prix,True,C2,True,0.57,0.581,3.385,3.553,0.465,0.474,100.31
0 days 01:49:00.550000,LIN,41,98.503,30.0,1.0,,,False,HARD,30.0,True,Racing Bulls,1,13.0,True,2,Chinese Grand Prix,True,C2,True,0.413,0.421,3.228,3.388,0.597,0.61,100.212
0 days 01:50:39.093000,LIN,41,98.543,31.0,1.0,,,False,HARD,31.0,True,Racing Bulls,1,13.0,True,2,Chinese Grand Prix,True,C2,True,0.453,0.462,3.268,3.43,0.845,0.865,100.311
0 days 01:52:17.480000,LIN,41,98.387,32.0,1.0,,,True,HARD,32.0,True,Racing Bulls,1,13.0,True,2,Chinese Grand Prix,True,C2,True,0.297,0.303,3.112,3.266,0.627,0.641,100.214
0 days 01:53:55.703000,LIN,41,98.223,33.0,1.0,,,True,HARD,33.0,True,Racing Bulls,12,12.0,True,2,Chinese Grand Prix,True,C2,False,0.133,0.136,2.948,3.094,0.402,0.411,100.109
0 days 01:55:34.174000,LIN,41,98.471,34.0,1.0,,,False,HARD,34.0,True,Racing Bulls,1,12.0,True,2,Chinese Grand Prix,True,C2,True,0.381,0.388,3.196,3.355,0.747,0.764,100.416
0 days 01:57:12.495000,LIN,41,98.321,35.0,1.0,,,False,HARD,35.0,True,Racing Bulls,1,12.0,True,2,Chinese Grand Prix,True,C2,True,0.231,0.235,3.046,3.197,0.383,0.391,100.325
0 days 01:58:50.547000,LIN,41,98.052,36.0,1.0,,,True,HARD,36.0,True,Racing Bulls,1,11.0,True,2,Chinese Grand Prix,True,C2,True,-0.038,-0.039,2.777,2.915,0.572,0.587,100.114
0 days 02:00:28.614000,LIN,41,98.067,37.0,1.0,,,False,HARD,37.0,True,Racing Bulls,1,11.0,True,2,Chinese Grand Prix,True,C2,True,-0.023,-0.023,2.792,2.93,0.871,0.896,100.188
0 days 02:02:06.584000,LIN,41,97.97,38.0,1.0,,,True,HARD,38.0,True,Racing Bulls,1,11.0,True,2,Chinese Grand Prix,True,C2,True,-0.12,-0.122,2.695,2.829,0.828,0.852,100.15
0 days 02:03:44.615000,LIN,41,98.031,39.0,1.0,,,False,HARD,39.0,True,Racing Bulls,1,11.0,True,2,Chinese Grand Prix,True,C2,True,-0.059,-0.06,2.756,2.893,0.596,0.612,100.27
0 days 02:05:22.652000,LIN,41,98.037,40.0,1.0,,,False,HARD,40.0,True,Racing Bulls,1,11.0,True,2,Chinese Grand Prix,True,C2,True,-0.053,-0.054,2.762,2.899,0.505,0.518,100.335
0 days 02:07:02.713000,LIN,41,100.061,41.0,1.0,,,False,HARD,41.0,True,Racing Bulls,1,12.0,True,2,Chinese Grand Prix,True,C2,True,1.971,2.009,4.786,5.023,2.635,2.705,102.418
0 days 02:08:46.350000,LIN,41,103.637,42.0,1.0,,0 days 02:08:44.608000,False,HARD,42.0,True,Racing Bulls,1,12.0,False,2,Chinese Grand Prix,True,C2,False,5.547,5.655,8.362,8.777,6.107,6.262,106.053
0 days 02:10:43.378000,LIN,41,117.028,43.0,2.0,0 days 02:09:07.882000,,False,MEDIUM,1.0,True,Racing Bulls,1,14.0,False,2,Chinese Grand Prix,True,C3,False,18.938,19.307,21.753,22.832,19.814,20.382,119.503
0 days 02:12:19.716000,LIN,41,96.338,44.0,2.0,,,True,MEDIUM,2.0,True,Racing Bulls,1,14.0,True,2,Chinese Grand Prix,True,C3,True,-1.752,-1.786,1.063,1.116,-0.746,-0.768,98.872
0 days 02:13:55.820000,LIN,41,96.104,45.0,2.0,,,True,MEDIUM,3.0,True,Racing Bulls,1,14.0,True,2,Chinese Grand Prix,True,C3,True,-1.986,-2.025,0.829,0.87,-1.128,-1.16,98.697
0 days 02:15:31.919000,LIN,41,96.099,46.0,2.0,,,True,MEDIUM,4.0,True,Racing Bulls,1,12.0,True,2,Chinese Grand Prix,True,C3,True,-1.991,-2.03,0.824,0.865,-0.963,-0.992,98.751
0 days 02:17:08.066000,LIN,41,96.147,47.0,2.0,,,False,MEDIUM,5.0,True,Racing Bulls,1,12.0,True,2,Chinese Grand Prix,True,C3,True,-1.943,-1.981,0.872,0.915,-1.254,-1.287,98.858
0 days 02:18:44.290000,LIN,41,96.224,48.0,2.0,,,False,MEDIUM,6.0,True,Racing Bulls,1,12.0,True,2,Chinese Grand Prix,True,C3,True,-1.866,-1.902,0.949,0.996,-0.786,-0.81,98.994
0 days 02:20:20.493000,LIN,41,96.203,49.0,2.0,,,False,MEDIUM,7.0,True,Racing Bulls,1,12.0,True,2,Chinese Grand Prix,True,C3,True,-1.887,-1.924,0.928,0.974,-1.254,-1.287,99.032
0 days 02:21:56.875000,LIN,41,96.382,50.0,2.0,,,False,MEDIUM,8.0,True,Racing Bulls,1,12.0,True,2,Chinese Grand Prix,True,C3,True,-1.708,-1.741,1.107,1.162,-0.658,-0.678,99.27
0 days 02:23:33.657000,LIN,41,96.782,51.0,2.0,,,False,MEDIUM,9.0,True,Racing Bulls,1,12.0,True,2,Chinese Grand Prix,True,C3,True,-1.308,-1.333,1.507,1.582,-0.043,-0.044,99.728
0 days 02:25:10.602000,LIN,41,96.945,52.0,2.0,,,False,MEDIUM,10.0,True,Racing Bulls,12,12.0,True,2,Chinese Grand Prix,True,C3,False,-1.145,-1.167,1.67,1.753,-0.379,-0.389,99.95
0 days 02:26:47.766000,LIN,41,97.164,53.0,2.0,,,False,MEDIUM,11.0,True,Racing Bulls,1,12.0,True,2,Chinese Grand Prix,True,C3,True,-0.926,-0.944,1.889,1.983,-0.186,-0.191,100.228
0 days 02:28:25.243000,LIN,41,97.477,54.0,2.0,,,False,MEDIUM,12.0,True,Racing Bulls,1,12.0,True,2,Chinese Grand Prix,True,C3,True,-0.613,-0.625,2.202,2.311,0.275,0.283,100.6
0 days 02:30:02.747000,LIN,41,97.504,55.0,2.0,,,False,MEDIUM,13.0,True,Racing Bulls,1,12.0,True,2,Chinese Grand Prix,True,C3,True,-0.586,-0.597,2.229,2.34,0.338,0.348,100.686
0 days 00:58:09.810000,COL,43,105.498,1.0,1.0,,,False,HARD,1.0,True,Alpine,12,6.0,False,2,Chinese Grand Prix,True,C2,False,7.408,7.552,10.223,10.73,-1.195,-1.12,105.498
0 days 00:59:49.118000,COL,43,99.308,2.0,1.0,,,True,HARD,2.0,True,Alpine,1,6.0,True,2,Chinese Grand Prix,True,C2,True,1.218,1.242,4.033,4.233,-0.987,-0.984,99.367
0 days 01:01:28.043000,COL,43,98.925,3.0,1.0,,,True,HARD,3.0,True,Alpine,1,6.0,True,2,Chinese Grand Prix,True,C2,True,0.835,0.851,3.65,3.831,-0.19,-0.192,99.043
0 days 01:03:06.908000,COL,43,98.865,4.0,1.0,,,True,HARD,4.0,True,Alpine,1,6.0,True,2,Chinese Grand Prix,True,C2,True,0.775,0.79,3.59,3.768,-0.243,-0.245,99.042
0 days 01:04:45.818000,COL,43,98.91,5.0,1.0,,,False,HARD,5.0,True,Alpine,1,6.0,True,2,Chinese Grand Prix,True,C2,True,0.82,0.836,3.635,3.815,-0.42,-0.423,99.146
0 days 01:06:24.552000,COL,43,98.734,6.0,1.0,,,True,HARD,6.0,True,Alpine,1,6.0,True,2,Chinese Grand Prix,True,C2,True,0.644,0.657,3.459,3.631,-0.033,-0.033,99.029
0 days 01:08:03.357000,COL,43,98.805,7.0,1.0,,,False,HARD,7.0,True,Alpine,1,6.0,True,2,Chinese Grand Prix,True,C2,True,0.715,0.729,3.53,3.705,-0.455,-0.458,99.159
0 days 01:09:42.316000,COL,43,98.959,8.0,1.0,,,False,HARD,8.0,True,Alpine,1,6.0,True,2,Chinese Grand Prix,True,C2,True,0.869,0.886,3.684,3.867,-0.273,-0.275,99.372
0 days 01:11:21.352000,COL,43,99.036,9.0,1.0,,,False,HARD,9.0,True,Alpine,1,6.0,True,2,Chinese Grand Prix,True,C2,True,0.946,0.964,3.761,3.948,0.0,0.0,99.507
0 days 01:13:12.823000,COL,43,111.471,10.0,1.0,,,False,HARD,10.0,True,Alpine,124,6.0,False,2,Chinese Grand Prix,True,C2,False,13.381,13.642,16.196,16.999,-2.003,-1.765,112.001
0 days 01:15:39.465000,COL,43,146.642,11.0,1.0,,,False,HARD,11.0,True,Alpine,4,2.0,False,2,Chinese Grand Prix,True,C2,False,48.552,49.497,51.367,53.914,7.947,5.73,147.231
0 days 01:18:09.443000,COL,43,149.978,12.0,1.0,,,False,HARD,12.0,True,Alpine,4,2.0,False,2,Chinese Grand Prix,True,C2,False,51.888,52.898,54.703,57.416,9.242,6.567,150.626
0 days 01:20:39.995000,COL,43,,13.0,1.0,,,False,HARD,13.0,True,Alpine,41,2.0,False,2,Chinese Grand Prix,True,C2,False,,,,,,,
0 days 01:22:19.460000,COL,43,99.465,14.0,1.0,,,False,HARD,14.0,True,Alpine,1,2.0,True,2,Chinese Grand Prix,True,C2,True,1.375,1.402,4.19,4.398,-0.943,-0.939,100.231
0 days 01:23:58.289000,COL,43,98.829,15.0,1.0,,,False,HARD,15.0,True,Alpine,1,3.0,True,2,Chinese Grand Prix,True,C2,True,0.739,0.753,3.554,3.73,-0.239,-0.241,99.654
0 days 01:25:38.395000,COL,43,100.106,16.0,1.0,,,False,HARD,16.0,True,Alpine,1,5.0,True,2,Chinese Grand Prix,True,C2,True,2.016,2.055,4.831,5.071,0.689,0.693,100.99
0 days 01:27:16.778000,COL,43,98.383,17.0,1.0,,,True,HARD,17.0,True,Alpine,1,5.0,True,2,Chinese Grand Prix,True,C2,True,0.293,0.299,3.108,3.262,0.0,0.0,99.326
0 days 01:28:55.724000,COL,43,98.946,18.0,1.0,,,False,HARD,18.0,True,Alpine,12,5.0,True,2,Chinese Grand Prix,True,C2,False,0.856,0.873,3.671,3.853,0.275,0.279,99.948
0 days 01:30:35.290000,COL,43,99.566,19.0,1.0,,,False,HARD,19.0,True,Alpine,1,5.0,True,2,Chinese Grand Prix,True,C2,True,1.476,1.505,4.291,4.504,0.531,0.536,100.627
0 days 01:32:14.245000,COL,43,98.955,20.0,1.0,,,False,HARD,20.0,True,Alpine,1,6.0,True,2,Chinese Grand Prix,True,C2,True,0.865,0.882,3.68,3.863,-0.036,-0.036,100.075
0 days 01:33:53.569000,COL,43,99.324,21.0,1.0,,,False,HARD,21.0,True,Alpine,1,6.0,True,2,Chinese Grand Prix,True,C2,True,1.234,1.258,4.049,4.25,0.191,0.193,100.503
0 days 01:35:32.751000,COL,43,99.182,22.0,1.0,,,False,HARD,22.0,True,Alpine,1,7.0,True,2,Chinese Grand Prix,True,C2,True,1.092,1.113,3.907,4.101,0.482,0.488,100.42
0 days 01:37:11.244000,COL,43,98.493,23.0,1.0,,,False,HARD,23.0,True,Alpine,1,7.0,True,2,Chinese Grand Prix,True,C2,True,0.403,0.411,3.218,3.378,0.056,0.057,99.789
0 days 01:38:49.691000,COL,43,98.447,24.0,1.0,,,False,HARD,24.0,True,Alpine,1,7.0,True,2,Chinese Grand Prix,True,C2,True,0.357,0.364,3.172,3.329,-0.099,-0.1,99.802
0 days 01:40:28.075000,COL,43,98.384,25.0,1.0,,,False,HARD,25.0,True,Alpine,1,7.0,True,2,Chinese Grand Prix,True,C2,True,0.294,0.3,3.109,3.263,-0.184,-0.187,99.798
0 days 01:42:06.145000,COL,43,98.07,26.0,1.0,,,True,HARD,26.0,True,Alpine,1,7.0,True,2,Chinese Grand Prix,True,C2,True,-0.02,-0.02,2.795,2.934,0.0,0.0,99.543
0 days 01:43:44.433000,COL,43,98.288,27.0,1.0,,,False,HARD,27.0,True,Alpine,12,7.0,True,2,Chinese Grand Prix,True,C2,False,0.198,0.202,3.013,3.162,0.0,0.0,99.82
0 days 01:45:23.732000,COL,43,99.299,28.0,1.0,,,False,HARD,28.0,True,Alpine,21,9.0,True,2,Chinese Grand Prix,True,C2,False,1.209,1.233,4.024,4.224,0.94,0.956,100.89
0 days 01:47:02.456000,COL,43,98.724,29.0,1.0,,,False,HARD,29.0,True,Alpine,1,8.0,True,2,Chinese Grand Prix,True,C2,True,0.634,0.646,3.449,3.62,0.529,0.539,100.374
0 days 01:48:40.691000,COL,43,98.235,30.0,1.0,,,False,HARD,30.0,True,Alpine,1,8.0,True,2,Chinese Grand Prix,True,C2,True,0.145,0.148,2.96,3.107,0.329,0.336,99.944
0 days 01:50:18.493000,COL,43,97.802,31.0,1.0,,,True,HARD,31.0,True,Alpine,1,8.0,True,2,Chinese Grand Prix,True,C2,True,-0.288,-0.294,2.527,2.652,0.104,0.106,99.57
0 days 01:52:01.312000,COL,43,102.819,32.0,1.0,,0 days 01:51:59.626000,False,HARD,32.0,True,Alpine,1,11.0,False,2,Chinese Grand Prix,True,C2,False,4.729,4.821,7.544,7.918,5.059,5.175,104.646
0 days 01:54:05.429000,COL,43,124.117,33.0,2.0,0 days 01:52:22.813000,,False,MEDIUM,1.0,True,Alpine,12,13.0,False,2,Chinese Grand Prix,True,C3,False,26.027,26.534,28.842,30.272,26.296,26.882,126.003
0 days 01:55:42.662000,COL,43,97.233,34.0,2.0,,,True,MEDIUM,2.0,True,Alpine,1,13.0,True,2,Chinese Grand Prix,True,C3,True,-0.857,-0.874,1.958,2.055,-0.491,-0.502,99.178
0 days 01:57:19.445000,COL,43,96.783,35.0,2.0,,,True,MEDIUM,3.0,True,Alpine,1,13.0,True,2,Chinese Grand Prix,True,C3,True,-1.307,-1.332,1.508,1.583,-1.155,-1.179,98.787
0 days 01:58:56.468000,COL,43,97.023,36.0,2.0,,,False,MEDIUM,4.0,True,Alpine,1,12.0,True,2,Chinese Grand Prix,True,C3,True,-1.067,-1.088,1.748,1.835,-0.457,-0.469,99.086
0 days 02:00:33.426000,COL,43,96.958,37.0,2.0,,,False,MEDIUM,5.0,True,Alpine,1,12.0,True,2,Chinese Grand Prix,True,C3,True,-1.132,-1.154,1.683,1.766,-0.238,-0.245,99.079
0 days 02:02:10.245000,COL,43,96.819,38.0,2.0,,,False,MEDIUM,6.0,True,Alpine,1,12.0,True,2,Chinese Grand Prix,True,C3,True,-1.271,-1.296,1.544,1.621,-0.323,-0.333,98.999
0 days 02:03:47.462000,COL,43,97.217,39.0,2.0,,,False,MEDIUM,7.0,True,Alpine,1,12.0,True,2,Chinese Grand Prix,True,C3,True,-0.873,-0.89,1.942,2.038,-0.218,-0.224,99.456
0 days 02:05:24.303000,COL,43,96.841,40.0,2.0,,,False,MEDIUM,8.0,True,Alpine,1,12.0,True,2,Chinese Grand Prix,True,C3,True,-1.249,-1.273,1.566,1.644,-0.691,-0.708,99.139
0 days 02:07:01.751000,COL,43,97.448,41.0,2.0,,,False,MEDIUM,9.0,True,Alpine,1,11.0,True,2,Chinese Grand Prix,True,C3,True,-0.642,-0.655,2.173,2.281,0.022,0.023,99.805
0 days 02:08:39.281000,COL,43,97.53,42.0,2.0,,,False,MEDIUM,10.0,True,Alpine,1,11.0,True,2,Chinese Grand Prix,True,C3,True,-0.56,-0.571,2.255,2.367,0.0,0.0,99.946
0 days 02:10:16.662000,COL,43,97.381,43.0,2.0,,,False,MEDIUM,11.0,True,Alpine,1,11.0,True,2,Chinese Grand Prix,True,C3,True,-0.709,-0.723,2.106,2.21,0.167,0.172,99.856
0 days 02:11:53.737000,COL,43,97.075,44.0,2.0,,,False,MEDIUM,12.0,True,Alpine,1,11.0,True,2,Chinese Grand Prix,True,C3,True,-1.015,-1.035,1.8,1.889,-0.009,-0.009,99.609
0 days 02:13:31.163000,COL,43,97.426,45.0,2.0,,,False,MEDIUM,13.0,True,Alpine,1,10.0,True,2,Chinese Grand Prix,True,C3,True,-0.664,-0.677,2.151,2.258,0.194,0.2,100.019
0 days 02:15:08.302000,COL,43,97.139,46.0,2.0,,,False,MEDIUM,14.0,True,Alpine,1,10.0,True,2,Chinese Grand Prix,True,C3,True,-0.951,-0.97,1.864,1.956,0.077,0.079,99.791
0 days 02:16:45.806000,COL,43,97.504,47.0,2.0,,,False,MEDIUM,15.0,True,Alpine,1,10.0,True,2,Chinese Grand Prix,True,C3,True,-0.586,-0.597,2.229,2.34,0.103,0.106,100.215
0 days 02:18:23.404000,COL,43,97.598,48.0,2.0,,,False,MEDIUM,16.0,True,Alpine,1,10.0,True,2,Chinese Grand Prix,True,C3,True,-0.492,-0.502,2.323,2.438,0.588,0.606,100.368
0 days 02:20:02.456000,COL,43,99.052,49.0,2.0,,,False,MEDIUM,17.0,True,Alpine,1,10.0,True,2,Chinese Grand Prix,True,C3,True,0.962,0.981,3.777,3.964,1.595,1.637,101.881
0 days 02:21:40.048000,COL,43,97.592,50.0,2.0,,,False,MEDIUM,18.0,True,Alpine,1,10.0,True,2,Chinese Grand Prix,True,C3,True,-0.498,-0.508,2.317,2.432,0.552,0.569,100.48
0 days 02:23:17.829000,COL,43,97.781,51.0,2.0,,,False,MEDIUM,19.0,True,Alpine,1,10.0,True,2,Chinese Grand Prix,True,C3,True,-0.309,-0.315,2.506,2.63,0.956,0.987,100.727
0 days 02:24:55.851000,COL,43,98.022,52.0,2.0,,,False,MEDIUM,20.0,True,Alpine,12,10.0,True,2,Chinese Grand Prix,True,C3,False,-0.068,-0.069,2.747,2.883,0.698,0.717,101.027
0 days 02:26:35.460000,COL,43,99.609,53.0,2.0,,,False,MEDIUM,21.0,True,Alpine,1,10.0,True,2,Chinese Grand Prix,True,C3,True,1.519,1.549,4.334,4.549,2.259,2.32,102.673
0 days 02:28:14.145000,COL,43,98.685,54.0,2.0,,,False,MEDIUM,22.0,True,Alpine,1,10.0,True,2,Chinese Grand Prix,True,C3,True,0.595,0.607,3.41,3.579,1.483,1.526,101.808
0 days 02:29:52.382000,COL,43,98.237,55.0,2.0,,,False,MEDIUM,23.0,True,Alpine,1,10.0,True,2,Chinese Grand Prix,True,C3,True,0.147,0.15,2.962,3.109,1.071,1.102,101.419
0 days 00:58:03.760000,HAM,44,99.448,1.0,1.0,,,False,MEDIUM,1.0,True,Ferrari,12,1.0,False,2,Chinese Grand Prix,True,C3,False,1.358,1.384,4.173,4.38,-7.245,-6.791,99.448
0 days 00:59:43.321000,HAM,44,99.561,2.0,1.0,,,True,MEDIUM,2.0,True,Ferrari,1,2.0,True,2,Chinese Grand Prix,True,C3,True,1.471,1.5,4.286,4.499,-0.734,-0.732,99.62
0 days 01:01:21.908000,HAM,44,98.587,3.0,1.0,,,True,MEDIUM,3.0,True,Ferrari,1,2.0,True,2,Chinese Grand Prix,True,C3,True,0.497,0.507,3.312,3.476,-0.528,-0.533,98.705
0 days 01:03:00.142000,HAM,44,98.234,4.0,1.0,,,True,MEDIUM,4.0,True,Ferrari,1,3.0,True,2,Chinese Grand Prix,True,C3,True,0.144,0.147,2.959,3.106,-0.874,-0.882,98.411
0 days 01:04:37.778000,HAM,44,97.636,5.0,1.0,,,True,MEDIUM,5.0,True,Ferrari,1,3.0,True,2,Chinese Grand Prix,True,C3,True,-0.454,-0.463,2.361,2.478,-1.694,-1.705,97.872
0 days 01:06:15.740000,HAM,44,97.962,6.0,1.0,,,False,MEDIUM,6.0,True,Ferrari,1,3.0,True,2,Chinese Grand Prix,True,C3,True,-0.128,-0.13,2.687,2.82,-0.805,-0.815,98.257
0 days 01:07:53.961000,HAM,44,98.221,7.0,1.0,,,False,MEDIUM,7.0,True,Ferrari,1,3.0,True,2,Chinese Grand Prix,True,C3,True,0.131,0.134,2.946,3.092,-1.039,-1.047,98.575
0 days 01:09:31.890000,HAM,44,97.929,8.0,1.0,,,False,MEDIUM,8.0,True,Ferrari,1,3.0,True,2,Chinese Grand Prix,True,C3,True,-0.161,-0.164,2.654,2.786,-1.303,-1.313,98.342
0 days 01:11:10.261000,HAM,44,98.371,9.0,1.0,,,False,MEDIUM,9.0,True,Ferrari,1,3.0,True,2,Chinese Grand Prix,True,C3,True,0.281,0.286,3.096,3.25,-0.665,-0.671,98.842
0 days 01:13:00.207000,HAM,44,109.946,10.0,1.0,,0 days 01:12:58.531000,False,MEDIUM,10.0,True,Ferrari,124,3.0,False,2,Chinese Grand Prix,True,C3,False,11.856,12.087,14.671,15.399,-3.528,-3.109,110.476
0 days 01:15:42.546000,HAM,44,,11.0,2.0,0 days 01:13:20.846000,,False,HARD,1.0,True,Ferrari,4,5.0,False,2,Chinese Grand Prix,True,C2,False,,,,,,,
0 days 01:18:12.515000,HAM,44,,12.0,2.0,,,False,HARD,2.0,True,Ferrari,4,5.0,False,2,Chinese Grand Prix,True,C2,False,,,,,,,
0 days 01:20:40.910000,HAM,44,148.395,13.0,2.0,,,False,HARD,3.0,True,Ferrari,41,5.0,False,2,Chinese Grand Prix,True,C2,False,50.305,51.285,53.12,55.754,3.855,2.667,149.102
0 days 01:22:19.876000,HAM,44,98.966,14.0,2.0,,,False,HARD,4.0,True,Ferrari,1,3.0,True,2,Chinese Grand Prix,True,C2,True,0.876,0.893,3.691,3.874,-1.442,-1.436,99.732
0 days 01:23:56.949000,HAM,44,97.073,15.0,2.0,,,True,HARD,5.0,True,Ferrari,1,2.0,True,2,Chinese Grand Prix,True,C2,True,-1.017,-1.037,1.798,1.887,-1.995,-2.014,97.898
0 days 01:25:33.880000,HAM,44,96.931,16.0,2.0,,,True,HARD,6.0,True,Ferrari,1,2.0,True,2,Chinese Grand Prix,True,C2,True,-1.159,-1.182,1.656,1.738,-2.486,-2.501,97.815
0 days 01:27:10.577000,HAM,44,96.697,17.0,2.0,,,True,HARD,7.0,True,Ferrari,1,2.0,True,2,Chinese Grand Prix,True,C2,True,-1.393,-1.42,1.422,1.493,-1.686,-1.714,97.64
0 days 01:28:47.694000,HAM,44,97.117,18.0,2.0,,,False,HARD,8.0,True,Ferrari,12,2.0,True,2,Chinese Grand Prix,True,C2,False,-0.973,-0.992,1.842,1.933,-1.554,-1.575,98.119
0 days 01:30:24.797000,HAM,44,97.103,19.0,2.0,,,False,HARD,9.0,True,Ferrari,1,2.0,True,2,Chinese Grand Prix,True,C2,True,-0.987,-1.006,1.828,1.919,-1.932,-1.951,98.164
0 days 01:32:01.712000,HAM,44,96.915,20.0,2.0,,,False,HARD,10.0,True,Ferrari,1,2.0,True,2,Chinese Grand Prix,True,C2,True,-1.175,-1.198,1.64,1.721,-2.076,-2.097,98.035
0 days 01:33:38.684000,HAM,44,96.972,21.0,2.0,,,False,HARD,11.0,True,Ferrari,1,2.0,True,2,Chinese Grand Prix,True,C2,True,-1.118,-1.14,1.697,1.781,-2.161,-2.18,98.151
0 days 01:35:15.690000,HAM,44,97.006,22.0,2.0,,,False,HARD,12.0,True,Ferrari,1,2.0,True,2,Chinese Grand Prix,True,C2,True,-1.084,-1.105,1.731,1.817,-1.694,-1.716,98.244
0 days 01:36:52.739000,HAM,44,97.049,23.0,2.0,,,False,HARD,13.0,True,Ferrari,1,2.0,True,2,Chinese Grand Prix,True,C2,True,-1.041,-1.061,1.774,1.862,-1.388,-1.41,98.345
0 days 01:38:30.962000,HAM,44,98.223,24.0,2.0,,,False,HARD,14.0,True,Ferrari,1,3.0,True,2,Chinese Grand Prix,True,C2,True,0.133,0.136,2.948,3.094,-0.323,-0.328,99.578
0 days 01:40:08.855000,HAM,44,97.893,25.0,2.0,,,False,HARD,15.0,True,Ferrari,1,3.0,True,2,Chinese Grand Prix,True,C2,True,-0.197,-0.201,2.618,2.748,-0.675,-0.685,99.307
0 days 01:41:45.594000,HAM,44,96.739,26.0,2.0,,,False,HARD,16.0,True,Ferrari,1,2.0,True,2,Chinese Grand Prix,True,C2,True,-1.351,-1.377,1.464,1.537,-1.331,-1.357,98.212
0 days 01:43:24.826000,HAM,44,99.232,27.0,2.0,,,False,HARD,17.0,True,Ferrari,1,4.0,True,2,Chinese Grand Prix,True,C2,True,1.142,1.164,3.957,4.153,0.944,0.96,100.764
0 days 01:45:02.044000,HAM,44,97.218,28.0,2.0,,,False,HARD,18.0,True,Ferrari,12,4.0,True,2,Chinese Grand Prix,True,C2,False,-0.872,-0.889,1.943,2.039,-1.141,-1.16,98.809
0 days 01:46:38.815000,HAM,44,96.771,29.0,2.0,,,False,HARD,19.0,True,Ferrari,1,4.0,True,2,Chinese Grand Prix,True,C2,True,-1.319,-1.345,1.496,1.57,-1.424,-1.45,98.421
0 days 01:48:15.500000,HAM,44,96.685,30.0,2.0,,,True,HARD,20.0,True,Ferrari,1,4.0,True,2,Chinese Grand Prix,True,C2,True,-1.405,-1.432,1.41,1.48,-1.221,-1.247,98.394
0 days 01:49:51.996000,HAM,44,96.496,31.0,2.0,,,True,HARD,21.0,True,Ferrari,1,4.0,True,2,Chinese Grand Prix,True,C2,True,-1.594,-1.625,1.221,1.282,-1.202,-1.23,98.264
0 days 01:51:28.625000,HAM,44,96.629,32.0,2.0,,,False,HARD,22.0,True,Ferrari,1,4.0,True,2,Chinese Grand Prix,True,C2,True,-1.461,-1.489,1.354,1.421,-1.131,-1.157,98.456
0 days 01:53:05.121000,HAM,44,96.496,33.0,2.0,,,False,HARD,23.0,True,Ferrari,12,4.0,True,2,Chinese Grand Prix,True,C2,False,-1.594,-1.625,1.221,1.282,-1.325,-1.355,98.382
0 days 01:54:41.873000,HAM,44,96.752,34.0,2.0,,,False,HARD,24.0,True,Ferrari,1,4.0,True,2,Chinese Grand Prix,True,C2,True,-1.338,-1.364,1.477,1.55,-0.972,-0.995,98.697
0 days 01:56:19.210000,HAM,44,97.337,35.0,2.0,,,False,HARD,25.0,True,Ferrari,1,3.0,True,2,Chinese Grand Prix,True,C2,True,-0.753,-0.768,2.062,2.164,-0.601,-0.614,99.341
0 days 01:57:56.211000,HAM,44,97.001,36.0,2.0,,,False,HARD,26.0,True,Ferrari,1,3.0,True,2,Chinese Grand Prix,True,C2,True,-1.089,-1.11,1.726,1.812,-0.479,-0.491,99.064
0 days 01:59:32.860000,HAM,44,96.649,37.0,2.0,,,False,HARD,27.0,True,Ferrari,1,3.0,True,2,Chinese Grand Prix,True,C2,True,-1.441,-1.469,1.374,1.442,-0.547,-0.563,98.77
0 days 02:01:09.736000,HAM,44,96.876,38.0,2.0,,,False,HARD,28.0,True,Ferrari,1,3.0,True,2,Chinese Grand Prix,True,C2,True,-1.214,-1.238,1.601,1.68,-0.266,-0.274,99.056
0 days 02:02:47.828000,HAM,44,98.092,39.0,2.0,,,False,HARD,29.0,True,Ferrari,1,4.0,True,2,Chinese Grand Prix,True,C2,True,0.002,0.002,2.817,2.957,0.657,0.674,100.331
0 days 02:04:24.780000,HAM,44,96.952,40.0,2.0,,,False,HARD,30.0,True,Ferrari,1,3.0,True,2,Chinese Grand Prix,True,C2,True,-1.138,-1.16,1.677,1.76,-0.58,-0.595,99.25
0 days 02:06:01.251000,HAM,44,96.471,41.0,2.0,,,True,HARD,31.0,True,Ferrari,1,3.0,True,2,Chinese Grand Prix,True,C2,True,-1.619,-1.651,1.196,1.255,-0.955,-0.98,98.828
0 days 02:07:37.767000,HAM,44,96.516,42.0,2.0,,,False,HARD,32.0,True,Ferrari,1,3.0,True,2,Chinese Grand Prix,True,C2,True,-1.574,-1.605,1.241,1.303,-1.014,-1.04,98.932
0 days 02:09:13.985000,HAM,44,96.218,43.0,2.0,,,True,HARD,33.0,True,Ferrari,1,3.0,True,2,Chinese Grand Prix,True,C2,True,-1.872,-1.908,0.943,0.99,-0.996,-1.025,98.693
0 days 02:10:50.225000,HAM,44,96.24,44.0,2.0,,,False,HARD,34.0,True,Ferrari,1,3.0,True,2,Chinese Grand Prix,True,C2,True,-1.85,-1.886,0.965,1.013,-0.844,-0.869,98.774
0 days 02:12:26.621000,HAM,44,96.396,45.0,2.0,,,False,HARD,35.0,True,Ferrari,1,3.0,True,2,Chinese Grand Prix,True,C2,True,-1.694,-1.727,1.121,1.177,-0.836,-0.86,98.989
0 days 02:14:02.930000,HAM,44,96.309,46.0,2.0,,,False,HARD,36.0,True,Ferrari,1,3.0,True,2,Chinese Grand Prix,True,C2,True,-1.781,-1.816,1.034,1.085,-0.753,-0.776,98.961
0 days 02:15:39.134000,HAM,44,96.204,47.0,2.0,,,True,HARD,37.0,True,Ferrari,1,3.0,True,2,Chinese Grand Prix,True,C2,True,-1.886,-1.923,0.929,0.975,-1.197,-1.229,98.915
0 days 02:17:15.285000,HAM,44,96.151,48.0,2.0,,,True,HARD,38.0,True,Ferrari,1,3.0,True,2,Chinese Grand Prix,True,C2,True,-1.939,-1.977,0.876,0.919,-0.859,-0.885,98.921
0 days 02:18:51.670000,HAM,44,96.385,49.0,2.0,,,False,HARD,39.0,True,Ferrari,1,3.0,True,2,Chinese Grand Prix,True,C2,True,-1.705,-1.738,1.11,1.165,-1.072,-1.1,99.214
0 days 02:20:27.907000,HAM,44,96.237,50.0,2.0,,,False,HARD,40.0,True,Ferrari,1,3.0,True,2,Chinese Grand Prix,True,C2,True,-1.853,-1.889,0.962,1.01,-0.803,-0.827,99.124
0 days 02:22:04.041000,HAM,44,96.134,51.0,2.0,,,True,HARD,41.0,True,Ferrari,1,3.0,True,2,Chinese Grand Prix,True,C2,True,-1.956,-1.994,0.859,0.902,-0.691,-0.714,99.08
0 days 02:23:40.337000,HAM,44,96.296,52.0,2.0,,,False,HARD,42.0,True,Ferrari,1,3.0,True,2,Chinese Grand Prix,True,C2,True,-1.794,-1.829,1.021,1.072,-1.028,-1.056,99.301
0 days 02:25:16.536000,HAM,44,96.199,53.0,2.0,,,False,HARD,43.0,True,Ferrari,12,3.0,True,2,Chinese Grand Prix,True,C2,False,-1.891,-1.928,0.924,0.97,-1.151,-1.182,99.263
0 days 02:26:52.976000,HAM,44,96.44,54.0,2.0,,,False,HARD,44.0,True,Ferrari,1,3.0,True,2,Chinese Grand Prix,True,C2,True,-1.65,-1.682,1.165,1.223,-0.762,-0.784,99.563
0 days 02:28:29.068000,HAM,44,96.092,55.0,2.0,,,True,HARD,45.0,True,Ferrari,1,3.0,True,2,Chinese Grand Prix,True,C2,True,-1.998,-2.037,0.817,0.858,-1.074,-1.105,99.274
0 days 02:30:05.171000,HAM,44,96.103,56.0,2.0,,,False,HARD,46.0,True,Ferrari,1,3.0,True,2,Chinese Grand Prix,True,C2,True,-1.987,-2.026,0.828,0.869,-0.396,-0.41,99.344
0 days 00:58:11.819000,SAI,55,107.507,1.0,1.0,,,False,MEDIUM,1.0,True,Williams,12,11.0,False,2,Chinese Grand Prix,True,C3,False,9.417,9.6,12.232,12.839,0.814,0.763,107.507
0 days 00:59:52.562000,SAI,55,100.743,2.0,1.0,,,True,MEDIUM,2.0,True,Williams,1,11.0,True,2,Chinese Grand Prix,True,C3,True,2.653,2.705,5.468,5.739,0.448,0.447,100.802
0 days 01:01:32.549000,SAI,55,99.987,3.0,1.0,,,True,MEDIUM,3.0,True,Williams,1,11.0,True,2,Chinese Grand Prix,True,C3,True,1.897,1.934,4.712,4.946,0.872,0.88,100.105
0 days 01:03:11.537000,SAI,55,98.988,4.0,1.0,,,True,MEDIUM,4.0,True,Williams,1,11.0,True,2,Chinese Grand Prix,True,C3,True,0.898,0.915,3.713,3.897,-0.12,-0.121,99.165
0 days 01:04:51.291000,SAI,55,99.754,5.0,1.0,,,False,MEDIUM,5.0,True,Williams,1,11.0,True,2,Chinese Grand Prix,True,C3,True,1.664,1.696,4.479,4.701,0.424,0.427,99.99
0 days 01:06:31.429000,SAI,55,100.138,6.0,1.0,,,False,MEDIUM,6.0,True,Williams,1,12.0,True,2,Chinese Grand Prix,True,C3,True,2.048,2.088,4.863,5.104,1.371,1.388,100.433
0 days 01:08:12.060000,SAI,55,100.631,7.0,1.0,,,False,MEDIUM,7.0,True,Williams,1,13.0,True,2,Chinese Grand Prix,True,C3,True,2.541,2.59,5.356,5.622,1.371,1.381,100.985
0 days 01:09:51.973000,SAI,55,99.913,8.0,1.0,,,False,MEDIUM,8.0,True,Williams,1,13.0,True,2,Chinese Grand Prix,True,C3,True,1.823,1.858,4.638,4.868,0.681,0.686,100.325
0 days 01:11:37.107000,SAI,55,105.134,9.0,1.0,,0 days 01:11:35.381000,False,MEDIUM,9.0,True,Williams,1,13.0,False,2,Chinese Grand Prix,True,C3,False,7.044,7.181,9.859,10.348,6.098,6.157,105.605
0 days 01:14:00.294000,SAI,55,143.187,10.0,2.0,0 days 01:11:58.475000,,False,HARD,1.0,True,Williams,124,16.0,False,2,Chinese Grand Prix,True,C2,False,45.097,45.975,47.912,50.288,29.713,26.185,143.717
0 days 01:16:15.516000,SAI,55,135.222,11.0,2.0,,,False,HARD,2.0,True,Williams,4,15.0,False,2,Chinese Grand Prix,True,C2,False,37.132,37.855,39.947,41.928,-3.473,-2.504,135.811
0 days 01:18:23.267000,SAI,55,127.751,12.0,2.0,,,False,HARD,3.0,True,Williams,4,14.0,False,2,Chinese Grand Prix,True,C2,False,29.661,30.239,32.476,34.087,-12.985,-9.226,128.399
0 days 01:20:44.617000,SAI,55,141.35,13.0,2.0,,,False,HARD,4.0,True,Williams,41,14.0,False,2,Chinese Grand Prix,True,C2,False,43.26,44.102,46.075,48.36,-3.19,-2.207,142.057
0 days 01:22:25.101000,SAI,55,100.484,14.0,2.0,,,False,HARD,5.0,True,Williams,1,13.0,True,2,Chinese Grand Prix,True,C2,True,2.394,2.441,5.209,5.467,0.076,0.076,101.25
0 days 01:24:04.226000,SAI,55,99.125,15.0,2.0,,,False,HARD,6.0,True,Williams,1,13.0,True,2,Chinese Grand Prix,True,C2,True,1.035,1.055,3.85,4.041,0.057,0.058,99.95
0 days 01:25:43.654000,SAI,55,99.428,16.0,2.0,,,False,HARD,7.0,True,Williams,1,13.0,True,2,Chinese Grand Prix,True,C2,True,1.338,1.364,4.153,4.359,0.011,0.011,100.312
0 days 01:27:22.683000,SAI,55,99.029,17.0,2.0,,,False,HARD,8.0,True,Williams,12,13.0,True,2,Chinese Grand Prix,True,C2,False,0.939,0.957,3.754,3.94,0.646,0.657,99.972
0 days 01:29:01.340000,SAI,55,98.657,18.0,2.0,,,True,HARD,9.0,True,Williams,21,13.0,True,2,Chinese Grand Prix,True,C2,False,0.567,0.578,3.382,3.55,-0.014,-0.014,99.659
0 days 01:30:40.459000,SAI,55,99.119,19.0,2.0,,,False,HARD,10.0,True,Williams,1,13.0,True,2,Chinese Grand Prix,True,C2,True,1.029,1.049,3.844,4.035,0.084,0.085,100.18
0 days 01:32:19.856000,SAI,55,99.397,20.0,2.0,,,False,HARD,11.0,True,Williams,1,13.0,True,2,Chinese Grand Prix,True,C2,True,1.307,1.332,4.122,4.326,0.406,0.41,100.517
0 days 01:33:59,SAI,55,99.144,21.0,2.0,,,False,HARD,12.0,True,Williams,1,13.0,True,2,Chinese Grand Prix,True,C2,True,1.054,1.075,3.869,4.061,0.011,0.011,100.323
0 days 01:35:39.245000,SAI,55,100.245,22.0,2.0,,,False,HARD,13.0,True,Williams,1,14.0,True,2,Chinese Grand Prix,True,C2,True,2.155,2.197,4.97,5.216,1.545,1.565,101.482
0 days 01:37:18.346000,SAI,55,99.101,23.0,2.0,,,False,HARD,14.0,True,Williams,1,14.0,True,2,Chinese Grand Prix,True,C2,True,1.011,1.031,3.826,4.016,0.664,0.675,100.397
0 days 01:38:57.310000,SAI,55,98.964,24.0,2.0,,,False,HARD,15.0,True,Williams,1,14.0,True,2,Chinese Grand Prix,True,C2,True,0.874,0.891,3.689,3.872,0.418,0.424,100.319
0 days 01:40:36.064000,SAI,55,98.754,25.0,2.0,,,False,HARD,16.0,True,Williams,1,14.0,True,2,Chinese Grand Prix,True,C2,True,0.664,0.677,3.479,3.652,0.186,0.189,100.168
0 days 01:42:14.772000,SAI,55,98.708,26.0,2.0,,,False,HARD,17.0,True,Williams,1,14.0,True,2,Chinese Grand Prix,True,C2,True,0.618,0.63,3.433,3.603,0.638,0.651,100.181
0 days 01:43:54.480000,SAI,55,99.708,27.0,2.0,,,False,HARD,18.0,True,Williams,12,13.0,True,2,Chinese Grand Prix,True,C2,False,1.618,1.65,4.433,4.653,1.42,1.445,101.24
0 days 01:45:33.152000,SAI,55,98.672,28.0,2.0,,,False,HARD,19.0,True,Williams,1,13.0,True,2,Chinese Grand Prix,True,C2,True,0.582,0.593,3.397,3.565,0.313,0.318,100.263
0 days 01:47:11.966000,SAI,55,98.814,29.0,2.0,,,False,HARD,20.0,True,Williams,1,13.0,True,2,Chinese Grand Prix,True,C2,True,0.724,0.738,3.539,3.715,0.619,0.63,100.464
0 days 01:48:50.475000,SAI,55,98.509,30.0,2.0,,,True,HARD,21.0,True,Williams,1,12.0,True,2,Chinese Grand Prix,True,C2,True,0.419,0.427,3.234,3.394,0.603,0.616,100.218
0 days 01:50:28.935000,SAI,55,98.46,31.0,2.0,,,True,HARD,22.0,True,Williams,1,12.0,True,2,Chinese Grand Prix,True,C2,True,0.37,0.377,3.185,3.343,0.762,0.78,100.228
0 days 01:52:07.274000,SAI,55,98.339,32.0,2.0,,,True,HARD,23.0,True,Williams,1,12.0,True,2,Chinese Grand Prix,True,C2,True,0.249,0.254,3.064,3.216,0.579,0.592,100.166
0 days 01:53:45.736000,SAI,55,98.462,33.0,2.0,,,False,HARD,24.0,True,Williams,12,11.0,True,2,Chinese Grand Prix,True,C2,False,0.372,0.379,3.187,3.345,0.641,0.655,100.348
0 days 01:55:24.499000,SAI,55,98.763,34.0,2.0,,,False,HARD,25.0,True,Williams,1,11.0,True,2,Chinese Grand Prix,True,C2,True,0.673,0.686,3.488,3.661,1.039,1.063,100.708
0 days 01:57:03.171000,SAI,55,98.672,35.0,2.0,,,False,HARD,26.0,True,Williams,1,11.0,True,2,Chinese Grand Prix,True,C2,True,0.582,0.593,3.397,3.565,0.734,0.749,100.676
0 days 01:58:41.915000,SAI,55,98.744,36.0,2.0,,,False,HARD,27.0,True,Williams,1,10.0,True,2,Chinese Grand Prix,True,C2,True,0.654,0.667,3.469,3.641,1.264,1.297,100.806
0 days 02:00:20.395000,SAI,55,98.48,37.0,2.0,,,False,HARD,28.0,True,Williams,1,10.0,True,2,Chinese Grand Prix,True,C2,True,0.39,0.398,3.205,3.364,1.284,1.321,100.601
0 days 02:01:58.890000,SAI,55,98.495,38.0,2.0,,,False,HARD,29.0,True,Williams,1,10.0,True,2,Chinese Grand Prix,True,C2,True,0.405,0.413,3.22,3.38,1.353,1.393,100.675
0 days 02:03:37.475000,SAI,55,98.585,39.0,2.0,,,False,HARD,30.0,True,Williams,1,10.0,True,2,Chinese Grand Prix,True,C2,True,0.495,0.505,3.31,3.474,1.15,1.18,100.824
0 days 02:05:15.833000,SAI,55,98.358,40.0,2.0,,,False,HARD,31.0,True,Williams,1,10.0,True,2,Chinese Grand Prix,True,C2,True,0.268,0.273,3.083,3.236,0.826,0.847,100.656
0 days 02:06:54.254000,SAI,55,98.421,41.0,2.0,,,False,HARD,32.0,True,Williams,1,10.0,True,2,Chinese Grand Prix,True,C2,True,0.331,0.337,3.146,3.302,0.995,1.021,100.778
0 days 02:08:32.526000,SAI,55,98.272,42.0,2.0,,,True,HARD,33.0,True,Williams,1,10.0,True,2,Chinese Grand Prix,True,C2,True,0.182,0.186,2.997,3.146,0.742,0.761,100.688
0 days 02:10:10.809000,SAI,55,98.283,43.0,2.0,,,False,HARD,34.0,True,Williams,1,10.0,True,2,Chinese Grand Prix,True,C2,True,0.193,0.197,3.008,3.157,1.069,1.1,100.758
0 days 02:11:49.077000,SAI,55,98.268,44.0,2.0,,,True,HARD,35.0,True,Williams,1,10.0,True,2,Chinese Grand Prix,True,C2,True,0.178,0.181,2.993,3.141,1.184,1.22,100.802
0 days 02:13:27.181000,SAI,55,98.104,45.0,2.0,,,True,HARD,36.0,True,Williams,1,9.0,True,2,Chinese Grand Prix,True,C2,True,0.014,0.014,2.829,2.969,0.872,0.897,100.697
0 days 02:15:05.215000,SAI,55,98.034,46.0,2.0,,,True,HARD,37.0,True,Williams,1,9.0,True,2,Chinese Grand Prix,True,C2,True,-0.056,-0.057,2.759,2.896,0.972,1.001,100.686
0 days 02:16:43.544000,SAI,55,98.329,47.0,2.0,,,False,HARD,38.0,True,Williams,1,9.0,True,2,Chinese Grand Prix,True,C2,True,0.239,0.244,3.054,3.205,0.928,0.953,101.04
0 days 02:18:21.566000,SAI,55,98.022,48.0,2.0,,,True,HARD,39.0,True,Williams,1,9.0,True,2,Chinese Grand Prix,True,C2,True,-0.068,-0.069,2.747,2.883,1.012,1.043,100.792
0 days 02:19:59.588000,SAI,55,98.022,49.0,2.0,,,False,HARD,40.0,True,Williams,1,9.0,True,2,Chinese Grand Prix,True,C2,True,-0.068,-0.069,2.747,2.883,0.565,0.58,100.851
0 days 02:21:38.618000,SAI,55,99.03,50.0,2.0,,,False,HARD,41.0,True,Williams,1,9.0,True,2,Chinese Grand Prix,True,C2,True,0.94,0.958,3.755,3.941,1.99,2.051,101.918
0 days 02:23:16.599000,SAI,55,97.981,51.0,2.0,,,True,HARD,42.0,True,Williams,1,9.0,True,2,Chinese Grand Prix,True,C2,True,-0.109,-0.111,2.706,2.84,1.156,1.194,100.927
0 days 02:24:55.023000,SAI,55,98.424,52.0,2.0,,,False,HARD,43.0,True,Williams,12,9.0,True,2,Chinese Grand Prix,True,C2,False,0.334,0.341,3.149,3.305,1.1,1.13,101.429
0 days 02:26:35.110000,SAI,55,100.087,53.0,2.0,,,False,HARD,44.0,True,Williams,1,9.0,True,2,Chinese Grand Prix,True,C2,True,1.997,2.036,4.812,5.051,2.737,2.812,103.151
0 days 02:28:13.364000,SAI,55,98.254,54.0,2.0,,,False,HARD,45.0,True,Williams,1,9.0,True,2,Chinese Grand Prix,True,C2,True,0.164,0.167,2.979,3.127,1.052,1.082,101.377
0 days 02:29:51.592000,SAI,55,98.228,55.0,2.0,,,False,HARD,46.0,True,Williams,1,9.0,True,2,Chinese Grand Prix,True,C2,True,0.138,0.141,2.953,3.099,1.062,1.093,101.41
0 days 00:58:27.955000,HAD,6,123.643,1.0,1.0,,0 days 00:58:26.239000,False,SOFT,4.0,False,Red Bull Racing,12,18.0,False,2,Chinese Grand Prix,True,C4,False,25.553,26.051,28.368,29.775,16.95,15.887,123.643
0 days 01:00:28.154000,HAD,6,120.199,2.0,2.0,0 days 00:58:49.235000,,False,HARD,1.0,True,Red Bull Racing,1,18.0,False,2,Chinese Grand Prix,True,C2,False,22.109,22.54,24.924,26.16,19.904,19.845,120.258
0 days 01:02:06.966000,HAD,6,98.812,3.0,2.0,,,True,HARD,2.0,True,Red Bull Racing,1,18.0,True,2,Chinese Grand Prix,True,C2,True,0.722,0.736,3.537,3.712,-0.303,-0.306,98.93
0 days 01:03:46.054000,HAD,6,99.088,4.0,2.0,,,False,HARD,3.0,True,Red Bull Racing,1,18.0,True,2,Chinese Grand Prix,True,C2,True,0.998,1.017,3.813,4.002,-0.02,-0.02,99.265
0 days 01:05:24.878000,HAD,6,98.824,5.0,2.0,,,False,HARD,4.0,True,Red Bull Racing,1,18.0,True,2,Chinese Grand Prix,True,C2,True,0.734,0.748,3.549,3.725,-0.506,-0.509,99.06
0 days 01:07:03.139000,HAD,6,98.261,6.0,2.0,,,True,HARD,5.0,True,Red Bull Racing,1,18.0,True,2,Chinese Grand Prix,True,C2,True,0.171,0.174,2.986,3.134,-0.506,-0.512,98.556
0 days 01:08:41.596000,HAD,6,98.457,7.0,2.0,,,False,HARD,6.0,True,Red Bull Racing,1,18.0,True,2,Chinese Grand Prix,True,C2,True,0.367,0.374,3.182,3.34,-0.803,-0.809,98.811
0 days 01:10:20.257000,HAD,6,98.661,8.0,2.0,,,False,HARD,7.0,True,Red Bull Racing,1,18.0,True,2,Chinese Grand Prix,True,C2,True,0.571,0.582,3.386,3.554,-0.571,-0.575,99.074
0 days 01:11:58.919000,HAD,6,98.662,9.0,2.0,,,False,HARD,8.0,True,Red Bull Racing,1,18.0,True,2,Chinese Grand Prix,True,C2,True,0.572,0.583,3.387,3.555,-0.374,-0.378,99.133
0 days 01:14:06.957000,HAD,6,128.038,10.0,2.0,,0 days 01:14:05.173000,False,HARD,9.0,True,Red Bull Racing,124,17.0,False,2,Chinese Grand Prix,True,C2,False,29.948,30.531,32.763,34.388,14.564,12.835,128.568
0 days 01:16:41.638000,HAD,6,,11.0,3.0,0 days 01:14:30.898000,,False,HARD,1.0,True,Red Bull Racing,4,17.0,False,2,Chinese Grand Prix,True,C2,False,,,,,,,
0 days 01:18:32.849000,HAD,6,111.211,12.0,3.0,,,False,HARD,2.0,True,Red Bull Racing,4,17.0,False,2,Chinese Grand Prix,True,C2,False,13.121,13.376,15.936,16.726,-29.525,-20.979,111.859
0 days 01:20:46.272000,HAD,6,133.423,13.0,3.0,,,False,HARD,3.0,True,Red Bull Racing,41,17.0,False,2,Chinese Grand Prix,True,C2,False,35.333,36.021,38.148,40.04,-11.117,-7.691,134.13
0 days 01:22:25.603000,HAD,6,99.331,14.0,3.0,,,False,HARD,4.0,True,Red Bull Racing,1,14.0,True,2,Chinese Grand Prix,True,C2,True,1.241,1.265,4.056,4.257,-1.077,-1.073,100.097
0 days 01:24:04.764000,HAD,6,99.161,15.0,3.0,,,False,HARD,5.0,True,Red Bull Racing,1,14.0,True,2,Chinese Grand Prix,True,C2,True,1.071,1.092,3.886,4.079,0.093,0.094,99.986
0 days 01:25:44.453000,HAD,6,99.689,16.0,3.0,,,False,HARD,6.0,True,Red Bull Racing,1,14.0,True,2,Chinese Grand Prix,True,C2,True,1.599,1.63,4.414,4.633,0.272,0.274,100.573
0 days 01:27:23.405000,HAD,6,98.952,17.0,3.0,,,False,HARD,7.0,True,Red Bull Racing,12,14.0,True,2,Chinese Grand Prix,True,C2,False,0.862,0.879,3.677,3.859,0.569,0.578,99.895
0 days 01:29:02.228000,HAD,6,98.823,18.0,3.0,,,False,HARD,8.0,True,Red Bull Racing,21,14.0,True,2,Chinese Grand Prix,True,C2,False,0.733,0.747,3.548,3.724,0.152,0.154,99.825
0 days 01:30:40.985000,HAD,6,98.757,19.0,3.0,,,False,HARD,9.0,True,Red Bull Racing,1,14.0,True,2,Chinese Grand Prix,True,C2,True,0.667,0.68,3.482,3.655,-0.278,-0.281,99.818
0 days 01:32:20.254000,HAD,6,99.269,20.0,3.0,,,False,HARD,10.0,True,Red Bull Racing,1,14.0,True,2,Chinese Grand Prix,True,C2,True,1.179,1.202,3.994,4.192,0.278,0.281,100.389
0 days 01:33:59.387000,HAD,6,99.133,21.0,3.0,,,False,HARD,11.0,True,Red Bull Racing,1,14.0,True,2,Chinese Grand Prix,True,C2,True,1.043,1.063,3.858,4.049,0.0,0.0,100.312
0 days 01:35:37.779000,HAD,6,98.392,22.0,3.0,,,False,HARD,12.0,True,Red Bull Racing,1,13.0,True,2,Chinese Grand Prix,True,C2,True,0.302,0.308,3.117,3.272,-0.308,-0.312,99.63
0 days 01:37:16.216000,HAD,6,98.437,23.0,3.0,,,False,HARD,13.0,True,Red Bull Racing,1,13.0,True,2,Chinese Grand Prix,True,C2,True,0.347,0.354,3.162,3.319,0.0,0.0,99.733
0 days 01:38:55.096000,HAD,6,98.88,24.0,3.0,,,False,HARD,14.0,True,Red Bull Racing,1,13.0,True,2,Chinese Grand Prix,True,C2,True,0.79,0.805,3.605,3.784,0.334,0.339,100.235
0 days 01:40:33.713000,HAD,6,98.617,25.0,3.0,,,False,HARD,15.0,True,Red Bull Racing,1,12.0,True,2,Chinese Grand Prix,True,C2,True,0.527,0.537,3.342,3.508,0.049,0.05,100.031
0 days 01:42:12.087000,HAD,6,98.374,26.0,3.0,,,False,HARD,16.0,True,Red Bull Racing,1,12.0,True,2,Chinese Grand Prix,True,C2,True,0.284,0.29,3.099,3.253,0.304,0.31,99.847
0 days 01:43:50.380000,HAD,6,98.293,27.0,3.0,,,False,HARD,17.0,True,Red Bull Racing,12,12.0,True,2,Chinese Grand Prix,True,C2,False,0.203,0.207,3.018,3.168,0.005,0.005,99.825
0 days 01:45:28.739000,HAD,6,98.359,28.0,3.0,,,False,HARD,18.0,True,Red Bull Racing,1,12.0,True,2,Chinese Grand Prix,True,C2,True,0.269,0.274,3.084,3.237,0.0,0.0,99.95
0 days 01:47:06.821000,HAD,6,98.082,29.0,3.0,,,True,HARD,19.0,True,Red Bull Racing,1,11.0,True,2,Chinese Grand Prix,True,C2,True,-0.008,-0.008,2.807,2.946,-0.113,-0.115,99.732
0 days 01:48:44.740000,HAD,6,97.919,30.0,3.0,,,True,HARD,20.0,True,Red Bull Racing,1,11.0,True,2,Chinese Grand Prix,True,C2,True,-0.171,-0.174,2.644,2.775,0.013,0.013,99.628
0 days 01:50:22.608000,HAD,6,97.868,31.0,3.0,,,True,HARD,21.0,True,Red Bull Racing,1,11.0,True,2,Chinese Grand Prix,True,C2,True,-0.222,-0.226,2.593,2.722,0.17,0.174,99.636
0 days 01:52:00.697000,HAD,6,98.089,32.0,3.0,,,False,HARD,22.0,True,Red Bull Racing,1,10.0,True,2,Chinese Grand Prix,True,C2,True,-0.001,-0.001,2.814,2.954,0.329,0.337,99.916
0 days 01:53:38.518000,HAD,6,97.821,33.0,3.0,,,True,HARD,23.0,True,Red Bull Racing,12,10.0,True,2,Chinese Grand Prix,True,C2,False,-0.269,-0.274,2.546,2.672,0.0,0.0,99.707
0 days 01:55:16.557000,HAD,6,98.039,34.0,3.0,,,False,HARD,24.0,True,Red Bull Racing,1,10.0,True,2,Chinese Grand Prix,True,C2,True,-0.051,-0.052,2.764,2.901,0.315,0.322,99.984
0 days 01:56:54.495000,HAD,6,97.938,35.0,3.0,,,False,HARD,25.0,True,Red Bull Racing,1,9.0,True,2,Chinese Grand Prix,True,C2,True,-0.152,-0.155,2.663,2.795,0.0,0.0,99.942
0 days 01:58:32.249000,HAD,6,97.754,36.0,3.0,,,True,HARD,26.0,True,Red Bull Racing,1,9.0,True,2,Chinese Grand Prix,True,C2,True,-0.336,-0.343,2.479,2.602,0.274,0.281,99.816
0 days 02:00:10.091000,HAD,6,97.842,37.0,3.0,,,False,HARD,27.0,True,Red Bull Racing,1,9.0,True,2,Chinese Grand Prix,True,C2,True,-0.248,-0.253,2.567,2.694,0.646,0.665,99.963
0 days 02:01:47.670000,HAD,6,97.579,38.0,3.0,,,True,HARD,28.0,True,Red Bull Racing,1,9.0,True,2,Chinese Grand Prix,True,C2,True,-0.511,-0.521,2.304,2.418,0.437,0.45,99.759
0 days 02:03:25.323000,HAD,6,97.653,39.0,3.0,,,False,HARD,29.0,True,Red Bull Racing,1,9.0,True,2,Chinese Grand Prix,True,C2,True,-0.437,-0.446,2.378,2.496,0.218,0.224,99.892
0 days 02:05:03.258000,HAD,6,97.935,40.0,3.0,,,False,HARD,30.0,True,Red Bull Racing,1,9.0,True,2,Chinese Grand Prix,True,C2,True,-0.155,-0.158,2.66,2.792,0.403,0.413,100.233
0 days 02:06:41.181000,HAD,6,97.923,41.0,3.0,,,False,HARD,31.0,True,Red Bull Racing,1,9.0,True,2,Chinese Grand Prix,True,C2,True,-0.167,-0.17,2.648,2.779,0.497,0.51,100.28
0 days 02:08:18.534000,HAD,6,97.353,42.0,3.0,,,True,HARD,32.0,True,Red Bull Racing,1,9.0,True,2,Chinese Grand Prix,True,C2,True,-0.737,-0.751,2.078,2.181,-0.177,-0.181,99.769
0 days 02:09:56.181000,HAD,6,97.647,43.0,3.0,,,False,HARD,33.0,True,Red Bull Racing,1,9.0,True,2,Chinese Grand Prix,True,C2,True,-0.443,-0.452,2.372,2.49,0.433,0.445,100.122
0 days 02:11:33.540000,HAD,6,97.359,44.0,3.0,,,False,HARD,34.0,True,Red Bull Racing,1,9.0,True,2,Chinese Grand Prix,True,C2,True,-0.731,-0.745,2.084,2.187,0.275,0.283,99.893
0 days 02:13:11.156000,HAD,6,97.616,45.0,3.0,,,False,HARD,35.0,True,Red Bull Racing,1,8.0,True,2,Chinese Grand Prix,True,C2,True,-0.474,-0.483,2.341,2.457,0.384,0.395,100.209
0 days 02:14:48.467000,HAD,6,97.311,46.0,3.0,,,True,HARD,36.0,True,Red Bull Racing,1,8.0,True,2,Chinese Grand Prix,True,C2,True,-0.779,-0.794,2.036,2.137,0.249,0.257,99.963
0 days 02:16:26.672000,HAD,6,98.205,47.0,3.0,,,False,HARD,37.0,True,Red Bull Racing,1,8.0,True,2,Chinese Grand Prix,True,C2,True,0.115,0.117,2.93,3.075,0.804,0.825,100.916
0 days 02:18:04.678000,HAD,6,98.006,48.0,3.0,,,False,HARD,38.0,True,Red Bull Racing,1,8.0,True,2,Chinese Grand Prix,True,C2,True,-0.084,-0.086,2.731,2.866,0.996,1.027,100.776
0 days 02:19:42.508000,HAD,6,97.83,49.0,3.0,,,False,HARD,39.0,True,Red Bull Racing,1,8.0,True,2,Chinese Grand Prix,True,C2,True,-0.26,-0.265,2.555,2.682,0.373,0.383,100.659
0 days 02:21:20.197000,HAD,6,97.689,50.0,3.0,,,False,HARD,40.0,True,Red Bull Racing,1,8.0,True,2,Chinese Grand Prix,True,C2,True,-0.401,-0.409,2.414,2.534,0.649,0.669,100.576
0 days 02:22:58.200000,HAD,6,98.003,51.0,3.0,,,False,HARD,41.0,True,Red Bull Racing,1,8.0,True,2,Chinese Grand Prix,True,C2,True,-0.087,-0.089,2.728,2.863,1.178,1.217,100.949
0 days 02:24:36.005000,HAD,6,97.805,52.0,3.0,,,False,HARD,42.0,True,Red Bull Racing,1,8.0,True,2,Chinese Grand Prix,True,C2,True,-0.285,-0.291,2.53,2.655,0.481,0.494,100.81
0 days 02:26:13.942000,HAD,6,97.937,53.0,3.0,,,False,HARD,43.0,True,Red Bull Racing,12,8.0,True,2,Chinese Grand Prix,True,C2,False,-0.153,-0.156,2.662,2.794,0.587,0.603,101.001
0 days 02:27:51.867000,HAD,6,97.925,54.0,3.0,,,False,HARD,44.0,True,Red Bull Racing,1,8.0,True,2,Chinese Grand Prix,True,C2,True,-0.165,-0.168,2.65,2.781,0.723,0.744,101.048
0 days 02:29:29.665000,HAD,6,97.798,55.0,3.0,,,False,HARD,45.0,True,Red Bull Racing,1,8.0,True,2,Chinese Grand Prix,True,C2,True,-0.292,-0.298,2.523,2.648,0.632,0.65,100.98
0 days 02:31:07.209000,HAD,6,97.544,56.0,3.0,,,False,HARD,46.0,True,Red Bull Racing,1,8.0,True,2,Chinese Grand Prix,True,C2,True,-0.546,-0.557,2.269,2.382,1.045,1.083,100.785
0 days 00:58:06.127000,RUS,63,101.815,1.0,1.0,,,False,MEDIUM,1.0,True,Mercedes,12,4.0,False,2,Chinese Grand Prix,True,C3,False,3.725,3.798,6.54,6.864,-4.878,-4.572,101.815
0 days 00:59:44.202000,RUS,63,98.075,2.0,1.0,,,True,MEDIUM,2.0,True,Mercedes,1,4.0,True,2,Chinese Grand Prix,True,C3,True,-0.015,-0.015,2.8,2.939,-2.22,-2.213,98.134
0 days 01:01:22.327000,RUS,63,98.125,3.0,1.0,,,False,MEDIUM,3.0,True,Mercedes,1,3.0,True,2,Chinese Grand Prix,True,C3,True,0.035,0.036,2.85,2.991,-0.99,-0.999,98.243
0 days 01:02:59.420000,RUS,63,97.093,4.0,1.0,,,True,MEDIUM,4.0,True,Mercedes,1,2.0,True,2,Chinese Grand Prix,True,C3,True,-0.997,-1.016,1.818,1.908,-2.015,-2.033,97.27
0 days 01:04:36.882000,RUS,63,97.462,5.0,1.0,,,False,MEDIUM,5.0,True,Mercedes,1,2.0,True,2,Chinese Grand Prix,True,C3,True,-0.628,-0.64,2.187,2.295,-1.868,-1.881,97.698
0 days 01:06:14.257000,RUS,63,97.375,6.0,1.0,,,False,MEDIUM,6.0,True,Mercedes,1,2.0,True,2,Chinese Grand Prix,True,C3,True,-0.715,-0.729,2.1,2.204,-1.392,-1.409,97.67
0 days 01:07:51.640000,RUS,63,97.383,7.0,1.0,,,False,MEDIUM,7.0,True,Mercedes,1,2.0,True,2,Chinese Grand Prix,True,C3,True,-0.707,-0.721,2.108,2.213,-1.877,-1.891,97.737
0 days 01:09:28.906000,RUS,63,97.266,8.0,1.0,,,False,MEDIUM,8.0,True,Mercedes,1,2.0,True,2,Chinese Grand Prix,True,C3,True,-0.824,-0.84,1.991,2.09,-1.966,-1.981,97.678
0 days 01:11:06.167000,RUS,63,97.261,9.0,1.0,,,False,MEDIUM,9.0,True,Mercedes,1,2.0,True,2,Chinese Grand Prix,True,C3,True,-0.829,-0.845,1.986,2.084,-1.775,-1.792,97.732
0 days 01:12:58.946000,RUS,63,112.779,10.0,1.0,,0 days 01:12:57.297000,False,MEDIUM,10.0,True,Mercedes,124,2.0,False,2,Chinese Grand Prix,True,C3,False,14.689,14.975,17.504,18.372,-0.695,-0.612,113.309
0 days 01:15:41.722000,RUS,63,,11.0,2.0,0 days 01:13:20.674000,,False,HARD,1.0,True,Mercedes,4,4.0,False,2,Chinese Grand Prix,True,C2,False,,,,,,,
0 days 01:18:11.389000,RUS,63,149.667,12.0,2.0,,,False,HARD,2.0,True,Mercedes,4,4.0,False,2,Chinese Grand Prix,True,C2,False,51.577,52.581,54.392,57.089,8.931,6.346,150.315
0 days 01:20:40.669000,RUS,63,149.28,13.0,2.0,,,False,HARD,3.0,True,Mercedes,41,4.0,False,2,Chinese Grand Prix,True,C2,False,51.19,52.187,54.005,56.683,4.74,3.279,149.987
0 days 01:22:21.257000,RUS,63,100.588,14.0,2.0,,,False,HARD,4.0,True,Mercedes,1,5.0,True,2,Chinese Grand Prix,True,C2,True,2.498,2.547,5.313,5.576,0.18,0.179,101.354
0 days 01:24:00.167000,RUS,63,98.91,15.0,2.0,,,False,HARD,5.0,True,Mercedes,1,6.0,True,2,Chinese Grand Prix,True,C2,True,0.82,0.836,3.635,3.815,-0.158,-0.159,99.735
0 days 01:25:37.699000,RUS,63,97.532,16.0,2.0,,,False,HARD,6.0,True,Mercedes,1,4.0,True,2,Chinese Grand Prix,True,C2,True,-0.558,-0.569,2.257,2.369,-1.885,-1.896,98.416
0 days 01:27:14.119000,RUS,63,96.42,17.0,2.0,,,True,HARD,7.0,True,Mercedes,1,4.0,True,2,Chinese Grand Prix,True,C2,True,-1.67,-1.703,1.145,1.202,-1.963,-1.995,97.363
0 days 01:28:50.432000,RUS,63,96.313,18.0,2.0,,,True,HARD,8.0,True,Mercedes,12,4.0,True,2,Chinese Grand Prix,True,C2,False,-1.777,-1.812,1.038,1.089,-2.358,-2.39,97.315
0 days 01:30:27.100000,RUS,63,96.668,19.0,2.0,,,False,HARD,9.0,True,Mercedes,1,4.0,True,2,Chinese Grand Prix,True,C2,True,-1.422,-1.45,1.393,1.462,-2.367,-2.39,97.729
0 days 01:32:03.717000,RUS,63,96.617,20.0,2.0,,,False,HARD,10.0,True,Mercedes,1,4.0,True,2,Chinese Grand Prix,True,C2,True,-1.473,-1.502,1.342,1.409,-2.374,-2.398,97.737
0 days 01:33:40.380000,RUS,63,96.663,21.0,2.0,,,False,HARD,11.0,True,Mercedes,1,4.0,True,2,Chinese Grand Prix,True,C2,True,-1.427,-1.455,1.388,1.457,-2.47,-2.492,97.842
0 days 01:35:17.274000,RUS,63,96.894,22.0,2.0,,,False,HARD,12.0,True,Mercedes,1,4.0,True,2,Chinese Grand Prix,True,C2,True,-1.196,-1.219,1.619,1.699,-1.806,-1.83,98.132
0 days 01:36:53.835000,RUS,63,96.561,23.0,2.0,,,False,HARD,13.0,True,Mercedes,1,4.0,True,2,Chinese Grand Prix,True,C2,True,-1.529,-1.559,1.286,1.35,-1.876,-1.906,97.857
0 days 01:38:31.280000,RUS,63,97.445,24.0,2.0,,,False,HARD,14.0,True,Mercedes,1,4.0,True,2,Chinese Grand Prix,True,C2,True,-0.645,-0.658,2.17,2.278,-1.101,-1.117,98.8
0 days 01:40:09.343000,RUS,63,98.063,25.0,2.0,,,False,HARD,15.0,True,Mercedes,1,4.0,True,2,Chinese Grand Prix,True,C2,True,-0.027,-0.028,2.788,2.926,-0.505,-0.512,99.477
0 days 01:41:46.530000,RUS,63,97.187,26.0,2.0,,,False,HARD,16.0,True,Mercedes,1,4.0,True,2,Chinese Grand Prix,True,C2,True,-0.903,-0.921,1.912,2.007,-0.883,-0.9,98.66
0 days 01:43:24.301000,RUS,63,97.771,27.0,2.0,,,False,HARD,17.0,True,Mercedes,1,3.0,True,2,Chinese Grand Prix,True,C2,True,-0.319,-0.325,2.496,2.62,-0.517,-0.526,99.303
0 days 01:45:01.272000,RUS,63,96.971,28.0,2.0,,,False,HARD,18.0,True,Mercedes,12,3.0,True,2,Chinese Grand Prix,True,C2,False,-1.119,-1.141,1.696,1.78,-1.388,-1.411,98.562
0 days 01:46:37.430000,RUS,63,96.158,29.0,2.0,,,True,HARD,19.0,True,Mercedes,1,2.0,True,2,Chinese Grand Prix,True,C2,True,-1.932,-1.97,0.883,0.927,-2.037,-2.074,97.808
0 days 01:48:13.868000,RUS,63,96.438,30.0,2.0,,,False,HARD,20.0,True,Mercedes,1,2.0,True,2,Chinese Grand Prix,True,C2,True,-1.652,-1.684,1.163,1.221,-1.468,-1.499,98.147
0 days 01:49:50.075000,RUS,63,96.207,31.0,2.0,,,False,HARD,21.0,True,Mercedes,1,2.0,True,2,Chinese Grand Prix,True,C2,True,-1.883,-1.92,0.932,0.978,-1.491,-1.526,97.975
0 days 01:51:26.052000,RUS,63,95.977,32.0,2.0,,,True,HARD,22.0,True,Mercedes,1,2.0,True,2,Chinese Grand Prix,True,C2,True,-2.113,-2.154,0.702,0.737,-1.783,-1.824,97.804
0 days 01:53:02.159000,RUS,63,96.107,33.0,2.0,,,False,HARD,23.0,True,Mercedes,12,2.0,True,2,Chinese Grand Prix,True,C2,False,-1.983,-2.022,0.832,0.873,-1.714,-1.752,97.993
0 days 01:54:38.011000,RUS,63,95.852,34.0,2.0,,,True,HARD,24.0,True,Mercedes,1,2.0,True,2,Chinese Grand Prix,True,C2,True,-2.238,-2.282,0.577,0.606,-1.872,-1.916,97.797
0 days 01:56:14.173000,RUS,63,96.162,35.0,2.0,,,False,HARD,25.0,True,Mercedes,1,2.0,True,2,Chinese Grand Prix,True,C2,True,-1.928,-1.966,0.887,0.931,-1.776,-1.813,98.166
0 days 01:57:50.087000,RUS,63,95.914,36.0,2.0,,,False,HARD,26.0,True,Mercedes,1,2.0,True,2,Chinese Grand Prix,True,C2,True,-2.176,-2.218,0.639,0.671,-1.566,-1.606,97.976
0 days 01:59:25.618000,RUS,63,95.531,37.0,2.0,,,True,HARD,27.0,True,Mercedes,1,2.0,True,2,Chinese Grand Prix,True,C2,True,-2.559,-2.609,0.256,0.269,-1.665,-1.713,97.652
0 days 02:01:01.147000,RUS,63,95.529,38.0,2.0,,,True,HARD,28.0,True,Mercedes,1,2.0,True,2,Chinese Grand Prix,True,C2,True,-2.561,-2.611,0.254,0.267,-1.613,-1.66,97.709
0 days 02:02:36.644000,RUS,63,95.497,39.0,2.0,,,True,HARD,29.0,True,Mercedes,1,2.0,True,2,Chinese Grand Prix,True,C2,True,-2.593,-2.643,0.222,0.233,-1.938,-1.989,97.736
0 days 02:04:12.280000,RUS,63,95.636,40.0,2.0,,,False,HARD,30.0,True,Mercedes,1,2.0,True,2,Chinese Grand Prix,True,C2,True,-2.454,-2.502,0.361,0.379,-1.896,-1.944,97.934
0 days 02:05:47.921000,RUS,63,95.641,41.0,2.0,,,False,HARD,31.0,True,Mercedes,1,2.0,True,2,Chinese Grand Prix,True,C2,True,-2.449,-2.497,0.366,0.384,-1.785,-1.832,97.998
0 days 02:07:24.582000,RUS,63,96.661,42.0,2.0,,,False,HARD,32.0,True,Mercedes,1,2.0,True,2,Chinese Grand Prix,True,C2,True,-1.429,-1.457,1.386,1.455,-0.869,-0.891,99.077
0 days 02:09:00.226000,RUS,63,95.644,43.0,2.0,,,False,HARD,33.0,True,Mercedes,1,2.0,True,2,Chinese Grand Prix,True,C2,True,-2.446,-2.494,0.369,0.387,-1.57,-1.615,98.119
0 days 02:10:35.768000,RUS,63,95.542,44.0,2.0,,,False,HARD,34.0,True,Mercedes,1,2.0,True,2,Chinese Grand Prix,True,C2,True,-2.548,-2.598,0.267,0.28,-1.542,-1.588,98.076
0 days 02:12:11.445000,RUS,63,95.677,45.0,2.0,,,False,HARD,35.0,True,Mercedes,1,2.0,True,2,Chinese Grand Prix,True,C2,True,-2.413,-2.46,0.402,0.422,-1.555,-1.599,98.27
0 days 02:13:47.852000,RUS,63,96.407,46.0,2.0,,,False,HARD,36.0,True,Mercedes,1,2.0,True,2,Chinese Grand Prix,True,C2,True,-1.683,-1.716,1.132,1.188,-0.655,-0.675,99.059
0 days 02:15:23.520000,RUS,63,95.668,47.0,2.0,,,False,HARD,37.0,True,Mercedes,1,2.0,True,2,Chinese Grand Prix,True,C2,True,-2.422,-2.469,0.393,0.412,-1.733,-1.779,98.379
0 days 02:16:59.615000,RUS,63,96.095,48.0,2.0,,,False,HARD,38.0,True,Mercedes,1,2.0,True,2,Chinese Grand Prix,True,C2,True,-1.995,-2.034,0.82,0.861,-0.915,-0.943,98.865
0 days 02:18:35.485000,RUS,63,95.87,49.0,2.0,,,False,HARD,39.0,True,Mercedes,1,2.0,True,2,Chinese Grand Prix,True,C2,True,-2.22,-2.263,0.595,0.625,-1.587,-1.628,98.699
0 days 02:20:11.166000,RUS,63,95.681,50.0,2.0,,,False,HARD,40.0,True,Mercedes,1,2.0,True,2,Chinese Grand Prix,True,C2,True,-2.409,-2.456,0.406,0.426,-1.359,-1.4,98.568
0 days 02:21:46.697000,RUS,63,95.531,51.0,2.0,,,False,HARD,41.0,True,Mercedes,1,2.0,True,2,Chinese Grand Prix,True,C2,True,-2.559,-2.609,0.256,0.269,-1.294,-1.336,98.477
0 days 02:23:22.244000,RUS,63,95.547,52.0,2.0,,,False,HARD,42.0,True,Mercedes,1,2.0,True,2,Chinese Grand Prix,True,C2,True,-2.543,-2.593,0.272,0.285,-1.777,-1.826,98.552
0 days 02:24:57.935000,RUS,63,95.691,53.0,2.0,,,False,HARD,43.0,True,Mercedes,12,2.0,True,2,Chinese Grand Prix,True,C2,False,-2.399,-2.446,0.416,0.437,-1.659,-1.704,98.755
0 days 02:26:34.392000,RUS,63,96.457,54.0,2.0,,,False,HARD,44.0,True,Mercedes,1,2.0,True,2,Chinese Grand Prix,True,C2,True,-1.633,-1.665,1.182,1.241,-0.745,-0.766,99.58
0 days 02:28:10.087000,RUS,63,95.695,55.0,2.0,,,False,HARD,45.0,True,Mercedes,1,2.0,True,2,Chinese Grand Prix,True,C2,True,-2.395,-2.442,0.42,0.441,-1.471,-1.514,98.877
0 days 02:29:45.487000,RUS,63,95.4,56.0,2.0,,,True,HARD,46.0,True,Mercedes,1,2.0,True,2,Chinese Grand Prix,True,C2,True,-2.69,-2.742,0.125,0.131,-1.099,-1.139,98.641
0 days 00:58:12.647000,BOT,77,108.335,1.0,1.0,,,False,MEDIUM,1.0,True,Cadillac,12,14.0,False,2,Chinese Grand Prix,True,C3,False,10.245,10.444,13.06,13.708,1.642,1.539,108.335
0 days 00:59:54.248000,BOT,77,101.601,2.0,1.0,,,True,MEDIUM,2.0,True,Cadillac,1,14.0,True,2,Chinese Grand Prix,True,C3,True,3.511,3.579,6.326,6.64,1.306,1.302,101.66
0 days 01:01:36.077000,BOT,77,101.829,3.0,1.0,,,False,MEDIUM,3.0,True,Cadillac,1,15.0,True,2,Chinese Grand Prix,True,C3,True,3.739,3.812,6.554,6.879,2.714,2.738,101.947
0 days 01:03:16.981000,BOT,77,100.904,4.0,1.0,,,True,MEDIUM,4.0,True,Cadillac,1,15.0,True,2,Chinese Grand Prix,True,C3,True,2.814,2.869,5.629,5.908,1.796,1.812,101.081
0 days 01:04:58.377000,BOT,77,101.396,5.0,1.0,,,False,MEDIUM,5.0,True,Cadillac,1,15.0,True,2,Chinese Grand Prix,True,C3,True,3.306,3.37,6.121,6.425,2.066,2.08,101.632
0 days 01:06:38.655000,BOT,77,100.278,6.0,1.0,,,True,MEDIUM,6.0,True,Cadillac,1,14.0,True,2,Chinese Grand Prix,True,C3,True,2.188,2.231,5.003,5.251,1.511,1.53,100.573
0 days 01:08:19.530000,BOT,77,100.875,7.0,1.0,,,False,MEDIUM,7.0,True,Cadillac,1,14.0,True,2,Chinese Grand Prix,True,C3,True,2.785,2.839,5.6,5.878,1.615,1.627,101.229
0 days 01:10:00.788000,BOT,77,101.258,8.0,1.0,,,False,MEDIUM,8.0,True,Cadillac,1,14.0,True,2,Chinese Grand Prix,True,C3,True,3.168,3.23,5.983,6.28,2.026,2.042,101.67
0 days 01:11:42.137000,BOT,77,101.349,9.0,1.0,,,False,MEDIUM,9.0,True,Cadillac,1,14.0,True,2,Chinese Grand Prix,True,C3,True,3.259,3.322,6.074,6.375,2.313,2.336,101.82
0 days 01:13:47.268000,BOT,77,125.131,10.0,1.0,,0 days 01:13:45.503000,False,MEDIUM,10.0,True,Cadillac,124,12.0,False,2,Chinese Grand Prix,True,C3,False,27.041,27.568,29.856,31.337,11.657,10.273,125.661
0 days 01:16:24.050000,BOT,77,,11.0,2.0,0 days 01:14:13.350000,,False,HARD,1.0,True,Cadillac,4,16.0,False,2,Chinese Grand Prix,True,C2,False,,,,,,,
0 days 01:18:25.498000,BOT,77,121.448,12.0,2.0,,,False,HARD,2.0,True,Cadillac,4,15.0,False,2,Chinese Grand Prix,True,C2,False,23.358,23.813,26.173,27.471,-19.288,-13.705,122.096
0 days 01:20:45.317000,BOT,77,139.819,13.0,2.0,,,False,HARD,3.0,True,Cadillac,41,15.0,False,2,Chinese Grand Prix,True,C2,False,41.729,42.542,44.544,46.753,-4.721,-3.266,140.526
0 days 01:22:26.611000,BOT,77,101.294,14.0,2.0,,,False,HARD,4.0,True,Cadillac,1,15.0,True,2,Chinese Grand Prix,True,C2,True,3.204,3.266,6.019,6.318,0.886,0.882,102.06
0 days 01:24:06.617000,BOT,77,100.006,15.0,2.0,,,True,HARD,5.0,True,Cadillac,1,15.0,True,2,Chinese Grand Prix,True,C2,True,1.916,1.953,4.731,4.966,0.938,0.947,100.831
0 days 01:25:46.356000,BOT,77,99.739,16.0,2.0,,,True,HARD,6.0,True,Cadillac,1,15.0,True,2,Chinese Grand Prix,True,C2,True,1.649,1.681,4.464,4.685,0.322,0.324,100.623
0 days 01:27:26.586000,BOT,77,100.23,17.0,2.0,,,False,HARD,7.0,True,Cadillac,12,15.0,True,2,Chinese Grand Prix,True,C2,False,2.14,2.182,4.955,5.201,1.847,1.877,101.173
0 days 01:29:06.685000,BOT,77,100.099,18.0,2.0,,,False,HARD,8.0,True,Cadillac,21,15.0,True,2,Chinese Grand Prix,True,C2,False,2.009,2.048,4.824,5.063,1.428,1.447,101.101
0 days 01:30:46.849000,BOT,77,100.164,19.0,2.0,,,False,HARD,9.0,True,Cadillac,1,15.0,True,2,Chinese Grand Prix,True,C2,True,2.074,2.114,4.889,5.131,1.129,1.14,101.225
0 days 01:32:26.825000,BOT,77,99.976,20.0,2.0,,,False,HARD,10.0,True,Cadillac,1,15.0,True,2,Chinese Grand Prix,True,C2,True,1.886,1.923,4.701,4.934,0.985,0.995,101.096
0 days 01:34:06.870000,BOT,77,100.045,21.0,2.0,,,False,HARD,11.0,True,Cadillac,1,15.0,True,2,Chinese Grand Prix,True,C2,True,1.955,1.993,4.77,5.007,0.912,0.92,101.224
0 days 01:35:46.683000,BOT,77,99.813,22.0,2.0,,,False,HARD,12.0,True,Cadillac,1,15.0,True,2,Chinese Grand Prix,True,C2,True,1.723,1.757,4.538,4.763,1.113,1.128,101.05
0 days 01:37:26.650000,BOT,77,99.967,23.0,2.0,,,False,HARD,13.0,True,Cadillac,1,15.0,True,2,Chinese Grand Prix,True,C2,True,1.877,1.914,4.692,4.925,1.53,1.554,101.263
0 days 01:39:06.496000,BOT,77,99.846,24.0,2.0,,,False,HARD,14.0,True,Cadillac,1,15.0,True,2,Chinese Grand Prix,True,C2,True,1.756,1.79,4.571,4.798,1.3,1.319,101.201
0 days 01:40:46.309000,BOT,77,99.813,25.0,2.0,,,False,HARD,15.0,True,Cadillac,1,15.0,True,2,Chinese Grand Prix,True,C2,True,1.723,1.757,4.538,4.763,1.245,1.263,101.227
0 days 01:42:26.053000,BOT,77,99.744,26.0,2.0,,,False,HARD,16.0,True,Cadillac,1,15.0,True,2,Chinese Grand Prix,True,C2,True,1.654,1.686,4.469,4.691,1.674,1.707,101.217
0 days 01:44:06.858000,BOT,77,100.805,27.0,2.0,,,False,HARD,17.0,True,Cadillac,12,15.0,True,2,Chinese Grand Prix,True,C2,False,2.715,2.768,5.53,5.804,2.517,2.561,102.337
0 days 01:45:46.494000,BOT,77,99.636,28.0,2.0,,,True,HARD,18.0,True,Cadillac,1,15.0,True,2,Chinese Grand Prix,True,C2,True,1.546,1.576,4.361,4.577,1.277,1.298,101.227
0 days 01:47:26.060000,BOT,77,99.566,29.0,2.0,,,True,HARD,19.0,True,Cadillac,1,15.0,True,2,Chinese Grand Prix,True,C2,True,1.476,1.505,4.291,4.504,1.371,1.396,101.216
0 days 01:49:05.752000,BOT,77,99.692,30.0,2.0,,,False,HARD,20.0,True,Cadillac,1,14.0,True,2,Chinese Grand Prix,True,C2,True,1.602,1.633,4.417,4.636,1.786,1.824,101.401
0 days 01:50:45.520000,BOT,77,99.768,31.0,2.0,,,False,HARD,21.0,True,Cadillac,1,15.0,True,2,Chinese Grand Prix,True,C2,True,1.678,1.711,4.493,4.716,2.07,2.119,101.536
0 days 01:52:25.062000,BOT,77,99.542,32.0,2.0,,,True,HARD,22.0,True,Cadillac,1,15.0,True,2,Chinese Grand Prix,True,C2,True,1.452,1.48,4.267,4.479,1.782,1.823,101.369
0 days 01:54:06.208000,BOT,77,101.146,33.0,2.0,,,False,HARD,23.0,True,Cadillac,12,14.0,True,2,Chinese Grand Prix,True,C2,False,3.056,3.116,5.871,6.162,3.325,3.399,103.032
0 days 01:55:45.903000,BOT,77,99.695,34.0,2.0,,,False,HARD,24.0,True,Cadillac,1,14.0,True,2,Chinese Grand Prix,True,C2,True,1.605,1.636,4.42,4.639,1.971,2.017,101.64
0 days 01:57:25.442000,BOT,77,99.539,35.0,2.0,,,True,HARD,25.0,True,Cadillac,1,14.0,True,2,Chinese Grand Prix,True,C2,True,1.449,1.477,4.264,4.475,1.601,1.635,101.543
0 days 01:59:05.994000,BOT,77,100.552,36.0,2.0,,,False,HARD,26.0,True,Cadillac,1,14.0,True,2,Chinese Grand Prix,True,C2,True,2.462,2.51,5.277,5.539,3.072,3.151,102.614
0 days 02:00:45.438000,BOT,77,99.444,37.0,2.0,,,True,HARD,27.0,True,Cadillac,1,14.0,True,2,Chinese Grand Prix,True,C2,True,1.354,1.38,4.169,4.376,2.248,2.313,101.565
0 days 02:02:25.485000,BOT,77,100.047,38.0,2.0,,,False,HARD,28.0,True,Cadillac,1,15.0,True,2,Chinese Grand Prix,True,C2,True,1.957,1.995,4.772,5.009,2.905,2.99,102.227
0 days 02:04:05.219000,BOT,77,99.734,39.0,2.0,,,False,HARD,29.0,True,Cadillac,1,15.0,True,2,Chinese Grand Prix,True,C2,True,1.644,1.676,4.459,4.68,2.299,2.36,101.973
0 days 02:05:45.790000,BOT,77,100.571,40.0,2.0,,,False,HARD,30.0,True,Cadillac,1,15.0,True,2,Chinese Grand Prix,True,C2,True,2.481,2.529,5.296,5.559,3.039,3.116,102.869
0 days 02:07:25.867000,BOT,77,100.077,41.0,2.0,,,False,HARD,31.0,True,Cadillac,1,15.0,True,2,Chinese Grand Prix,True,C2,True,1.987,2.026,4.802,5.04,2.651,2.721,102.434
0 days 02:09:04.887000,BOT,77,99.02,42.0,2.0,,,True,HARD,32.0,True,Cadillac,1,15.0,True,2,Chinese Grand Prix,True,C2,True,0.93,0.948,3.745,3.931,1.49,1.528,101.436
0 days 02:10:44.348000,BOT,77,99.461,43.0,2.0,,,False,HARD,33.0,True,Cadillac,1,15.0,True,2,Chinese Grand Prix,True,C2,True,1.371,1.398,4.186,4.394,2.247,2.311,101.936
0 days 02:12:23.262000,BOT,77,98.914,44.0,2.0,,,True,HARD,34.0,True,Cadillac,1,15.0,True,2,Chinese Grand Prix,True,C2,True,0.824,0.84,3.639,3.819,1.83,1.885,101.448
0 days 02:14:03.641000,BOT,77,100.379,45.0,2.0,,,False,HARD,35.0,True,Cadillac,1,15.0,True,2,Chinese Grand Prix,True,C2,True,2.289,2.334,5.104,5.357,3.147,3.237,102.972
0 days 02:15:43.299000,BOT,77,99.658,46.0,2.0,,,False,HARD,36.0,True,Cadillac,1,14.0,True,2,Chinese Grand Prix,True,C2,True,1.568,1.599,4.383,4.6,2.596,2.675,102.31
0 days 02:17:22.229000,BOT,77,98.93,47.0,2.0,,,False,HARD,37.0,True,Cadillac,1,13.0,True,2,Chinese Grand Prix,True,C2,True,0.84,0.856,3.655,3.836,1.529,1.57,101.641
0 days 02:19:01.364000,BOT,77,99.135,48.0,2.0,,,False,HARD,38.0,True,Cadillac,1,13.0,True,2,Chinese Grand Prix,True,C2,True,1.045,1.065,3.86,4.051,2.125,2.19,101.905
0 days 02:20:40.576000,BOT,77,99.212,49.0,2.0,,,False,HARD,39.0,True,Cadillac,1,13.0,True,2,Chinese Grand Prix,True,C2,True,1.122,1.144,3.937,4.132,1.755,1.801,102.041
0 days 02:22:19.903000,BOT,77,99.327,50.0,2.0,,,False,HARD,40.0,True,Cadillac,1,13.0,True,2,Chinese Grand Prix,True,C2,True,1.237,1.261,4.052,4.253,2.287,2.357,102.214
0 days 02:23:59.484000,BOT,77,99.581,51.0,2.0,,,False,HARD,41.0,True,Cadillac,1,13.0,True,2,Chinese Grand Prix,True,C2,True,1.491,1.52,4.306,4.52,2.756,2.846,102.527
0 days 02:25:38.907000,BOT,77,99.423,52.0,2.0,,,False,HARD,42.0,True,Cadillac,12,13.0,True,2,Chinese Grand Prix,True,C2,False,1.333,1.359,4.148,4.354,2.099,2.157,102.428
0 days 02:27:18.260000,BOT,77,99.353,53.0,2.0,,,False,HARD,43.0,True,Cadillac,1,13.0,True,2,Chinese Grand Prix,True,C2,True,1.263,1.288,4.078,4.28,2.003,2.058,102.417
0 days 02:28:57.683000,BOT,77,99.423,54.0,2.0,,,False,HARD,44.0,True,Cadillac,1,13.0,True,2,Chinese Grand Prix,True,C2,True,1.333,1.359,4.148,4.354,2.221,2.285,102.546
0 days 02:30:36.076000,BOT,77,98.393,55.0,2.0,,,True,HARD,45.0,True,Cadillac,1,13.0,True,2,Chinese Grand Prix,True,C2,True,0.303,0.309,3.118,3.273,1.227,1.263,101.575
0 days 00:58:12.163000,BEA,87,107.851,1.0,1.0,,,False,MEDIUM,1.0,True,Haas F1 Team,12,12.0,False,2,Chinese Grand Prix,True,C3,False,9.761,9.951,12.576,13.2,1.158,1.085,107.851
0 days 00:59:53.299000,BEA,87,101.136,2.0,1.0,,,True,MEDIUM,2.0,True,Haas F1 Team,1,12.0,True,2,Chinese Grand Prix,True,C3,True,3.046,3.105,5.861,6.152,0.841,0.839,101.195
0 days 01:01:33.014000,BEA,87,99.715,3.0,1.0,,,True,MEDIUM,3.0,True,Haas F1 Team,1,12.0,True,2,Chinese Grand Prix,True,C3,True,1.625,1.657,4.44,4.66,0.6,0.605,99.833
0 days 01:03:12.194000,BEA,87,99.18,4.0,1.0,,,True,MEDIUM,4.0,True,Haas F1 Team,1,12.0,True,2,Chinese Grand Prix,True,C3,True,1.09,1.111,3.905,4.099,0.072,0.073,99.357
0 days 01:04:51.698000,BEA,87,99.504,5.0,1.0,,,False,MEDIUM,5.0,True,Haas F1 Team,1,12.0,True,2,Chinese Grand Prix,True,C3,True,1.414,1.442,4.229,4.439,0.174,0.175,99.74
0 days 01:06:30.308000,BEA,87,98.61,6.0,1.0,,,True,MEDIUM,6.0,True,Haas F1 Team,1,11.0,True,2,Chinese Grand Prix,True,C3,True,0.52,0.53,3.335,3.5,-0.157,-0.159,98.905
0 days 01:08:09.631000,BEA,87,99.323,7.0,1.0,,,False,MEDIUM,7.0,True,Haas F1 Team,1,11.0,True,2,Chinese Grand Prix,True,C3,True,1.233,1.257,4.048,4.249,0.063,0.063,99.677
0 days 01:09:49.067000,BEA,87,99.436,8.0,1.0,,,False,MEDIUM,8.0,True,Haas F1 Team,1,11.0,True,2,Chinese Grand Prix,True,C3,True,1.346,1.372,4.161,4.367,0.204,0.206,99.848
0 days 01:11:28.777000,BEA,87,99.71,9.0,1.0,,,False,MEDIUM,9.0,True,Haas F1 Team,1,9.0,True,2,Chinese Grand Prix,True,C3,True,1.62,1.652,4.435,4.655,0.674,0.681,100.181
0 days 01:13:26.207000,BEA,87,117.43,10.0,1.0,,0 days 01:13:24.518000,False,MEDIUM,10.0,True,Haas F1 Team,124,10.0,False,2,Chinese Grand Prix,True,C3,False,19.34,19.717,22.155,23.254,3.956,3.486,117.96
0 days 01:15:58.226000,BEA,87,,11.0,2.0,0 days 01:13:47.503000,,False,HARD,1.0,True,Haas F1 Team,4,10.0,False,2,Chinese Grand Prix,True,C2,False,,,,,,,
0 days 01:18:18.701000,BEA,87,140.475,12.0,2.0,,,False,HARD,2.0,True,Haas F1 Team,4,10.0,False,2,Chinese Grand Prix,True,C2,False,42.385,43.21,45.2,47.442,-0.261,-0.185,141.123
0 days 01:20:43.241000,BEA,87,144.54,13.0,2.0,,,False,HARD,3.0,True,Haas F1 Team,41,10.0,False,2,Chinese Grand Prix,True,C2,False,46.45,47.354,49.265,51.708,0.0,0.0,145.247
0 days 01:22:22.481000,BEA,87,99.24,14.0,2.0,,,False,HARD,4.0,True,Haas F1 Team,1,8.0,True,2,Chinese Grand Prix,True,C2,True,1.15,1.172,3.965,4.162,-1.168,-1.163,100.006
0 days 01:24:01.770000,BEA,87,99.289,15.0,2.0,,,False,HARD,5.0,True,Haas F1 Team,1,8.0,True,2,Chinese Grand Prix,True,C2,True,1.199,1.222,4.014,4.213,0.221,0.223,100.114
0 days 01:25:40.039000,BEA,87,98.269,16.0,2.0,,,True,HARD,6.0,True,Haas F1 Team,1,7.0,True,2,Chinese Grand Prix,True,C2,True,0.179,0.182,2.994,3.142,-1.148,-1.155,99.153
0 days 01:27:18.382000,BEA,87,98.343,17.0,2.0,,,False,HARD,7.0,True,Haas F1 Team,1,7.0,True,2,Chinese Grand Prix,True,C2,True,0.253,0.258,3.068,3.22,-0.04,-0.041,99.286
0 days 01:28:56.579000,BEA,87,98.197,18.0,2.0,,,True,HARD,8.0,True,Haas F1 Team,12,7.0,True,2,Chinese Grand Prix,True,C2,False,0.107,0.109,2.922,3.067,-0.474,-0.48,99.199
0 days 01:30:35.588000,BEA,87,99.009,19.0,2.0,,,False,HARD,9.0,True,Haas F1 Team,1,6.0,True,2,Chinese Grand Prix,True,C2,True,0.919,0.937,3.734,3.919,-0.026,-0.026,100.07
0 days 01:32:14.206000,BEA,87,98.618,20.0,2.0,,,False,HARD,10.0,True,Haas F1 Team,1,5.0,True,2,Chinese Grand Prix,True,C2,True,0.528,0.538,3.343,3.509,-0.373,-0.377,99.738
0 days 01:33:52.732000,BEA,87,98.526,21.0,2.0,,,False,HARD,11.0,True,Haas F1 Team,1,5.0,True,2,Chinese Grand Prix,True,C2,True,0.436,0.444,3.251,3.412,-0.607,-0.612,99.705
0 days 01:35:30.599000,BEA,87,97.867,22.0,2.0,,,True,HARD,12.0,True,Haas F1 Team,1,5.0,True,2,Chinese Grand Prix,True,C2,True,-0.223,-0.227,2.592,2.721,-0.833,-0.844,99.104
0 days 01:37:08.214000,BEA,87,97.615,23.0,2.0,,,True,HARD,13.0,True,Haas F1 Team,1,5.0,True,2,Chinese Grand Prix,True,C2,True,-0.475,-0.484,2.34,2.456,-0.822,-0.835,98.911
0 days 01:38:46.074000,BEA,87,97.86,24.0,2.0,,,False,HARD,14.0,True,Haas F1 Team,1,5.0,True,2,Chinese Grand Prix,True,C2,True,-0.23,-0.234,2.585,2.713,-0.686,-0.696,99.215
0 days 01:40:23.754000,BEA,87,97.68,25.0,2.0,,,False,HARD,15.0,True,Haas F1 Team,1,5.0,True,2,Chinese Grand Prix,True,C2,True,-0.41,-0.418,2.405,2.524,-0.888,-0.901,99.094
0 days 01:42:01.146000,BEA,87,97.392,26.0,2.0,,,True,HARD,16.0,True,Haas F1 Team,1,5.0,True,2,Chinese Grand Prix,True,C2,True,-0.698,-0.712,2.117,2.222,-0.678,-0.691,98.865
0 days 01:43:38.551000,BEA,87,97.405,27.0,2.0,,,False,HARD,17.0,True,Haas F1 Team,1,5.0,True,2,Chinese Grand Prix,True,C2,True,-0.685,-0.698,2.13,2.236,-0.883,-0.898,98.937
0 days 01:45:16.189000,BEA,87,97.638,28.0,2.0,,,False,HARD,18.0,True,Haas F1 Team,12,5.0,True,2,Chinese Grand Prix,True,C2,False,-0.452,-0.461,2.363,2.48,-0.721,-0.733,99.229
0 days 01:46:53.873000,BEA,87,97.684,29.0,2.0,,,False,HARD,19.0,True,Haas F1 Team,1,5.0,True,2,Chinese Grand Prix,True,C2,True,-0.406,-0.414,2.409,2.528,-0.511,-0.52,99.334
0 days 01:48:31.149000,BEA,87,97.276,30.0,2.0,,,True,HARD,20.0,True,Haas F1 Team,1,5.0,True,2,Chinese Grand Prix,True,C2,True,-0.814,-0.83,2.001,2.1,-0.63,-0.643,98.985
0 days 01:50:08.732000,BEA,87,97.583,31.0,2.0,,,False,HARD,21.0,True,Haas F1 Team,1,5.0,True,2,Chinese Grand Prix,True,C2,True,-0.507,-0.517,2.308,2.422,-0.115,-0.118,99.351
0 days 01:51:46.228000,BEA,87,97.496,32.0,2.0,,,False,HARD,22.0,True,Haas F1 Team,1,5.0,True,2,Chinese Grand Prix,True,C2,True,-0.594,-0.606,2.221,2.331,-0.264,-0.27,99.323
0 days 01:53:23.495000,BEA,87,97.267,33.0,2.0,,,True,HARD,23.0,True,Haas F1 Team,12,5.0,True,2,Chinese Grand Prix,True,C2,False,-0.823,-0.839,1.992,2.091,-0.554,-0.566,99.153
0 days 01:55:00.890000,BEA,87,97.395,34.0,2.0,,,False,HARD,24.0,True,Haas F1 Team,1,5.0,True,2,Chinese Grand Prix,True,C2,True,-0.695,-0.709,2.12,2.225,-0.329,-0.337,99.34
0 days 01:56:38.310000,BEA,87,97.42,35.0,2.0,,,False,HARD,25.0,True,Haas F1 Team,1,5.0,True,2,Chinese Grand Prix,True,C2,True,-0.67,-0.683,2.145,2.251,-0.518,-0.529,99.424
0 days 01:58:15.790000,BEA,87,97.48,36.0,2.0,,,False,HARD,26.0,True,Haas F1 Team,1,5.0,True,2,Chinese Grand Prix,True,C2,True,-0.61,-0.622,2.205,2.314,0.0,0.0,99.542
0 days 01:59:53.032000,BEA,87,97.242,37.0,2.0,,,True,HARD,27.0,True,Haas F1 Team,1,5.0,True,2,Chinese Grand Prix,True,C2,True,-0.848,-0.865,1.967,2.065,0.046,0.047,99.363
0 days 02:01:30.254000,BEA,87,97.222,38.0,2.0,,,True,HARD,28.0,True,Haas F1 Team,1,5.0,True,2,Chinese Grand Prix,True,C2,True,-0.868,-0.885,1.947,2.044,0.08,0.082,99.402
0 days 02:03:07.297000,BEA,87,97.043,39.0,2.0,,,True,HARD,29.0,True,Haas F1 Team,1,5.0,True,2,Chinese Grand Prix,True,C2,True,-1.047,-1.067,1.768,1.856,-0.392,-0.402,99.282
0 days 02:04:44.450000,BEA,87,97.153,40.0,2.0,,,False,HARD,30.0,True,Haas F1 Team,1,5.0,True,2,Chinese Grand Prix,True,C2,True,-0.937,-0.955,1.878,1.971,-0.379,-0.389,99.451
0 days 02:06:21.479000,BEA,87,97.029,41.0,2.0,,,True,HARD,31.0,True,Haas F1 Team,1,5.0,True,2,Chinese Grand Prix,True,C2,True,-1.061,-1.082,1.754,1.841,-0.397,-0.407,99.386
0 days 02:07:59.191000,BEA,87,97.712,42.0,2.0,,,False,HARD,32.0,True,Haas F1 Team,1,5.0,True,2,Chinese Grand Prix,True,C2,True,-0.378,-0.385,2.437,2.558,0.182,0.187,100.128
0 days 02:09:36.405000,BEA,87,97.214,43.0,2.0,,,False,HARD,33.0,True,Haas F1 Team,1,5.0,True,2,Chinese Grand Prix,True,C2,True,-0.876,-0.893,1.939,2.035,0.0,0.0,99.689
0 days 02:11:13.821000,BEA,87,97.416,44.0,2.0,,,False,HARD,34.0,True,Haas F1 Team,1,5.0,True,2,Chinese Grand Prix,True,C2,True,-0.674,-0.687,2.141,2.247,0.332,0.342,99.95
0 days 02:12:51.053000,BEA,87,97.232,45.0,2.0,,,False,HARD,35.0,True,Haas F1 Team,1,5.0,True,2,Chinese Grand Prix,True,C2,True,-0.858,-0.875,1.957,2.054,0.0,0.0,99.825
0 days 02:14:28.354000,BEA,87,97.301,46.0,2.0,,,False,HARD,36.0,True,Haas F1 Team,1,5.0,True,2,Chinese Grand Prix,True,C2,True,-0.789,-0.804,2.026,2.126,0.239,0.246,99.953
0 days 02:16:05.159000,BEA,87,96.805,47.0,2.0,,,True,HARD,37.0,True,Haas F1 Team,1,5.0,True,2,Chinese Grand Prix,True,C2,True,-1.285,-1.31,1.53,1.606,-0.596,-0.612,99.516
0 days 02:17:42.397000,BEA,87,97.238,48.0,2.0,,,False,HARD,38.0,True,Haas F1 Team,1,5.0,True,2,Chinese Grand Prix,True,C2,True,-0.852,-0.869,1.963,2.06,0.228,0.235,100.008
0 days 02:19:20.039000,BEA,87,97.642,49.0,2.0,,,False,HARD,39.0,True,Haas F1 Team,1,5.0,True,2,Chinese Grand Prix,True,C2,True,-0.448,-0.457,2.367,2.484,0.185,0.19,100.471
0 days 02:20:57.028000,BEA,87,96.989,50.0,2.0,,,False,HARD,40.0,True,Haas F1 Team,1,5.0,True,2,Chinese Grand Prix,True,C2,True,-1.101,-1.122,1.714,1.799,-0.051,-0.053,99.876
0 days 02:22:33.853000,BEA,87,96.825,51.0,2.0,,,False,HARD,41.0,True,Haas F1 Team,1,5.0,True,2,Chinese Grand Prix,True,C2,True,-1.265,-1.29,1.55,1.627,0.0,0.0,99.771
0 days 02:24:10.631000,BEA,87,96.778,52.0,2.0,,,True,HARD,42.0,True,Haas F1 Team,1,5.0,True,2,Chinese Grand Prix,True,C2,True,-1.312,-1.338,1.503,1.578,-0.546,-0.561,99.783
0 days 02:25:47.311000,BEA,87,96.68,53.0,2.0,,,True,HARD,43.0,True,Haas F1 Team,12,5.0,True,2,Chinese Grand Prix,True,C2,False,-1.41,-1.437,1.405,1.475,-0.67,-0.688,99.744
0 days 02:27:24.099000,BEA,87,96.788,54.0,2.0,,,False,HARD,44.0,True,Haas F1 Team,1,5.0,True,2,Chinese Grand Prix,True,C2,True,-1.302,-1.327,1.513,1.588,-0.414,-0.426,99.911
0 days 02:29:00.747000,BEA,87,96.648,55.0,2.0,,,True,HARD,45.0,True,Haas F1 Team,1,5.0,True,2,Chinese Grand Prix,True,C2,True,-1.442,-1.47,1.373,1.441,-0.518,-0.533,99.83
0 days 02:30:37.176000,BEA,87,96.429,56.0,2.0,,,True,HARD,46.0,True,Haas F1 Team,1,5.0,True,2,Chinese Grand Prix,True,C2,True,-1.661,-1.693,1.154,1.211,-0.07,-0.073,99.67
0 days 01:05:22.170000,NOR,1,,1.0,1.0,,,False,MEDIUM,1.0,True,McLaren,1,3.0,False,3,Japanese Grand Prix,True,C2,False,,,,,,,
0 days 01:06:57.075000,NOR,1,94.905,2.0,1.0,,,True,MEDIUM,2.0,True,McLaren,1,3.0,True,3,Japanese Grand Prix,True,C2,True,-0.401,-0.421,2.473,2.675,-1.937,-2.0,94.967
0 days 01:08:33.376000,NOR,1,96.301,3.0,1.0,,,False,MEDIUM,3.0,True,McLaren,1,4.0,True,3,Japanese Grand Prix,True,C2,True,0.995,1.044,3.869,4.186,-0.479,-0.495,96.426
0 days 01:10:08.827000,NOR,1,95.451,4.0,1.0,,,False,MEDIUM,4.0,True,McLaren,1,4.0,True,3,Japanese Grand Prix,True,C2,True,0.145,0.152,3.019,3.266,-1.025,-1.062,95.638
0 days 01:11:43.997000,NOR,1,95.17,5.0,1.0,,,False,MEDIUM,5.0,True,McLaren,1,4.0,True,3,Japanese Grand Prix,True,C2,True,-0.136,-0.143,2.738,2.962,-1.496,-1.548,95.419
0 days 01:13:19.048000,NOR,1,95.051,6.0,1.0,,,False,MEDIUM,6.0,True,McLaren,1,4.0,True,3,Japanese Grand Prix,True,C2,True,-0.255,-0.268,2.619,2.833,-1.859,-1.918,95.362
0 days 01:14:54.093000,NOR,1,95.045,7.0,1.0,,,False,MEDIUM,7.0,True,McLaren,1,4.0,True,3,Japanese Grand Prix,True,C2,True,-0.261,-0.274,2.613,2.827,-1.347,-1.397,95.419
0 days 01:16:29.340000,NOR,1,95.247,8.0,1.0,,,False,MEDIUM,8.0,True,McLaren,1,4.0,True,3,Japanese Grand Prix,True,C2,True,-0.059,-0.062,2.815,3.045,-1.0,-1.039,95.683
0 days 01:18:05.012000,NOR,1,95.672,9.0,1.0,,,False,MEDIUM,9.0,True,McLaren,1,4.0,True,3,Japanese Grand Prix,True,C2,True,0.366,0.384,3.24,3.505,-0.702,-0.728,96.17
0 days 01:19:40.240000,NOR,1,95.228,10.0,1.0,,,False,MEDIUM,10.0,True,McLaren,1,4.0,True,3,Japanese Grand Prix,True,C2,True,-0.078,-0.082,2.796,3.025,-1.232,-1.277,95.788
0 days 01:21:16.459000,NOR,1,96.219,11.0,1.0,,,False,MEDIUM,11.0,True,McLaren,1,5.0,True,3,Japanese Grand Prix,True,C2,True,0.913,0.958,3.787,4.097,-0.301,-0.312,96.842
0 days 01:22:51.916000,NOR,1,95.457,12.0,1.0,,,False,MEDIUM,12.0,True,McLaren,1,5.0,True,3,Japanese Grand Prix,True,C2,True,0.151,0.158,3.025,3.273,-1.533,-1.581,96.142
0 days 01:24:26.995000,NOR,1,95.079,13.0,1.0,,,False,MEDIUM,13.0,True,McLaren,1,5.0,True,3,Japanese Grand Prix,True,C2,True,-0.227,-0.238,2.647,2.864,-1.667,-1.723,95.826
0 days 01:26:02.334000,NOR,1,95.339,14.0,1.0,,,False,MEDIUM,14.0,True,McLaren,1,5.0,True,3,Japanese Grand Prix,True,C2,True,0.033,0.035,2.907,3.145,-1.319,-1.365,96.148
0 days 01:27:37.649000,NOR,1,95.315,15.0,1.0,,,False,MEDIUM,15.0,True,McLaren,1,5.0,True,3,Japanese Grand Prix,True,C2,True,0.009,0.009,2.883,3.119,-1.301,-1.347,96.187
0 days 01:29:15.871000,NOR,1,98.222,16.0,1.0,,0 days 01:29:14.566000,False,MEDIUM,16.0,True,McLaren,1,6.0,False,3,Japanese Grand Prix,True,C2,False,2.916,3.06,5.79,6.264,1.482,1.532,99.156
0 days 01:31:10.352000,NOR,1,114.481,17.0,2.0,0 days 01:29:38.056000,,False,HARD,1.0,True,McLaren,1,8.0,False,3,Japanese Grand Prix,True,C1,False,19.175,20.119,22.049,23.854,17.731,18.327,115.477
0 days 01:32:45.268000,NOR,1,94.916,18.0,2.0,,,False,HARD,2.0,True,McLaren,1,8.0,True,3,Japanese Grand Prix,True,C1,True,-0.39,-0.409,2.484,2.687,-1.459,-1.514,95.974
0 days 01:34:19.553000,NOR,1,94.285,19.0,2.0,,,True,HARD,3.0,True,McLaren,1,8.0,True,3,Japanese Grand Prix,True,C1,True,-1.021,-1.071,1.853,2.005,-1.62,-1.689,95.406
0 days 01:35:53.324000,NOR,1,93.771,20.0,2.0,,,True,HARD,4.0,True,McLaren,1,8.0,True,3,Japanese Grand Prix,True,C1,True,-1.535,-1.611,1.339,1.449,-1.833,-1.917,94.954
0 days 01:37:27.485000,NOR,1,94.161,21.0,2.0,,,False,HARD,5.0,True,McLaren,1,8.0,True,3,Japanese Grand Prix,True,C1,True,-1.145,-1.201,1.729,1.871,-1.963,-2.042,95.406
0 days 01:39:28.025000,NOR,1,120.54,22.0,2.0,,,False,HARD,6.0,True,McLaren,124,8.0,False,3,Japanese Grand Prix,True,C1,False,25.234,26.477,28.108,30.409,-5.142,-4.091,121.848
0 days 01:41:47.611000,NOR,1,139.586,23.0,2.0,,,False,HARD,7.0,True,McLaren,4,6.0,False,3,Japanese Grand Prix,True,C1,False,44.28,46.461,47.154,51.015,11.598,9.062,140.956
0 days 01:44:14.739000,NOR,1,147.128,24.0,2.0,,,False,HARD,8.0,True,McLaren,4,6.0,False,3,Japanese Grand Prix,True,C1,False,51.822,54.374,54.696,59.174,21.798,17.392,148.56
0 days 01:46:45.624000,NOR,1,,25.0,2.0,,,False,HARD,9.0,True,McLaren,4,6.0,False,3,Japanese Grand Prix,True,C1,False,,,,,,,
0 days 01:49:12.581000,NOR,1,146.957,26.0,2.0,,,False,HARD,10.0,True,McLaren,4,6.0,False,3,Japanese Grand Prix,True,C1,False,51.651,54.195,54.525,58.989,-0.139,-0.094,148.514
0 days 01:51:32.883000,NOR,1,140.302,27.0,2.0,,,False,HARD,11.0,True,McLaren,41,6.0,False,3,Japanese Grand Prix,True,C1,False,44.996,47.212,47.87,51.789,4.43,3.26,141.921
0 days 01:53:08.131000,NOR,1,95.248,28.0,2.0,,,False,HARD,12.0,True,McLaren,1,6.0,True,3,Japanese Grand Prix,True,C1,True,-0.058,-0.061,2.816,3.047,-1.128,-1.17,96.929
0 days 01:54:42.214000,NOR,1,94.083,29.0,2.0,,,False,HARD,13.0,True,McLaren,1,6.0,True,3,Japanese Grand Prix,True,C1,True,-1.223,-1.283,1.651,1.786,-1.967,-2.048,95.826
0 days 01:56:16.065000,NOR,1,93.851,30.0,2.0,,,False,HARD,14.0,True,McLaren,1,6.0,True,3,Japanese Grand Prix,True,C1,True,-1.455,-1.527,1.419,1.535,-1.327,-1.394,95.657
0 days 01:57:50.196000,NOR,1,94.131,31.0,2.0,,,False,HARD,15.0,True,McLaren,1,6.0,True,3,Japanese Grand Prix,True,C1,True,-1.175,-1.233,1.699,1.838,-0.545,-0.576,95.999
0 days 01:59:24.615000,NOR,1,94.419,32.0,2.0,,,False,HARD,16.0,True,McLaren,1,6.0,True,3,Japanese Grand Prix,True,C1,True,-0.887,-0.931,1.987,2.15,-0.366,-0.386,96.349
0 days 02:00:58.402000,NOR,1,93.787,33.0,2.0,,,False,HARD,17.0,True,McLaren,1,6.0,True,3,Japanese Grand Prix,True,C1,True,-1.519,-1.594,1.355,1.466,-0.959,-1.012,95.779
0 days 02:02:31.896000,NOR,1,93.494,34.0,2.0,,,True,HARD,18.0,True,McLaren,1,6.0,True,3,Japanese Grand Prix,True,C1,True,-1.812,-1.901,1.062,1.149,-1.318,-1.39,95.549
0 days 02:04:05.476000,NOR,1,93.58,35.0,2.0,,,False,HARD,19.0,True,McLaren,1,6.0,True,3,Japanese Grand Prix,True,C1,True,-1.726,-1.811,1.148,1.242,-1.462,-1.538,95.697
0 days 02:05:38.835000,NOR,1,93.359,36.0,2.0,,,True,HARD,20.0,True,McLaren,1,6.0,True,3,Japanese Grand Prix,True,C1,True,-1.947,-2.043,0.927,1.003,-1.29,-1.363,95.538
0 days 02:07:12.437000,NOR,1,93.602,37.0,2.0,,,False,HARD,21.0,True,McLaren,1,6.0,True,3,Japanese Grand Prix,True,C1,True,-1.704,-1.788,1.17,1.266,-1.257,-1.325,95.844
0 days 02:08:45.892000,NOR,1,93.455,38.0,2.0,,,False,HARD,22.0,True,McLaren,1,6.0,True,3,Japanese Grand Prix,True,C1,True,-1.851,-1.942,1.023,1.107,-1.035,-1.095,95.759
0 days 02:10:19.571000,NOR,1,93.679,39.0,2.0,,,False,HARD,23.0,True,McLaren,1,6.0,True,3,Japanese Grand Prix,True,C1,True,-1.627,-1.707,1.247,1.349,-0.758,-0.803,96.045
0 days 02:11:52.918000,NOR,1,93.347,40.0,2.0,,,True,HARD,24.0,True,McLaren,1,6.0,True,3,Japanese Grand Prix,True,C1,True,-1.959,-2.055,0.915,0.99,-0.915,-0.971,95.775
0 days 02:13:26.316000,NOR,1,93.398,41.0,2.0,,,False,HARD,25.0,True,McLaren,1,6.0,True,3,Japanese Grand Prix,True,C1,True,-1.908,-2.002,0.966,1.045,-1.099,-1.163,95.889
0 days 02:15:00.018000,NOR,1,93.702,42.0,2.0,,,False,HARD,26.0,True,McLaren,1,6.0,True,3,Japanese Grand Prix,True,C1,True,-1.604,-1.683,1.27,1.374,-1.08,-1.139,96.255
0 days 02:16:33.945000,NOR,1,93.927,43.0,2.0,,,False,HARD,27.0,True,McLaren,1,6.0,True,3,Japanese Grand Prix,True,C1,True,-1.379,-1.447,1.495,1.617,-0.877,-0.925,96.542
0 days 02:18:07.307000,NOR,1,93.362,44.0,2.0,,,False,HARD,28.0,True,McLaren,1,6.0,True,3,Japanese Grand Prix,True,C1,True,-1.944,-2.04,0.93,1.006,-1.251,-1.322,96.039
0 days 02:19:40.828000,NOR,1,93.521,45.0,2.0,,,False,HARD,29.0,True,McLaren,1,6.0,True,3,Japanese Grand Prix,True,C1,True,-1.785,-1.873,1.089,1.178,-1.273,-1.343,96.261
0 days 02:21:14.265000,NOR,1,93.437,46.0,2.0,,,False,HARD,30.0,True,McLaren,1,6.0,True,3,Japanese Grand Prix,True,C1,True,-1.869,-1.961,1.005,1.087,-1.348,-1.422,96.239
0 days 02:22:47.889000,NOR,1,93.624,47.0,2.0,,,False,HARD,31.0,True,McLaren,1,5.0,True,3,Japanese Grand Prix,True,C1,True,-1.682,-1.765,1.192,1.29,-1.092,-1.153,96.488
0 days 02:24:22.497000,NOR,1,94.608,48.0,2.0,,,False,HARD,32.0,True,McLaren,1,6.0,True,3,Japanese Grand Prix,True,C1,True,-0.698,-0.732,2.176,2.354,-0.011,-0.012,97.534
0 days 02:25:55.980000,NOR,1,93.483,49.0,2.0,,,False,HARD,33.0,True,McLaren,1,6.0,True,3,Japanese Grand Prix,True,C1,True,-1.823,-1.913,1.051,1.137,-1.283,-1.354,96.472
0 days 02:27:30.067000,NOR,1,94.087,50.0,2.0,,,False,HARD,34.0,True,McLaren,1,5.0,True,3,Japanese Grand Prix,True,C1,True,-1.219,-1.279,1.655,1.791,-0.547,-0.578,97.138
0 days 02:29:05.074000,NOR,1,95.007,51.0,2.0,,,False,HARD,35.0,True,McLaren,1,5.0,True,3,Japanese Grand Prix,True,C1,True,-0.299,-0.314,2.575,2.786,0.671,0.711,98.12
0 days 02:30:38.282000,NOR,1,93.208,52.0,2.0,,,True,HARD,36.0,True,McLaren,1,5.0,True,3,Japanese Grand Prix,True,C1,True,-2.098,-2.201,0.776,0.84,-1.06,-1.124,96.383
0 days 02:32:11.842000,NOR,1,93.56,53.0,2.0,,,False,HARD,37.0,True,McLaren,1,5.0,True,3,Japanese Grand Prix,True,C1,True,-1.746,-1.832,1.128,1.22,-0.503,-0.535,96.798
0 days 01:05:24.615000,GAS,10,,1.0,1.0,,,False,MEDIUM,1.0,True,Alpine,1,7.0,False,3,Japanese Grand Prix,True,C2,False,,,,,,,
0 days 01:07:00.051000,GAS,10,95.436,2.0,1.0,,,True,MEDIUM,2.0,True,Alpine,1,7.0,True,3,Japanese Grand Prix,True,C2,True,0.13,0.136,3.004,3.25,-1.406,-1.452,95.498
0 days 01:08:35.860000,GAS,10,95.809,3.0,1.0,,,False,MEDIUM,3.0,True,Alpine,1,7.0,True,3,Japanese Grand Prix,True,C2,True,0.503,0.528,3.377,3.653,-0.971,-1.003,95.934
0 days 01:10:11.759000,GAS,10,95.899,4.0,1.0,,,False,MEDIUM,4.0,True,Alpine,1,7.0,True,3,Japanese Grand Prix,True,C2,True,0.593,0.622,3.467,3.751,-0.577,-0.598,96.086
0 days 01:11:47.631000,GAS,10,95.872,5.0,1.0,,,False,MEDIUM,5.0,True,Alpine,1,7.0,True,3,Japanese Grand Prix,True,C2,True,0.566,0.594,3.44,3.722,-0.794,-0.821,96.121
0 days 01:13:23.774000,GAS,10,96.143,6.0,1.0,,,False,MEDIUM,6.0,True,Alpine,1,7.0,True,3,Japanese Grand Prix,True,C2,True,0.837,0.878,3.711,4.015,-0.767,-0.791,96.454
0 days 01:14:59.718000,GAS,10,95.944,7.0,1.0,,,False,MEDIUM,7.0,True,Alpine,1,7.0,True,3,Japanese Grand Prix,True,C2,True,0.638,0.669,3.512,3.8,-0.448,-0.465,96.318
0 days 01:16:35.284000,GAS,10,95.566,8.0,1.0,,,False,MEDIUM,8.0,True,Alpine,1,7.0,True,3,Japanese Grand Prix,True,C2,True,0.26,0.273,3.134,3.391,-0.681,-0.708,96.002
0 days 01:18:10.900000,GAS,10,95.616,9.0,1.0,,,False,MEDIUM,9.0,True,Alpine,1,7.0,True,3,Japanese Grand Prix,True,C2,True,0.31,0.325,3.184,3.445,-0.758,-0.787,96.114
0 days 01:19:46.771000,GAS,10,95.871,10.0,1.0,,,False,MEDIUM,10.0,True,Alpine,1,7.0,True,3,Japanese Grand Prix,True,C2,True,0.565,0.593,3.439,3.721,-0.589,-0.611,96.431
0 days 01:21:22.488000,GAS,10,95.717,11.0,1.0,,,False,MEDIUM,11.0,True,Alpine,1,7.0,True,3,Japanese Grand Prix,True,C2,True,0.411,0.431,3.285,3.554,-0.803,-0.832,96.34
0 days 01:22:58.012000,GAS,10,95.524,12.0,1.0,,,False,MEDIUM,12.0,True,Alpine,1,7.0,True,3,Japanese Grand Prix,True,C2,True,0.218,0.229,3.092,3.345,-1.466,-1.511,96.209
0 days 01:24:33.940000,GAS,10,95.928,13.0,1.0,,,False,MEDIUM,13.0,True,Alpine,1,7.0,True,3,Japanese Grand Prix,True,C2,True,0.622,0.653,3.496,3.782,-0.818,-0.846,96.675
0 days 01:26:10.050000,GAS,10,96.11,14.0,1.0,,,False,MEDIUM,14.0,True,Alpine,1,7.0,True,3,Japanese Grand Prix,True,C2,True,0.804,0.844,3.678,3.979,-0.548,-0.567,96.919
0 days 01:27:45.990000,GAS,10,95.94,15.0,1.0,,,False,MEDIUM,15.0,True,Alpine,1,7.0,True,3,Japanese Grand Prix,True,C2,True,0.634,0.665,3.508,3.795,-0.676,-0.7,96.812
0 days 01:29:21.827000,GAS,10,95.837,16.0,1.0,,,False,MEDIUM,16.0,True,Alpine,1,7.0,True,3,Japanese Grand Prix,True,C2,True,0.531,0.557,3.405,3.684,-0.903,-0.933,96.771
0 days 01:30:57.733000,GAS,10,95.906,17.0,1.0,,,False,MEDIUM,17.0,True,Alpine,1,6.0,True,3,Japanese Grand Prix,True,C2,True,0.6,0.63,3.474,3.758,-0.844,-0.872,96.902
0 days 01:32:33.558000,GAS,10,95.825,18.0,1.0,,,False,MEDIUM,18.0,True,Alpine,1,5.0,True,3,Japanese Grand Prix,True,C2,True,0.519,0.545,3.393,3.671,-0.55,-0.571,96.883
0 days 01:34:09.360000,GAS,10,95.802,19.0,1.0,,,False,MEDIUM,19.0,True,Alpine,1,4.0,True,3,Japanese Grand Prix,True,C2,True,0.496,0.52,3.37,3.646,-0.103,-0.107,96.923
0 days 01:35:44.888000,GAS,10,95.528,20.0,1.0,,,False,MEDIUM,20.0,True,Alpine,1,4.0,True,3,Japanese Grand Prix,True,C2,True,0.222,0.233,3.096,3.349,-0.076,-0.079,96.711
0 days 01:37:20.543000,GAS,10,95.655,21.0,1.0,,,False,MEDIUM,21.0,True,Alpine,1,4.0,True,3,Japanese Grand Prix,True,C2,True,0.349,0.366,3.223,3.487,-0.469,-0.488,96.9
0 days 01:39:21.503000,GAS,10,120.96,22.0,1.0,,0 days 01:39:20.142000,False,MEDIUM,22.0,True,Alpine,124,4.0,False,3,Japanese Grand Prix,True,C2,False,25.654,26.918,28.528,30.864,-4.722,-3.757,122.268
0 days 01:41:50.224000,GAS,10,148.721,23.0,2.0,0 days 01:39:44.451000,,False,HARD,1.0,True,Alpine,4,7.0,False,3,Japanese Grand Prix,True,C1,False,53.415,56.046,56.289,60.898,20.733,16.199,150.091
0 days 01:44:16.474000,GAS,10,146.25,24.0,2.0,,,False,HARD,2.0,True,Alpine,4,7.0,False,3,Japanese Grand Prix,True,C1,False,50.944,53.453,53.818,58.224,20.92,16.692,147.682
0 days 01:46:46.968000,GAS,10,,25.0,2.0,,,False,HARD,3.0,True,Alpine,4,7.0,False,3,Japanese Grand Prix,True,C1,False,,,,,,,
0 days 01:49:13.864000,GAS,10,146.896,26.0,2.0,,,False,HARD,4.0,True,Alpine,4,7.0,False,3,Japanese Grand Prix,True,C1,False,51.59,54.131,54.464,58.923,-0.2,-0.136,148.453
0 days 01:51:33.718000,GAS,10,139.854,27.0,2.0,,,False,HARD,5.0,True,Alpine,41,7.0,False,3,Japanese Grand Prix,True,C1,False,44.548,46.742,47.422,51.305,3.982,2.931,141.473
0 days 01:53:09.530000,GAS,10,95.812,28.0,2.0,,,False,HARD,6.0,True,Alpine,1,7.0,True,3,Japanese Grand Prix,True,C1,True,0.506,0.531,3.38,3.657,-0.564,-0.585,97.493
0 days 01:54:43.626000,GAS,10,94.096,29.0,2.0,,,True,HARD,7.0,True,Alpine,1,7.0,True,3,Japanese Grand Prix,True,C1,True,-1.21,-1.27,1.664,1.8,-1.954,-2.034,95.839
0 days 01:56:18.418000,GAS,10,94.792,30.0,2.0,,,False,HARD,8.0,True,Alpine,1,7.0,True,3,Japanese Grand Prix,True,C1,True,-0.514,-0.539,2.36,2.553,-0.386,-0.406,96.598
0 days 01:57:52.417000,GAS,10,93.999,31.0,2.0,,,True,HARD,9.0,True,Alpine,1,7.0,True,3,Japanese Grand Prix,True,C1,True,-1.307,-1.371,1.567,1.695,-0.677,-0.715,95.867
0 days 01:59:26.483000,GAS,10,94.066,32.0,2.0,,,False,HARD,10.0,True,Alpine,1,7.0,True,3,Japanese Grand Prix,True,C1,True,-1.24,-1.301,1.634,1.768,-0.719,-0.759,95.996
0 days 02:01:00.306000,GAS,10,93.823,33.0,2.0,,,True,HARD,11.0,True,Alpine,1,7.0,True,3,Japanese Grand Prix,True,C1,True,-1.483,-1.556,1.391,1.505,-0.923,-0.974,95.815
0 days 02:02:34.327000,GAS,10,94.021,34.0,2.0,,,False,HARD,12.0,True,Alpine,1,7.0,True,3,Japanese Grand Prix,True,C1,True,-1.285,-1.348,1.589,1.719,-0.791,-0.834,96.076
0 days 02:04:08.191000,GAS,10,93.864,35.0,2.0,,,False,HARD,13.0,True,Alpine,1,7.0,True,3,Japanese Grand Prix,True,C1,True,-1.442,-1.513,1.432,1.549,-1.178,-1.239,95.981
0 days 02:05:42.220000,GAS,10,94.029,36.0,2.0,,,False,HARD,14.0,True,Alpine,1,7.0,True,3,Japanese Grand Prix,True,C1,True,-1.277,-1.34,1.597,1.728,-0.62,-0.655,96.208
0 days 02:07:16.059000,GAS,10,93.839,37.0,2.0,,,False,HARD,15.0,True,Alpine,1,7.0,True,3,Japanese Grand Prix,True,C1,True,-1.467,-1.539,1.407,1.522,-1.02,-1.075,96.081
0 days 02:08:50.110000,GAS,10,94.051,38.0,2.0,,,False,HARD,16.0,True,Alpine,1,7.0,True,3,Japanese Grand Prix,True,C1,True,-1.255,-1.317,1.619,1.752,-0.439,-0.465,96.355
0 days 02:10:23.801000,GAS,10,93.691,39.0,2.0,,,True,HARD,17.0,True,Alpine,1,7.0,True,3,Japanese Grand Prix,True,C1,True,-1.615,-1.695,1.259,1.362,-0.746,-0.79,96.057
0 days 02:11:57.577000,GAS,10,93.776,40.0,2.0,,,False,HARD,18.0,True,Alpine,1,7.0,True,3,Japanese Grand Prix,True,C1,True,-1.53,-1.605,1.344,1.454,-0.486,-0.516,96.204
0 days 02:13:31.270000,GAS,10,93.693,41.0,2.0,,,False,HARD,19.0,True,Alpine,1,7.0,True,3,Japanese Grand Prix,True,C1,True,-1.613,-1.692,1.261,1.364,-0.804,-0.851,96.184
0 days 02:15:05.161000,GAS,10,93.891,42.0,2.0,,,False,HARD,20.0,True,Alpine,1,7.0,True,3,Japanese Grand Prix,True,C1,True,-1.415,-1.485,1.459,1.578,-0.891,-0.94,96.444
0 days 02:16:39.490000,GAS,10,94.329,43.0,2.0,,,False,HARD,21.0,True,Alpine,1,7.0,True,3,Japanese Grand Prix,True,C1,True,-0.977,-1.025,1.897,2.052,-0.475,-0.501,96.944
0 days 02:18:13.947000,GAS,10,94.457,44.0,2.0,,,False,HARD,22.0,True,Alpine,1,7.0,True,3,Japanese Grand Prix,True,C1,True,-0.849,-0.891,2.025,2.191,-0.156,-0.165,97.134
0 days 02:19:48.018000,GAS,10,94.071,45.0,2.0,,,False,HARD,23.0,True,Alpine,1,7.0,True,3,Japanese Grand Prix,True,C1,True,-1.235,-1.296,1.639,1.773,-0.723,-0.763,96.811
0 days 02:21:21.879000,GAS,10,93.861,46.0,2.0,,,False,HARD,24.0,True,Alpine,1,7.0,True,3,Japanese Grand Prix,True,C1,True,-1.445,-1.516,1.429,1.546,-0.924,-0.975,96.663
0 days 02:22:55.942000,GAS,10,94.063,47.0,2.0,,,False,HARD,25.0,True,Alpine,1,7.0,True,3,Japanese Grand Prix,True,C1,True,-1.243,-1.304,1.631,1.765,-0.653,-0.689,96.927
0 days 02:24:30.561000,GAS,10,94.619,48.0,2.0,,,False,HARD,26.0,True,Alpine,1,8.0,True,3,Japanese Grand Prix,True,C1,True,-0.687,-0.721,2.187,2.366,0.0,0.0,97.545
0 days 02:26:04.385000,GAS,10,93.824,49.0,2.0,,,False,HARD,27.0,True,Alpine,1,7.0,True,3,Japanese Grand Prix,True,C1,True,-1.482,-1.555,1.392,1.506,-0.942,-0.994,96.813
0 days 02:27:38.607000,GAS,10,94.222,50.0,2.0,,,False,HARD,28.0,True,Alpine,1,7.0,True,3,Japanese Grand Prix,True,C1,True,-1.084,-1.137,1.79,1.937,-0.412,-0.435,97.273
0 days 02:29:12.434000,GAS,10,93.827,51.0,2.0,,,False,HARD,29.0,True,Alpine,1,7.0,True,3,Japanese Grand Prix,True,C1,True,-1.479,-1.552,1.395,1.509,-0.509,-0.54,96.94
0 days 02:30:46.531000,GAS,10,94.097,52.0,2.0,,,False,HARD,30.0,True,Alpine,1,7.0,True,3,Japanese Grand Prix,True,C1,True,-1.209,-1.269,1.665,1.801,-0.171,-0.181,97.272
0 days 02:32:20.700000,GAS,10,94.169,53.0,2.0,,,False,HARD,31.0,True,Alpine,1,7.0,True,3,Japanese Grand Prix,True,C1,True,-1.137,-1.193,1.737,1.879,0.106,0.113,97.407
0 days 01:05:30.694000,PER,11,,1.0,1.0,,,False,MEDIUM,1.0,True,Cadillac,1,18.0,False,3,Japanese Grand Prix,True,C2,False,,,,,,,
0 days 01:07:08.641000,PER,11,97.947,2.0,1.0,,,True,MEDIUM,2.0,True,Cadillac,1,18.0,True,3,Japanese Grand Prix,True,C2,True,2.641,2.771,5.515,5.967,1.105,1.141,98.009
0 days 01:08:46.933000,PER,11,98.292,3.0,1.0,,,False,MEDIUM,3.0,True,Cadillac,1,19.0,True,3,Japanese Grand Prix,True,C2,True,2.986,3.133,5.86,6.34,1.512,1.562,98.417
0 days 01:10:24.867000,PER,11,97.934,4.0,1.0,,,True,MEDIUM,4.0,True,Cadillac,1,19.0,True,3,Japanese Grand Prix,True,C2,True,2.628,2.757,5.502,5.952,1.458,1.511,98.121
0 days 01:12:02.472000,PER,11,97.605,5.0,1.0,,,True,MEDIUM,5.0,True,Cadillac,1,19.0,True,3,Japanese Grand Prix,True,C2,True,2.299,2.412,5.173,5.597,0.939,0.971,97.854
0 days 01:13:40.509000,PER,11,98.037,6.0,1.0,,,False,MEDIUM,6.0,True,Cadillac,1,19.0,True,3,Japanese Grand Prix,True,C2,True,2.731,2.866,5.605,6.064,1.127,1.163,98.348
0 days 01:15:18.716000,PER,11,98.207,7.0,1.0,,,False,MEDIUM,7.0,True,Cadillac,1,19.0,True,3,Japanese Grand Prix,True,C2,True,2.901,3.044,5.775,6.248,1.815,1.883,98.581
0 days 01:16:56.842000,PER,11,98.126,8.0,1.0,,,False,MEDIUM,8.0,True,Cadillac,1,19.0,True,3,Japanese Grand Prix,True,C2,True,2.82,2.959,5.694,6.16,1.879,1.952,98.562
0 days 01:18:34.841000,PER,11,97.999,9.0,1.0,,,False,MEDIUM,9.0,True,Cadillac,1,19.0,True,3,Japanese Grand Prix,True,C2,True,2.693,2.826,5.567,6.023,1.625,1.686,98.497
0 days 01:20:13.099000,PER,11,98.258,10.0,1.0,,,False,MEDIUM,10.0,True,Cadillac,1,19.0,True,3,Japanese Grand Prix,True,C2,True,2.952,3.097,5.826,6.303,1.798,1.864,98.818
0 days 01:21:50.963000,PER,11,97.864,11.0,1.0,,,False,MEDIUM,11.0,True,Cadillac,1,19.0,True,3,Japanese Grand Prix,True,C2,True,2.558,2.684,5.432,5.877,1.344,1.392,98.487
0 days 01:23:28.915000,PER,11,97.952,12.0,1.0,,,False,MEDIUM,12.0,True,Cadillac,1,19.0,True,3,Japanese Grand Prix,True,C2,True,2.646,2.776,5.52,5.972,0.962,0.992,98.637
0 days 01:25:06.857000,PER,11,97.942,13.0,1.0,,,False,MEDIUM,13.0,True,Cadillac,1,19.0,True,3,Japanese Grand Prix,True,C2,True,2.636,2.766,5.51,5.961,1.196,1.236,98.689
0 days 01:26:44.759000,PER,11,97.902,14.0,1.0,,,False,MEDIUM,14.0,True,Cadillac,1,19.0,True,3,Japanese Grand Prix,True,C2,True,2.596,2.724,5.47,5.918,1.244,1.287,98.711
0 days 01:28:22.835000,PER,11,98.076,15.0,1.0,,,False,MEDIUM,15.0,True,Cadillac,1,19.0,True,3,Japanese Grand Prix,True,C2,True,2.77,2.906,5.644,6.106,1.46,1.511,98.948
0 days 01:30:00.624000,PER,11,97.789,16.0,1.0,,,False,MEDIUM,16.0,True,Cadillac,1,19.0,True,3,Japanese Grand Prix,True,C2,True,2.483,2.605,5.357,5.796,1.049,1.084,98.723
0 days 01:31:38.534000,PER,11,97.91,17.0,1.0,,,False,MEDIUM,17.0,True,Cadillac,1,18.0,True,3,Japanese Grand Prix,True,C2,True,2.604,2.732,5.478,5.927,1.16,1.199,98.906
0 days 01:33:17.622000,PER,11,99.088,18.0,1.0,,,False,MEDIUM,18.0,True,Cadillac,1,18.0,True,3,Japanese Grand Prix,True,C2,True,3.782,3.968,6.656,7.201,2.713,2.815,100.146
0 days 01:34:55.583000,PER,11,97.961,19.0,1.0,,,False,MEDIUM,19.0,True,Cadillac,1,19.0,True,3,Japanese Grand Prix,True,C2,True,2.655,2.786,5.529,5.982,2.056,2.144,99.082
0 days 01:36:34.318000,PER,11,98.735,20.0,1.0,,,False,MEDIUM,20.0,True,Cadillac,1,19.0,True,3,Japanese Grand Prix,True,C2,True,3.429,3.598,6.303,6.819,3.131,3.275,99.918
0 days 01:38:22.464000,PER,11,108.146,21.0,1.0,,0 days 01:38:21.054000,False,MEDIUM,21.0,True,Cadillac,124,18.0,False,3,Japanese Grand Prix,True,C2,False,12.84,13.472,15.714,17.001,12.022,12.507,109.391
0 days 01:40:48.739000,PER,11,146.275,22.0,2.0,0 days 01:38:48.436000,,False,HARD,1.0,True,Cadillac,4,18.0,False,3,Japanese Grand Prix,True,C1,False,50.969,53.479,53.843,58.251,20.593,16.385,147.583
0 days 01:42:36.579000,PER,11,107.84,23.0,2.0,,,False,HARD,2.0,True,Cadillac,4,18.0,False,3,Japanese Grand Prix,True,C1,False,12.534,13.151,15.408,16.67,-20.148,-15.742,109.21
0 days 01:44:30.092000,PER,11,113.513,24.0,2.0,,,False,HARD,3.0,True,Cadillac,4,18.0,False,3,Japanese Grand Prix,True,C1,False,18.207,19.104,21.081,22.807,-11.817,-9.429,114.945
0 days 01:46:58.881000,PER,11,148.789,25.0,2.0,,,False,HARD,4.0,True,Cadillac,4,18.0,False,3,Japanese Grand Prix,True,C1,False,53.483,56.117,56.357,60.971,14.998,11.21,150.283
0 days 01:49:26.597000,PER,11,147.716,26.0,2.0,,,False,HARD,5.0,True,Cadillac,4,18.0,False,3,Japanese Grand Prix,True,C1,False,52.41,54.991,55.284,59.81,0.62,0.421,149.273
0 days 01:51:38.619000,PER,11,132.022,27.0,2.0,,,False,HARD,6.0,True,Cadillac,41,18.0,False,3,Japanese Grand Prix,True,C1,False,36.716,38.524,39.59,42.831,-3.85,-2.834,133.641
0 days 01:53:15.607000,PER,11,96.988,28.0,2.0,,,True,HARD,7.0,True,Cadillac,1,18.0,True,3,Japanese Grand Prix,True,C1,True,1.682,1.765,4.556,4.929,0.612,0.635,98.669
0 days 01:54:51.900000,PER,11,96.293,29.0,2.0,,,True,HARD,8.0,True,Cadillac,1,18.0,True,3,Japanese Grand Prix,True,C1,True,0.987,1.036,3.861,4.177,0.243,0.253,98.036
0 days 01:56:28.760000,PER,11,96.86,30.0,2.0,,,False,HARD,9.0,True,Cadillac,1,18.0,True,3,Japanese Grand Prix,True,C1,True,1.554,1.631,4.428,4.791,1.682,1.767,98.666
0 days 01:58:04.952000,PER,11,96.192,31.0,2.0,,,True,HARD,10.0,True,Cadillac,1,18.0,True,3,Japanese Grand Prix,True,C1,True,0.886,0.93,3.76,4.068,1.516,1.601,98.06
0 days 01:59:41.516000,PER,11,96.564,32.0,2.0,,,False,HARD,11.0,True,Cadillac,1,18.0,True,3,Japanese Grand Prix,True,C1,True,1.258,1.32,4.132,4.47,1.779,1.877,98.494
0 days 02:01:17.882000,PER,11,96.366,33.0,2.0,,,False,HARD,12.0,True,Cadillac,1,18.0,True,3,Japanese Grand Prix,True,C1,True,1.06,1.112,3.934,4.256,1.62,1.71,98.358
0 days 02:02:54.252000,PER,11,96.37,34.0,2.0,,,False,HARD,13.0,True,Cadillac,1,18.0,True,3,Japanese Grand Prix,True,C1,True,1.064,1.116,3.938,4.26,1.558,1.643,98.425
0 days 02:04:30.322000,PER,11,96.07,35.0,2.0,,,True,HARD,14.0,True,Cadillac,1,18.0,True,3,Japanese Grand Prix,True,C1,True,0.764,0.802,3.638,3.936,1.028,1.082,98.187
0 days 02:06:06.560000,PER,11,96.238,36.0,2.0,,,False,HARD,15.0,True,Cadillac,1,18.0,True,3,Japanese Grand Prix,True,C1,True,0.932,0.978,3.806,4.118,1.589,1.679,98.417
0 days 02:07:42.809000,PER,11,96.249,37.0,2.0,,,False,HARD,16.0,True,Cadillac,1,18.0,True,3,Japanese Grand Prix,True,C1,True,0.943,0.989,3.817,4.13,1.39,1.465,98.491
0 days 02:09:19.174000,PER,11,96.365,38.0,2.0,,,False,HARD,17.0,True,Cadillac,1,18.0,True,3,Japanese Grand Prix,True,C1,True,1.059,1.111,3.933,4.255,1.875,1.984,98.669
0 days 02:10:55.233000,PER,11,96.059,39.0,2.0,,,True,HARD,18.0,True,Cadillac,1,18.0,True,3,Japanese Grand Prix,True,C1,True,0.753,0.79,3.627,3.924,1.622,1.718,98.425
0 days 02:12:31.493000,PER,11,96.26,40.0,2.0,,,False,HARD,19.0,True,Cadillac,1,18.0,True,3,Japanese Grand Prix,True,C1,True,0.954,1.001,3.828,4.141,1.998,2.12,98.688
0 days 02:14:08.114000,PER,11,96.621,41.0,2.0,,,False,HARD,20.0,True,Cadillac,1,18.0,True,3,Japanese Grand Prix,True,C1,True,1.315,1.38,4.189,4.532,2.124,2.248,99.112
0 days 02:15:44.340000,PER,11,96.226,42.0,2.0,,,False,HARD,21.0,True,Cadillac,1,18.0,True,3,Japanese Grand Prix,True,C1,True,0.92,0.965,3.794,4.105,1.444,1.523,98.779
0 days 02:17:20.694000,PER,11,96.354,43.0,2.0,,,False,HARD,22.0,True,Cadillac,1,18.0,True,3,Japanese Grand Prix,True,C1,True,1.048,1.1,3.922,4.243,1.55,1.635,98.969
0 days 02:18:56.923000,PER,11,96.229,44.0,2.0,,,False,HARD,23.0,True,Cadillac,1,18.0,True,3,Japanese Grand Prix,True,C1,True,0.923,0.968,3.797,4.108,1.616,1.708,98.906
0 days 02:20:33.084000,PER,11,96.161,45.0,2.0,,,False,HARD,24.0,True,Cadillac,1,18.0,True,3,Japanese Grand Prix,True,C1,True,0.855,0.897,3.729,4.034,1.367,1.442,98.901
0 days 02:22:09.172000,PER,11,96.088,46.0,2.0,,,False,HARD,25.0,True,Cadillac,1,17.0,True,3,Japanese Grand Prix,True,C1,True,0.782,0.821,3.656,3.955,1.303,1.375,98.89
0 days 02:23:45.276000,PER,11,96.104,47.0,2.0,,,False,HARD,26.0,True,Cadillac,1,17.0,True,3,Japanese Grand Prix,True,C1,True,0.798,0.837,3.672,3.973,1.388,1.465,98.968
0 days 02:25:21.236000,PER,11,95.96,48.0,2.0,,,True,HARD,27.0,True,Cadillac,1,17.0,True,3,Japanese Grand Prix,True,C1,True,0.654,0.686,3.528,3.817,1.341,1.417,98.886
0 days 02:26:57.416000,PER,11,96.18,49.0,2.0,,,False,HARD,28.0,True,Cadillac,1,17.0,True,3,Japanese Grand Prix,True,C1,True,0.874,0.917,3.748,4.055,1.414,1.492,99.169
0 days 02:28:33.485000,PER,11,96.069,50.0,2.0,,,False,HARD,29.0,True,Cadillac,1,17.0,True,3,Japanese Grand Prix,True,C1,True,0.763,0.801,3.637,3.935,1.435,1.516,99.12
0 days 02:30:09.479000,PER,11,95.994,51.0,2.0,,,False,HARD,30.0,True,Cadillac,1,17.0,True,3,Japanese Grand Prix,True,C1,True,0.688,0.722,3.562,3.854,1.658,1.758,99.107
0 days 02:31:45.183000,PER,11,95.704,52.0,2.0,,,True,HARD,31.0,True,Cadillac,1,17.0,True,3,Japanese Grand Prix,True,C1,True,0.398,0.418,3.272,3.54,1.436,1.523,98.879
0 days 02:33:20.820000,PER,11,95.637,53.0,2.0,,,True,HARD,32.0,True,Cadillac,1,17.0,True,3,Japanese Grand Prix,True,C1,True,0.331,0.347,3.205,3.467,1.574,1.673,98.875
0 days 01:05:23.748000,ANT,12,,1.0,1.0,,,False,MEDIUM,1.0,True,Mercedes,1,6.0,False,3,Japanese Grand Prix,True,C2,False,,,,,,,
0 days 01:06:58.223000,ANT,12,94.475,2.0,1.0,,,True,MEDIUM,2.0,True,Mercedes,1,5.0,True,3,Japanese Grand Prix,True,C2,True,-0.831,-0.872,2.043,2.21,-2.367,-2.444,94.537
0 days 01:08:33.759000,ANT,12,95.536,3.0,1.0,,,False,MEDIUM,3.0,True,Mercedes,1,5.0,True,3,Japanese Grand Prix,True,C2,True,0.23,0.241,3.104,3.358,-1.244,-1.285,95.661
0 days 01:10:09.282000,ANT,12,95.523,4.0,1.0,,,False,MEDIUM,4.0,True,Mercedes,1,5.0,True,3,Japanese Grand Prix,True,C2,True,0.217,0.228,3.091,3.344,-0.953,-0.988,95.71
0 days 01:11:44.522000,ANT,12,95.24,5.0,1.0,,,False,MEDIUM,5.0,True,Mercedes,1,5.0,True,3,Japanese Grand Prix,True,C2,True,-0.066,-0.069,2.808,3.038,-1.426,-1.475,95.489
0 days 01:13:19.484000,ANT,12,94.962,6.0,1.0,,,False,MEDIUM,6.0,True,Mercedes,1,5.0,True,3,Japanese Grand Prix,True,C2,True,-0.344,-0.361,2.53,2.737,-1.948,-2.01,95.273
0 days 01:14:54.560000,ANT,12,95.076,7.0,1.0,,,False,MEDIUM,7.0,True,Mercedes,1,5.0,True,3,Japanese Grand Prix,True,C2,True,-0.23,-0.241,2.644,2.86,-1.316,-1.365,95.45
0 days 01:16:29.763000,ANT,12,95.203,8.0,1.0,,,False,MEDIUM,8.0,True,Mercedes,1,5.0,True,3,Japanese Grand Prix,True,C2,True,-0.103,-0.108,2.771,2.998,-1.044,-1.085,95.639
0 days 01:18:05.297000,ANT,12,95.534,9.0,1.0,,,False,MEDIUM,9.0,True,Mercedes,1,5.0,True,3,Japanese Grand Prix,True,C2,True,0.228,0.239,3.102,3.356,-0.84,-0.872,96.032
0 days 01:19:40.707000,ANT,12,95.41,10.0,1.0,,,False,MEDIUM,10.0,True,Mercedes,1,5.0,True,3,Japanese Grand Prix,True,C2,True,0.104,0.109,2.978,3.222,-1.05,-1.089,95.97
0 days 01:21:15.822000,ANT,12,95.115,11.0,1.0,,,False,MEDIUM,11.0,True,Mercedes,1,4.0,True,3,Japanese Grand Prix,True,C2,True,-0.191,-0.2,2.683,2.903,-1.405,-1.456,95.738
0 days 01:22:50.849000,ANT,12,95.027,12.0,1.0,,,False,MEDIUM,12.0,True,Mercedes,1,4.0,True,3,Japanese Grand Prix,True,C2,True,-0.279,-0.293,2.595,2.807,-1.963,-2.024,95.712
0 days 01:24:25.793000,ANT,12,94.944,13.0,1.0,,,False,MEDIUM,13.0,True,Mercedes,1,4.0,True,3,Japanese Grand Prix,True,C2,True,-0.362,-0.38,2.512,2.718,-1.802,-1.863,95.691
0 days 01:26:01.054000,ANT,12,95.261,14.0,1.0,,,False,MEDIUM,14.0,True,Mercedes,1,4.0,True,3,Japanese Grand Prix,True,C2,True,-0.045,-0.047,2.829,3.061,-1.397,-1.445,96.07
0 days 01:27:36.431000,ANT,12,95.377,15.0,1.0,,,False,MEDIUM,15.0,True,Mercedes,1,3.0,True,3,Japanese Grand Prix,True,C2,True,0.071,0.074,2.945,3.186,-1.239,-1.282,96.249
0 days 01:29:12.595000,ANT,12,96.164,16.0,1.0,,,False,MEDIUM,16.0,True,Mercedes,1,4.0,True,3,Japanese Grand Prix,True,C2,True,0.858,0.9,3.732,4.038,-0.576,-0.595,97.098
0 days 01:30:47.281000,ANT,12,94.686,17.0,1.0,,,False,MEDIUM,17.0,True,Mercedes,1,3.0,True,3,Japanese Grand Prix,True,C2,True,-0.62,-0.651,2.254,2.439,-2.064,-2.133,95.682
0 days 01:32:21.376000,ANT,12,94.095,18.0,1.0,,,True,MEDIUM,18.0,True,Mercedes,1,3.0,True,3,Japanese Grand Prix,True,C2,True,-1.211,-1.271,1.663,1.799,-2.28,-2.366,95.153
0 days 01:33:55.719000,ANT,12,94.343,19.0,1.0,,,False,MEDIUM,19.0,True,Mercedes,1,2.0,True,3,Japanese Grand Prix,True,C2,True,-0.963,-1.01,1.911,2.067,-1.562,-1.629,95.464
0 days 01:35:29.960000,ANT,12,94.241,20.0,1.0,,,False,MEDIUM,20.0,True,Mercedes,1,2.0,True,3,Japanese Grand Prix,True,C2,True,-1.065,-1.117,1.809,1.957,-1.363,-1.426,95.424
0 days 01:37:03.908000,ANT,12,93.948,21.0,1.0,,,True,MEDIUM,21.0,True,Mercedes,1,1.0,True,3,Japanese Grand Prix,True,C2,True,-1.358,-1.425,1.516,1.64,-2.176,-2.264,95.193
0 days 01:38:57.284000,ANT,12,113.376,22.0,1.0,,0 days 01:38:55.866000,False,MEDIUM,22.0,True,Mercedes,124,1.0,False,3,Japanese Grand Prix,True,C2,False,18.07,18.96,20.944,22.659,-12.306,-9.791,114.684
0 days 01:41:37.205000,ANT,12,,23.0,2.0,0 days 01:39:19.138000,,False,HARD,1.0,True,Mercedes,4,1.0,False,3,Japanese Grand Prix,True,C1,False,,,,,,,
0 days 01:44:07.409000,ANT,12,,24.0,2.0,,,False,HARD,2.0,True,Mercedes,4,1.0,False,3,Japanese Grand Prix,True,C1,False,,,,,,,
0 days 01:46:38.050000,ANT,12,,25.0,2.0,,,False,HARD,3.0,True,Mercedes,4,1.0,False,3,Japanese Grand Prix,True,C1,False,,,,,,,
0 days 01:49:04.080000,ANT,12,146.03,26.0,2.0,,,False,HARD,4.0,True,Mercedes,4,1.0,False,3,Japanese Grand Prix,True,C1,False,50.724,53.222,53.598,57.986,-1.066,-0.725,147.587
0 days 01:51:30.317000,ANT,12,146.237,27.0,2.0,,,False,HARD,5.0,True,Mercedes,41,1.0,False,3,Japanese Grand Prix,True,C1,False,50.931,53.439,53.805,58.21,10.365,7.629,147.856
0 days 01:53:03.966000,ANT,12,93.649,28.0,2.0,,,True,HARD,6.0,True,Mercedes,1,1.0,True,3,Japanese Grand Prix,True,C1,True,-1.657,-1.739,1.217,1.317,-2.727,-2.83,95.33
0 days 01:54:37.333000,ANT,12,93.367,29.0,2.0,,,True,HARD,7.0,True,Mercedes,1,1.0,True,3,Japanese Grand Prix,True,C1,True,-1.939,-2.034,0.935,1.012,-2.683,-2.793,95.11
0 days 01:56:10.192000,ANT,12,92.859,30.0,2.0,,,True,HARD,8.0,True,Mercedes,1,1.0,True,3,Japanese Grand Prix,True,C1,True,-2.447,-2.568,0.427,0.462,-2.319,-2.436,94.665
0 days 01:57:43.450000,ANT,12,93.258,31.0,2.0,,,False,HARD,9.0,True,Mercedes,1,1.0,True,3,Japanese Grand Prix,True,C1,True,-2.048,-2.149,0.826,0.894,-1.418,-1.498,95.126
0 days 01:59:16.318000,ANT,12,92.868,32.0,2.0,,,False,HARD,10.0,True,Mercedes,1,1.0,True,3,Japanese Grand Prix,True,C1,True,-2.438,-2.558,0.436,0.472,-1.917,-2.022,94.798
0 days 02:00:49.317000,ANT,12,92.999,33.0,2.0,,,False,HARD,11.0,True,Mercedes,1,1.0,True,3,Japanese Grand Prix,True,C1,True,-2.307,-2.421,0.567,0.613,-1.747,-1.844,94.991
0 days 02:02:22.226000,ANT,12,92.909,34.0,2.0,,,False,HARD,12.0,True,Mercedes,1,1.0,True,3,Japanese Grand Prix,True,C1,True,-2.397,-2.515,0.477,0.516,-1.903,-2.007,94.964
0 days 02:03:55.138000,ANT,12,92.912,35.0,2.0,,,False,HARD,13.0,True,Mercedes,1,1.0,True,3,Japanese Grand Prix,True,C1,True,-2.394,-2.512,0.48,0.519,-2.13,-2.241,95.029
0 days 02:05:28.071000,ANT,12,92.933,36.0,2.0,,,False,HARD,14.0,True,Mercedes,1,1.0,True,3,Japanese Grand Prix,True,C1,True,-2.373,-2.49,0.501,0.542,-1.716,-1.813,95.112
0 days 02:07:01.055000,ANT,12,92.984,37.0,2.0,,,False,HARD,15.0,True,Mercedes,1,1.0,True,3,Japanese Grand Prix,True,C1,True,-2.322,-2.436,0.552,0.597,-1.875,-1.977,95.226
0 days 02:08:34.010000,ANT,12,92.955,38.0,2.0,,,False,HARD,16.0,True,Mercedes,1,1.0,True,3,Japanese Grand Prix,True,C1,True,-2.351,-2.467,0.523,0.566,-1.535,-1.625,95.259
0 days 02:10:06.741000,ANT,12,92.731,39.0,2.0,,,True,HARD,17.0,True,Mercedes,1,1.0,True,3,Japanese Grand Prix,True,C1,True,-2.575,-2.702,0.299,0.323,-1.706,-1.806,95.097
0 days 02:11:39.734000,ANT,12,92.993,40.0,2.0,,,False,HARD,18.0,True,Mercedes,1,1.0,True,3,Japanese Grand Prix,True,C1,True,-2.313,-2.427,0.561,0.607,-1.269,-1.346,95.421
0 days 02:13:12.470000,ANT,12,92.736,41.0,2.0,,,False,HARD,19.0,True,Mercedes,1,1.0,True,3,Japanese Grand Prix,True,C1,True,-2.57,-2.697,0.304,0.329,-1.761,-1.864,95.227
0 days 02:14:45.296000,ANT,12,92.826,42.0,2.0,,,False,HARD,20.0,True,Mercedes,1,1.0,True,3,Japanese Grand Prix,True,C1,True,-2.48,-2.602,0.394,0.426,-1.956,-2.064,95.379
0 days 02:16:17.834000,ANT,12,92.538,43.0,2.0,,,True,HARD,21.0,True,Mercedes,1,1.0,True,3,Japanese Grand Prix,True,C1,True,-2.768,-2.904,0.106,0.115,-2.266,-2.39,95.153
0 days 02:17:50.404000,ANT,12,92.57,44.0,2.0,,,False,HARD,22.0,True,Mercedes,1,1.0,True,3,Japanese Grand Prix,True,C1,True,-2.736,-2.871,0.138,0.149,-2.043,-2.159,95.247
0 days 02:19:23.223000,ANT,12,92.819,45.0,2.0,,,False,HARD,23.0,True,Mercedes,1,1.0,True,3,Japanese Grand Prix,True,C1,True,-2.487,-2.609,0.387,0.419,-1.975,-2.083,95.559
0 days 02:20:55.945000,ANT,12,92.722,46.0,2.0,,,False,HARD,24.0,True,Mercedes,1,1.0,True,3,Japanese Grand Prix,True,C1,True,-2.584,-2.711,0.29,0.314,-2.063,-2.177,95.524
0 days 02:22:29.156000,ANT,12,93.211,47.0,2.0,,,False,HARD,25.0,True,Mercedes,1,1.0,True,3,Japanese Grand Prix,True,C1,True,-2.095,-2.198,0.779,0.843,-1.505,-1.589,96.075
0 days 02:24:02.745000,ANT,12,93.589,48.0,2.0,,,False,HARD,26.0,True,Mercedes,1,1.0,True,3,Japanese Grand Prix,True,C1,True,-1.717,-1.802,1.157,1.252,-1.03,-1.089,96.515
0 days 02:25:35.177000,ANT,12,92.432,49.0,2.0,,,True,HARD,27.0,True,Mercedes,1,1.0,True,3,Japanese Grand Prix,True,C1,True,-2.874,-3.016,0.0,0.0,-2.334,-2.463,95.421
0 days 02:27:08.529000,ANT,12,93.352,50.0,2.0,,,False,HARD,28.0,True,Mercedes,1,1.0,True,3,Japanese Grand Prix,True,C1,True,-1.954,-2.05,0.92,0.995,-1.282,-1.355,96.403
0 days 02:28:41.418000,ANT,12,92.889,51.0,2.0,,,False,HARD,29.0,True,Mercedes,1,1.0,True,3,Japanese Grand Prix,True,C1,True,-2.417,-2.536,0.457,0.494,-1.447,-1.534,96.002
0 days 02:30:14.343000,ANT,12,92.925,52.0,2.0,,,False,HARD,30.0,True,Mercedes,1,1.0,True,3,Japanese Grand Prix,True,C1,True,-2.381,-2.498,0.493,0.533,-1.343,-1.425,96.1
0 days 02:31:48.406000,ANT,12,94.063,53.0,2.0,,,False,HARD,31.0,True,Mercedes,1,1.0,True,3,Japanese Grand Prix,True,C1,True,-1.243,-1.304,1.631,1.765,0.0,0.0,97.301
0 days 01:05:32.008000,ALO,14,,1.0,1.0,,,False,MEDIUM,1.0,True,Aston Martin,1,20.0,False,3,Japanese Grand Prix,True,C2,False,,,,,,,
0 days 01:07:10.597000,ALO,14,98.589,2.0,1.0,,,True,MEDIUM,2.0,True,Aston Martin,1,20.0,True,3,Japanese Grand Prix,True,C2,True,3.283,3.445,6.157,6.661,1.747,1.804,98.651
0 days 01:08:49.098000,ALO,14,98.501,3.0,1.0,,,True,MEDIUM,3.0,True,Aston Martin,1,20.0,True,3,Japanese Grand Prix,True,C2,True,3.195,3.352,6.069,6.566,1.721,1.778,98.626
0 days 01:10:27.615000,ALO,14,98.517,4.0,1.0,,,False,MEDIUM,4.0,True,Aston Martin,1,20.0,True,3,Japanese Grand Prix,True,C2,True,3.211,3.369,6.085,6.583,2.041,2.116,98.704
0 days 01:12:06.143000,ALO,14,98.528,5.0,1.0,,,False,MEDIUM,5.0,True,Aston Martin,1,20.0,True,3,Japanese Grand Prix,True,C2,True,3.222,3.381,6.096,6.595,1.862,1.926,98.777
0 days 01:13:44.795000,ALO,14,98.652,6.0,1.0,,,False,MEDIUM,6.0,True,Aston Martin,1,20.0,True,3,Japanese Grand Prix,True,C2,True,3.346,3.511,6.22,6.729,1.742,1.798,98.963
0 days 01:15:23.387000,ALO,14,98.592,7.0,1.0,,,False,MEDIUM,7.0,True,Aston Martin,1,20.0,True,3,Japanese Grand Prix,True,C2,True,3.286,3.448,6.16,6.664,2.2,2.282,98.966
0 days 01:17:02.276000,ALO,14,98.889,8.0,1.0,,,False,MEDIUM,8.0,True,Aston Martin,1,21.0,True,3,Japanese Grand Prix,True,C2,True,3.583,3.759,6.457,6.986,2.642,2.745,99.325
0 days 01:18:40.572000,ALO,14,98.296,9.0,1.0,,,True,MEDIUM,9.0,True,Aston Martin,1,21.0,True,3,Japanese Grand Prix,True,C2,True,2.99,3.137,5.864,6.344,1.922,1.994,98.794
0 days 01:20:19.059000,ALO,14,98.487,10.0,1.0,,,False,MEDIUM,10.0,True,Aston Martin,1,21.0,True,3,Japanese Grand Prix,True,C2,True,3.181,3.338,6.055,6.551,2.027,2.101,99.047
0 days 01:21:56.925000,ALO,14,97.866,11.0,1.0,,,True,MEDIUM,11.0,True,Aston Martin,1,21.0,True,3,Japanese Grand Prix,True,C2,True,2.56,2.686,5.434,5.879,1.346,1.395,98.489
0 days 01:23:35.160000,ALO,14,98.235,12.0,1.0,,,False,MEDIUM,12.0,True,Aston Martin,1,21.0,True,3,Japanese Grand Prix,True,C2,True,2.929,3.073,5.803,6.278,1.245,1.284,98.92
0 days 01:25:13.751000,ALO,14,98.591,13.0,1.0,,,False,MEDIUM,13.0,True,Aston Martin,1,21.0,True,3,Japanese Grand Prix,True,C2,True,3.285,3.447,6.159,6.663,1.845,1.907,99.338
0 days 01:26:51.973000,ALO,14,98.222,14.0,1.0,,,False,MEDIUM,14.0,True,Aston Martin,1,21.0,True,3,Japanese Grand Prix,True,C2,True,2.916,3.06,5.79,6.264,1.564,1.618,99.031
0 days 01:28:30.614000,ALO,14,98.641,15.0,1.0,,,False,MEDIUM,15.0,True,Aston Martin,1,21.0,True,3,Japanese Grand Prix,True,C2,True,3.335,3.499,6.209,6.717,2.025,2.096,99.513
0 days 01:30:09.345000,ALO,14,98.731,16.0,1.0,,,False,MEDIUM,16.0,True,Aston Martin,1,21.0,True,3,Japanese Grand Prix,True,C2,True,3.425,3.594,6.299,6.815,1.991,2.058,99.665
0 days 01:31:47.648000,ALO,14,98.303,17.0,1.0,,,False,MEDIUM,17.0,True,Aston Martin,1,21.0,True,3,Japanese Grand Prix,True,C2,True,2.997,3.145,5.871,6.352,1.553,1.605,99.299
0 days 01:33:26.152000,ALO,14,98.504,18.0,1.0,,,False,MEDIUM,18.0,True,Aston Martin,1,21.0,True,3,Japanese Grand Prix,True,C2,True,3.198,3.356,6.072,6.569,2.129,2.209,99.562
0 days 01:35:04.754000,ALO,14,98.602,19.0,1.0,,,False,MEDIUM,19.0,True,Aston Martin,1,21.0,True,3,Japanese Grand Prix,True,C2,True,3.296,3.458,6.17,6.675,2.697,2.812,99.723
0 days 01:36:42.934000,ALO,14,98.18,20.0,1.0,,,False,MEDIUM,20.0,True,Aston Martin,1,21.0,True,3,Japanese Grand Prix,True,C2,True,2.874,3.016,5.748,6.219,2.576,2.694,99.363
0 days 01:38:41.955000,ALO,14,119.021,21.0,1.0,,0 days 01:38:40.390000,False,MEDIUM,21.0,True,Aston Martin,124,20.0,False,3,Japanese Grand Prix,True,C2,False,23.715,24.883,26.589,28.766,22.897,23.82,120.266
0 days 01:41:06.523000,ALO,14,144.568,22.0,2.0,0 days 01:39:06.862000,,False,HARD,1.0,True,Aston Martin,4,20.0,False,3,Japanese Grand Prix,True,C1,False,49.262,51.688,52.136,56.405,18.886,15.027,145.876
0 days 01:42:59.611000,ALO,14,113.088,23.0,2.0,,0 days 01:42:58.231000,False,HARD,2.0,True,Aston Martin,4,20.0,False,3,Japanese Grand Prix,True,C1,False,17.782,18.658,20.656,22.347,-14.9,-11.642,114.458
0 days 01:45:04.918000,ALO,14,125.307,24.0,3.0,0 days 01:43:22.289000,,False,MEDIUM,1.0,True,Aston Martin,4,20.0,False,3,Japanese Grand Prix,True,C2,False,30.001,31.479,32.875,35.567,-0.023,-0.018,126.739
0 days 01:47:03.835000,ALO,14,118.917,25.0,3.0,,,False,MEDIUM,2.0,True,Aston Martin,4,20.0,False,3,Japanese Grand Prix,True,C2,False,23.611,24.774,26.485,28.653,-14.874,-11.117,120.411
0 days 01:49:29.850000,ALO,14,146.015,26.0,3.0,,,False,MEDIUM,3.0,True,Aston Martin,4,20.0,False,3,Japanese Grand Prix,True,C2,False,50.709,53.207,53.583,57.97,-1.081,-0.735,147.572
0 days 01:51:39.636000,ALO,14,129.786,27.0,3.0,,,False,MEDIUM,4.0,True,Aston Martin,41,20.0,False,3,Japanese Grand Prix,True,C2,False,34.48,36.178,37.354,40.412,-6.086,-4.479,131.405
0 days 01:53:17.545000,ALO,14,97.909,28.0,3.0,,,False,MEDIUM,5.0,True,Aston Martin,1,20.0,True,3,Japanese Grand Prix,True,C2,True,2.603,2.731,5.477,5.925,1.533,1.591,99.59
0 days 01:54:54.624000,ALO,14,97.079,29.0,3.0,,,True,MEDIUM,6.0,True,Aston Martin,1,20.0,True,3,Japanese Grand Prix,True,C2,True,1.773,1.86,4.647,5.027,1.029,1.071,98.822
0 days 01:56:32.035000,ALO,14,97.411,30.0,3.0,,,False,MEDIUM,7.0,True,Aston Martin,1,19.0,True,3,Japanese Grand Prix,True,C2,True,2.105,2.209,4.979,5.387,2.233,2.346,99.217
0 days 01:58:09.899000,ALO,14,97.864,31.0,3.0,,,False,MEDIUM,8.0,True,Aston Martin,1,19.0,True,3,Japanese Grand Prix,True,C2,True,2.558,2.684,5.432,5.877,3.188,3.367,99.732
0 days 01:59:47.961000,ALO,14,98.062,32.0,3.0,,,False,MEDIUM,9.0,True,Aston Martin,1,19.0,True,3,Japanese Grand Prix,True,C2,True,2.756,2.892,5.63,6.091,3.277,3.457,99.992
0 days 02:01:25.663000,ALO,14,97.702,33.0,3.0,,,False,MEDIUM,10.0,True,Aston Martin,1,19.0,True,3,Japanese Grand Prix,True,C2,True,2.396,2.514,5.27,5.701,2.956,3.12,99.694
0 days 02:03:03.314000,ALO,14,97.651,34.0,3.0,,,False,MEDIUM,11.0,True,Aston Martin,1,19.0,True,3,Japanese Grand Prix,True,C2,True,2.345,2.46,5.219,5.646,2.839,2.994,99.706
0 days 02:04:41.068000,ALO,14,97.754,35.0,3.0,,,False,MEDIUM,12.0,True,Aston Martin,1,19.0,True,3,Japanese Grand Prix,True,C2,True,2.448,2.569,5.322,5.758,2.712,2.853,99.871
0 days 02:06:18.854000,ALO,14,97.786,36.0,3.0,,,False,MEDIUM,13.0,True,Aston Martin,1,19.0,True,3,Japanese Grand Prix,True,C2,True,2.48,2.602,5.354,5.792,3.137,3.314,99.965
0 days 02:07:56.312000,ALO,14,97.458,37.0,3.0,,,False,MEDIUM,14.0,True,Aston Martin,1,19.0,True,3,Japanese Grand Prix,True,C2,True,2.152,2.258,5.026,5.438,2.599,2.74,99.7
0 days 02:09:33.553000,ALO,14,97.241,38.0,3.0,,,False,MEDIUM,15.0,True,Aston Martin,1,19.0,True,3,Japanese Grand Prix,True,C2,True,1.935,2.03,4.809,5.203,2.751,2.911,99.545
0 days 02:11:10.677000,ALO,14,97.124,39.0,3.0,,,False,MEDIUM,16.0,True,Aston Martin,1,19.0,True,3,Japanese Grand Prix,True,C2,True,1.818,1.908,4.692,5.076,2.687,2.845,99.49
0 days 02:12:47.775000,ALO,14,97.098,40.0,3.0,,,False,MEDIUM,17.0,True,Aston Martin,1,19.0,True,3,Japanese Grand Prix,True,C2,True,1.792,1.88,4.666,5.048,2.836,3.009,99.526
0 days 02:14:24.603000,ALO,14,96.828,41.0,3.0,,,True,MEDIUM,18.0,True,Aston Martin,1,19.0,True,3,Japanese Grand Prix,True,C2,True,1.522,1.597,4.396,4.756,2.331,2.467,99.319
0 days 02:16:01.560000,ALO,14,96.957,42.0,3.0,,,False,MEDIUM,19.0,True,Aston Martin,1,19.0,True,3,Japanese Grand Prix,True,C2,True,1.651,1.732,4.525,4.895,2.175,2.295,99.51
0 days 02:17:38.897000,ALO,14,97.337,43.0,3.0,,,False,MEDIUM,20.0,True,Aston Martin,1,19.0,True,3,Japanese Grand Prix,True,C2,True,2.031,2.131,4.905,5.307,2.533,2.672,99.952
0 days 02:19:15.668000,ALO,14,96.771,44.0,3.0,,,True,MEDIUM,21.0,True,Aston Martin,1,19.0,True,3,Japanese Grand Prix,True,C2,True,1.465,1.537,4.339,4.694,2.158,2.281,99.448
0 days 02:20:52.345000,ALO,14,96.677,45.0,3.0,,,True,MEDIUM,22.0,True,Aston Martin,1,19.0,True,3,Japanese Grand Prix,True,C2,True,1.371,1.439,4.245,4.593,1.883,1.986,99.417
0 days 02:22:29.934000,ALO,14,97.589,46.0,3.0,,,False,MEDIUM,23.0,True,Aston Martin,1,19.0,True,3,Japanese Grand Prix,True,C2,True,2.283,2.395,5.157,5.579,2.804,2.958,100.391
0 days 02:24:06.155000,ALO,14,96.221,47.0,3.0,,,True,MEDIUM,24.0,True,Aston Martin,1,18.0,True,3,Japanese Grand Prix,True,C2,True,0.915,0.96,3.789,4.099,1.505,1.589,99.085
0 days 02:25:42.992000,ALO,14,96.837,48.0,3.0,,,False,MEDIUM,25.0,True,Aston Martin,1,18.0,True,3,Japanese Grand Prix,True,C2,True,1.531,1.606,4.405,4.766,2.218,2.344,99.763
0 days 02:27:20.104000,ALO,14,97.112,49.0,3.0,,,False,MEDIUM,26.0,True,Aston Martin,1,18.0,True,3,Japanese Grand Prix,True,C2,True,1.806,1.895,4.68,5.063,2.346,2.476,100.101
0 days 02:28:59.211000,ALO,14,99.107,50.0,3.0,,,False,MEDIUM,27.0,True,Aston Martin,1,18.0,True,3,Japanese Grand Prix,True,C2,True,3.801,3.988,6.675,7.222,4.473,4.727,102.158
0 days 02:30:35.962000,ALO,14,96.751,51.0,3.0,,,False,MEDIUM,28.0,True,Aston Martin,1,18.0,True,3,Japanese Grand Prix,True,C2,True,1.445,1.516,4.319,4.673,2.415,2.56,99.864
0 days 02:32:14.915000,ALO,14,98.953,52.0,3.0,,,False,MEDIUM,29.0,True,Aston Martin,1,18.0,True,3,Japanese Grand Prix,True,C2,True,3.647,3.827,6.521,7.055,4.685,4.97,102.128
0 days 01:05:21.324000,LEC,16,,1.0,1.0,,,False,MEDIUM,1.0,True,Ferrari,1,2.0,False,3,Japanese Grand Prix,True,C2,False,,,,,,,
0 days 01:06:56.450000,LEC,16,95.126,2.0,1.0,,,True,MEDIUM,2.0,True,Ferrari,1,2.0,True,3,Japanese Grand Prix,True,C2,True,-0.18,-0.189,2.694,2.915,-1.716,-1.772,95.188
0 days 01:08:31.555000,LEC,16,95.105,3.0,1.0,,,True,MEDIUM,3.0,True,Ferrari,1,2.0,True,3,Japanese Grand Prix,True,C2,True,-0.201,-0.211,2.673,2.892,-1.675,-1.731,95.23
0 days 01:10:07.986000,LEC,16,96.431,4.0,1.0,,,False,MEDIUM,4.0,True,Ferrari,1,3.0,True,3,Japanese Grand Prix,True,C2,True,1.125,1.18,3.999,4.326,-0.045,-0.047,96.618
0 days 01:11:43.195000,LEC,16,95.209,5.0,1.0,,,False,MEDIUM,5.0,True,Ferrari,1,3.0,True,3,Japanese Grand Prix,True,C2,True,-0.097,-0.102,2.777,3.004,-1.457,-1.507,95.458
0 days 01:13:18.482000,LEC,16,95.287,6.0,1.0,,,False,MEDIUM,6.0,True,Ferrari,1,3.0,True,3,Japanese Grand Prix,True,C2,True,-0.019,-0.02,2.855,3.089,-1.623,-1.675,95.598
0 days 01:14:53.437000,LEC,16,94.955,7.0,1.0,,,True,MEDIUM,7.0,True,Ferrari,1,3.0,True,3,Japanese Grand Prix,True,C2,True,-0.351,-0.368,2.523,2.73,-1.437,-1.491,95.329
0 days 01:16:28.895000,LEC,16,95.458,8.0,1.0,,,False,MEDIUM,8.0,True,Ferrari,1,3.0,True,3,Japanese Grand Prix,True,C2,True,0.152,0.159,3.026,3.274,-0.789,-0.82,95.894
0 days 01:18:04.518000,LEC,16,95.623,9.0,1.0,,,False,MEDIUM,9.0,True,Ferrari,1,3.0,True,3,Japanese Grand Prix,True,C2,True,0.317,0.333,3.191,3.452,-0.751,-0.779,96.121
0 days 01:19:39.664000,LEC,16,95.146,10.0,1.0,,,False,MEDIUM,10.0,True,Ferrari,1,3.0,True,3,Japanese Grand Prix,True,C2,True,-0.16,-0.168,2.714,2.936,-1.314,-1.362,95.706
0 days 01:21:14.809000,LEC,16,95.145,11.0,1.0,,,False,MEDIUM,11.0,True,Ferrari,1,3.0,True,3,Japanese Grand Prix,True,C2,True,-0.161,-0.169,2.713,2.935,-1.375,-1.425,95.768
0 days 01:22:50.010000,LEC,16,95.201,12.0,1.0,,,False,MEDIUM,12.0,True,Ferrari,1,3.0,True,3,Japanese Grand Prix,True,C2,True,-0.105,-0.11,2.769,2.996,-1.789,-1.845,95.886
0 days 01:24:25.418000,LEC,16,95.408,13.0,1.0,,,False,MEDIUM,13.0,True,Ferrari,1,3.0,True,3,Japanese Grand Prix,True,C2,True,0.102,0.107,2.976,3.22,-1.338,-1.383,96.155
0 days 01:26:00.723000,LEC,16,95.305,14.0,1.0,,,False,MEDIUM,14.0,True,Ferrari,1,3.0,True,3,Japanese Grand Prix,True,C2,True,-0.001,-0.001,2.873,3.108,-1.353,-1.4,96.114
0 days 01:27:36.626000,LEC,16,95.903,15.0,1.0,,,False,MEDIUM,15.0,True,Ferrari,1,4.0,True,3,Japanese Grand Prix,True,C2,True,0.597,0.626,3.471,3.755,-0.713,-0.738,96.775
0 days 01:29:11.933000,LEC,16,95.307,16.0,1.0,,,False,MEDIUM,16.0,True,Ferrari,1,3.0,True,3,Japanese Grand Prix,True,C2,True,0.001,0.001,2.875,3.11,-1.433,-1.481,96.241
0 days 01:30:49.381000,LEC,16,97.448,17.0,1.0,,0 days 01:30:48.100000,False,MEDIUM,17.0,True,Ferrari,1,5.0,False,3,Japanese Grand Prix,True,C2,False,2.142,2.247,5.016,5.427,0.698,0.721,98.444
0 days 01:32:43.718000,LEC,16,114.337,18.0,2.0,0 days 01:31:11.082000,,False,HARD,1.0,True,Ferrari,1,7.0,False,3,Japanese Grand Prix,True,C1,False,19.031,19.968,21.905,23.699,17.962,18.638,115.395
0 days 01:34:18.144000,LEC,16,94.426,19.0,2.0,,,True,HARD,2.0,True,Ferrari,1,7.0,True,3,Japanese Grand Prix,True,C1,True,-0.88,-0.923,1.994,2.157,-1.479,-1.542,95.547
0 days 01:35:52.410000,LEC,16,94.266,20.0,2.0,,,True,HARD,3.0,True,Ferrari,1,7.0,True,3,Japanese Grand Prix,True,C1,True,-1.04,-1.091,1.834,1.984,-1.338,-1.4,95.449
0 days 01:37:26.542000,LEC,16,94.132,21.0,2.0,,,True,HARD,4.0,True,Ferrari,1,7.0,True,3,Japanese Grand Prix,True,C1,True,-1.174,-1.232,1.7,1.839,-1.992,-2.072,95.377
0 days 01:39:26.848000,LEC,16,120.306,22.0,2.0,,,False,HARD,5.0,True,Ferrari,124,7.0,False,3,Japanese Grand Prix,True,C1,False,25.0,26.231,27.874,30.156,-5.376,-4.277,121.614
0 days 01:41:44.922000,LEC,16,138.074,23.0,2.0,,,False,HARD,6.0,True,Ferrari,4,5.0,False,3,Japanese Grand Prix,True,C1,False,42.768,44.874,45.642,49.379,10.086,7.88,139.444
0 days 01:44:12.022000,LEC,16,147.1,24.0,2.0,,,False,HARD,7.0,True,Ferrari,4,5.0,False,3,Japanese Grand Prix,True,C1,False,51.794,54.345,54.668,59.144,21.77,17.37,148.532
0 days 01:46:43.472000,LEC,16,,25.0,2.0,,,False,HARD,8.0,True,Ferrari,4,5.0,False,3,Japanese Grand Prix,True,C1,False,,,,,,,
0 days 01:49:10.134000,LEC,16,146.662,26.0,2.0,,,False,HARD,9.0,True,Ferrari,4,5.0,False,3,Japanese Grand Prix,True,C1,False,51.356,53.885,54.23,58.67,-0.434,-0.295,148.219
0 days 01:51:32.282000,LEC,16,142.148,27.0,2.0,,,False,HARD,10.0,True,Ferrari,41,5.0,False,3,Japanese Grand Prix,True,C1,False,46.842,49.149,49.716,53.787,6.276,4.619,143.767
0 days 01:53:07.569000,LEC,16,95.287,28.0,2.0,,,False,HARD,11.0,True,Ferrari,1,5.0,True,3,Japanese Grand Prix,True,C1,True,-0.019,-0.02,2.855,3.089,-1.089,-1.13,96.968
0 days 01:54:41.235000,LEC,16,93.666,29.0,2.0,,,True,HARD,12.0,True,Ferrari,1,5.0,True,3,Japanese Grand Prix,True,C1,True,-1.64,-1.721,1.234,1.335,-2.384,-2.482,95.409
0 days 01:56:14.931000,LEC,16,93.696,30.0,2.0,,,False,HARD,13.0,True,Ferrari,1,5.0,True,3,Japanese Grand Prix,True,C1,True,-1.61,-1.689,1.264,1.367,-1.482,-1.557,95.502
0 days 01:57:48.846000,LEC,16,93.915,31.0,2.0,,,False,HARD,14.0,True,Ferrari,1,5.0,True,3,Japanese Grand Prix,True,C1,True,-1.391,-1.46,1.483,1.604,-0.761,-0.804,95.783
0 days 01:59:22.340000,LEC,16,93.494,32.0,2.0,,,True,HARD,15.0,True,Ferrari,1,5.0,True,3,Japanese Grand Prix,True,C1,True,-1.812,-1.901,1.062,1.149,-1.291,-1.362,95.424
0 days 02:00:55.784000,LEC,16,93.444,33.0,2.0,,,True,HARD,16.0,True,Ferrari,1,5.0,True,3,Japanese Grand Prix,True,C1,True,-1.862,-1.954,1.012,1.095,-1.302,-1.374,95.436
0 days 02:02:29.292000,LEC,16,93.508,34.0,2.0,,,False,HARD,17.0,True,Ferrari,1,5.0,True,3,Japanese Grand Prix,True,C1,True,-1.798,-1.887,1.076,1.164,-1.304,-1.375,95.563
0 days 02:04:02.544000,LEC,16,93.252,35.0,2.0,,,True,HARD,18.0,True,Ferrari,1,5.0,True,3,Japanese Grand Prix,True,C1,True,-2.054,-2.155,0.82,0.887,-1.79,-1.883,95.369
0 days 02:05:36.207000,LEC,16,93.663,36.0,2.0,,,False,HARD,19.0,True,Ferrari,1,5.0,True,3,Japanese Grand Prix,True,C1,True,-1.643,-1.724,1.231,1.332,-0.986,-1.042,95.842
0 days 02:07:09.951000,LEC,16,93.744,37.0,2.0,,,False,HARD,20.0,True,Ferrari,1,4.0,True,3,Japanese Grand Prix,True,C1,True,-1.562,-1.639,1.312,1.419,-1.115,-1.175,95.986
0 days 02:08:43.079000,LEC,16,93.128,38.0,2.0,,,True,HARD,21.0,True,Ferrari,1,4.0,True,3,Japanese Grand Prix,True,C1,True,-2.178,-2.285,0.696,0.753,-1.362,-1.441,95.432
0 days 02:10:16.536000,LEC,16,93.457,39.0,2.0,,,False,HARD,22.0,True,Ferrari,1,4.0,True,3,Japanese Grand Prix,True,C1,True,-1.849,-1.94,1.025,1.109,-0.98,-1.038,95.823
0 days 02:11:50.241000,LEC,16,93.705,40.0,2.0,,,False,HARD,23.0,True,Ferrari,1,4.0,True,3,Japanese Grand Prix,True,C1,True,-1.601,-1.68,1.273,1.377,-0.557,-0.591,96.133
0 days 02:13:24.395000,LEC,16,94.154,41.0,2.0,,,False,HARD,24.0,True,Ferrari,1,4.0,True,3,Japanese Grand Prix,True,C1,True,-1.152,-1.209,1.722,1.863,-0.343,-0.363,96.645
0 days 02:14:57.813000,LEC,16,93.418,42.0,2.0,,,False,HARD,25.0,True,Ferrari,1,3.0,True,3,Japanese Grand Prix,True,C1,True,-1.888,-1.981,0.986,1.067,-1.364,-1.439,95.971
0 days 02:16:31.018000,LEC,16,93.205,43.0,2.0,,,False,HARD,26.0,True,Ferrari,1,3.0,True,3,Japanese Grand Prix,True,C1,True,-2.101,-2.204,0.773,0.836,-1.599,-1.687,95.82
0 days 02:18:04.322000,LEC,16,93.304,44.0,2.0,,,False,HARD,27.0,True,Ferrari,1,3.0,True,3,Japanese Grand Prix,True,C1,True,-2.002,-2.101,0.872,0.943,-1.309,-1.384,95.981
0 days 02:19:37.929000,LEC,16,93.607,45.0,2.0,,,False,HARD,28.0,True,Ferrari,1,3.0,True,3,Japanese Grand Prix,True,C1,True,-1.699,-1.783,1.175,1.271,-1.187,-1.252,96.347
0 days 02:21:11.089000,LEC,16,93.16,46.0,2.0,,,False,HARD,29.0,True,Ferrari,1,3.0,True,3,Japanese Grand Prix,True,C1,True,-2.146,-2.252,0.728,0.788,-1.625,-1.714,95.962
0 days 02:22:44.211000,LEC,16,93.122,47.0,2.0,,,True,HARD,30.0,True,Ferrari,1,3.0,True,3,Japanese Grand Prix,True,C1,True,-2.184,-2.292,0.69,0.746,-1.594,-1.683,95.986
0 days 02:24:17.222000,LEC,16,93.011,48.0,2.0,,,True,HARD,31.0,True,Ferrari,1,3.0,True,3,Japanese Grand Prix,True,C1,True,-2.295,-2.408,0.579,0.626,-1.608,-1.699,95.937
0 days 02:25:50.708000,LEC,16,93.486,49.0,2.0,,,False,HARD,32.0,True,Ferrari,1,3.0,True,3,Japanese Grand Prix,True,C1,True,-1.82,-1.91,1.054,1.14,-1.28,-1.351,96.475
0 days 02:27:24.881000,LEC,16,94.173,50.0,2.0,,,False,HARD,33.0,True,Ferrari,1,4.0,True,3,Japanese Grand Prix,True,C1,True,-1.133,-1.189,1.741,1.884,-0.461,-0.487,97.224
0 days 02:28:57.778000,LEC,16,92.897,51.0,2.0,,,True,HARD,34.0,True,Ferrari,1,3.0,True,3,Japanese Grand Prix,True,C1,True,-2.409,-2.528,0.465,0.503,-1.439,-1.525,96.01
0 days 02:30:30.979000,LEC,16,93.201,52.0,2.0,,,False,HARD,35.0,True,Ferrari,1,3.0,True,3,Japanese Grand Prix,True,C1,True,-2.105,-2.209,0.769,0.832,-1.067,-1.132,96.376
0 days 02:32:03.613000,LEC,16,92.634,53.0,2.0,,,True,HARD,36.0,True,Ferrari,1,3.0,True,3,Japanese Grand Prix,True,C1,True,-2.672,-2.804,0.202,0.219,-1.429,-1.519,95.872
0 days 01:05:33.198000,STR,18,,1.0,1.0,,,False,MEDIUM,1.0,True,Aston Martin,1,22.0,False,3,Japanese Grand Prix,True,C2,False,,,,,,,
0 days 01:07:11.567000,STR,18,98.369,2.0,1.0,,,True,MEDIUM,2.0,True,Aston Martin,1,21.0,True,3,Japanese Grand Prix,True,C2,True,3.063,3.214,5.937,6.423,1.527,1.577,98.431
0 days 01:08:49.796000,STR,18,98.229,3.0,1.0,,,True,MEDIUM,3.0,True,Aston Martin,1,21.0,True,3,Japanese Grand Prix,True,C2,True,2.923,3.067,5.797,6.272,1.449,1.497,98.354
0 days 01:10:28.383000,STR,18,98.587,4.0,1.0,,,False,MEDIUM,4.0,True,Aston Martin,1,21.0,True,3,Japanese Grand Prix,True,C2,True,3.281,3.443,6.155,6.659,2.111,2.188,98.774
0 days 01:12:06.809000,STR,18,98.426,5.0,1.0,,,False,MEDIUM,5.0,True,Aston Martin,1,21.0,True,3,Japanese Grand Prix,True,C2,True,3.12,3.274,5.994,6.485,1.76,1.821,98.675
0 days 01:13:45.426000,STR,18,98.617,6.0,1.0,,,False,MEDIUM,6.0,True,Aston Martin,1,21.0,True,3,Japanese Grand Prix,True,C2,True,3.311,3.474,6.185,6.691,1.707,1.761,98.928
0 days 01:15:23.888000,STR,18,98.462,7.0,1.0,,,False,MEDIUM,7.0,True,Aston Martin,1,21.0,True,3,Japanese Grand Prix,True,C2,True,3.156,3.311,6.03,6.524,2.07,2.147,98.836
0 days 01:17:01.571000,STR,18,97.683,8.0,1.0,,,True,MEDIUM,8.0,True,Aston Martin,1,20.0,True,3,Japanese Grand Prix,True,C2,True,2.377,2.494,5.251,5.681,1.436,1.492,98.119
0 days 01:18:39.770000,STR,18,98.199,9.0,1.0,,,False,MEDIUM,9.0,True,Aston Martin,1,20.0,True,3,Japanese Grand Prix,True,C2,True,2.893,3.035,5.767,6.239,1.825,1.894,98.697
0 days 01:20:18.063000,STR,18,98.293,10.0,1.0,,,False,MEDIUM,10.0,True,Aston Martin,1,20.0,True,3,Japanese Grand Prix,True,C2,True,2.987,3.134,5.861,6.341,1.833,1.9,98.853
0 days 01:21:56.114000,STR,18,98.051,11.0,1.0,,,False,MEDIUM,11.0,True,Aston Martin,1,20.0,True,3,Japanese Grand Prix,True,C2,True,2.745,2.88,5.619,6.079,1.531,1.586,98.674
0 days 01:23:34.736000,STR,18,98.622,12.0,1.0,,,False,MEDIUM,12.0,True,Aston Martin,1,20.0,True,3,Japanese Grand Prix,True,C2,True,3.316,3.479,6.19,6.697,1.632,1.683,99.307
0 days 01:25:13.190000,STR,18,98.454,13.0,1.0,,,False,MEDIUM,13.0,True,Aston Martin,1,20.0,True,3,Japanese Grand Prix,True,C2,True,3.148,3.303,6.022,6.515,1.708,1.765,99.201
0 days 01:26:51.377000,STR,18,98.187,14.0,1.0,,,False,MEDIUM,14.0,True,Aston Martin,1,20.0,True,3,Japanese Grand Prix,True,C2,True,2.881,3.023,5.755,6.226,1.529,1.582,98.996
0 days 01:28:30.230000,STR,18,98.853,15.0,1.0,,,False,MEDIUM,15.0,True,Aston Martin,1,20.0,True,3,Japanese Grand Prix,True,C2,True,3.547,3.722,6.421,6.947,2.237,2.315,99.725
0 days 01:30:08.657000,STR,18,98.427,16.0,1.0,,,False,MEDIUM,16.0,True,Aston Martin,1,20.0,True,3,Japanese Grand Prix,True,C2,True,3.121,3.275,5.995,6.486,1.687,1.744,99.361
0 days 01:31:47.233000,STR,18,98.576,17.0,1.0,,,False,MEDIUM,17.0,True,Aston Martin,1,20.0,True,3,Japanese Grand Prix,True,C2,True,3.27,3.431,6.144,6.647,1.826,1.887,99.572
0 days 01:33:25.687000,STR,18,98.454,18.0,1.0,,,False,MEDIUM,18.0,True,Aston Martin,1,20.0,True,3,Japanese Grand Prix,True,C2,True,3.148,3.303,6.022,6.515,2.079,2.157,99.512
0 days 01:35:04.059000,STR,18,98.372,19.0,1.0,,,False,MEDIUM,19.0,True,Aston Martin,1,20.0,True,3,Japanese Grand Prix,True,C2,True,3.066,3.217,5.94,6.426,2.467,2.572,99.493
0 days 01:36:42.465000,STR,18,98.406,20.0,1.0,,,False,MEDIUM,20.0,True,Aston Martin,1,20.0,True,3,Japanese Grand Prix,True,C2,True,3.1,3.253,5.974,6.463,2.802,2.931,99.589
0 days 01:38:34.123000,STR,18,111.658,21.0,1.0,,0 days 01:38:32.830000,False,MEDIUM,21.0,True,Aston Martin,124,19.0,False,3,Japanese Grand Prix,True,C2,False,16.352,17.157,19.226,20.8,15.534,16.16,112.903
0 days 01:41:00.313000,STR,18,146.19,22.0,2.0,0 days 01:38:57.888000,,False,HARD,1.0,True,Aston Martin,4,19.0,False,3,Japanese Grand Prix,True,C1,False,50.884,53.39,53.758,58.16,20.508,16.317,147.498
0 days 01:42:45.854000,STR,18,105.541,23.0,2.0,,,False,HARD,2.0,True,Aston Martin,4,19.0,False,3,Japanese Grand Prix,True,C1,False,10.235,10.739,13.109,14.182,-22.447,-17.538,106.911
0 days 01:44:33.729000,STR,18,107.875,24.0,2.0,,0 days 01:44:32.401000,False,HARD,3.0,True,Aston Martin,4,19.0,False,3,Japanese Grand Prix,True,C1,False,12.569,13.188,15.443,16.707,-17.455,-13.927,109.307
0 days 01:47:00.142000,STR,18,146.413,25.0,3.0,0 days 01:44:55.943000,,False,MEDIUM,1.0,True,Aston Martin,4,19.0,False,3,Japanese Grand Prix,True,C2,False,51.107,53.624,53.981,58.401,12.622,9.434,147.907
0 days 01:49:28.185000,STR,18,148.043,26.0,3.0,,,False,MEDIUM,2.0,True,Aston Martin,4,19.0,False,3,Japanese Grand Prix,True,C2,False,52.737,55.334,55.611,60.164,0.947,0.644,149.6
0 days 01:51:39.031000,STR,18,130.846,27.0,3.0,,,False,MEDIUM,3.0,True,Aston Martin,41,19.0,False,3,Japanese Grand Prix,True,C2,False,35.54,37.29,38.414,41.559,-5.026,-3.699,132.465
0 days 01:53:16.546000,STR,18,97.515,28.0,3.0,,,True,MEDIUM,4.0,True,Aston Martin,1,19.0,True,3,Japanese Grand Prix,True,C2,True,2.209,2.318,5.083,5.499,1.139,1.182,99.196
0 days 01:54:53.763000,STR,18,97.217,29.0,3.0,,,True,MEDIUM,5.0,True,Aston Martin,1,19.0,True,3,Japanese Grand Prix,True,C2,True,1.911,2.005,4.785,5.177,1.167,1.215,98.96
0 days 01:56:34.394000,STR,18,100.631,30.0,3.0,,0 days 01:56:33.070000,False,MEDIUM,6.0,True,Aston Martin,1,20.0,False,3,Japanese Grand Prix,True,C2,False,5.325,5.587,8.199,8.87,5.453,5.729,102.437
0 days 01:05:30.189000,ALB,23,,1.0,1.0,,,False,MEDIUM,1.0,True,Williams,1,17.0,False,3,Japanese Grand Prix,True,C2,False,,,,,,,
0 days 01:07:07.607000,ALB,23,97.418,2.0,1.0,,,True,MEDIUM,2.0,True,Williams,1,17.0,True,3,Japanese Grand Prix,True,C2,True,2.112,2.216,4.986,5.394,0.576,0.595,97.48
0 days 01:08:45.071000,ALB,23,97.464,3.0,1.0,,,False,MEDIUM,3.0,True,Williams,1,17.0,True,3,Japanese Grand Prix,True,C2,True,2.158,2.264,5.032,5.444,0.684,0.707,97.589
0 days 01:10:23.147000,ALB,23,98.076,4.0,1.0,,,False,MEDIUM,4.0,True,Williams,1,18.0,True,3,Japanese Grand Prix,True,C2,True,2.77,2.906,5.644,6.106,1.6,1.658,98.263
0 days 01:11:59.943000,ALB,23,96.796,5.0,1.0,,,True,MEDIUM,5.0,True,Williams,1,18.0,True,3,Japanese Grand Prix,True,C2,True,1.49,1.563,4.364,4.721,0.13,0.134,97.045
0 days 01:13:37.250000,ALB,23,97.307,6.0,1.0,,,False,MEDIUM,6.0,True,Williams,1,18.0,True,3,Japanese Grand Prix,True,C2,True,2.001,2.1,4.875,5.274,0.397,0.41,97.618
0 days 01:15:14.795000,ALB,23,97.545,7.0,1.0,,,False,MEDIUM,7.0,True,Williams,1,18.0,True,3,Japanese Grand Prix,True,C2,True,2.239,2.349,5.113,5.532,1.153,1.196,97.919
0 days 01:16:52.232000,ALB,23,97.437,8.0,1.0,,,False,MEDIUM,8.0,True,Williams,1,18.0,True,3,Japanese Grand Prix,True,C2,True,2.131,2.236,5.005,5.415,1.19,1.236,97.873
0 days 01:18:29.444000,ALB,23,97.212,9.0,1.0,,,False,MEDIUM,9.0,True,Williams,1,18.0,True,3,Japanese Grand Prix,True,C2,True,1.906,2.0,4.78,5.171,0.838,0.87,97.71
0 days 01:20:06.679000,ALB,23,97.235,10.0,1.0,,,False,MEDIUM,10.0,True,Williams,1,18.0,True,3,Japanese Grand Prix,True,C2,True,1.929,2.024,4.803,5.196,0.775,0.803,97.795
0 days 01:21:43.707000,ALB,23,97.028,11.0,1.0,,,False,MEDIUM,11.0,True,Williams,1,18.0,True,3,Japanese Grand Prix,True,C2,True,1.722,1.807,4.596,4.972,0.508,0.526,97.651
0 days 01:23:20.765000,ALB,23,97.058,12.0,1.0,,,False,MEDIUM,12.0,True,Williams,1,18.0,True,3,Japanese Grand Prix,True,C2,True,1.752,1.838,4.626,5.005,0.068,0.07,97.743
0 days 01:24:57.498000,ALB,23,96.733,13.0,1.0,,,True,MEDIUM,13.0,True,Williams,1,18.0,True,3,Japanese Grand Prix,True,C2,True,1.427,1.497,4.301,4.653,-0.013,-0.013,97.48
0 days 01:26:34.644000,ALB,23,97.146,14.0,1.0,,,False,MEDIUM,14.0,True,Williams,1,18.0,True,3,Japanese Grand Prix,True,C2,True,1.84,1.931,4.714,5.1,0.488,0.505,97.955
0 days 01:28:11.592000,ALB,23,96.948,15.0,1.0,,,False,MEDIUM,15.0,True,Williams,1,18.0,True,3,Japanese Grand Prix,True,C2,True,1.642,1.723,4.516,4.886,0.332,0.344,97.82
0 days 01:29:48.471000,ALB,23,96.879,16.0,1.0,,,False,MEDIUM,16.0,True,Williams,1,18.0,True,3,Japanese Grand Prix,True,C2,True,1.573,1.65,4.447,4.811,0.139,0.144,97.813
0 days 01:31:25.251000,ALB,23,96.78,17.0,1.0,,,False,MEDIUM,17.0,True,Williams,1,17.0,True,3,Japanese Grand Prix,True,C2,True,1.474,1.547,4.348,4.704,0.03,0.031,97.776
0 days 01:33:02.243000,ALB,23,96.992,18.0,1.0,,,False,MEDIUM,18.0,True,Williams,1,16.0,True,3,Japanese Grand Prix,True,C2,True,1.686,1.769,4.56,4.933,0.617,0.64,98.05
0 days 01:34:38.835000,ALB,23,96.592,19.0,1.0,,,True,MEDIUM,19.0,True,Williams,1,15.0,True,3,Japanese Grand Prix,True,C2,True,1.286,1.349,4.16,4.501,0.687,0.716,97.713
0 days 01:36:15.647000,ALB,23,96.812,20.0,1.0,,,False,MEDIUM,20.0,True,Williams,1,13.0,True,3,Japanese Grand Prix,True,C2,True,1.506,1.58,4.38,4.739,1.208,1.264,97.995
0 days 01:37:52.064000,ALB,23,96.417,21.0,1.0,,,True,MEDIUM,21.0,True,Williams,12,13.0,True,3,Japanese Grand Prix,True,C2,False,1.111,1.166,3.985,4.311,0.293,0.305,97.662
0 days 01:40:03.711000,ALB,23,131.647,22.0,1.0,,0 days 01:40:02.425000,False,MEDIUM,22.0,True,Williams,24,13.0,False,3,Japanese Grand Prix,True,C2,False,36.341,38.131,39.215,42.426,5.965,4.746,132.955
0 days 01:42:28.919000,ALB,23,145.208,23.0,2.0,0 days 01:40:27.020000,,False,HARD,1.0,True,Williams,4,17.0,False,3,Japanese Grand Prix,True,C1,False,49.902,52.36,52.776,57.097,17.22,13.454,146.578
0 days 01:44:29.211000,ALB,23,120.292,24.0,2.0,,,False,HARD,2.0,True,Williams,4,17.0,False,3,Japanese Grand Prix,True,C1,False,24.986,26.217,27.86,30.141,-5.038,-4.02,121.724
0 days 01:46:57.876000,ALB,23,148.665,25.0,2.0,,,False,HARD,3.0,True,Williams,4,17.0,False,3,Japanese Grand Prix,True,C1,False,53.359,55.987,56.233,60.837,14.874,11.117,150.159
0 days 01:49:25.656000,ALB,23,147.78,26.0,2.0,,,False,HARD,4.0,True,Williams,4,17.0,False,3,Japanese Grand Prix,True,C1,False,52.474,55.058,55.348,59.88,0.684,0.465,149.337
0 days 01:51:38.025000,ALB,23,132.369,27.0,2.0,,,False,HARD,5.0,True,Williams,41,17.0,False,3,Japanese Grand Prix,True,C1,False,37.063,38.888,39.937,43.207,-3.503,-2.578,133.988
0 days 01:53:14.885000,ALB,23,96.86,28.0,2.0,,,False,HARD,6.0,True,Williams,1,17.0,True,3,Japanese Grand Prix,True,C1,True,1.554,1.631,4.428,4.791,0.484,0.502,98.541
0 days 01:54:50.977000,ALB,23,96.092,29.0,2.0,,,True,HARD,7.0,True,Williams,1,17.0,True,3,Japanese Grand Prix,True,C1,True,0.786,0.825,3.66,3.96,0.042,0.044,97.835
0 days 01:56:27.739000,ALB,23,96.762,30.0,2.0,,,False,HARD,8.0,True,Williams,1,17.0,True,3,Japanese Grand Prix,True,C1,True,1.456,1.528,4.33,4.685,1.584,1.664,98.568
0 days 01:58:03.459000,ALB,23,95.72,31.0,2.0,,,True,HARD,9.0,True,Williams,1,17.0,True,3,Japanese Grand Prix,True,C1,True,0.414,0.434,3.288,3.557,1.044,1.103,97.588
0 days 01:59:39.368000,ALB,23,95.909,32.0,2.0,,,False,HARD,10.0,True,Williams,1,17.0,True,3,Japanese Grand Prix,True,C1,True,0.603,0.633,3.477,3.762,1.124,1.186,97.839
0 days 02:01:15.135000,ALB,23,95.767,33.0,2.0,,,False,HARD,11.0,True,Williams,1,17.0,True,3,Japanese Grand Prix,True,C1,True,0.461,0.484,3.335,3.608,1.021,1.078,97.759
0 days 02:02:50.733000,ALB,23,95.598,34.0,2.0,,,True,HARD,12.0,True,Williams,1,17.0,True,3,Japanese Grand Prix,True,C1,True,0.292,0.306,3.166,3.425,0.786,0.829,97.653
0 days 02:04:25.940000,ALB,23,95.207,35.0,2.0,,,True,HARD,13.0,True,Williams,1,17.0,True,3,Japanese Grand Prix,True,C1,True,-0.099,-0.104,2.775,3.002,0.165,0.174,97.324
0 days 02:06:01.078000,ALB,23,95.138,36.0,2.0,,,True,HARD,14.0,True,Williams,1,17.0,True,3,Japanese Grand Prix,True,C1,True,-0.168,-0.176,2.706,2.928,0.489,0.517,97.317
0 days 02:07:36.542000,ALB,23,95.464,37.0,2.0,,,False,HARD,15.0,True,Williams,1,17.0,True,3,Japanese Grand Prix,True,C1,True,0.158,0.166,3.032,3.28,0.605,0.638,97.706
0 days 02:09:11.628000,ALB,23,95.086,38.0,2.0,,,True,HARD,16.0,True,Williams,1,17.0,True,3,Japanese Grand Prix,True,C1,True,-0.22,-0.231,2.654,2.871,0.596,0.631,97.39
0 days 02:10:46.664000,ALB,23,95.036,39.0,2.0,,,True,HARD,17.0,True,Williams,1,17.0,True,3,Japanese Grand Prix,True,C1,True,-0.27,-0.283,2.604,2.817,0.599,0.634,97.402
0 days 02:12:21.633000,ALB,23,94.969,40.0,2.0,,,True,HARD,18.0,True,Williams,1,17.0,True,3,Japanese Grand Prix,True,C1,True,-0.337,-0.354,2.537,2.745,0.707,0.75,97.397
0 days 02:13:56.606000,ALB,23,94.973,41.0,2.0,,,False,HARD,19.0,True,Williams,1,17.0,True,3,Japanese Grand Prix,True,C1,True,-0.333,-0.349,2.541,2.749,0.476,0.504,97.464
0 days 02:15:32.306000,ALB,23,95.7,42.0,2.0,,,False,HARD,20.0,True,Williams,1,17.0,True,3,Japanese Grand Prix,True,C1,True,0.394,0.413,3.268,3.536,0.918,0.969,98.253
0 days 02:17:07.501000,ALB,23,95.195,43.0,2.0,,,False,HARD,21.0,True,Williams,1,17.0,True,3,Japanese Grand Prix,True,C1,True,-0.111,-0.116,2.763,2.989,0.391,0.412,97.81
0 days 02:18:42.764000,ALB,23,95.263,44.0,2.0,,,False,HARD,22.0,True,Williams,1,17.0,True,3,Japanese Grand Prix,True,C1,True,-0.043,-0.045,2.831,3.063,0.65,0.687,97.94
0 days 02:20:20.368000,ALB,23,97.604,45.0,2.0,,0 days 02:20:19.074000,False,HARD,23.0,True,Williams,1,17.0,False,3,Japanese Grand Prix,True,C1,False,2.298,2.411,5.172,5.595,2.81,2.964,100.344
0 days 02:22:17.019000,ALB,23,116.651,46.0,3.0,0 days 02:20:42.087000,0 days 02:22:15.709000,False,SOFT,1.0,True,Williams,1,18.0,False,3,Japanese Grand Prix,True,C3,False,21.345,22.396,24.219,26.202,21.866,23.069,119.453
0 days 02:24:14.519000,ALB,23,117.5,47.0,4.0,0 days 02:22:39.712000,0 days 02:24:13.359000,False,SOFT,2.0,False,Williams,1,19.0,False,3,Japanese Grand Prix,True,C3,False,22.194,23.287,25.068,27.12,22.784,24.055,120.364
0 days 02:26:14.138000,ALB,23,119.619,48.0,5.0,0 days 02:24:39.312000,0 days 02:26:12.839000,False,SOFT,3.0,False,Williams,1,20.0,False,3,Japanese Grand Prix,True,C3,False,24.313,25.51,27.187,29.413,25.0,26.422,122.545
0 days 02:28:21.357000,ALB,23,127.219,49.0,6.0,0 days 02:26:45.557000,0 days 02:28:20.148000,False,SOFT,4.0,False,Williams,1,20.0,False,3,Japanese Grand Prix,True,C3,False,31.913,33.485,34.787,37.635,32.453,34.245,130.208
0 days 02:30:20.007000,ALB,23,118.65,50.0,7.0,0 days 02:28:44.321000,,False,MEDIUM,1.0,True,Williams,1,20.0,False,3,Japanese Grand Prix,True,C2,False,23.344,24.494,26.218,28.365,24.016,25.378,121.701
0 days 02:31:53.434000,ALB,23,93.427,51.0,7.0,,,True,MEDIUM,2.0,True,Williams,1,20.0,True,3,Japanese Grand Prix,True,C2,True,-1.879,-1.972,0.995,1.076,-0.909,-0.964,96.54
0 days 01:05:31.113000,HUL,27,,1.0,1.0,,,False,MEDIUM,1.0,True,Audi,1,19.0,False,3,Japanese Grand Prix,True,C2,False,,,,,,,
0 days 01:07:09.132000,HUL,27,98.019,2.0,1.0,,,True,MEDIUM,2.0,True,Audi,1,19.0,True,3,Japanese Grand Prix,True,C2,True,2.713,2.847,5.587,6.044,1.177,1.215,98.081
0 days 01:08:45.662000,HUL,27,96.53,3.0,1.0,,,True,MEDIUM,3.0,True,Audi,1,18.0,True,3,Japanese Grand Prix,True,C2,True,1.224,1.284,4.098,4.434,-0.25,-0.258,96.655
0 days 01:10:22.294000,HUL,27,96.632,4.0,1.0,,,False,MEDIUM,4.0,True,Audi,1,17.0,True,3,Japanese Grand Prix,True,C2,True,1.326,1.391,4.2,4.544,0.156,0.162,96.819
0 days 01:11:59.152000,HUL,27,96.858,5.0,1.0,,,False,MEDIUM,5.0,True,Audi,1,17.0,True,3,Japanese Grand Prix,True,C2,True,1.552,1.628,4.426,4.788,0.192,0.199,97.107
0 days 01:13:36.674000,HUL,27,97.522,6.0,1.0,,,False,MEDIUM,6.0,True,Audi,1,17.0,True,3,Japanese Grand Prix,True,C2,True,2.216,2.325,5.09,5.507,0.612,0.632,97.833
0 days 01:15:14.098000,HUL,27,97.424,7.0,1.0,,,False,MEDIUM,7.0,True,Audi,1,17.0,True,3,Japanese Grand Prix,True,C2,True,2.118,2.222,4.992,5.401,1.032,1.071,97.798
0 days 01:16:51.247000,HUL,27,97.149,8.0,1.0,,,False,MEDIUM,8.0,True,Audi,1,17.0,True,3,Japanese Grand Prix,True,C2,True,1.843,1.934,4.717,5.103,0.902,0.937,97.585
0 days 01:18:27.942000,HUL,27,96.695,9.0,1.0,,,False,MEDIUM,9.0,True,Audi,1,17.0,True,3,Japanese Grand Prix,True,C2,True,1.389,1.457,4.263,4.612,0.321,0.333,97.193
0 days 01:20:04.885000,HUL,27,96.943,10.0,1.0,,,False,MEDIUM,10.0,True,Audi,1,17.0,True,3,Japanese Grand Prix,True,C2,True,1.637,1.718,4.511,4.88,0.483,0.501,97.503
0 days 01:21:41.272000,HUL,27,96.387,11.0,1.0,,,True,MEDIUM,11.0,True,Audi,1,17.0,True,3,Japanese Grand Prix,True,C2,True,1.081,1.134,3.955,4.279,-0.133,-0.138,97.01
0 days 01:23:18.669000,HUL,27,97.397,12.0,1.0,,,False,MEDIUM,12.0,True,Audi,1,17.0,True,3,Japanese Grand Prix,True,C2,True,2.091,2.194,4.965,5.372,0.407,0.42,98.082
0 days 01:24:55.641000,HUL,27,96.972,13.0,1.0,,,False,MEDIUM,13.0,True,Audi,1,17.0,True,3,Japanese Grand Prix,True,C2,True,1.666,1.748,4.54,4.912,0.226,0.234,97.719
0 days 01:26:32.131000,HUL,27,96.49,14.0,1.0,,,False,MEDIUM,14.0,True,Audi,1,17.0,True,3,Japanese Grand Prix,True,C2,True,1.184,1.242,4.058,4.39,-0.168,-0.174,97.299
0 days 01:28:07.909000,HUL,27,95.778,15.0,1.0,,,True,MEDIUM,15.0,True,Audi,1,16.0,True,3,Japanese Grand Prix,True,C2,True,0.472,0.495,3.346,3.62,-0.838,-0.867,96.65
0 days 01:29:44.186000,HUL,27,96.277,16.0,1.0,,,False,MEDIUM,16.0,True,Audi,1,15.0,True,3,Japanese Grand Prix,True,C2,True,0.971,1.019,3.845,4.16,-0.463,-0.479,97.211
0 days 01:31:20.357000,HUL,27,96.171,17.0,1.0,,,False,MEDIUM,17.0,True,Audi,1,15.0,True,3,Japanese Grand Prix,True,C2,True,0.865,0.908,3.739,4.045,-0.579,-0.598,97.167
0 days 01:32:56.394000,HUL,27,96.037,18.0,1.0,,,False,MEDIUM,18.0,True,Audi,1,14.0,True,3,Japanese Grand Prix,True,C2,True,0.731,0.767,3.605,3.9,-0.338,-0.351,97.095
0 days 01:34:31.969000,HUL,27,95.575,19.0,1.0,,,True,MEDIUM,19.0,True,Audi,1,13.0,True,3,Japanese Grand Prix,True,C2,True,0.269,0.282,3.143,3.4,-0.33,-0.344,96.696
0 days 01:36:07.624000,HUL,27,95.655,20.0,1.0,,,False,MEDIUM,20.0,True,Audi,1,11.0,True,3,Japanese Grand Prix,True,C2,True,0.349,0.366,3.223,3.487,0.051,0.053,96.838
0 days 01:37:43.568000,HUL,27,95.944,21.0,1.0,,,False,MEDIUM,21.0,True,Audi,12,11.0,True,3,Japanese Grand Prix,True,C2,False,0.638,0.669,3.512,3.8,-0.18,-0.187,97.189
0 days 01:39:48.167000,HUL,27,124.599,22.0,1.0,,,False,MEDIUM,22.0,True,Audi,24,9.0,False,3,Japanese Grand Prix,True,C2,False,29.293,30.736,32.167,34.801,-1.083,-0.862,125.907
0 days 01:41:57.586000,HUL,27,129.419,23.0,1.0,,0 days 01:41:56.158000,False,MEDIUM,23.0,True,Audi,4,9.0,False,3,Japanese Grand Prix,True,C2,False,34.113,35.793,36.987,40.015,1.431,1.118,130.789
0 days 01:44:22.149000,HUL,27,144.563,24.0,2.0,0 days 01:42:20.192000,,False,HARD,1.0,True,Audi,4,12.0,False,3,Japanese Grand Prix,True,C1,False,49.257,51.683,52.131,56.399,19.233,15.346,145.995
0 days 01:46:52.610000,HUL,27,,25.0,2.0,,,False,HARD,2.0,True,Audi,4,12.0,False,3,Japanese Grand Prix,True,C1,False,,,,,,,
0 days 01:49:20.157000,HUL,27,147.547,26.0,2.0,,,False,HARD,3.0,True,Audi,4,12.0,False,3,Japanese Grand Prix,True,C1,False,52.241,54.814,55.115,59.628,0.451,0.307,149.104
0 days 01:51:35.854000,HUL,27,135.697,27.0,2.0,,,False,HARD,4.0,True,Audi,41,12.0,False,3,Japanese Grand Prix,True,C1,False,40.391,42.38,43.265,46.807,-0.175,-0.129,137.316
0 days 01:53:12.229000,HUL,27,96.375,28.0,2.0,,,False,HARD,5.0,True,Audi,1,12.0,True,3,Japanese Grand Prix,True,C1,True,1.069,1.122,3.943,4.266,-0.001,-0.001,98.056
0 days 01:54:49.049000,HUL,27,96.82,29.0,2.0,,,False,HARD,6.0,True,Audi,1,13.0,True,3,Japanese Grand Prix,True,C1,True,1.514,1.589,4.388,4.747,0.77,0.802,98.563
0 days 01:56:25.291000,HUL,27,96.242,30.0,2.0,,,False,HARD,7.0,True,Audi,1,14.0,True,3,Japanese Grand Prix,True,C1,True,0.936,0.982,3.81,4.122,1.064,1.118,98.048
0 days 01:57:59.928000,HUL,27,94.637,31.0,2.0,,,True,HARD,8.0,True,Audi,1,13.0,True,3,Japanese Grand Prix,True,C1,True,-0.669,-0.702,2.205,2.386,-0.039,-0.041,96.505
0 days 01:59:34.833000,HUL,27,94.905,32.0,2.0,,,False,HARD,9.0,True,Audi,1,13.0,True,3,Japanese Grand Prix,True,C1,True,-0.401,-0.421,2.473,2.675,0.12,0.127,96.835
0 days 02:01:09.653000,HUL,27,94.82,33.0,2.0,,,False,HARD,10.0,True,Audi,1,13.0,True,3,Japanese Grand Prix,True,C1,True,-0.486,-0.51,2.388,2.584,0.074,0.078,96.812
0 days 02:02:44.680000,HUL,27,95.027,34.0,2.0,,,False,HARD,11.0,True,Audi,1,13.0,True,3,Japanese Grand Prix,True,C1,True,-0.279,-0.293,2.595,2.807,0.215,0.227,97.082
0 days 02:04:20.227000,HUL,27,95.547,35.0,2.0,,,False,HARD,12.0,True,Audi,1,13.0,True,3,Japanese Grand Prix,True,C1,True,0.241,0.253,3.115,3.37,0.505,0.531,97.664
0 days 02:05:55.613000,HUL,27,95.386,36.0,2.0,,,False,HARD,13.0,True,Audi,1,13.0,True,3,Japanese Grand Prix,True,C1,True,0.08,0.084,2.954,3.196,0.737,0.779,97.565
0 days 02:07:30.631000,HUL,27,95.018,37.0,2.0,,,False,HARD,14.0,True,Audi,1,13.0,True,3,Japanese Grand Prix,True,C1,True,-0.288,-0.302,2.586,2.798,0.159,0.168,97.26
0 days 02:09:05.462000,HUL,27,94.831,38.0,2.0,,,False,HARD,15.0,True,Audi,1,12.0,True,3,Japanese Grand Prix,True,C1,True,-0.475,-0.498,2.399,2.595,0.341,0.361,97.135
0 days 02:10:39.684000,HUL,27,94.222,39.0,2.0,,,True,HARD,16.0,True,Audi,1,12.0,True,3,Japanese Grand Prix,True,C1,True,-1.084,-1.137,1.79,1.937,-0.215,-0.228,96.588
0 days 02:12:13.816000,HUL,27,94.132,40.0,2.0,,,True,HARD,17.0,True,Audi,1,12.0,True,3,Japanese Grand Prix,True,C1,True,-1.174,-1.232,1.7,1.839,-0.13,-0.138,96.56
0 days 02:13:47.827000,HUL,27,94.011,41.0,2.0,,,True,HARD,18.0,True,Audi,1,12.0,True,3,Japanese Grand Prix,True,C1,True,-1.295,-1.359,1.579,1.708,-0.486,-0.514,96.502
0 days 02:15:22.039000,HUL,27,94.212,42.0,2.0,,,False,HARD,19.0,True,Audi,1,12.0,True,3,Japanese Grand Prix,True,C1,True,-1.094,-1.148,1.78,1.926,-0.57,-0.601,96.765
0 days 02:16:56.207000,HUL,27,94.168,43.0,2.0,,,False,HARD,20.0,True,Audi,1,12.0,True,3,Japanese Grand Prix,True,C1,True,-1.138,-1.194,1.736,1.878,-0.636,-0.671,96.783
0 days 02:18:30.633000,HUL,27,94.426,44.0,2.0,,,False,HARD,21.0,True,Audi,1,12.0,True,3,Japanese Grand Prix,True,C1,True,-0.88,-0.923,1.994,2.157,-0.187,-0.198,97.103
0 days 02:20:06.311000,HUL,27,95.678,45.0,2.0,,,False,HARD,22.0,True,Audi,1,12.0,True,3,Japanese Grand Prix,True,C1,True,0.372,0.39,3.246,3.512,0.884,0.933,98.418
0 days 02:21:42.690000,HUL,27,96.379,46.0,2.0,,,False,HARD,23.0,True,Audi,1,12.0,True,3,Japanese Grand Prix,True,C1,True,1.073,1.126,3.947,4.27,1.594,1.682,99.181
0 days 02:23:16.422000,HUL,27,93.732,47.0,2.0,,,True,HARD,24.0,True,Audi,1,11.0,True,3,Japanese Grand Prix,True,C1,True,-1.574,-1.652,1.3,1.406,-0.984,-1.039,96.596
0 days 02:24:50.559000,HUL,27,94.137,48.0,2.0,,,False,HARD,25.0,True,Audi,1,11.0,True,3,Japanese Grand Prix,True,C1,True,-1.169,-1.227,1.705,1.845,-0.482,-0.509,97.063
0 days 02:26:24.730000,HUL,27,94.171,49.0,2.0,,,False,HARD,26.0,True,Audi,1,11.0,True,3,Japanese Grand Prix,True,C1,True,-1.135,-1.191,1.739,1.881,-0.595,-0.628,97.16
0 days 02:27:58.907000,HUL,27,94.177,50.0,2.0,,,False,HARD,27.0,True,Audi,1,11.0,True,3,Japanese Grand Prix,True,C1,True,-1.129,-1.185,1.745,1.888,-0.457,-0.483,97.228
0 days 02:29:33.008000,HUL,27,94.101,51.0,2.0,,,False,HARD,28.0,True,Audi,1,11.0,True,3,Japanese Grand Prix,True,C1,True,-1.205,-1.264,1.669,1.806,-0.235,-0.249,97.214
0 days 02:31:06.861000,HUL,27,93.853,52.0,2.0,,,False,HARD,29.0,True,Audi,1,11.0,True,3,Japanese Grand Prix,True,C1,True,-1.453,-1.525,1.421,1.537,-0.415,-0.44,97.028
0 days 02:32:40.657000,HUL,27,93.796,53.0,2.0,,,False,HARD,30.0,True,Audi,1,11.0,True,3,Japanese Grand Prix,True,C1,True,-1.51,-1.584,1.364,1.476,-0.267,-0.284,97.034
0 days 01:05:26.237000,VER,3,,1.0,1.0,,,False,MEDIUM,1.0,True,Red Bull Racing,1,10.0,False,3,Japanese Grand Prix,True,C2,False,,,,,,,
0 days 01:07:02.865000,VER,3,96.628,2.0,1.0,,,True,MEDIUM,2.0,True,Red Bull Racing,1,9.0,True,3,Japanese Grand Prix,True,C2,True,1.322,1.387,4.196,4.54,-0.214,-0.221,96.69
0 days 01:08:38.719000,VER,3,95.854,3.0,1.0,,,True,MEDIUM,3.0,True,Red Bull Racing,1,9.0,True,3,Japanese Grand Prix,True,C2,True,0.548,0.575,3.422,3.702,-0.926,-0.957,95.979
0 days 01:10:14.586000,VER,3,95.867,4.0,1.0,,,False,MEDIUM,4.0,True,Red Bull Racing,1,9.0,True,3,Japanese Grand Prix,True,C2,True,0.561,0.589,3.435,3.716,-0.609,-0.631,96.054
0 days 01:11:51.508000,VER,3,96.922,5.0,1.0,,,False,MEDIUM,5.0,True,Red Bull Racing,1,8.0,True,3,Japanese Grand Prix,True,C2,True,1.616,1.696,4.49,4.858,0.256,0.265,97.171
0 days 01:13:28.059000,VER,3,96.551,6.0,1.0,,,False,MEDIUM,6.0,True,Red Bull Racing,1,8.0,True,3,Japanese Grand Prix,True,C2,True,1.245,1.306,4.119,4.456,-0.359,-0.37,96.862
0 days 01:15:04.126000,VER,3,96.067,7.0,1.0,,,False,MEDIUM,7.0,True,Red Bull Racing,1,8.0,True,3,Japanese Grand Prix,True,C2,True,0.761,0.798,3.635,3.933,-0.325,-0.337,96.441
0 days 01:16:39.851000,VER,3,95.725,8.0,1.0,,,True,MEDIUM,8.0,True,Red Bull Racing,1,8.0,True,3,Japanese Grand Prix,True,C2,True,0.419,0.44,3.293,3.563,-0.522,-0.542,96.161
0 days 01:18:15.699000,VER,3,95.848,9.0,1.0,,,False,MEDIUM,9.0,True,Red Bull Racing,1,8.0,True,3,Japanese Grand Prix,True,C2,True,0.542,0.569,3.416,3.696,-0.526,-0.546,96.346
0 days 01:19:51.426000,VER,3,95.727,10.0,1.0,,,False,MEDIUM,10.0,True,Red Bull Racing,1,8.0,True,3,Japanese Grand Prix,True,C2,True,0.421,0.442,3.295,3.565,-0.733,-0.76,96.287
0 days 01:21:27.056000,VER,3,95.63,11.0,1.0,,,True,MEDIUM,11.0,True,Red Bull Racing,1,8.0,True,3,Japanese Grand Prix,True,C2,True,0.324,0.34,3.198,3.46,-0.89,-0.922,96.253
0 days 01:23:02.755000,VER,3,95.699,12.0,1.0,,,False,MEDIUM,12.0,True,Red Bull Racing,1,8.0,True,3,Japanese Grand Prix,True,C2,True,0.393,0.412,3.267,3.534,-1.291,-1.331,96.384
0 days 01:24:38.510000,VER,3,95.755,13.0,1.0,,,False,MEDIUM,13.0,True,Red Bull Racing,1,8.0,True,3,Japanese Grand Prix,True,C2,True,0.449,0.471,3.323,3.595,-0.991,-1.024,96.502
0 days 01:26:14.283000,VER,3,95.773,14.0,1.0,,,False,MEDIUM,14.0,True,Red Bull Racing,1,8.0,True,3,Japanese Grand Prix,True,C2,True,0.467,0.49,3.341,3.615,-0.885,-0.916,96.582
0 days 01:27:49.935000,VER,3,95.652,15.0,1.0,,,False,MEDIUM,15.0,True,Red Bull Racing,1,8.0,True,3,Japanese Grand Prix,True,C2,True,0.346,0.363,3.22,3.484,-0.964,-0.998,96.524
0 days 01:29:25.522000,VER,3,95.587,16.0,1.0,,,True,MEDIUM,16.0,True,Red Bull Racing,1,8.0,True,3,Japanese Grand Prix,True,C2,True,0.281,0.295,3.155,3.413,-1.153,-1.192,96.521
0 days 01:31:01.057000,VER,3,95.535,17.0,1.0,,,True,MEDIUM,17.0,True,Red Bull Racing,1,7.0,True,3,Japanese Grand Prix,True,C2,True,0.229,0.24,3.103,3.357,-1.215,-1.256,96.531
0 days 01:32:36.665000,VER,3,95.608,18.0,1.0,,,False,MEDIUM,18.0,True,Red Bull Racing,1,6.0,True,3,Japanese Grand Prix,True,C2,True,0.302,0.317,3.176,3.436,-0.767,-0.796,96.666
0 days 01:34:12.252000,VER,3,95.587,19.0,1.0,,,False,MEDIUM,19.0,True,Red Bull Racing,1,5.0,True,3,Japanese Grand Prix,True,C2,True,0.281,0.295,3.155,3.413,-0.318,-0.332,96.708
0 days 01:35:47.852000,VER,3,95.6,20.0,1.0,,,False,MEDIUM,20.0,True,Red Bull Racing,1,5.0,True,3,Japanese Grand Prix,True,C2,True,0.294,0.308,3.168,3.427,-0.004,-0.004,96.783
0 days 01:37:23.976000,VER,3,96.124,21.0,1.0,,,False,MEDIUM,21.0,True,Red Bull Racing,1,6.0,True,3,Japanese Grand Prix,True,C2,True,0.818,0.858,3.692,3.994,0.0,0.0,97.369
0 days 01:39:25.732000,VER,3,121.756,22.0,1.0,,0 days 01:39:24.380000,False,MEDIUM,22.0,True,Red Bull Racing,124,6.0,False,3,Japanese Grand Prix,True,C2,False,26.45,27.753,29.324,31.725,-3.926,-3.124,123.064
0 days 01:41:51.294000,VER,3,145.562,23.0,2.0,0 days 01:39:48.789000,,False,HARD,1.0,True,Red Bull Racing,4,8.0,False,3,Japanese Grand Prix,True,C1,False,50.256,52.731,53.13,57.48,17.574,13.731,146.932
0 days 01:44:17.307000,VER,3,146.013,24.0,2.0,,,False,HARD,2.0,True,Red Bull Racing,4,8.0,False,3,Japanese Grand Prix,True,C1,False,50.707,53.204,53.581,57.968,20.683,16.503,147.445
0 days 01:46:47.348000,VER,3,,25.0,2.0,,,False,HARD,3.0,True,Red Bull Racing,4,8.0,False,3,Japanese Grand Prix,True,C1,False,,,,,,,
0 days 01:49:14.605000,VER,3,147.257,26.0,2.0,,,False,HARD,4.0,True,Red Bull Racing,4,8.0,False,3,Japanese Grand Prix,True,C1,False,51.951,54.51,54.825,59.314,0.161,0.109,148.814
0 days 01:51:33.829000,VER,3,139.224,27.0,2.0,,,False,HARD,5.0,True,Red Bull Racing,41,8.0,False,3,Japanese Grand Prix,True,C1,False,43.918,46.081,46.792,50.623,3.352,2.467,140.843
0 days 01:53:09.840000,VER,3,96.011,28.0,2.0,,,False,HARD,6.0,True,Red Bull Racing,1,8.0,True,3,Japanese Grand Prix,True,C1,True,0.705,0.74,3.579,3.872,-0.365,-0.379,97.692
0 days 01:54:43.981000,VER,3,94.141,29.0,2.0,,,True,HARD,7.0,True,Red Bull Racing,1,8.0,True,3,Japanese Grand Prix,True,C1,True,-1.165,-1.222,1.709,1.849,-1.909,-1.988,95.884
0 days 01:56:18.733000,VER,3,94.752,30.0,2.0,,,False,HARD,8.0,True,Red Bull Racing,1,8.0,True,3,Japanese Grand Prix,True,C1,True,-0.554,-0.581,2.32,2.51,-0.426,-0.448,96.558
0 days 01:57:53.028000,VER,3,94.295,31.0,2.0,,,False,HARD,9.0,True,Red Bull Racing,1,8.0,True,3,Japanese Grand Prix,True,C1,True,-1.011,-1.061,1.863,2.016,-0.381,-0.402,96.163
0 days 01:59:27.156000,VER,3,94.128,32.0,2.0,,,True,HARD,10.0,True,Red Bull Racing,1,8.0,True,3,Japanese Grand Prix,True,C1,True,-1.178,-1.236,1.696,1.835,-0.657,-0.693,96.058
0 days 02:01:01.081000,VER,3,93.925,33.0,2.0,,,True,HARD,11.0,True,Red Bull Racing,1,8.0,True,3,Japanese Grand Prix,True,C1,True,-1.381,-1.449,1.493,1.615,-0.821,-0.867,95.917
0 days 02:02:34.922000,VER,3,93.841,34.0,2.0,,,True,HARD,12.0,True,Red Bull Racing,1,8.0,True,3,Japanese Grand Prix,True,C1,True,-1.465,-1.537,1.409,1.524,-0.971,-1.024,95.896
0 days 02:04:08.783000,VER,3,93.861,35.0,2.0,,,False,HARD,13.0,True,Red Bull Racing,1,8.0,True,3,Japanese Grand Prix,True,C1,True,-1.445,-1.516,1.429,1.546,-1.181,-1.243,95.978
0 days 02:05:42.753000,VER,3,93.97,36.0,2.0,,,False,HARD,14.0,True,Red Bull Racing,1,8.0,True,3,Japanese Grand Prix,True,C1,True,-1.336,-1.402,1.538,1.664,-0.679,-0.717,96.149
0 days 02:07:16.605000,VER,3,93.852,37.0,2.0,,,False,HARD,15.0,True,Red Bull Racing,1,8.0,True,3,Japanese Grand Prix,True,C1,True,-1.454,-1.526,1.42,1.536,-1.007,-1.062,96.094
0 days 02:08:50.657000,VER,3,94.052,38.0,2.0,,,False,HARD,16.0,True,Red Bull Racing,1,8.0,True,3,Japanese Grand Prix,True,C1,True,-1.254,-1.316,1.62,1.753,-0.438,-0.464,96.356
0 days 02:10:24.796000,VER,3,94.139,39.0,2.0,,,False,HARD,17.0,True,Red Bull Racing,1,8.0,True,3,Japanese Grand Prix,True,C1,True,-1.167,-1.224,1.707,1.847,-0.298,-0.316,96.505
0 days 02:11:58.784000,VER,3,93.988,40.0,2.0,,,False,HARD,18.0,True,Red Bull Racing,1,8.0,True,3,Japanese Grand Prix,True,C1,True,-1.318,-1.383,1.556,1.683,-0.274,-0.291,96.416
0 days 02:13:32.336000,VER,3,93.552,41.0,2.0,,,True,HARD,19.0,True,Red Bull Racing,1,8.0,True,3,Japanese Grand Prix,True,C1,True,-1.754,-1.84,1.12,1.212,-0.945,-1.0,96.043
0 days 02:15:06.042000,VER,3,93.706,42.0,2.0,,,False,HARD,20.0,True,Red Bull Racing,1,8.0,True,3,Japanese Grand Prix,True,C1,True,-1.6,-1.679,1.274,1.378,-1.076,-1.135,96.259
0 days 02:16:40.189000,VER,3,94.147,43.0,2.0,,,False,HARD,21.0,True,Red Bull Racing,1,8.0,True,3,Japanese Grand Prix,True,C1,True,-1.159,-1.216,1.715,1.855,-0.657,-0.693,96.762
0 days 02:18:14.404000,VER,3,94.215,44.0,2.0,,,False,HARD,22.0,True,Red Bull Racing,1,8.0,True,3,Japanese Grand Prix,True,C1,True,-1.091,-1.145,1.783,1.929,-0.398,-0.421,96.892
0 days 02:19:48.750000,VER,3,94.346,45.0,2.0,,,False,HARD,23.0,True,Red Bull Racing,1,8.0,True,3,Japanese Grand Prix,True,C1,True,-0.96,-1.007,1.914,2.071,-0.448,-0.473,97.086
0 days 02:21:22.661000,VER,3,93.911,46.0,2.0,,,False,HARD,24.0,True,Red Bull Racing,1,8.0,True,3,Japanese Grand Prix,True,C1,True,-1.395,-1.464,1.479,1.6,-0.874,-0.922,96.713
0 days 02:22:56.547000,VER,3,93.886,47.0,2.0,,,False,HARD,25.0,True,Red Bull Racing,1,8.0,True,3,Japanese Grand Prix,True,C1,True,-1.42,-1.49,1.454,1.573,-0.83,-0.876,96.75
0 days 02:24:30.251000,VER,3,93.704,48.0,2.0,,,False,HARD,26.0,True,Red Bull Racing,1,7.0,True,3,Japanese Grand Prix,True,C1,True,-1.602,-1.681,1.272,1.376,-0.915,-0.967,96.63
0 days 02:26:05.294000,VER,3,95.043,49.0,2.0,,,False,HARD,27.0,True,Red Bull Racing,1,8.0,True,3,Japanese Grand Prix,True,C1,True,-0.263,-0.276,2.611,2.825,0.277,0.292,98.032
0 days 02:27:39.215000,VER,3,93.921,50.0,2.0,,,False,HARD,28.0,True,Red Bull Racing,1,8.0,True,3,Japanese Grand Prix,True,C1,True,-1.385,-1.453,1.489,1.611,-0.713,-0.753,96.972
0 days 02:29:13.060000,VER,3,93.845,51.0,2.0,,,False,HARD,29.0,True,Red Bull Racing,1,8.0,True,3,Japanese Grand Prix,True,C1,True,-1.461,-1.533,1.413,1.529,-0.491,-0.52,96.958
0 days 02:30:47.033000,VER,3,93.973,52.0,2.0,,,False,HARD,30.0,True,Red Bull Racing,1,8.0,True,3,Japanese Grand Prix,True,C1,True,-1.333,-1.399,1.541,1.667,-0.295,-0.313,97.148
0 days 02:32:21.040000,VER,3,94.007,53.0,2.0,,,False,HARD,31.0,True,Red Bull Racing,1,8.0,True,3,Japanese Grand Prix,True,C1,True,-1.299,-1.363,1.575,1.704,-0.056,-0.06,97.245
0 days 01:05:27.462000,LAW,30,,1.0,1.0,,,False,MEDIUM,1.0,True,Racing Bulls,1,12.0,False,3,Japanese Grand Prix,True,C2,False,,,,,,,
0 days 01:07:04.491000,LAW,30,97.029,2.0,1.0,,,True,MEDIUM,2.0,True,Racing Bulls,1,12.0,True,3,Japanese Grand Prix,True,C2,True,1.723,1.808,4.597,4.973,0.187,0.193,97.091
0 days 01:08:41.521000,LAW,30,97.03,3.0,1.0,,,False,MEDIUM,3.0,True,Racing Bulls,1,12.0,True,3,Japanese Grand Prix,True,C2,True,1.724,1.809,4.598,4.974,0.25,0.258,97.155
0 days 01:10:18.043000,LAW,30,96.522,4.0,1.0,,,True,MEDIUM,4.0,True,Racing Bulls,1,12.0,True,3,Japanese Grand Prix,True,C2,True,1.216,1.276,4.09,4.425,0.046,0.048,96.709
0 days 01:11:54.423000,LAW,30,96.38,5.0,1.0,,,True,MEDIUM,5.0,True,Racing Bulls,1,12.0,True,3,Japanese Grand Prix,True,C2,True,1.074,1.127,3.948,4.271,-0.286,-0.296,96.629
0 days 01:13:31.629000,LAW,30,97.206,6.0,1.0,,,False,MEDIUM,6.0,True,Racing Bulls,1,12.0,True,3,Japanese Grand Prix,True,C2,True,1.9,1.994,4.774,5.165,0.296,0.305,97.517
0 days 01:15:08.201000,LAW,30,96.572,7.0,1.0,,,False,MEDIUM,7.0,True,Racing Bulls,1,12.0,True,3,Japanese Grand Prix,True,C2,True,1.266,1.328,4.14,4.479,0.18,0.187,96.946
0 days 01:16:44.633000,LAW,30,96.432,8.0,1.0,,,False,MEDIUM,8.0,True,Racing Bulls,1,12.0,True,3,Japanese Grand Prix,True,C2,True,1.126,1.181,4.0,4.328,0.185,0.192,96.868
0 days 01:18:21.262000,LAW,30,96.629,9.0,1.0,,,False,MEDIUM,9.0,True,Racing Bulls,1,12.0,True,3,Japanese Grand Prix,True,C2,True,1.323,1.388,4.197,4.541,0.255,0.265,97.127
0 days 01:19:57.880000,LAW,30,96.618,10.0,1.0,,,False,MEDIUM,10.0,True,Racing Bulls,1,12.0,True,3,Japanese Grand Prix,True,C2,True,1.312,1.377,4.186,4.529,0.158,0.164,97.178
0 days 01:21:34.430000,LAW,30,96.55,11.0,1.0,,,False,MEDIUM,11.0,True,Racing Bulls,1,12.0,True,3,Japanese Grand Prix,True,C2,True,1.244,1.305,4.118,4.455,0.03,0.031,97.173
0 days 01:23:11.688000,LAW,30,97.258,12.0,1.0,,,False,MEDIUM,12.0,True,Racing Bulls,1,12.0,True,3,Japanese Grand Prix,True,C2,True,1.952,2.048,4.826,5.221,0.268,0.276,97.943
0 days 01:24:48.737000,LAW,30,97.049,13.0,1.0,,,False,MEDIUM,13.0,True,Racing Bulls,1,12.0,True,3,Japanese Grand Prix,True,C2,True,1.743,1.829,4.617,4.995,0.303,0.313,97.796
0 days 01:26:25.750000,LAW,30,97.013,14.0,1.0,,,False,MEDIUM,14.0,True,Racing Bulls,1,12.0,False,3,Japanese Grand Prix,True,C2,False,1.707,1.791,4.581,4.956,0.355,0.367,97.822
0 days 01:28:02.476000,LAW,30,96.726,15.0,1.0,,,False,MEDIUM,15.0,True,Racing Bulls,1,12.0,True,3,Japanese Grand Prix,True,C2,True,1.42,1.49,4.294,4.646,0.11,0.114,97.598
0 days 01:29:39.298000,LAW,30,96.822,16.0,1.0,,,False,MEDIUM,16.0,True,Racing Bulls,1,12.0,True,3,Japanese Grand Prix,True,C2,True,1.516,1.591,4.39,4.749,0.082,0.085,97.756
0 days 01:31:16.018000,LAW,30,96.72,17.0,1.0,,,False,MEDIUM,17.0,True,Racing Bulls,1,12.0,True,3,Japanese Grand Prix,True,C2,True,1.414,1.484,4.288,4.639,-0.03,-0.031,97.716
0 days 01:32:52.622000,LAW,30,96.604,18.0,1.0,,,False,MEDIUM,18.0,True,Racing Bulls,1,11.0,True,3,Japanese Grand Prix,True,C2,True,1.298,1.362,4.172,4.514,0.229,0.238,97.662
0 days 01:34:29.338000,LAW,30,96.716,19.0,1.0,,,False,MEDIUM,19.0,True,Racing Bulls,1,11.0,True,3,Japanese Grand Prix,True,C2,True,1.41,1.479,4.284,4.635,0.811,0.846,97.837
0 days 01:36:05.780000,LAW,30,96.442,20.0,1.0,,,False,MEDIUM,20.0,True,Racing Bulls,1,9.0,True,3,Japanese Grand Prix,True,C2,True,1.136,1.192,4.01,4.338,0.838,0.877,97.625
0 days 01:37:41.960000,LAW,30,96.18,21.0,1.0,,,True,MEDIUM,21.0,True,Racing Bulls,12,9.0,True,3,Japanese Grand Prix,True,C2,False,0.874,0.917,3.748,4.055,0.056,0.058,97.425
0 days 01:39:48.274000,LAW,30,126.314,22.0,1.0,,0 days 01:39:46.870000,False,MEDIUM,22.0,True,Racing Bulls,24,10.0,False,3,Japanese Grand Prix,True,C2,False,31.008,32.535,33.882,36.656,0.632,0.503,127.622
0 days 01:42:13.250000,LAW,30,144.976,23.0,2.0,0 days 01:40:11.137000,,False,HARD,1.0,True,Racing Bulls,4,10.0,False,3,Japanese Grand Prix,True,C1,False,49.67,52.116,52.544,56.846,16.988,13.273,146.346
0 days 01:44:18.746000,LAW,30,125.496,24.0,2.0,,,False,HARD,2.0,True,Racing Bulls,4,9.0,False,3,Japanese Grand Prix,True,C1,False,30.19,31.677,33.064,35.771,0.166,0.132,126.928
0 days 01:46:48.954000,LAW,30,,25.0,2.0,,,False,HARD,3.0,True,Racing Bulls,4,9.0,False,3,Japanese Grand Prix,True,C1,False,,,,,,,
0 days 01:49:16.050000,LAW,30,147.096,26.0,2.0,,,False,HARD,4.0,True,Racing Bulls,4,9.0,False,3,Japanese Grand Prix,True,C1,False,51.79,54.341,54.664,59.14,0.0,0.0,148.653
0 days 01:51:34.097000,LAW,30,138.047,27.0,2.0,,,False,HARD,5.0,True,Racing Bulls,41,9.0,False,3,Japanese Grand Prix,True,C1,False,42.741,44.846,45.615,49.35,2.175,1.601,139.666
0 days 01:53:10.473000,LAW,30,96.376,28.0,2.0,,,False,HARD,6.0,True,Racing Bulls,1,9.0,True,3,Japanese Grand Prix,True,C1,True,1.07,1.123,3.944,4.267,0.0,0.0,98.057
0 days 01:54:45.398000,LAW,30,94.925,29.0,2.0,,,True,HARD,7.0,True,Racing Bulls,1,9.0,True,3,Japanese Grand Prix,True,C1,True,-0.381,-0.4,2.493,2.697,-1.125,-1.171,96.668
0 days 01:56:20.258000,LAW,30,94.86,30.0,2.0,,,True,HARD,8.0,True,Racing Bulls,1,9.0,True,3,Japanese Grand Prix,True,C1,True,-0.446,-0.468,2.428,2.627,-0.318,-0.334,96.666
0 days 01:57:54.974000,LAW,30,94.716,31.0,2.0,,,True,HARD,9.0,True,Racing Bulls,1,9.0,True,3,Japanese Grand Prix,True,C1,True,-0.59,-0.619,2.284,2.471,0.04,0.042,96.584
0 days 01:59:29.621000,LAW,30,94.647,32.0,2.0,,,True,HARD,10.0,True,Racing Bulls,1,9.0,True,3,Japanese Grand Prix,True,C1,True,-0.659,-0.691,2.215,2.396,-0.138,-0.146,96.577
0 days 02:01:04.394000,LAW,30,94.773,33.0,2.0,,,False,HARD,11.0,True,Racing Bulls,1,9.0,True,3,Japanese Grand Prix,True,C1,True,-0.533,-0.559,2.341,2.533,0.027,0.028,96.765
0 days 02:02:39.244000,LAW,30,94.85,34.0,2.0,,,False,HARD,12.0,True,Racing Bulls,1,9.0,True,3,Japanese Grand Prix,True,C1,True,-0.456,-0.478,2.418,2.616,0.038,0.04,96.905
0 days 02:04:14.243000,LAW,30,94.999,35.0,2.0,,,False,HARD,13.0,True,Racing Bulls,1,9.0,True,3,Japanese Grand Prix,True,C1,True,-0.307,-0.322,2.567,2.777,-0.043,-0.045,97.116
0 days 02:05:48.824000,LAW,30,94.581,36.0,2.0,,,True,HARD,14.0,True,Racing Bulls,1,9.0,True,3,Japanese Grand Prix,True,C1,True,-0.725,-0.761,2.149,2.325,-0.068,-0.072,96.76
0 days 02:07:23.762000,LAW,30,94.938,37.0,2.0,,,False,HARD,15.0,True,Racing Bulls,1,9.0,True,3,Japanese Grand Prix,True,C1,True,-0.368,-0.386,2.506,2.711,0.079,0.083,97.18
0 days 02:08:58.198000,LAW,30,94.436,38.0,2.0,,,True,HARD,16.0,True,Racing Bulls,1,9.0,True,3,Japanese Grand Prix,True,C1,True,-0.87,-0.913,2.004,2.168,-0.054,-0.057,96.74
0 days 02:10:32.724000,LAW,30,94.526,39.0,2.0,,,False,HARD,17.0,True,Racing Bulls,1,9.0,True,3,Japanese Grand Prix,True,C1,True,-0.78,-0.818,2.094,2.265,0.089,0.094,96.892
0 days 02:12:07.603000,LAW,30,94.879,40.0,2.0,,,False,HARD,18.0,True,Racing Bulls,1,9.0,True,3,Japanese Grand Prix,True,C1,True,-0.427,-0.448,2.447,2.647,0.617,0.655,97.307
0 days 02:13:42.399000,LAW,30,94.796,41.0,2.0,,,False,HARD,19.0,True,Racing Bulls,1,9.0,True,3,Japanese Grand Prix,True,C1,True,-0.51,-0.535,2.364,2.558,0.299,0.316,97.287
0 days 02:15:17.325000,LAW,30,94.926,42.0,2.0,,,False,HARD,20.0,True,Racing Bulls,1,9.0,True,3,Japanese Grand Prix,True,C1,True,-0.38,-0.399,2.494,2.698,0.144,0.152,97.479
0 days 02:16:52.195000,LAW,30,94.87,43.0,2.0,,,False,HARD,21.0,True,Racing Bulls,1,9.0,True,3,Japanese Grand Prix,True,C1,True,-0.436,-0.457,2.438,2.638,0.066,0.07,97.485
0 days 02:18:27.077000,LAW,30,94.882,44.0,2.0,,,False,HARD,22.0,True,Racing Bulls,1,9.0,True,3,Japanese Grand Prix,True,C1,True,-0.424,-0.445,2.45,2.651,0.269,0.284,97.559
0 days 02:20:01.871000,LAW,30,94.794,45.0,2.0,,,False,HARD,23.0,True,Racing Bulls,1,9.0,True,3,Japanese Grand Prix,True,C1,True,-0.512,-0.537,2.362,2.555,0.0,0.0,97.534
0 days 02:21:36.698000,LAW,30,94.827,46.0,2.0,,,False,HARD,24.0,True,Racing Bulls,1,9.0,True,3,Japanese Grand Prix,True,C1,True,-0.479,-0.503,2.395,2.591,0.042,0.044,97.629
0 days 02:23:11.653000,LAW,30,94.955,47.0,2.0,,,False,HARD,25.0,True,Racing Bulls,1,9.0,True,3,Japanese Grand Prix,True,C1,True,-0.351,-0.368,2.523,2.73,0.239,0.252,97.819
0 days 02:24:46.321000,LAW,30,94.668,48.0,2.0,,,False,HARD,26.0,True,Racing Bulls,1,9.0,True,3,Japanese Grand Prix,True,C1,True,-0.638,-0.669,2.236,2.419,0.049,0.052,97.594
0 days 02:26:21.022000,LAW,30,94.701,49.0,2.0,,,False,HARD,27.0,True,Racing Bulls,1,9.0,True,3,Japanese Grand Prix,True,C1,True,-0.605,-0.635,2.269,2.455,-0.065,-0.069,97.69
0 days 02:27:55.656000,LAW,30,94.634,50.0,2.0,,,False,HARD,28.0,True,Racing Bulls,1,9.0,True,3,Japanese Grand Prix,True,C1,True,-0.672,-0.705,2.202,2.382,0.0,0.0,97.685
0 days 02:29:29.997000,LAW,30,94.341,51.0,2.0,,,True,HARD,29.0,True,Racing Bulls,1,9.0,True,3,Japanese Grand Prix,True,C1,True,-0.965,-1.013,1.909,2.065,0.005,0.005,97.454
0 days 02:31:04.292000,LAW,30,94.295,52.0,2.0,,,True,HARD,30.0,True,Racing Bulls,1,9.0,True,3,Japanese Grand Prix,True,C1,True,-1.011,-1.061,1.863,2.016,0.027,0.029,97.47
0 days 02:32:38.522000,LAW,30,94.23,53.0,2.0,,,True,HARD,31.0,True,Racing Bulls,1,9.0,True,3,Japanese Grand Prix,True,C1,True,-1.076,-1.129,1.798,1.945,0.167,0.178,97.468
0 days 01:05:26.877000,OCO,31,,1.0,1.0,,,False,MEDIUM,1.0,True,Haas F1 Team,1,11.0,False,3,Japanese Grand Prix,True,C2,False,,,,,,,
0 days 01:07:03.531000,OCO,31,96.654,2.0,1.0,,,True,MEDIUM,2.0,True,Haas F1 Team,1,11.0,True,3,Japanese Grand Prix,True,C2,True,1.348,1.414,4.222,4.568,-0.188,-0.194,96.716
0 days 01:08:39.625000,OCO,31,96.094,3.0,1.0,,,True,MEDIUM,3.0,True,Haas F1 Team,1,10.0,True,3,Japanese Grand Prix,True,C2,True,0.788,0.827,3.662,3.962,-0.686,-0.709,96.219
0 days 01:10:15.581000,OCO,31,95.956,4.0,1.0,,,True,MEDIUM,4.0,True,Haas F1 Team,1,10.0,True,3,Japanese Grand Prix,True,C2,True,0.65,0.682,3.524,3.813,-0.52,-0.539,96.143
0 days 01:11:52.327000,OCO,31,96.746,5.0,1.0,,,False,MEDIUM,5.0,True,Haas F1 Team,1,10.0,True,3,Japanese Grand Prix,True,C2,True,1.44,1.511,4.314,4.667,0.08,0.083,96.995
0 days 01:13:28.877000,OCO,31,96.55,6.0,1.0,,,False,MEDIUM,6.0,True,Haas F1 Team,1,9.0,True,3,Japanese Grand Prix,True,C2,True,1.244,1.305,4.118,4.455,-0.36,-0.371,96.861
0 days 01:15:05.165000,OCO,31,96.288,7.0,1.0,,,False,MEDIUM,7.0,True,Haas F1 Team,1,9.0,True,3,Japanese Grand Prix,True,C2,True,0.982,1.03,3.856,4.172,-0.104,-0.108,96.662
0 days 01:16:40.987000,OCO,31,95.822,8.0,1.0,,,True,MEDIUM,8.0,True,Haas F1 Team,1,9.0,True,3,Japanese Grand Prix,True,C2,True,0.516,0.541,3.39,3.668,-0.425,-0.442,96.258
0 days 01:18:17.344000,OCO,31,96.357,9.0,1.0,,,False,MEDIUM,9.0,True,Haas F1 Team,1,9.0,True,3,Japanese Grand Prix,True,C2,True,1.051,1.103,3.925,4.246,-0.017,-0.018,96.855
0 days 01:19:53.774000,OCO,31,96.43,10.0,1.0,,,False,MEDIUM,10.0,True,Haas F1 Team,1,9.0,True,3,Japanese Grand Prix,True,C2,True,1.124,1.179,3.998,4.325,-0.03,-0.031,96.99
0 days 01:21:30.250000,OCO,31,96.476,11.0,1.0,,,False,MEDIUM,11.0,True,Haas F1 Team,1,9.0,True,3,Japanese Grand Prix,True,C2,True,1.17,1.228,4.044,4.375,-0.044,-0.046,97.099
0 days 01:23:06.843000,OCO,31,96.593,12.0,1.0,,,False,MEDIUM,12.0,True,Haas F1 Team,1,9.0,True,3,Japanese Grand Prix,True,C2,True,1.287,1.35,4.161,4.502,-0.397,-0.409,97.278
0 days 01:24:43.602000,OCO,31,96.759,13.0,1.0,,,False,MEDIUM,13.0,True,Haas F1 Team,1,9.0,True,3,Japanese Grand Prix,True,C2,True,1.453,1.525,4.327,4.681,0.013,0.013,97.506
0 days 01:26:20.308000,OCO,31,96.706,14.0,1.0,,,False,MEDIUM,14.0,True,Haas F1 Team,1,9.0,True,3,Japanese Grand Prix,True,C2,True,1.4,1.469,4.274,4.624,0.048,0.05,97.515
0 days 01:27:56.916000,OCO,31,96.608,15.0,1.0,,,False,MEDIUM,15.0,True,Haas F1 Team,1,9.0,True,3,Japanese Grand Prix,True,C2,True,1.302,1.366,4.176,4.518,-0.008,-0.008,97.48
0 days 01:29:33.695000,OCO,31,96.779,16.0,1.0,,,False,MEDIUM,16.0,True,Haas F1 Team,1,9.0,True,3,Japanese Grand Prix,True,C2,True,1.473,1.546,4.347,4.703,0.039,0.04,97.713
0 days 01:31:11.152000,OCO,31,97.457,17.0,1.0,,,False,MEDIUM,17.0,True,Haas F1 Team,1,9.0,True,3,Japanese Grand Prix,True,C2,True,2.151,2.257,5.025,5.436,0.707,0.731,98.453
0 days 01:32:47.608000,OCO,31,96.456,18.0,1.0,,,False,MEDIUM,18.0,True,Haas F1 Team,1,9.0,True,3,Japanese Grand Prix,True,C2,True,1.15,1.207,4.024,4.353,0.081,0.084,97.514
0 days 01:34:26.507000,OCO,31,98.899,19.0,1.0,,0 days 01:34:25.165000,False,MEDIUM,19.0,True,Haas F1 Team,1,9.0,False,3,Japanese Grand Prix,True,C2,False,3.593,3.77,6.467,6.996,2.994,3.122,100.02
0 days 01:36:23.426000,OCO,31,116.919,20.0,2.0,0 days 01:34:49.729000,,False,HARD,1.0,True,Haas F1 Team,1,14.0,False,3,Japanese Grand Prix,True,C1,False,21.613,22.677,24.487,26.492,21.315,22.295,118.102
0 days 01:38:02.498000,OCO,31,99.072,21.0,2.0,,,False,HARD,2.0,True,Haas F1 Team,124,14.0,False,3,Japanese Grand Prix,True,C1,False,3.766,3.951,6.64,7.184,2.948,3.067,100.317
0 days 01:40:08.180000,OCO,31,125.682,22.0,2.0,,,False,HARD,3.0,True,Haas F1 Team,4,14.0,False,3,Japanese Grand Prix,True,C1,False,30.376,31.872,33.25,35.972,0.0,0.0,126.99
0 days 01:42:16.168000,OCO,31,127.988,23.0,2.0,,,False,HARD,4.0,True,Haas F1 Team,4,12.0,False,3,Japanese Grand Prix,True,C1,False,32.682,34.292,35.556,38.467,0.0,0.0,129.358
0 days 01:44:20.605000,OCO,31,124.437,24.0,2.0,,,False,HARD,5.0,True,Haas F1 Team,4,11.0,False,3,Japanese Grand Prix,True,C1,False,29.131,30.566,32.005,34.625,-0.893,-0.713,125.869
0 days 01:46:51.233000,OCO,31,,25.0,2.0,,,False,HARD,6.0,True,Haas F1 Team,4,11.0,False,3,Japanese Grand Prix,True,C1,False,,,,,,,
0 days 01:49:19.322000,OCO,31,148.089,26.0,2.0,,,False,HARD,7.0,True,Haas F1 Team,4,11.0,False,3,Japanese Grand Prix,True,C1,False,52.783,55.383,55.657,60.214,0.993,0.675,149.646
0 days 01:51:35.194000,OCO,31,135.872,27.0,2.0,,,False,HARD,8.0,True,Haas F1 Team,41,11.0,False,3,Japanese Grand Prix,True,C1,False,40.566,42.564,43.44,46.997,0.0,0.0,137.491
0 days 01:53:11.834000,OCO,31,96.64,28.0,2.0,,,False,HARD,9.0,True,Haas F1 Team,1,11.0,True,3,Japanese Grand Prix,True,C1,True,1.334,1.4,4.208,4.553,0.264,0.274,98.321
0 days 01:54:46.262000,OCO,31,94.428,29.0,2.0,,,True,HARD,10.0,True,Haas F1 Team,1,10.0,True,3,Japanese Grand Prix,True,C1,True,-0.878,-0.921,1.996,2.159,-1.622,-1.689,96.171
0 days 01:56:21.134000,OCO,31,94.872,30.0,2.0,,,False,HARD,11.0,True,Haas F1 Team,1,10.0,True,3,Japanese Grand Prix,True,C1,True,-0.434,-0.455,2.44,2.64,-0.306,-0.322,96.678
0 days 01:57:55.765000,OCO,31,94.631,31.0,2.0,,,False,HARD,12.0,True,Haas F1 Team,1,10.0,True,3,Japanese Grand Prix,True,C1,True,-0.675,-0.708,2.199,2.379,-0.045,-0.048,96.499
0 days 01:59:30.430000,OCO,31,94.665,32.0,2.0,,,False,HARD,13.0,True,Haas F1 Team,1,10.0,True,3,Japanese Grand Prix,True,C1,True,-0.641,-0.673,2.233,2.416,-0.12,-0.127,96.595
0 days 02:01:05.127000,OCO,31,94.697,33.0,2.0,,,False,HARD,14.0,True,Haas F1 Team,1,10.0,True,3,Japanese Grand Prix,True,C1,True,-0.609,-0.639,2.265,2.45,-0.049,-0.052,96.689
0 days 02:02:39.900000,OCO,31,94.773,34.0,2.0,,,False,HARD,15.0,True,Haas F1 Team,1,10.0,True,3,Japanese Grand Prix,True,C1,True,-0.533,-0.559,2.341,2.533,-0.039,-0.041,96.828
0 days 02:04:14.781000,OCO,31,94.881,35.0,2.0,,,False,HARD,16.0,True,Haas F1 Team,1,10.0,True,3,Japanese Grand Prix,True,C1,True,-0.425,-0.446,2.449,2.65,-0.161,-0.169,96.998
0 days 02:05:49.498000,OCO,31,94.717,36.0,2.0,,,False,HARD,17.0,True,Haas F1 Team,1,10.0,True,3,Japanese Grand Prix,True,C1,True,-0.589,-0.618,2.285,2.472,0.068,0.072,96.896
0 days 02:07:24.356000,OCO,31,94.858,37.0,2.0,,,False,HARD,18.0,True,Haas F1 Team,1,10.0,True,3,Japanese Grand Prix,True,C1,True,-0.448,-0.47,2.426,2.625,-0.001,-0.001,97.1
0 days 02:08:59.234000,OCO,31,94.878,38.0,2.0,,,False,HARD,19.0,True,Haas F1 Team,1,10.0,True,3,Japanese Grand Prix,True,C1,True,-0.428,-0.449,2.446,2.646,0.388,0.411,97.182
0 days 02:10:33.582000,OCO,31,94.348,39.0,2.0,,,True,HARD,20.0,True,Haas F1 Team,1,10.0,True,3,Japanese Grand Prix,True,C1,True,-0.958,-1.005,1.916,2.073,-0.089,-0.094,96.714
0 days 02:12:08.371000,OCO,31,94.789,40.0,2.0,,,False,HARD,21.0,True,Haas F1 Team,1,10.0,True,3,Japanese Grand Prix,True,C1,True,-0.517,-0.542,2.357,2.55,0.527,0.559,97.217
0 days 02:13:43.158000,OCO,31,94.787,41.0,2.0,,,False,HARD,22.0,True,Haas F1 Team,1,10.0,True,3,Japanese Grand Prix,True,C1,True,-0.519,-0.545,2.355,2.548,0.29,0.307,97.278
0 days 02:15:18.061000,OCO,31,94.903,42.0,2.0,,,False,HARD,23.0,True,Haas F1 Team,1,10.0,True,3,Japanese Grand Prix,True,C1,True,-0.403,-0.423,2.471,2.673,0.121,0.128,97.456
0 days 02:16:52.924000,OCO,31,94.863,43.0,2.0,,,False,HARD,24.0,True,Haas F1 Team,1,10.0,True,3,Japanese Grand Prix,True,C1,True,-0.443,-0.465,2.431,2.63,0.059,0.062,97.478
0 days 02:18:27.892000,OCO,31,94.968,44.0,2.0,,,False,HARD,25.0,True,Haas F1 Team,1,10.0,True,3,Japanese Grand Prix,True,C1,True,-0.338,-0.355,2.536,2.744,0.355,0.375,97.645
0 days 02:20:02.859000,OCO,31,94.967,45.0,2.0,,,False,HARD,26.0,True,Haas F1 Team,1,10.0,True,3,Japanese Grand Prix,True,C1,True,-0.339,-0.356,2.535,2.743,0.173,0.183,97.707
0 days 02:21:37.644000,OCO,31,94.785,46.0,2.0,,,False,HARD,27.0,True,Haas F1 Team,1,10.0,True,3,Japanese Grand Prix,True,C1,True,-0.521,-0.547,2.353,2.546,0.0,0.0,97.587
0 days 02:23:12.561000,OCO,31,94.917,47.0,2.0,,,False,HARD,28.0,True,Haas F1 Team,1,10.0,True,3,Japanese Grand Prix,True,C1,True,-0.389,-0.408,2.485,2.688,0.201,0.212,97.781
0 days 02:24:47.253000,OCO,31,94.692,48.0,2.0,,,False,HARD,29.0,True,Haas F1 Team,1,10.0,True,3,Japanese Grand Prix,True,C1,True,-0.614,-0.644,2.26,2.445,0.073,0.077,97.618
0 days 02:26:22.019000,OCO,31,94.766,49.0,2.0,,,False,HARD,30.0,True,Haas F1 Team,1,10.0,True,3,Japanese Grand Prix,True,C1,True,-0.54,-0.567,2.334,2.525,0.0,0.0,97.755
0 days 02:27:56.688000,OCO,31,94.669,50.0,2.0,,,False,HARD,31.0,True,Haas F1 Team,1,10.0,True,3,Japanese Grand Prix,True,C1,True,-0.637,-0.668,2.237,2.42,0.035,0.037,97.72
0 days 02:29:31.077000,OCO,31,94.389,51.0,2.0,,,False,HARD,32.0,True,Haas F1 Team,1,10.0,True,3,Japanese Grand Prix,True,C1,True,-0.917,-0.962,1.957,2.117,0.053,0.056,97.502
0 days 02:31:05.345000,OCO,31,94.268,52.0,2.0,,,True,HARD,33.0,True,Haas F1 Team,1,10.0,True,3,Japanese Grand Prix,True,C1,True,-1.038,-1.089,1.836,1.986,0.0,0.0,97.443
0 days 02:32:39.601000,OCO,31,94.256,53.0,2.0,,,True,HARD,34.0,True,Haas F1 Team,1,10.0,True,3,Japanese Grand Prix,True,C1,True,-1.05,-1.102,1.824,1.973,0.193,0.205,97.494
0 days 01:05:25.624000,LIN,41,,1.0,1.0,,,False,MEDIUM,1.0,True,Racing Bulls,1,9.0,False,3,Japanese Grand Prix,True,C2,False,,,,,,,
0 days 01:07:01.798000,LIN,41,96.174,2.0,1.0,,,True,MEDIUM,2.0,True,Racing Bulls,1,8.0,True,3,Japanese Grand Prix,True,C2,True,0.868,0.911,3.742,4.048,-0.668,-0.69,96.236
0 days 01:08:38.031000,LIN,41,96.233,3.0,1.0,,,False,MEDIUM,3.0,True,Racing Bulls,1,8.0,True,3,Japanese Grand Prix,True,C2,True,0.927,0.973,3.801,4.112,-0.547,-0.565,96.358
0 days 01:10:14.070000,LIN,41,96.039,4.0,1.0,,,True,MEDIUM,4.0,True,Racing Bulls,1,8.0,True,3,Japanese Grand Prix,True,C2,True,0.733,0.769,3.607,3.902,-0.437,-0.453,96.226
0 days 01:11:52.123000,LIN,41,98.053,5.0,1.0,,,False,MEDIUM,5.0,True,Racing Bulls,1,9.0,True,3,Japanese Grand Prix,True,C2,True,2.747,2.882,5.621,6.081,1.387,1.435,98.302
0 days 01:13:29.612000,LIN,41,97.489,6.0,1.0,,,False,MEDIUM,6.0,True,Racing Bulls,1,10.0,True,3,Japanese Grand Prix,True,C2,True,2.183,2.291,5.057,5.471,0.579,0.597,97.8
0 days 01:15:06.002000,LIN,41,96.39,7.0,1.0,,,False,MEDIUM,7.0,True,Racing Bulls,1,10.0,True,3,Japanese Grand Prix,True,C2,True,1.084,1.137,3.958,4.282,-0.002,-0.002,96.764
0 days 01:16:42.085000,LIN,41,96.083,8.0,1.0,,,False,MEDIUM,8.0,True,Racing Bulls,1,10.0,True,3,Japanese Grand Prix,True,C2,True,0.777,0.815,3.651,3.95,-0.164,-0.17,96.519
0 days 01:18:18.475000,LIN,41,96.39,9.0,1.0,,,False,MEDIUM,9.0,True,Racing Bulls,1,10.0,True,3,Japanese Grand Prix,True,C2,True,1.084,1.137,3.958,4.282,0.016,0.017,96.888
0 days 01:19:54.966000,LIN,41,96.491,10.0,1.0,,,False,MEDIUM,10.0,True,Racing Bulls,1,10.0,True,3,Japanese Grand Prix,True,C2,True,1.185,1.243,4.059,4.391,0.031,0.032,97.051
0 days 01:21:32.105000,LIN,41,97.139,11.0,1.0,,,False,MEDIUM,11.0,True,Racing Bulls,1,10.0,True,3,Japanese Grand Prix,True,C2,True,1.833,1.923,4.707,5.092,0.619,0.641,97.762
0 days 01:23:10.814000,LIN,41,98.709,12.0,1.0,,,False,MEDIUM,12.0,True,Racing Bulls,1,10.0,True,3,Japanese Grand Prix,True,C2,True,3.403,3.571,6.277,6.791,1.719,1.772,99.394
0 days 01:24:47.056000,LIN,41,96.242,13.0,1.0,,,False,MEDIUM,13.0,True,Racing Bulls,1,10.0,True,3,Japanese Grand Prix,True,C2,True,0.936,0.982,3.81,4.122,-0.504,-0.521,96.989
0 days 01:26:23.590000,LIN,41,96.534,14.0,1.0,,,False,MEDIUM,14.0,True,Racing Bulls,1,10.0,True,3,Japanese Grand Prix,True,C2,True,1.228,1.288,4.102,4.438,-0.124,-0.128,97.343
0 days 01:28:00.879000,LIN,41,97.289,15.0,1.0,,,False,MEDIUM,15.0,True,Racing Bulls,1,10.0,True,3,Japanese Grand Prix,True,C2,True,1.983,2.081,4.857,5.255,0.673,0.697,98.161
0 days 01:29:37.702000,LIN,41,96.823,16.0,1.0,,,False,MEDIUM,16.0,True,Racing Bulls,1,10.0,True,3,Japanese Grand Prix,True,C2,True,1.517,1.592,4.391,4.751,0.083,0.086,97.757
0 days 01:31:14.254000,LIN,41,96.552,17.0,1.0,,,False,MEDIUM,17.0,True,Racing Bulls,1,10.0,True,3,Japanese Grand Prix,True,C2,True,1.246,1.307,4.12,4.457,-0.198,-0.205,97.548
0 days 01:32:53.450000,LIN,41,99.196,18.0,1.0,,0 days 01:32:51.911000,False,MEDIUM,18.0,True,Racing Bulls,1,12.0,False,3,Japanese Grand Prix,True,C2,False,3.89,4.082,6.764,7.318,2.821,2.927,100.254
0 days 01:34:52.200000,LIN,41,118.75,19.0,2.0,0 days 01:33:18.045000,,False,HARD,1.0,True,Racing Bulls,1,16.0,False,3,Japanese Grand Prix,True,C1,False,23.444,24.599,26.318,28.473,22.845,23.82,119.871
0 days 01:36:27.664000,LIN,41,95.464,20.0,2.0,,,True,HARD,2.0,True,Racing Bulls,1,16.0,True,3,Japanese Grand Prix,True,C1,True,0.158,0.166,3.032,3.28,-0.14,-0.146,96.647
0 days 01:38:08.465000,LIN,41,100.801,21.0,2.0,,,False,HARD,3.0,True,Racing Bulls,124,16.0,False,3,Japanese Grand Prix,True,C1,False,5.495,5.766,8.369,9.054,4.677,4.866,102.046
0 days 01:40:15.234000,LIN,41,126.769,22.0,2.0,,,False,HARD,4.0,True,Racing Bulls,4,16.0,False,3,Japanese Grand Prix,True,C1,False,31.463,33.013,34.337,37.148,1.087,0.865,128.077
0 days 01:42:18.935000,LIN,41,123.701,23.0,2.0,,,False,HARD,5.0,True,Racing Bulls,4,14.0,False,3,Japanese Grand Prix,True,C1,False,28.395,29.794,31.269,33.829,-4.287,-3.35,125.071
0 days 01:44:24.100000,LIN,41,125.165,24.0,2.0,,,False,HARD,6.0,True,Racing Bulls,4,14.0,False,3,Japanese Grand Prix,True,C1,False,29.859,31.33,32.733,35.413,-0.165,-0.132,126.597
0 days 01:46:54.634000,LIN,41,,25.0,2.0,,,False,HARD,7.0,True,Racing Bulls,4,14.0,False,3,Japanese Grand Prix,True,C1,False,,,,,,,
0 days 01:49:21.964000,LIN,41,147.33,26.0,2.0,,,False,HARD,8.0,True,Racing Bulls,4,14.0,False,3,Japanese Grand Prix,True,C1,False,52.024,54.586,54.898,59.393,0.234,0.159,148.887
0 days 01:51:36.571000,LIN,41,134.607,27.0,2.0,,,False,HARD,9.0,True,Racing Bulls,41,14.0,False,3,Japanese Grand Prix,True,C1,False,39.301,41.237,42.175,45.628,-1.265,-0.931,136.226
0 days 01:53:12.992000,LIN,41,96.421,28.0,2.0,,,False,HARD,10.0,True,Racing Bulls,1,14.0,True,3,Japanese Grand Prix,True,C1,True,1.115,1.17,3.989,4.316,0.045,0.047,98.102
0 days 01:54:49.397000,LIN,41,96.405,29.0,2.0,,,False,HARD,11.0,True,Racing Bulls,1,14.0,True,3,Japanese Grand Prix,True,C1,True,1.099,1.153,3.973,4.298,0.355,0.37,98.148
0 days 01:56:25.121000,LIN,41,95.724,30.0,2.0,,,False,HARD,12.0,True,Racing Bulls,1,13.0,True,3,Japanese Grand Prix,True,C1,True,0.418,0.439,3.292,3.562,0.546,0.574,97.53
0 days 01:58:01.083000,LIN,41,95.962,31.0,2.0,,,False,HARD,13.0,True,Racing Bulls,1,14.0,True,3,Japanese Grand Prix,True,C1,True,0.656,0.688,3.53,3.819,1.286,1.358,97.83
0 days 01:59:36.220000,LIN,41,95.137,32.0,2.0,,,True,HARD,14.0,True,Racing Bulls,1,14.0,True,3,Japanese Grand Prix,True,C1,True,-0.169,-0.177,2.705,2.926,0.352,0.371,97.067
0 days 02:01:11.380000,LIN,41,95.16,33.0,2.0,,,False,HARD,15.0,True,Racing Bulls,1,14.0,True,3,Japanese Grand Prix,True,C1,True,-0.146,-0.153,2.728,2.951,0.414,0.437,97.152
0 days 02:02:46.605000,LIN,41,95.225,34.0,2.0,,,False,HARD,16.0,True,Racing Bulls,1,14.0,True,3,Japanese Grand Prix,True,C1,True,-0.081,-0.085,2.793,3.022,0.413,0.436,97.28
0 days 02:04:22.007000,LIN,41,95.402,35.0,2.0,,,False,HARD,17.0,True,Racing Bulls,1,14.0,True,3,Japanese Grand Prix,True,C1,True,0.096,0.101,2.97,3.213,0.36,0.379,97.519
0 days 02:05:56.967000,LIN,41,94.96,36.0,2.0,,,True,HARD,18.0,True,Racing Bulls,1,14.0,True,3,Japanese Grand Prix,True,C1,True,-0.346,-0.363,2.528,2.735,0.311,0.329,97.139
0 days 02:07:31.827000,LIN,41,94.86,37.0,2.0,,,True,HARD,19.0,True,Racing Bulls,1,14.0,True,3,Japanese Grand Prix,True,C1,True,-0.446,-0.468,2.428,2.627,0.001,0.001,97.102
0 days 02:09:06.550000,LIN,41,94.723,38.0,2.0,,,True,HARD,20.0,True,Racing Bulls,1,14.0,True,3,Japanese Grand Prix,True,C1,True,-0.583,-0.612,2.291,2.479,0.233,0.247,97.027
0 days 02:10:41.646000,LIN,41,95.096,39.0,2.0,,,False,HARD,21.0,True,Racing Bulls,1,14.0,True,3,Japanese Grand Prix,True,C1,True,-0.21,-0.22,2.664,2.882,0.659,0.698,97.462
0 days 02:12:16.167000,LIN,41,94.521,40.0,2.0,,,True,HARD,22.0,True,Racing Bulls,1,14.0,True,3,Japanese Grand Prix,True,C1,True,-0.785,-0.824,2.089,2.26,0.259,0.275,96.949
0 days 02:13:51.020000,LIN,41,94.853,41.0,2.0,,,False,HARD,23.0,True,Racing Bulls,1,14.0,True,3,Japanese Grand Prix,True,C1,True,-0.453,-0.475,2.421,2.619,0.356,0.377,97.344
0 days 02:15:25.984000,LIN,41,94.964,42.0,2.0,,,False,HARD,24.0,True,Racing Bulls,1,14.0,True,3,Japanese Grand Prix,True,C1,True,-0.342,-0.359,2.532,2.739,0.182,0.192,97.517
0 days 02:17:00.869000,LIN,41,94.885,43.0,2.0,,,False,HARD,25.0,True,Racing Bulls,1,14.0,True,3,Japanese Grand Prix,True,C1,True,-0.421,-0.442,2.453,2.654,0.081,0.085,97.5
0 days 02:18:35.638000,LIN,41,94.769,44.0,2.0,,,False,HARD,26.0,True,Racing Bulls,1,14.0,True,3,Japanese Grand Prix,True,C1,True,-0.537,-0.563,2.337,2.528,0.156,0.165,97.446
0 days 02:20:10.371000,LIN,41,94.733,45.0,2.0,,,False,HARD,27.0,True,Racing Bulls,1,14.0,True,3,Japanese Grand Prix,True,C1,True,-0.573,-0.601,2.301,2.489,-0.061,-0.064,97.473
0 days 02:21:45.047000,LIN,41,94.676,46.0,2.0,,,False,HARD,28.0,True,Racing Bulls,1,14.0,True,3,Japanese Grand Prix,True,C1,True,-0.63,-0.661,2.244,2.428,-0.109,-0.115,97.478
0 days 02:23:19.763000,LIN,41,94.716,47.0,2.0,,,False,HARD,29.0,True,Racing Bulls,1,14.0,True,3,Japanese Grand Prix,True,C1,True,-0.59,-0.619,2.284,2.471,0.0,0.0,97.58
0 days 02:24:54.635000,LIN,41,94.872,48.0,2.0,,,False,HARD,30.0,True,Racing Bulls,1,14.0,True,3,Japanese Grand Prix,True,C1,True,-0.434,-0.455,2.44,2.64,0.253,0.267,97.798
0 days 02:26:29.864000,LIN,41,95.229,49.0,2.0,,,False,HARD,31.0,True,Racing Bulls,1,14.0,True,3,Japanese Grand Prix,True,C1,True,-0.077,-0.081,2.797,3.026,0.463,0.489,98.218
0 days 02:28:04.709000,LIN,41,94.845,50.0,2.0,,,False,HARD,32.0,True,Racing Bulls,1,14.0,True,3,Japanese Grand Prix,True,C1,True,-0.461,-0.484,2.413,2.611,0.211,0.223,97.896
0 days 02:29:39.309000,LIN,41,94.6,51.0,2.0,,,False,HARD,33.0,True,Racing Bulls,1,14.0,True,3,Japanese Grand Prix,True,C1,True,-0.706,-0.741,2.168,2.346,0.264,0.28,97.713
0 days 02:31:13.894000,LIN,41,94.585,52.0,2.0,,,False,HARD,34.0,True,Racing Bulls,1,14.0,True,3,Japanese Grand Prix,True,C1,True,-0.721,-0.757,2.153,2.329,0.317,0.336,97.76
0 days 02:32:48.208000,LIN,41,94.314,53.0,2.0,,,True,HARD,35.0,True,Racing Bulls,1,14.0,True,3,Japanese Grand Prix,True,C1,True,-0.992,-1.041,1.882,2.036,0.251,0.267,97.552
0 days 01:05:28.124000,COL,43,,1.0,1.0,,,False,MEDIUM,1.0,True,Alpine,1,14.0,False,3,Japanese Grand Prix,True,C2,False,,,,,,,
0 days 01:07:05.342000,COL,43,97.218,2.0,1.0,,,True,MEDIUM,2.0,True,Alpine,1,14.0,True,3,Japanese Grand Prix,True,C2,True,1.912,2.006,4.786,5.178,0.376,0.388,97.28
0 days 01:08:42.546000,COL,43,97.204,3.0,1.0,,,True,MEDIUM,3.0,True,Alpine,1,13.0,True,3,Japanese Grand Prix,True,C2,True,1.898,1.991,4.772,5.163,0.424,0.438,97.329
0 days 01:10:19.095000,COL,43,96.549,4.0,1.0,,,True,MEDIUM,4.0,True,Alpine,1,13.0,True,3,Japanese Grand Prix,True,C2,True,1.243,1.304,4.117,4.454,0.073,0.076,96.736
0 days 01:11:55.663000,COL,43,96.568,5.0,1.0,,,False,MEDIUM,5.0,True,Alpine,1,13.0,True,3,Japanese Grand Prix,True,C2,True,1.262,1.324,4.136,4.475,-0.098,-0.101,96.817
0 days 01:13:32.570000,COL,43,96.907,6.0,1.0,,,False,MEDIUM,6.0,True,Alpine,1,13.0,True,3,Japanese Grand Prix,True,C2,True,1.601,1.68,4.475,4.841,-0.003,-0.003,97.218
0 days 01:15:09.079000,COL,43,96.509,7.0,1.0,,,True,MEDIUM,7.0,True,Alpine,1,13.0,True,3,Japanese Grand Prix,True,C2,True,1.203,1.262,4.077,4.411,0.117,0.121,96.883
0 days 01:16:45.507000,COL,43,96.428,8.0,1.0,,,True,MEDIUM,8.0,True,Alpine,1,13.0,True,3,Japanese Grand Prix,True,C2,True,1.122,1.177,3.996,4.323,0.181,0.188,96.864
0 days 01:18:22.079000,COL,43,96.572,9.0,1.0,,,False,MEDIUM,9.0,True,Alpine,1,13.0,True,3,Japanese Grand Prix,True,C2,True,1.266,1.328,4.14,4.479,0.198,0.205,97.07
0 days 01:19:58.728000,COL,43,96.649,10.0,1.0,,,False,MEDIUM,10.0,True,Alpine,1,13.0,True,3,Japanese Grand Prix,True,C2,True,1.343,1.409,4.217,4.562,0.189,0.196,97.209
0 days 01:21:35.403000,COL,43,96.675,11.0,1.0,,,False,MEDIUM,11.0,True,Alpine,1,13.0,True,3,Japanese Grand Prix,True,C2,True,1.369,1.436,4.243,4.59,0.155,0.161,97.298
0 days 01:23:12.325000,COL,43,96.922,12.0,1.0,,,False,MEDIUM,12.0,True,Alpine,1,13.0,True,3,Japanese Grand Prix,True,C2,True,1.616,1.696,4.49,4.858,-0.068,-0.07,97.607
0 days 01:24:49.682000,COL,43,97.357,13.0,1.0,,,False,MEDIUM,13.0,True,Alpine,1,13.0,True,3,Japanese Grand Prix,True,C2,True,2.051,2.152,4.925,5.328,0.611,0.632,98.104
0 days 01:26:26.591000,COL,43,96.909,14.0,1.0,,,False,MEDIUM,14.0,True,Alpine,1,13.0,True,3,Japanese Grand Prix,True,C2,True,1.603,1.682,4.477,4.844,0.251,0.26,97.718
0 days 01:28:03.432000,COL,43,96.841,15.0,1.0,,,False,MEDIUM,15.0,True,Alpine,1,13.0,True,3,Japanese Grand Prix,True,C2,True,1.535,1.611,4.409,4.77,0.225,0.233,97.713
0 days 01:29:40.134000,COL,43,96.702,16.0,1.0,,,False,MEDIUM,16.0,True,Alpine,1,13.0,True,3,Japanese Grand Prix,True,C2,True,1.396,1.465,4.27,4.62,-0.038,-0.039,97.636
0 days 01:31:19.392000,COL,43,99.258,17.0,1.0,,0 days 01:31:18.164000,False,MEDIUM,17.0,True,Alpine,1,14.0,False,3,Japanese Grand Prix,True,C2,False,3.952,4.147,6.826,7.385,2.508,2.592,100.254
0 days 01:33:16.277000,COL,43,116.885,18.0,2.0,0 days 01:31:41.672000,,False,HARD,1.0,True,Alpine,1,17.0,False,3,Japanese Grand Prix,True,C1,False,21.579,22.642,24.453,26.455,20.51,21.281,117.943
0 days 01:34:53.162000,COL,43,96.885,19.0,2.0,,,False,HARD,2.0,True,Alpine,1,17.0,True,3,Japanese Grand Prix,True,C1,True,1.579,1.657,4.453,4.818,0.98,1.022,98.006
0 days 01:36:28.786000,COL,43,95.624,20.0,2.0,,,True,HARD,3.0,True,Alpine,1,17.0,True,3,Japanese Grand Prix,True,C1,True,0.318,0.334,3.192,3.453,0.02,0.021,96.807
0 days 01:38:11.951000,COL,43,103.165,21.0,2.0,,,False,HARD,4.0,True,Alpine,124,17.0,False,3,Japanese Grand Prix,True,C1,False,7.859,8.246,10.733,11.612,7.041,7.325,104.41
0 days 01:40:18.518000,COL,43,126.567,22.0,2.0,,,False,HARD,5.0,True,Alpine,4,17.0,False,3,Japanese Grand Prix,True,C1,False,31.261,32.801,34.135,36.93,0.885,0.704,127.875
0 days 01:42:22.870000,COL,43,124.352,23.0,2.0,,,False,HARD,6.0,True,Alpine,4,16.0,False,3,Japanese Grand Prix,True,C1,False,29.046,30.477,31.92,34.533,-3.636,-2.841,125.722
0 days 01:44:26.426000,COL,43,123.556,24.0,2.0,,,False,HARD,7.0,True,Alpine,4,16.0,False,3,Japanese Grand Prix,True,C1,False,28.25,29.641,31.124,33.672,-1.774,-1.415,124.988
0 days 01:46:56.603000,COL,43,,25.0,2.0,,,False,HARD,8.0,True,Alpine,4,16.0,False,3,Japanese Grand Prix,True,C1,False,,,,,,,
0 days 01:49:24.190000,COL,43,147.587,26.0,2.0,,,False,HARD,9.0,True,Alpine,4,16.0,False,3,Japanese Grand Prix,True,C1,False,52.281,54.856,55.155,59.671,0.491,0.334,149.144
0 days 01:51:37.560000,COL,43,133.37,27.0,2.0,,,False,HARD,10.0,True,Alpine,41,16.0,False,3,Japanese Grand Prix,True,C1,False,38.064,39.939,40.938,44.29,-2.502,-1.841,134.989
0 days 01:53:14.233000,COL,43,96.673,28.0,2.0,,,False,HARD,11.0,True,Alpine,1,16.0,True,3,Japanese Grand Prix,True,C1,True,1.367,1.434,4.241,4.588,0.297,0.308,98.354
0 days 01:54:50.405000,COL,43,96.172,29.0,2.0,,,False,HARD,12.0,True,Alpine,1,16.0,True,3,Japanese Grand Prix,True,C1,True,0.866,0.909,3.74,4.046,0.122,0.127,97.915
0 days 01:56:26.880000,COL,43,96.475,30.0,2.0,,,False,HARD,13.0,True,Alpine,1,16.0,True,3,Japanese Grand Prix,True,C1,True,1.169,1.227,4.043,4.374,1.297,1.363,98.281
0 days 01:58:02.802000,COL,43,95.922,31.0,2.0,,,False,HARD,14.0,True,Alpine,1,16.0,True,3,Japanese Grand Prix,True,C1,True,0.616,0.646,3.49,3.776,1.246,1.316,97.79
0 days 01:59:38.357000,COL,43,95.555,32.0,2.0,,,True,HARD,15.0,True,Alpine,1,16.0,True,3,Japanese Grand Prix,True,C1,True,0.249,0.261,3.123,3.379,0.77,0.812,97.485
0 days 02:01:14.029000,COL,43,95.672,33.0,2.0,,,False,HARD,16.0,True,Alpine,1,16.0,True,3,Japanese Grand Prix,True,C1,True,0.366,0.384,3.24,3.505,0.926,0.977,97.664
0 days 02:02:48.789000,COL,43,94.76,34.0,2.0,,,True,HARD,17.0,True,Alpine,1,16.0,True,3,Japanese Grand Prix,True,C1,True,-0.546,-0.573,2.328,2.519,-0.052,-0.055,96.815
0 days 02:04:23.947000,COL,43,95.158,35.0,2.0,,,False,HARD,18.0,True,Alpine,1,16.0,True,3,Japanese Grand Prix,True,C1,True,-0.148,-0.155,2.726,2.949,0.116,0.122,97.275
0 days 02:05:59.075000,COL,43,95.128,36.0,2.0,,,False,HARD,19.0,True,Alpine,1,16.0,True,3,Japanese Grand Prix,True,C1,True,-0.178,-0.187,2.696,2.917,0.479,0.506,97.307
0 days 02:07:34.027000,COL,43,94.952,37.0,2.0,,,False,HARD,20.0,True,Alpine,1,16.0,True,3,Japanese Grand Prix,True,C1,True,-0.354,-0.371,2.52,2.726,0.093,0.098,97.194
0 days 02:09:09.277000,COL,43,95.25,38.0,2.0,,,False,HARD,21.0,True,Alpine,1,16.0,True,3,Japanese Grand Prix,True,C1,True,-0.056,-0.059,2.818,3.049,0.76,0.804,97.554
0 days 02:10:44.410000,COL,43,95.133,39.0,2.0,,,False,HARD,22.0,True,Alpine,1,16.0,True,3,Japanese Grand Prix,True,C1,True,-0.173,-0.182,2.701,2.922,0.696,0.737,97.499
0 days 02:12:19.743000,COL,43,95.333,40.0,2.0,,,False,HARD,23.0,True,Alpine,1,16.0,True,3,Japanese Grand Prix,True,C1,True,0.027,0.028,2.901,3.139,1.071,1.136,97.761
0 days 02:13:54.255000,COL,43,94.512,41.0,2.0,,,True,HARD,24.0,True,Alpine,1,16.0,True,3,Japanese Grand Prix,True,C1,True,-0.794,-0.833,2.08,2.25,0.015,0.016,97.003
0 days 02:15:29.620000,COL,43,95.365,42.0,2.0,,,False,HARD,25.0,True,Alpine,1,16.0,True,3,Japanese Grand Prix,True,C1,True,0.059,0.062,2.933,3.173,0.583,0.615,97.918
0 days 02:17:04.366000,COL,43,94.746,43.0,2.0,,,False,HARD,26.0,True,Alpine,1,16.0,True,3,Japanese Grand Prix,True,C1,True,-0.56,-0.588,2.314,2.503,-0.058,-0.061,97.361
0 days 02:18:39.421000,COL,43,95.055,44.0,2.0,,,False,HARD,27.0,True,Alpine,1,16.0,True,3,Japanese Grand Prix,True,C1,True,-0.251,-0.263,2.623,2.838,0.442,0.467,97.732
0 days 02:20:14.779000,COL,43,95.358,45.0,2.0,,,False,HARD,28.0,True,Alpine,1,16.0,True,3,Japanese Grand Prix,True,C1,True,0.052,0.055,2.926,3.166,0.564,0.595,98.098
0 days 02:21:49.632000,COL,43,94.853,46.0,2.0,,,False,HARD,29.0,True,Alpine,1,16.0,True,3,Japanese Grand Prix,True,C1,True,-0.453,-0.475,2.421,2.619,0.068,0.072,97.655
0 days 02:23:24.432000,COL,43,94.8,47.0,2.0,,,False,HARD,30.0,True,Alpine,1,16.0,True,3,Japanese Grand Prix,True,C1,True,-0.506,-0.531,2.368,2.562,0.084,0.089,97.664
0 days 02:24:59.256000,COL,43,94.824,48.0,2.0,,,False,HARD,31.0,True,Alpine,1,16.0,True,3,Japanese Grand Prix,True,C1,True,-0.482,-0.506,2.392,2.588,0.205,0.217,97.75
0 days 02:26:34.299000,COL,43,95.043,49.0,2.0,,,False,HARD,32.0,True,Alpine,1,16.0,True,3,Japanese Grand Prix,True,C1,True,-0.263,-0.276,2.611,2.825,0.277,0.292,98.032
0 days 02:28:09.373000,COL,43,95.074,50.0,2.0,,,False,HARD,33.0,True,Alpine,1,16.0,True,3,Japanese Grand Prix,True,C1,True,-0.232,-0.243,2.642,2.858,0.44,0.465,98.125
0 days 02:29:44.658000,COL,43,95.285,51.0,2.0,,,False,HARD,34.0,True,Alpine,1,16.0,True,3,Japanese Grand Prix,True,C1,True,-0.021,-0.022,2.853,3.087,0.949,1.006,98.398
0 days 02:31:19.442000,COL,43,94.784,52.0,2.0,,,False,HARD,35.0,True,Alpine,1,16.0,True,3,Japanese Grand Prix,True,C1,True,-0.522,-0.548,2.352,2.545,0.516,0.547,97.959
0 days 02:32:54.127000,COL,43,94.685,53.0,2.0,,,False,HARD,36.0,True,Alpine,1,16.0,True,3,Japanese Grand Prix,True,C1,True,-0.621,-0.652,2.253,2.437,0.622,0.661,97.923
0 days 01:05:23.350000,HAM,44,,1.0,1.0,,,False,MEDIUM,1.0,True,Ferrari,1,5.0,False,3,Japanese Grand Prix,True,C2,False,,,,,,,
0 days 01:06:58.846000,HAM,44,95.496,2.0,1.0,,,True,MEDIUM,2.0,True,Ferrari,1,6.0,True,3,Japanese Grand Prix,True,C2,True,0.19,0.199,3.064,3.315,-1.346,-1.39,95.558
0 days 01:08:34.240000,HAM,44,95.394,3.0,1.0,,,True,MEDIUM,3.0,True,Ferrari,1,6.0,True,3,Japanese Grand Prix,True,C2,True,0.088,0.092,2.962,3.205,-1.386,-1.432,95.519
0 days 01:10:10.045000,HAM,44,95.805,4.0,1.0,,,False,MEDIUM,4.0,True,Ferrari,1,6.0,True,3,Japanese Grand Prix,True,C2,True,0.499,0.524,3.373,3.649,-0.671,-0.696,95.992
0 days 01:11:45.498000,HAM,44,95.453,5.0,1.0,,,False,MEDIUM,5.0,True,Ferrari,1,6.0,True,3,Japanese Grand Prix,True,C2,True,0.147,0.154,3.021,3.268,-1.213,-1.255,95.702
0 days 01:13:20.670000,HAM,44,95.172,6.0,1.0,,,True,MEDIUM,6.0,True,Ferrari,1,6.0,True,3,Japanese Grand Prix,True,C2,True,-0.134,-0.141,2.74,2.964,-1.738,-1.793,95.483
0 days 01:14:56.118000,HAM,44,95.448,7.0,1.0,,,False,MEDIUM,7.0,True,Ferrari,1,6.0,True,3,Japanese Grand Prix,True,C2,True,0.142,0.149,3.016,3.263,-0.944,-0.979,95.822
0 days 01:16:31.683000,HAM,44,95.565,8.0,1.0,,,False,MEDIUM,8.0,True,Ferrari,1,6.0,True,3,Japanese Grand Prix,True,C2,True,0.259,0.272,3.133,3.39,-0.682,-0.709,96.001
0 days 01:18:07.448000,HAM,44,95.765,9.0,1.0,,,False,MEDIUM,9.0,True,Ferrari,1,6.0,True,3,Japanese Grand Prix,True,C2,True,0.459,0.482,3.333,3.606,-0.609,-0.632,96.263
0 days 01:19:42.614000,HAM,44,95.166,10.0,1.0,,,True,MEDIUM,10.0,True,Ferrari,1,6.0,True,3,Japanese Grand Prix,True,C2,True,-0.14,-0.147,2.734,2.958,-1.294,-1.341,95.726
0 days 01:21:18.048000,HAM,44,95.434,11.0,1.0,,,False,MEDIUM,11.0,True,Ferrari,1,6.0,True,3,Japanese Grand Prix,True,C2,True,0.128,0.134,3.002,3.248,-1.086,-1.125,96.057
0 days 01:22:53.209000,HAM,44,95.161,12.0,1.0,,,True,MEDIUM,12.0,True,Ferrari,1,6.0,True,3,Japanese Grand Prix,True,C2,True,-0.145,-0.152,2.729,2.952,-1.829,-1.886,95.846
0 days 01:24:28.606000,HAM,44,95.397,13.0,1.0,,,False,MEDIUM,13.0,True,Ferrari,1,6.0,True,3,Japanese Grand Prix,True,C2,True,0.091,0.095,2.965,3.208,-1.349,-1.394,96.144
0 days 01:26:03.889000,HAM,44,95.283,14.0,1.0,,,False,MEDIUM,14.0,True,Ferrari,1,6.0,True,3,Japanese Grand Prix,True,C2,True,-0.023,-0.024,2.851,3.084,-1.375,-1.423,96.092
0 days 01:27:38.943000,HAM,44,95.054,15.0,1.0,,,True,MEDIUM,15.0,True,Ferrari,1,6.0,True,3,Japanese Grand Prix,True,C2,True,-0.252,-0.264,2.622,2.837,-1.562,-1.617,95.926
0 days 01:29:14.298000,HAM,44,95.355,16.0,1.0,,,False,MEDIUM,16.0,True,Ferrari,1,5.0,True,3,Japanese Grand Prix,True,C2,True,0.049,0.051,2.923,3.162,-1.385,-1.432,96.289
0 days 01:30:49.174000,HAM,44,94.876,17.0,1.0,,,True,MEDIUM,17.0,True,Ferrari,1,4.0,True,3,Japanese Grand Prix,True,C2,True,-0.43,-0.451,2.444,2.644,-1.874,-1.937,95.872
0 days 01:32:24.133000,HAM,44,94.959,18.0,1.0,,,False,MEDIUM,18.0,True,Ferrari,1,4.0,True,3,Japanese Grand Prix,True,C2,True,-0.347,-0.364,2.527,2.734,-1.416,-1.469,96.017
0 days 01:33:59.113000,HAM,44,94.98,19.0,1.0,,,False,MEDIUM,19.0,True,Ferrari,1,3.0,True,3,Japanese Grand Prix,True,C2,True,-0.326,-0.342,2.548,2.757,-0.925,-0.964,96.101
0 days 01:35:34.281000,HAM,44,95.168,20.0,1.0,,,False,MEDIUM,20.0,True,Ferrari,1,3.0,True,3,Japanese Grand Prix,True,C2,True,-0.138,-0.145,2.736,2.96,-0.436,-0.456,96.351
0 days 01:37:09.291000,HAM,44,95.01,21.0,1.0,,,False,MEDIUM,21.0,True,Ferrari,1,3.0,True,3,Japanese Grand Prix,True,C2,True,-0.296,-0.311,2.578,2.789,-1.114,-1.159,96.255
0 days 01:39:06.210000,HAM,44,116.919,22.0,1.0,,0 days 01:39:04.896000,False,MEDIUM,22.0,True,Ferrari,124,2.0,False,3,Japanese Grand Prix,True,C2,False,21.613,22.677,24.487,26.492,-8.763,-6.972,118.227
0 days 01:41:43.629000,HAM,44,,23.0,2.0,0 days 01:39:27.806000,,False,HARD,1.0,True,Ferrari,4,4.0,False,3,Japanese Grand Prix,True,C1,False,,,,,,,
0 days 01:44:11.188000,HAM,44,147.559,24.0,2.0,,,False,HARD,2.0,True,Ferrari,4,4.0,False,3,Japanese Grand Prix,True,C1,False,52.253,54.827,55.127,59.641,22.229,17.736,148.991
0 days 01:46:42.536000,HAM,44,,25.0,2.0,,,False,HARD,3.0,True,Ferrari,4,4.0,False,3,Japanese Grand Prix,True,C1,False,,,,,,,
0 days 01:49:08.262000,HAM,44,145.726,26.0,2.0,,,False,HARD,4.0,True,Ferrari,4,4.0,False,3,Japanese Grand Prix,True,C1,False,50.42,52.903,53.294,57.658,-1.37,-0.931,147.283
0 days 01:51:32.018000,HAM,44,143.756,27.0,2.0,,,False,HARD,5.0,True,Ferrari,41,4.0,False,3,Japanese Grand Prix,True,C1,False,48.45,50.836,51.324,55.526,7.884,5.803,145.375
0 days 01:53:06.085000,HAM,44,94.067,28.0,2.0,,,True,HARD,6.0,True,Ferrari,1,3.0,True,3,Japanese Grand Prix,True,C1,True,-1.239,-1.3,1.635,1.769,-2.309,-2.396,95.748
0 days 01:54:39.827000,HAM,44,93.742,29.0,2.0,,,True,HARD,7.0,True,Ferrari,1,3.0,True,3,Japanese Grand Prix,True,C1,True,-1.564,-1.641,1.31,1.417,-2.308,-2.403,95.485
0 days 01:56:13.702000,HAM,44,93.875,30.0,2.0,,,False,HARD,8.0,True,Ferrari,1,3.0,True,3,Japanese Grand Prix,True,C1,True,-1.431,-1.501,1.443,1.561,-1.303,-1.369,95.681
0 days 01:57:47.372000,HAM,44,93.67,31.0,2.0,,,True,HARD,9.0,True,Ferrari,1,3.0,True,3,Japanese Grand Prix,True,C1,True,-1.636,-1.717,1.238,1.339,-1.006,-1.063,95.538
0 days 01:59:20.873000,HAM,44,93.501,32.0,2.0,,,True,HARD,10.0,True,Ferrari,1,3.0,True,3,Japanese Grand Prix,True,C1,True,-1.805,-1.894,1.069,1.157,-1.284,-1.355,95.431
0 days 02:00:54.397000,HAM,44,93.524,33.0,2.0,,,False,HARD,11.0,True,Ferrari,1,3.0,True,3,Japanese Grand Prix,True,C1,True,-1.782,-1.87,1.092,1.181,-1.222,-1.29,95.516
0 days 02:02:27.698000,HAM,44,93.301,34.0,2.0,,,True,HARD,12.0,True,Ferrari,1,3.0,True,3,Japanese Grand Prix,True,C1,True,-2.005,-2.104,0.869,0.94,-1.511,-1.594,95.356
0 days 02:04:01.394000,HAM,44,93.696,35.0,2.0,,,False,HARD,13.0,True,Ferrari,1,3.0,True,3,Japanese Grand Prix,True,C1,True,-1.61,-1.689,1.264,1.367,-1.346,-1.416,95.813
0 days 02:05:35.052000,HAM,44,93.658,36.0,2.0,,,False,HARD,14.0,True,Ferrari,1,3.0,True,3,Japanese Grand Prix,True,C1,True,-1.648,-1.729,1.226,1.326,-0.991,-1.047,95.837
0 days 02:07:08.986000,HAM,44,93.934,37.0,2.0,,,False,HARD,15.0,True,Ferrari,1,3.0,True,3,Japanese Grand Prix,True,C1,True,-1.372,-1.44,1.502,1.625,-0.925,-0.975,96.176
0 days 02:08:42.422000,HAM,44,93.436,38.0,2.0,,,False,HARD,16.0,True,Ferrari,1,3.0,True,3,Japanese Grand Prix,True,C1,True,-1.87,-1.962,1.004,1.086,-1.054,-1.115,95.74
0 days 02:10:15.998000,HAM,44,93.576,39.0,2.0,,,False,HARD,17.0,True,Ferrari,1,3.0,True,3,Japanese Grand Prix,True,C1,True,-1.73,-1.815,1.144,1.238,-0.861,-0.912,95.942
0 days 02:11:49.867000,HAM,44,93.869,40.0,2.0,,,False,HARD,18.0,True,Ferrari,1,3.0,True,3,Japanese Grand Prix,True,C1,True,-1.437,-1.508,1.437,1.555,-0.393,-0.417,96.297
0 days 02:13:24.044000,HAM,44,94.177,41.0,2.0,,,False,HARD,19.0,True,Ferrari,1,3.0,True,3,Japanese Grand Prix,True,C1,True,-1.129,-1.185,1.745,1.888,-0.32,-0.339,96.668
0 days 02:14:58.706000,HAM,44,94.662,42.0,2.0,,,False,HARD,20.0,True,Ferrari,1,4.0,True,3,Japanese Grand Prix,True,C1,True,-0.644,-0.676,2.23,2.413,-0.12,-0.127,97.215
0 days 02:16:33.065000,HAM,44,94.359,43.0,2.0,,,False,HARD,21.0,True,Ferrari,1,5.0,True,3,Japanese Grand Prix,True,C1,True,-0.947,-0.994,1.927,2.085,-0.445,-0.469,96.974
0 days 02:18:06.701000,HAM,44,93.636,44.0,2.0,,,False,HARD,22.0,True,Ferrari,1,5.0,True,3,Japanese Grand Prix,True,C1,True,-1.67,-1.752,1.204,1.303,-0.977,-1.033,96.313
0 days 02:19:40.196000,HAM,44,93.495,45.0,2.0,,,False,HARD,23.0,True,Ferrari,1,5.0,True,3,Japanese Grand Prix,True,C1,True,-1.811,-1.9,1.063,1.15,-1.299,-1.37,96.235
0 days 02:21:13.638000,HAM,44,93.442,46.0,2.0,,,False,HARD,24.0,True,Ferrari,1,5.0,True,3,Japanese Grand Prix,True,C1,True,-1.864,-1.956,1.01,1.093,-1.343,-1.417,96.244
0 days 02:22:48.314000,HAM,44,94.676,47.0,2.0,,,False,HARD,25.0,True,Ferrari,1,6.0,True,3,Japanese Grand Prix,True,C1,True,-0.63,-0.661,2.244,2.428,-0.04,-0.042,97.54
0 days 02:24:21.091000,HAM,44,92.777,48.0,2.0,,,True,HARD,26.0,True,Ferrari,1,5.0,True,3,Japanese Grand Prix,True,C1,True,-2.529,-2.654,0.345,0.373,-1.842,-1.947,95.703
0 days 02:25:54.958000,HAM,44,93.867,49.0,2.0,,,False,HARD,27.0,True,Ferrari,1,5.0,True,3,Japanese Grand Prix,True,C1,True,-1.439,-1.51,1.435,1.552,-0.899,-0.949,96.856
0 days 02:27:30.647000,HAM,44,95.689,50.0,2.0,,,False,HARD,28.0,True,Ferrari,1,6.0,True,3,Japanese Grand Prix,True,C1,True,0.383,0.402,3.257,3.524,1.055,1.115,98.74
0 days 02:29:05.574000,HAM,44,94.927,51.0,2.0,,,False,HARD,29.0,True,Ferrari,1,6.0,True,3,Japanese Grand Prix,True,C1,True,-0.379,-0.398,2.495,2.699,0.591,0.626,98.04
0 days 02:30:39.767000,HAM,44,94.193,52.0,2.0,,,False,HARD,30.0,True,Ferrari,1,6.0,True,3,Japanese Grand Prix,True,C1,True,-1.113,-1.168,1.761,1.905,-0.075,-0.08,97.368
0 days 02:32:13.436000,HAM,44,93.669,53.0,2.0,,,False,HARD,31.0,True,Ferrari,1,6.0,True,3,Japanese Grand Prix,True,C1,True,-1.637,-1.718,1.237,1.338,-0.394,-0.419,96.907
0 days 01:05:27.894000,BOR,5,,1.0,1.0,,,False,MEDIUM,1.0,True,Audi,1,13.0,False,3,Japanese Grand Prix,True,C2,False,,,,,,,
0 days 01:07:05.052000,BOR,5,97.158,2.0,1.0,,,True,MEDIUM,2.0,True,Audi,1,13.0,True,3,Japanese Grand Prix,True,C2,True,1.852,1.943,4.726,5.113,0.316,0.326,97.22
0 days 01:08:43.976000,BOR,5,98.924,3.0,1.0,,,False,MEDIUM,3.0,True,Audi,1,15.0,True,3,Japanese Grand Prix,True,C2,True,3.618,3.796,6.492,7.024,2.144,2.215,99.049
0 days 01:10:20.990000,BOR,5,97.014,4.0,1.0,,,True,MEDIUM,4.0,True,Audi,1,15.0,True,3,Japanese Grand Prix,True,C2,True,1.708,1.792,4.582,4.957,0.538,0.558,97.201
0 days 01:11:57.603000,BOR,5,96.613,5.0,1.0,,,True,MEDIUM,5.0,True,Audi,1,15.0,True,3,Japanese Grand Prix,True,C2,True,1.307,1.371,4.181,4.523,-0.053,-0.055,96.862
0 days 01:13:34.254000,BOR,5,96.651,6.0,1.0,,,False,MEDIUM,6.0,True,Audi,1,15.0,True,3,Japanese Grand Prix,True,C2,True,1.345,1.411,4.219,4.564,-0.259,-0.267,96.962
0 days 01:15:10.400000,BOR,5,96.146,7.0,1.0,,,True,MEDIUM,7.0,True,Audi,1,14.0,True,3,Japanese Grand Prix,True,C2,True,0.84,0.881,3.714,4.018,-0.246,-0.255,96.52
0 days 01:16:47.013000,BOR,5,96.613,8.0,1.0,,,False,MEDIUM,8.0,True,Audi,1,14.0,True,3,Japanese Grand Prix,True,C2,True,1.307,1.371,4.181,4.523,0.366,0.38,97.049
0 days 01:18:23.246000,BOR,5,96.233,9.0,1.0,,,False,MEDIUM,9.0,True,Audi,1,14.0,True,3,Japanese Grand Prix,True,C2,True,0.927,0.973,3.801,4.112,-0.141,-0.146,96.731
0 days 01:19:59.509000,BOR,5,96.263,10.0,1.0,,,False,MEDIUM,10.0,True,Audi,1,14.0,True,3,Japanese Grand Prix,True,C2,True,0.957,1.004,3.831,4.145,-0.197,-0.204,96.823
0 days 01:21:36.323000,BOR,5,96.814,11.0,1.0,,,False,MEDIUM,11.0,True,Audi,1,14.0,True,3,Japanese Grand Prix,True,C2,True,1.508,1.582,4.382,4.741,0.294,0.305,97.437
0 days 01:23:13.065000,BOR,5,96.742,12.0,1.0,,,False,MEDIUM,12.0,True,Audi,1,14.0,True,3,Japanese Grand Prix,True,C2,True,1.436,1.507,4.31,4.663,-0.248,-0.256,97.427
0 days 01:24:50.458000,BOR,5,97.393,13.0,1.0,,,False,MEDIUM,13.0,True,Audi,1,14.0,True,3,Japanese Grand Prix,True,C2,True,2.087,2.19,4.961,5.367,0.647,0.669,98.14
0 days 01:26:27.340000,BOR,5,96.882,14.0,1.0,,,False,MEDIUM,14.0,True,Audi,1,14.0,True,3,Japanese Grand Prix,True,C2,True,1.576,1.654,4.45,4.814,0.224,0.232,97.691
0 days 01:28:03.848000,BOR,5,96.508,15.0,1.0,,,False,MEDIUM,15.0,True,Audi,1,14.0,True,3,Japanese Grand Prix,True,C2,True,1.202,1.261,4.076,4.41,-0.108,-0.112,97.38
0 days 01:29:41.105000,BOR,5,97.257,16.0,1.0,,,False,MEDIUM,16.0,True,Audi,1,14.0,True,3,Japanese Grand Prix,True,C2,True,1.951,2.047,4.825,5.22,0.517,0.534,98.191
0 days 01:31:17.949000,BOR,5,96.844,17.0,1.0,,,False,MEDIUM,17.0,True,Audi,1,13.0,True,3,Japanese Grand Prix,True,C2,True,1.538,1.614,4.412,4.773,0.094,0.097,97.84
0 days 01:32:54.531000,BOR,5,96.582,18.0,1.0,,,False,MEDIUM,18.0,True,Audi,1,13.0,True,3,Japanese Grand Prix,True,C2,True,1.276,1.339,4.15,4.49,0.207,0.215,97.64
0 days 01:34:31.092000,BOR,5,96.561,19.0,1.0,,,False,MEDIUM,19.0,True,Audi,1,12.0,True,3,Japanese Grand Prix,True,C2,True,1.255,1.317,4.129,4.467,0.656,0.684,97.682
0 days 01:36:07.114000,BOR,5,96.022,20.0,1.0,,,True,MEDIUM,20.0,True,Audi,1,10.0,True,3,Japanese Grand Prix,True,C2,True,0.716,0.751,3.59,3.884,0.418,0.437,97.205
0 days 01:37:42.939000,BOR,5,95.825,21.0,1.0,,,True,MEDIUM,21.0,True,Audi,12,10.0,True,3,Japanese Grand Prix,True,C2,False,0.519,0.545,3.393,3.671,-0.299,-0.311,97.07
0 days 01:39:49.334000,BOR,5,126.395,22.0,1.0,,0 days 01:39:47.950000,False,MEDIUM,22.0,True,Audi,24,11.0,False,3,Japanese Grand Prix,True,C2,False,31.089,32.62,33.963,36.744,0.713,0.567,127.703
0 days 01:42:14.904000,BOR,5,145.57,23.0,2.0,0 days 01:40:12.533000,,False,HARD,1.0,True,Audi,4,11.0,False,3,Japanese Grand Prix,True,C1,False,50.264,52.74,53.138,57.489,17.582,13.737,146.94
0 days 01:44:19.399000,BOR,5,124.495,24.0,2.0,,,False,HARD,2.0,True,Audi,4,10.0,False,3,Japanese Grand Prix,True,C1,False,29.189,30.627,32.063,34.688,-0.835,-0.666,125.927
0 days 01:46:50.195000,BOR,5,,25.0,2.0,,,False,HARD,3.0,True,Audi,4,10.0,False,3,Japanese Grand Prix,True,C1,False,,,,,,,
0 days 01:49:17.211000,BOR,5,147.016,26.0,2.0,,,False,HARD,4.0,True,Audi,4,10.0,False,3,Japanese Grand Prix,True,C1,False,51.71,54.257,54.584,59.053,-0.08,-0.054,148.573
0 days 01:51:34.692000,BOR,5,137.481,27.0,2.0,,,False,HARD,5.0,True,Audi,41,10.0,False,3,Japanese Grand Prix,True,C1,False,42.175,44.252,45.049,48.737,1.609,1.184,139.1
0 days 01:53:11.599000,BOR,5,96.907,28.0,2.0,,,False,HARD,6.0,True,Audi,1,10.0,True,3,Japanese Grand Prix,True,C1,True,1.601,1.68,4.475,4.841,0.531,0.551,98.588
0 days 01:54:48.211000,BOR,5,96.612,29.0,2.0,,,False,HARD,7.0,True,Audi,1,11.0,True,3,Japanese Grand Prix,True,C1,True,1.306,1.37,4.18,4.522,0.562,0.585,98.355
0 days 01:56:23.735000,BOR,5,95.524,30.0,2.0,,,True,HARD,8.0,True,Audi,1,11.0,True,3,Japanese Grand Prix,True,C1,True,0.218,0.229,3.092,3.345,0.346,0.364,97.33
0 days 01:57:58.915000,BOR,5,95.18,31.0,2.0,,,True,HARD,9.0,True,Audi,1,11.0,True,3,Japanese Grand Prix,True,C1,True,-0.126,-0.132,2.748,2.973,0.504,0.532,97.048
0 days 01:59:33.908000,BOR,5,94.993,32.0,2.0,,,True,HARD,10.0,True,Audi,1,11.0,True,3,Japanese Grand Prix,True,C1,True,-0.313,-0.328,2.561,2.771,0.208,0.219,96.923
0 days 02:01:08.799000,BOR,5,94.891,33.0,2.0,,,True,HARD,11.0,True,Audi,1,11.0,True,3,Japanese Grand Prix,True,C1,True,-0.415,-0.435,2.459,2.66,0.145,0.153,96.883
0 days 02:02:43.892000,BOR,5,95.093,34.0,2.0,,,False,HARD,12.0,True,Audi,1,11.0,True,3,Japanese Grand Prix,True,C1,True,-0.213,-0.223,2.661,2.879,0.281,0.296,97.148
0 days 02:04:19.659000,BOR,5,95.767,35.0,2.0,,,False,HARD,13.0,True,Audi,1,11.0,True,3,Japanese Grand Prix,True,C1,True,0.461,0.484,3.335,3.608,0.725,0.763,97.884
0 days 02:05:55.135000,BOR,5,95.476,36.0,2.0,,,False,HARD,14.0,True,Audi,1,12.0,True,3,Japanese Grand Prix,True,C1,True,0.17,0.178,3.044,3.293,0.827,0.874,97.655
0 days 02:07:30.178000,BOR,5,95.043,37.0,2.0,,,False,HARD,15.0,True,Audi,1,12.0,True,3,Japanese Grand Prix,True,C1,True,-0.263,-0.276,2.611,2.825,0.184,0.194,97.285
0 days 02:09:06.065000,BOR,5,95.887,38.0,2.0,,,False,HARD,16.0,True,Audi,1,13.0,True,3,Japanese Grand Prix,True,C1,True,0.581,0.61,3.455,3.738,1.397,1.478,98.191
0 days 02:10:40.706000,BOR,5,94.641,39.0,2.0,,,True,HARD,17.0,True,Audi,1,13.0,True,3,Japanese Grand Prix,True,C1,True,-0.665,-0.698,2.209,2.39,0.204,0.216,97.007
0 days 02:12:14.870000,BOR,5,94.164,40.0,2.0,,,True,HARD,18.0,True,Audi,1,13.0,True,3,Japanese Grand Prix,True,C1,True,-1.142,-1.198,1.732,1.874,-0.098,-0.104,96.592
0 days 02:13:49.534000,BOR,5,94.664,41.0,2.0,,,False,HARD,19.0,True,Audi,1,13.0,True,3,Japanese Grand Prix,True,C1,True,-0.642,-0.674,2.232,2.415,0.167,0.177,97.155
0 days 02:15:24.555000,BOR,5,95.021,42.0,2.0,,,False,HARD,20.0,True,Audi,1,13.0,True,3,Japanese Grand Prix,True,C1,True,-0.285,-0.299,2.589,2.801,0.239,0.252,97.574
0 days 02:16:59.698000,BOR,5,95.143,43.0,2.0,,,False,HARD,21.0,True,Audi,1,13.0,True,3,Japanese Grand Prix,True,C1,True,-0.163,-0.171,2.711,2.933,0.339,0.358,97.758
0 days 02:18:34.711000,BOR,5,95.013,44.0,2.0,,,False,HARD,22.0,True,Audi,1,13.0,True,3,Japanese Grand Prix,True,C1,True,-0.293,-0.307,2.581,2.792,0.4,0.423,97.69
0 days 02:20:09.605000,BOR,5,94.894,45.0,2.0,,,False,HARD,23.0,True,Audi,1,13.0,True,3,Japanese Grand Prix,True,C1,True,-0.412,-0.432,2.462,2.664,0.1,0.105,97.634
0 days 02:21:44.391000,BOR,5,94.786,46.0,2.0,,,False,HARD,24.0,True,Audi,1,13.0,True,3,Japanese Grand Prix,True,C1,True,-0.52,-0.546,2.354,2.547,0.001,0.001,97.588
0 days 02:23:19.113000,BOR,5,94.722,47.0,2.0,,,False,HARD,25.0,True,Audi,1,13.0,True,3,Japanese Grand Prix,True,C1,True,-0.584,-0.613,2.29,2.477,0.006,0.006,97.586
0 days 02:24:53.391000,BOR,5,94.278,48.0,2.0,,,False,HARD,26.0,True,Audi,1,13.0,True,3,Japanese Grand Prix,True,C1,True,-1.028,-1.079,1.846,1.997,-0.341,-0.36,97.204
0 days 02:26:28.446000,BOR,5,95.055,49.0,2.0,,,False,HARD,27.0,True,Audi,1,13.0,True,3,Japanese Grand Prix,True,C1,True,-0.251,-0.263,2.623,2.838,0.289,0.305,98.044
0 days 02:28:03.032000,BOR,5,94.586,50.0,2.0,,,False,HARD,28.0,True,Audi,1,13.0,True,3,Japanese Grand Prix,True,C1,True,-0.72,-0.755,2.154,2.33,-0.048,-0.051,97.637
0 days 02:29:37.362000,BOR,5,94.33,51.0,2.0,,,False,HARD,29.0,True,Audi,1,13.0,True,3,Japanese Grand Prix,True,C1,True,-0.976,-1.024,1.898,2.053,-0.006,-0.006,97.443
0 days 02:31:12.364000,BOR,5,95.002,52.0,2.0,,,False,HARD,30.0,True,Audi,1,13.0,True,3,Japanese Grand Prix,True,C1,True,-0.304,-0.319,2.57,2.78,0.734,0.779,98.177
0 days 02:32:47.487000,BOR,5,95.123,53.0,2.0,,,False,HARD,31.0,True,Audi,1,13.0,True,3,Japanese Grand Prix,True,C1,True,-0.183,-0.192,2.691,2.911,1.06,1.127,98.361
0 days 01:05:28.872000,SAI,55,,1.0,1.0,,,False,MEDIUM,1.0,True,Williams,1,15.0,False,3,Japanese Grand Prix,True,C2,False,,,,,,,
0 days 01:07:06.670000,SAI,55,97.798,2.0,1.0,,,True,MEDIUM,2.0,True,Williams,1,16.0,True,3,Japanese Grand Prix,True,C2,True,2.492,2.615,5.366,5.805,0.956,0.987,97.86
0 days 01:08:44.551000,SAI,55,97.881,3.0,1.0,,,False,MEDIUM,3.0,True,Williams,1,16.0,True,3,Japanese Grand Prix,True,C2,True,2.575,2.702,5.449,5.895,1.101,1.138,98.006
0 days 01:10:21.941000,SAI,55,97.39,4.0,1.0,,,True,MEDIUM,4.0,True,Williams,1,16.0,True,3,Japanese Grand Prix,True,C2,True,2.084,2.187,4.958,5.364,0.914,0.947,97.577
0 days 01:11:58.661000,SAI,55,96.72,5.0,1.0,,,True,MEDIUM,5.0,True,Williams,1,16.0,True,3,Japanese Grand Prix,True,C2,True,1.414,1.484,4.288,4.639,0.054,0.056,96.969
0 days 01:13:36.344000,SAI,55,97.683,6.0,1.0,,,False,MEDIUM,6.0,True,Williams,1,16.0,True,3,Japanese Grand Prix,True,C2,True,2.377,2.494,5.251,5.681,0.773,0.798,97.994
0 days 01:15:13.706000,SAI,55,97.362,7.0,1.0,,,False,MEDIUM,7.0,True,Williams,1,16.0,True,3,Japanese Grand Prix,True,C2,True,2.056,2.157,4.93,5.334,0.97,1.006,97.736
0 days 01:16:50.599000,SAI,55,96.893,8.0,1.0,,,False,MEDIUM,8.0,True,Williams,1,16.0,True,3,Japanese Grand Prix,True,C2,True,1.587,1.665,4.461,4.826,0.646,0.671,97.329
0 days 01:18:27.447000,SAI,55,96.848,9.0,1.0,,,False,MEDIUM,9.0,True,Williams,1,16.0,True,3,Japanese Grand Prix,True,C2,True,1.542,1.618,4.416,4.778,0.474,0.492,97.346
0 days 01:20:04.208000,SAI,55,96.761,10.0,1.0,,,False,MEDIUM,10.0,True,Williams,1,16.0,True,3,Japanese Grand Prix,True,C2,True,1.455,1.527,4.329,4.683,0.301,0.312,97.321
0 days 01:21:40.697000,SAI,55,96.489,11.0,1.0,,,True,MEDIUM,11.0,True,Williams,1,16.0,True,3,Japanese Grand Prix,True,C2,True,1.183,1.241,4.057,4.389,-0.031,-0.032,97.112
0 days 01:23:18.071000,SAI,55,97.374,12.0,1.0,,,False,MEDIUM,12.0,True,Williams,1,16.0,True,3,Japanese Grand Prix,True,C2,True,2.068,2.17,4.942,5.347,0.384,0.396,98.059
0 days 01:24:54.964000,SAI,55,96.893,13.0,1.0,,,False,MEDIUM,13.0,True,Williams,1,16.0,True,3,Japanese Grand Prix,True,C2,True,1.587,1.665,4.461,4.826,0.147,0.152,97.64
0 days 01:26:31.995000,SAI,55,97.031,14.0,1.0,,,False,MEDIUM,14.0,True,Williams,1,16.0,True,3,Japanese Grand Prix,True,C2,True,1.725,1.81,4.599,4.976,0.373,0.386,97.84
0 days 01:28:09.742000,SAI,55,97.747,15.0,1.0,,,False,MEDIUM,15.0,True,Williams,1,17.0,True,3,Japanese Grand Prix,True,C2,True,2.441,2.561,5.315,5.75,1.131,1.171,98.619
0 days 01:29:46.299000,SAI,55,96.557,16.0,1.0,,,False,MEDIUM,16.0,True,Williams,1,17.0,True,3,Japanese Grand Prix,True,C2,True,1.251,1.313,4.125,4.463,-0.183,-0.189,97.491
0 days 01:31:23.213000,SAI,55,96.914,17.0,1.0,,,False,MEDIUM,17.0,True,Williams,1,16.0,True,3,Japanese Grand Prix,True,C2,True,1.608,1.687,4.482,4.849,0.164,0.17,97.91
0 days 01:32:59.981000,SAI,55,96.768,18.0,1.0,,,False,MEDIUM,18.0,True,Williams,1,15.0,True,3,Japanese Grand Prix,True,C2,True,1.462,1.534,4.336,4.691,0.393,0.408,97.826
0 days 01:34:36.574000,SAI,55,96.593,19.0,1.0,,,False,MEDIUM,19.0,True,Williams,1,14.0,True,3,Japanese Grand Prix,True,C2,True,1.287,1.35,4.161,4.502,0.688,0.717,97.714
0 days 01:36:13.034000,SAI,55,96.46,20.0,1.0,,,True,MEDIUM,20.0,True,Williams,1,12.0,True,3,Japanese Grand Prix,True,C2,True,1.154,1.211,4.028,4.358,0.856,0.895,97.643
0 days 01:37:49.524000,SAI,55,96.49,21.0,1.0,,,False,MEDIUM,21.0,True,Williams,12,12.0,True,3,Japanese Grand Prix,True,C2,False,1.184,1.242,4.058,4.39,0.366,0.381,97.735
0 days 01:39:56.395000,SAI,55,126.871,22.0,1.0,,0 days 01:39:55.099000,False,MEDIUM,22.0,True,Williams,24,12.0,False,3,Japanese Grand Prix,True,C2,False,31.565,33.12,34.439,37.259,1.189,0.946,128.179
0 days 01:42:22.732000,SAI,55,146.337,23.0,2.0,0 days 01:40:19.528000,,False,HARD,1.0,True,Williams,4,15.0,False,3,Japanese Grand Prix,True,C1,False,51.031,53.544,53.905,58.319,18.349,14.337,147.707
0 days 01:44:25.617000,SAI,55,122.885,24.0,2.0,,,False,HARD,2.0,True,Williams,4,15.0,False,3,Japanese Grand Prix,True,C1,False,27.579,28.937,30.453,32.946,-2.445,-1.951,124.317
0 days 01:46:55.914000,SAI,55,,25.0,2.0,,,False,HARD,3.0,True,Williams,4,15.0,False,3,Japanese Grand Prix,True,C1,False,,,,,,,
0 days 01:49:23.658000,SAI,55,147.744,26.0,2.0,,,False,HARD,4.0,True,Williams,4,15.0,False,3,Japanese Grand Prix,True,C1,False,52.438,55.021,55.312,59.841,0.648,0.441,149.301
0 days 01:51:37.126000,SAI,55,133.468,27.0,2.0,,,False,HARD,5.0,True,Williams,41,15.0,False,3,Japanese Grand Prix,True,C1,False,38.162,40.042,41.036,44.396,-2.404,-1.769,135.087
0 days 01:53:13.659000,SAI,55,96.533,28.0,2.0,,,False,HARD,6.0,True,Williams,1,15.0,True,3,Japanese Grand Prix,True,C1,True,1.227,1.287,4.101,4.437,0.157,0.163,98.214
0 days 01:54:50.086000,SAI,55,96.427,29.0,2.0,,,True,HARD,7.0,True,Williams,1,15.0,True,3,Japanese Grand Prix,True,C1,True,1.121,1.176,3.995,4.322,0.377,0.393,98.17
0 days 01:56:26.220000,SAI,55,96.134,30.0,2.0,,,True,HARD,8.0,True,Williams,1,15.0,True,3,Japanese Grand Prix,True,C1,True,0.828,0.869,3.702,4.005,0.956,1.004,97.94
0 days 01:58:02.341000,SAI,55,96.121,31.0,2.0,,,True,HARD,9.0,True,Williams,1,15.0,True,3,Japanese Grand Prix,True,C1,True,0.815,0.855,3.689,3.991,1.445,1.526,97.989
0 days 01:59:37.924000,SAI,55,95.583,32.0,2.0,,,True,HARD,10.0,True,Williams,1,15.0,True,3,Japanese Grand Prix,True,C1,True,0.277,0.291,3.151,3.409,0.798,0.842,97.513
0 days 02:01:13.018000,SAI,55,95.094,33.0,2.0,,,True,HARD,11.0,True,Williams,1,15.0,True,3,Japanese Grand Prix,True,C1,True,-0.212,-0.222,2.662,2.88,0.348,0.367,97.086
0 days 02:02:48.156000,SAI,55,95.138,34.0,2.0,,,False,HARD,12.0,True,Williams,1,15.0,True,3,Japanese Grand Prix,True,C1,True,-0.168,-0.176,2.706,2.928,0.326,0.344,97.193
0 days 02:04:23.241000,SAI,55,95.085,35.0,2.0,,,True,HARD,13.0,True,Williams,1,15.0,True,3,Japanese Grand Prix,True,C1,True,-0.221,-0.232,2.653,2.87,0.043,0.045,97.202
0 days 02:05:58.144000,SAI,55,94.903,36.0,2.0,,,True,HARD,14.0,True,Williams,1,15.0,True,3,Japanese Grand Prix,True,C1,True,-0.403,-0.423,2.471,2.673,0.254,0.268,97.082
0 days 02:07:33.136000,SAI,55,94.992,37.0,2.0,,,False,HARD,15.0,True,Williams,1,15.0,True,3,Japanese Grand Prix,True,C1,True,-0.314,-0.329,2.56,2.77,0.133,0.14,97.234
0 days 02:09:07.650000,SAI,55,94.514,38.0,2.0,,,True,HARD,16.0,True,Williams,1,15.0,True,3,Japanese Grand Prix,True,C1,True,-0.792,-0.831,2.082,2.252,0.024,0.025,96.818
0 days 02:10:42.827000,SAI,55,95.177,39.0,2.0,,,False,HARD,17.0,True,Williams,1,15.0,True,3,Japanese Grand Prix,True,C1,True,-0.129,-0.135,2.745,2.97,0.74,0.784,97.543
0 days 02:12:17.753000,SAI,55,94.926,40.0,2.0,,,False,HARD,18.0,True,Williams,1,15.0,True,3,Japanese Grand Prix,True,C1,True,-0.38,-0.399,2.494,2.698,0.664,0.704,97.354
0 days 02:13:52.817000,SAI,55,95.064,41.0,2.0,,,False,HARD,19.0,True,Williams,1,15.0,True,3,Japanese Grand Prix,True,C1,True,-0.242,-0.254,2.632,2.847,0.567,0.6,97.555
0 days 02:15:27.888000,SAI,55,95.071,42.0,2.0,,,False,HARD,20.0,True,Williams,1,15.0,True,3,Japanese Grand Prix,True,C1,True,-0.235,-0.247,2.639,2.855,0.289,0.305,97.624
0 days 02:17:03.134000,SAI,55,95.246,43.0,2.0,,,False,HARD,21.0,True,Williams,1,15.0,True,3,Japanese Grand Prix,True,C1,True,-0.06,-0.063,2.814,3.044,0.442,0.466,97.861
0 days 02:18:38.188000,SAI,55,95.054,44.0,2.0,,,False,HARD,22.0,True,Williams,1,15.0,True,3,Japanese Grand Prix,True,C1,True,-0.252,-0.264,2.622,2.837,0.441,0.466,97.731
0 days 02:20:13.205000,SAI,55,95.017,45.0,2.0,,,False,HARD,23.0,True,Williams,1,15.0,True,3,Japanese Grand Prix,True,C1,True,-0.289,-0.303,2.585,2.797,0.223,0.235,97.757
0 days 02:21:48.512000,SAI,55,95.307,46.0,2.0,,,False,HARD,24.0,True,Williams,1,15.0,True,3,Japanese Grand Prix,True,C1,True,0.001,0.001,2.875,3.11,0.522,0.551,98.109
0 days 02:23:23.482000,SAI,55,94.97,47.0,2.0,,,False,HARD,25.0,True,Williams,1,15.0,True,3,Japanese Grand Prix,True,C1,True,-0.336,-0.353,2.538,2.746,0.254,0.268,97.834
0 days 02:24:58.503000,SAI,55,95.021,48.0,2.0,,,False,HARD,26.0,True,Williams,1,15.0,True,3,Japanese Grand Prix,True,C1,True,-0.285,-0.299,2.589,2.801,0.402,0.425,97.947
0 days 02:26:33.596000,SAI,55,95.093,49.0,2.0,,,False,HARD,27.0,True,Williams,1,15.0,True,3,Japanese Grand Prix,True,C1,True,-0.213,-0.223,2.661,2.879,0.327,0.345,98.082
0 days 02:28:08.814000,SAI,55,95.218,50.0,2.0,,,False,HARD,28.0,True,Williams,1,15.0,True,3,Japanese Grand Prix,True,C1,True,-0.088,-0.092,2.786,3.014,0.584,0.617,98.269
0 days 02:29:44.170000,SAI,55,95.356,51.0,2.0,,,False,HARD,29.0,True,Williams,1,15.0,True,3,Japanese Grand Prix,True,C1,True,0.05,0.052,2.924,3.163,1.02,1.081,98.469
0 days 02:31:18.831000,SAI,55,94.661,52.0,2.0,,,False,HARD,30.0,True,Williams,1,15.0,True,3,Japanese Grand Prix,True,C1,True,-0.645,-0.677,2.229,2.412,0.393,0.417,97.836
0 days 02:32:53.370000,SAI,55,94.539,53.0,2.0,,,False,HARD,31.0,True,Williams,1,15.0,True,3,Japanese Grand Prix,True,C1,True,-0.767,-0.805,2.107,2.28,0.476,0.506,97.777
0 days 01:05:25.257000,HAD,6,,1.0,1.0,,,False,MEDIUM,1.0,True,Red Bull Racing,1,8.0,False,3,Japanese Grand Prix,True,C2,False,,,,,,,
0 days 01:07:03.518000,HAD,6,98.261,2.0,1.0,,,True,MEDIUM,2.0,True,Red Bull Racing,1,10.0,True,3,Japanese Grand Prix,True,C2,True,2.955,3.101,5.829,6.306,1.419,1.465,98.323
0 days 01:08:40.711000,HAD,6,97.193,3.0,1.0,,,True,MEDIUM,3.0,True,Red Bull Racing,1,11.0,True,3,Japanese Grand Prix,True,C2,True,1.887,1.98,4.761,5.151,0.413,0.427,97.318
0 days 01:10:16.728000,HAD,6,96.017,4.0,1.0,,,True,MEDIUM,4.0,True,Red Bull Racing,1,11.0,True,3,Japanese Grand Prix,True,C2,True,0.711,0.746,3.585,3.879,-0.459,-0.476,96.204
0 days 01:11:53.091000,HAD,6,96.363,5.0,1.0,,,False,MEDIUM,5.0,True,Red Bull Racing,1,11.0,True,3,Japanese Grand Prix,True,C2,True,1.057,1.109,3.931,4.253,-0.303,-0.313,96.612
0 days 01:13:30.196000,HAD,6,97.105,6.0,1.0,,,False,MEDIUM,6.0,True,Red Bull Racing,1,11.0,True,3,Japanese Grand Prix,True,C2,True,1.799,1.888,4.673,5.056,0.195,0.201,97.416
0 days 01:15:06.589000,HAD,6,96.393,7.0,1.0,,,False,MEDIUM,7.0,True,Red Bull Racing,1,11.0,True,3,Japanese Grand Prix,True,C2,True,1.087,1.141,3.961,4.285,0.001,0.001,96.767
0 days 01:16:42.792000,HAD,6,96.203,8.0,1.0,,,False,MEDIUM,8.0,True,Red Bull Racing,1,11.0,True,3,Japanese Grand Prix,True,C2,True,0.897,0.941,3.771,4.08,-0.044,-0.046,96.639
0 days 01:18:19.297000,HAD,6,96.505,9.0,1.0,,,False,MEDIUM,9.0,True,Red Bull Racing,1,11.0,True,3,Japanese Grand Prix,True,C2,True,1.199,1.258,4.073,4.406,0.131,0.136,97.003
0 days 01:19:55.531000,HAD,6,96.234,10.0,1.0,,,False,MEDIUM,10.0,True,Red Bull Racing,1,11.0,True,3,Japanese Grand Prix,True,C2,True,0.928,0.974,3.802,4.113,-0.226,-0.234,96.794
0 days 01:21:32.472000,HAD,6,96.941,11.0,1.0,,,False,MEDIUM,11.0,True,Red Bull Racing,1,11.0,True,3,Japanese Grand Prix,True,C2,True,1.635,1.716,4.509,4.878,0.421,0.436,97.564
0 days 01:23:11.164000,HAD,6,98.692,12.0,1.0,,,False,MEDIUM,12.0,True,Red Bull Racing,1,11.0,True,3,Japanese Grand Prix,True,C2,True,3.386,3.553,6.26,6.773,1.702,1.755,99.377
0 days 01:24:47.628000,HAD,6,96.464,13.0,1.0,,,False,MEDIUM,13.0,True,Red Bull Racing,1,11.0,True,3,Japanese Grand Prix,True,C2,True,1.158,1.215,4.032,4.362,-0.282,-0.291,97.211
0 days 01:26:24.300000,HAD,6,96.672,14.0,1.0,,,False,MEDIUM,14.0,True,Red Bull Racing,1,11.0,True,3,Japanese Grand Prix,True,C2,True,1.366,1.433,4.24,4.587,0.014,0.014,97.481
0 days 01:28:01.077000,HAD,6,96.777,15.0,1.0,,,False,MEDIUM,15.0,True,Red Bull Racing,1,11.0,True,3,Japanese Grand Prix,True,C2,True,1.471,1.543,4.345,4.701,0.161,0.167,97.649
0 days 01:29:38.281000,HAD,6,97.204,16.0,1.0,,,False,MEDIUM,16.0,True,Red Bull Racing,1,11.0,True,3,Japanese Grand Prix,True,C2,True,1.898,1.991,4.772,5.163,0.464,0.48,98.138
0 days 01:31:15.266000,HAD,6,96.985,17.0,1.0,,,False,MEDIUM,17.0,True,Red Bull Racing,1,11.0,True,3,Japanese Grand Prix,True,C2,True,1.679,1.762,4.553,4.926,0.235,0.243,97.981
0 days 01:32:51.560000,HAD,6,96.294,18.0,1.0,,,False,MEDIUM,18.0,True,Red Bull Racing,1,10.0,True,3,Japanese Grand Prix,True,C2,True,0.988,1.037,3.862,4.178,-0.081,-0.084,97.352
0 days 01:34:29.295000,HAD,6,97.735,19.0,1.0,,0 days 01:34:28.049000,False,MEDIUM,19.0,True,Red Bull Racing,1,10.0,False,3,Japanese Grand Prix,True,C2,False,2.429,2.549,5.303,5.737,1.83,1.908,98.856
0 days 01:36:25.256000,HAD,6,115.961,20.0,2.0,0 days 01:34:51.600000,,False,HARD,1.0,True,Red Bull Racing,1,15.0,False,3,Japanese Grand Prix,True,C1,False,20.655,21.672,23.529,25.455,20.357,21.293,117.144
0 days 01:38:05.189000,HAD,6,99.933,21.0,2.0,,,False,HARD,2.0,True,Red Bull Racing,124,15.0,False,3,Japanese Grand Prix,True,C1,False,4.627,4.855,7.501,8.115,3.809,3.963,101.178
0 days 01:40:10.899000,HAD,6,125.71,22.0,2.0,,,False,HARD,3.0,True,Red Bull Racing,4,15.0,False,3,Japanese Grand Prix,True,C1,False,30.404,31.901,33.278,36.003,0.028,0.022,127.018
0 days 01:42:18.539000,HAD,6,127.64,23.0,2.0,,,False,HARD,4.0,True,Red Bull Racing,4,13.0,False,3,Japanese Grand Prix,True,C1,False,32.334,33.927,35.208,38.091,-0.348,-0.272,129.01
0 days 01:44:23.481000,HAD,6,124.942,24.0,2.0,,,False,HARD,5.0,True,Red Bull Racing,4,13.0,False,3,Japanese Grand Prix,True,C1,False,29.636,31.096,32.51,35.172,-0.388,-0.31,126.374
0 days 01:46:53.872000,HAD,6,,25.0,2.0,,,False,HARD,6.0,True,Red Bull Racing,4,13.0,False,3,Japanese Grand Prix,True,C1,False,,,,,,,
0 days 01:49:21.114000,HAD,6,147.242,26.0,2.0,,,False,HARD,7.0,True,Red Bull Racing,4,13.0,False,3,Japanese Grand Prix,True,C1,False,51.936,54.494,54.81,59.298,0.146,0.099,148.799
0 days 01:51:36.239000,HAD,6,135.125,27.0,2.0,,,False,HARD,8.0,True,Red Bull Racing,41,13.0,False,3,Japanese Grand Prix,True,C1,False,39.819,41.78,42.693,46.189,-0.747,-0.55,136.744
0 days 01:53:12.615000,HAD,6,96.376,28.0,2.0,,,False,HARD,9.0,True,Red Bull Racing,1,13.0,True,3,Japanese Grand Prix,True,C1,True,1.07,1.123,3.944,4.267,0.0,0.0,98.057
0 days 01:54:48.665000,HAD,6,96.05,29.0,2.0,,,False,HARD,10.0,True,Red Bull Racing,1,12.0,True,3,Japanese Grand Prix,True,C1,True,0.744,0.781,3.618,3.914,0.0,0.0,97.793
0 days 01:56:24.150000,HAD,6,95.485,30.0,2.0,,,True,HARD,11.0,True,Red Bull Racing,1,12.0,True,3,Japanese Grand Prix,True,C1,True,0.179,0.188,3.053,3.303,0.307,0.323,97.291
0 days 01:57:59.405000,HAD,6,95.255,31.0,2.0,,,True,HARD,12.0,True,Red Bull Racing,1,12.0,True,3,Japanese Grand Prix,True,C1,True,-0.051,-0.054,2.823,3.054,0.579,0.612,97.123
0 days 01:59:34.391000,HAD,6,94.986,32.0,2.0,,,True,HARD,13.0,True,Red Bull Racing,1,12.0,True,3,Japanese Grand Prix,True,C1,True,-0.32,-0.336,2.554,2.763,0.201,0.212,96.916
0 days 02:01:09.109000,HAD,6,94.718,33.0,2.0,,,True,HARD,14.0,True,Red Bull Racing,1,12.0,True,3,Japanese Grand Prix,True,C1,True,-0.588,-0.617,2.286,2.473,-0.028,-0.03,96.71
0 days 02:02:44.254000,HAD,6,95.145,34.0,2.0,,,False,HARD,15.0,True,Red Bull Racing,1,12.0,True,3,Japanese Grand Prix,True,C1,True,-0.161,-0.169,2.713,2.935,0.333,0.351,97.2
0 days 02:04:19.894000,HAD,6,95.64,35.0,2.0,,,False,HARD,16.0,True,Red Bull Racing,1,12.0,True,3,Japanese Grand Prix,True,C1,True,0.334,0.35,3.208,3.471,0.598,0.629,97.757
0 days 02:05:53.854000,HAD,6,93.96,36.0,2.0,,,True,HARD,17.0,True,Red Bull Racing,1,11.0,True,3,Japanese Grand Prix,True,C1,True,-1.346,-1.412,1.528,1.653,-0.689,-0.728,96.139
0 days 02:07:28.491000,HAD,6,94.637,37.0,2.0,,,False,HARD,18.0,True,Red Bull Racing,1,11.0,True,3,Japanese Grand Prix,True,C1,True,-0.669,-0.702,2.205,2.386,-0.222,-0.234,96.879
0 days 02:09:02.957000,HAD,6,94.466,38.0,2.0,,,False,HARD,19.0,True,Red Bull Racing,1,11.0,True,3,Japanese Grand Prix,True,C1,True,-0.84,-0.881,2.034,2.201,-0.024,-0.025,96.77
0 days 02:10:37.515000,HAD,6,94.558,39.0,2.0,,,False,HARD,20.0,True,Red Bull Racing,1,11.0,True,3,Japanese Grand Prix,True,C1,True,-0.748,-0.785,2.126,2.3,0.121,0.128,96.924
0 days 02:12:11.876000,HAD,6,94.361,40.0,2.0,,,False,HARD,21.0,True,Red Bull Racing,1,11.0,True,3,Japanese Grand Prix,True,C1,True,-0.945,-0.992,1.929,2.087,0.099,0.105,96.789
0 days 02:13:46.358000,HAD,6,94.482,41.0,2.0,,,False,HARD,22.0,True,Red Bull Racing,1,11.0,True,3,Japanese Grand Prix,True,C1,True,-0.824,-0.865,2.05,2.218,-0.015,-0.016,96.973
0 days 02:15:20.901000,HAD,6,94.543,42.0,2.0,,,False,HARD,23.0,True,Red Bull Racing,1,11.0,True,3,Japanese Grand Prix,True,C1,True,-0.763,-0.801,2.111,2.284,-0.239,-0.252,97.096
0 days 02:16:55.773000,HAD,6,94.872,43.0,2.0,,,False,HARD,24.0,True,Red Bull Racing,1,11.0,True,3,Japanese Grand Prix,True,C1,True,-0.434,-0.455,2.44,2.64,0.068,0.072,97.487
0 days 02:18:30.149000,HAD,6,94.376,44.0,2.0,,,False,HARD,25.0,True,Red Bull Racing,1,11.0,True,3,Japanese Grand Prix,True,C1,True,-0.93,-0.976,1.944,2.103,-0.237,-0.25,97.053
0 days 02:20:06.063000,HAD,6,95.914,45.0,2.0,,,False,HARD,26.0,True,Red Bull Racing,1,11.0,True,3,Japanese Grand Prix,True,C1,True,0.608,0.638,3.482,3.767,1.12,1.182,98.654
0 days 02:21:42.175000,HAD,6,96.112,46.0,2.0,,,False,HARD,27.0,True,Red Bull Racing,1,11.0,True,3,Japanese Grand Prix,True,C1,True,0.806,0.846,3.68,3.981,1.327,1.4,98.914
0 days 02:23:17.541000,HAD,6,95.366,47.0,2.0,,,False,HARD,28.0,True,Red Bull Racing,1,12.0,True,3,Japanese Grand Prix,True,C1,True,0.06,0.063,2.934,3.174,0.65,0.686,98.23
0 days 02:24:52.513000,HAD,6,94.972,48.0,2.0,,,False,HARD,29.0,True,Red Bull Racing,1,12.0,True,3,Japanese Grand Prix,True,C1,True,-0.334,-0.35,2.54,2.748,0.353,0.373,97.898
0 days 02:26:27.459000,HAD,6,94.946,49.0,2.0,,,False,HARD,30.0,True,Red Bull Racing,1,12.0,True,3,Japanese Grand Prix,True,C1,True,-0.36,-0.378,2.514,2.72,0.18,0.19,97.935
0 days 02:28:02.233000,HAD,6,94.774,50.0,2.0,,,False,HARD,31.0,True,Red Bull Racing,1,12.0,True,3,Japanese Grand Prix,True,C1,True,-0.532,-0.558,2.342,2.534,0.14,0.148,97.825
0 days 02:29:36.359000,HAD,6,94.126,51.0,2.0,,,False,HARD,32.0,True,Red Bull Racing,1,12.0,True,3,Japanese Grand Prix,True,C1,True,-1.18,-1.238,1.694,1.833,-0.21,-0.223,97.239
0 days 02:31:10.660000,HAD,6,94.301,52.0,2.0,,,False,HARD,33.0,True,Red Bull Racing,1,12.0,True,3,Japanese Grand Prix,True,C1,True,-1.005,-1.054,1.869,2.022,0.033,0.035,97.476
0 days 02:32:44.497000,HAD,6,93.837,53.0,2.0,,,True,HARD,34.0,True,Red Bull Racing,1,12.0,True,3,Japanese Grand Prix,True,C1,True,-1.469,-1.541,1.405,1.52,-0.226,-0.24,97.075
0 days 01:05:22.787000,RUS,63,,1.0,1.0,,,False,MEDIUM,1.0,True,Mercedes,1,4.0,False,3,Japanese Grand Prix,True,C2,False,,,,,,,
0 days 01:06:57.657000,RUS,63,94.87,2.0,1.0,,,True,MEDIUM,2.0,True,Mercedes,1,4.0,True,3,Japanese Grand Prix,True,C2,True,-0.436,-0.457,2.438,2.638,-1.972,-2.036,94.932
0 days 01:08:32.126000,RUS,63,94.469,3.0,1.0,,,True,MEDIUM,3.0,True,Mercedes,1,3.0,True,3,Japanese Grand Prix,True,C2,True,-0.837,-0.878,2.037,2.204,-2.311,-2.388,94.594
0 days 01:10:06.898000,RUS,63,94.772,4.0,1.0,,,False,MEDIUM,4.0,True,Mercedes,1,2.0,True,3,Japanese Grand Prix,True,C2,True,-0.534,-0.56,2.34,2.532,-1.704,-1.766,94.959
0 days 01:11:41.608000,RUS,63,94.71,5.0,1.0,,,False,MEDIUM,5.0,True,Mercedes,1,2.0,True,3,Japanese Grand Prix,True,C2,True,-0.596,-0.625,2.278,2.465,-1.956,-2.023,94.959
0 days 01:13:16.404000,RUS,63,94.796,6.0,1.0,,,False,MEDIUM,6.0,True,Mercedes,1,2.0,True,3,Japanese Grand Prix,True,C2,True,-0.51,-0.535,2.364,2.558,-2.114,-2.181,95.107
0 days 01:14:51.145000,RUS,63,94.741,7.0,1.0,,,False,MEDIUM,7.0,True,Mercedes,1,2.0,True,3,Japanese Grand Prix,True,C2,True,-0.565,-0.593,2.309,2.498,-1.651,-1.713,95.115
0 days 01:16:26.188000,RUS,63,95.043,8.0,1.0,,,False,MEDIUM,8.0,True,Mercedes,1,1.0,True,3,Japanese Grand Prix,True,C2,True,-0.263,-0.276,2.611,2.825,-1.204,-1.251,95.479
0 days 01:18:02.230000,RUS,63,96.042,9.0,1.0,,,False,MEDIUM,9.0,True,Mercedes,1,2.0,True,3,Japanese Grand Prix,True,C2,True,0.736,0.772,3.61,3.906,-0.332,-0.344,96.54
0 days 01:19:37.166000,RUS,63,94.936,10.0,1.0,,,False,MEDIUM,10.0,True,Mercedes,1,2.0,True,3,Japanese Grand Prix,True,C2,True,-0.37,-0.388,2.504,2.709,-1.524,-1.58,95.496
0 days 01:21:12.498000,RUS,63,95.332,11.0,1.0,,,False,MEDIUM,11.0,True,Mercedes,1,2.0,True,3,Japanese Grand Prix,True,C2,True,0.026,0.027,2.9,3.137,-1.188,-1.231,95.955
0 days 01:22:47.576000,RUS,63,95.078,12.0,1.0,,,False,MEDIUM,12.0,True,Mercedes,1,2.0,True,3,Japanese Grand Prix,True,C2,True,-0.228,-0.239,2.646,2.863,-1.912,-1.971,95.763
0 days 01:24:22.825000,RUS,63,95.249,13.0,1.0,,,False,MEDIUM,13.0,True,Mercedes,1,2.0,True,3,Japanese Grand Prix,True,C2,True,-0.057,-0.06,2.817,3.048,-1.497,-1.547,95.996
0 days 01:25:57.926000,RUS,63,95.101,14.0,1.0,,,False,MEDIUM,14.0,True,Mercedes,1,2.0,True,3,Japanese Grand Prix,True,C2,True,-0.205,-0.215,2.669,2.888,-1.557,-1.611,95.91
0 days 01:27:33.074000,RUS,63,95.148,15.0,1.0,,,False,MEDIUM,15.0,True,Mercedes,1,2.0,True,3,Japanese Grand Prix,True,C2,True,-0.158,-0.166,2.716,2.938,-1.468,-1.519,96.02
0 days 01:29:08.327000,RUS,63,95.253,16.0,1.0,,,False,MEDIUM,16.0,True,Mercedes,1,2.0,True,3,Japanese Grand Prix,True,C2,True,-0.053,-0.056,2.821,3.052,-1.487,-1.537,96.187
0 days 01:30:43.360000,RUS,63,95.033,17.0,1.0,,,False,MEDIUM,17.0,True,Mercedes,1,2.0,True,3,Japanese Grand Prix,True,C2,True,-0.273,-0.286,2.601,2.814,-1.717,-1.775,96.029
0 days 01:32:18.148000,RUS,63,94.788,18.0,1.0,,,False,MEDIUM,18.0,True,Mercedes,1,1.0,True,3,Japanese Grand Prix,True,C2,True,-0.518,-0.544,2.356,2.549,-1.587,-1.647,95.846
0 days 01:33:53.135000,RUS,63,94.987,19.0,1.0,,,False,MEDIUM,19.0,True,Mercedes,1,1.0,True,3,Japanese Grand Prix,True,C2,True,-0.319,-0.335,2.555,2.764,-0.918,-0.957,96.108
0 days 01:35:27.658000,RUS,63,94.523,20.0,1.0,,,False,MEDIUM,20.0,True,Mercedes,1,1.0,True,3,Japanese Grand Prix,True,C2,True,-0.783,-0.822,2.091,2.262,-1.081,-1.131,95.706
0 days 01:37:04.163000,RUS,63,96.505,21.0,1.0,,0 days 01:37:02.807000,False,MEDIUM,21.0,True,Mercedes,1,2.0,False,3,Japanese Grand Prix,True,C2,False,1.199,1.258,4.073,4.406,0.381,0.396,97.75
0 days 01:39:23.426000,RUS,63,139.263,22.0,2.0,0 days 01:37:25.793000,,False,HARD,1.0,True,Mercedes,124,5.0,False,3,Japanese Grand Prix,True,C1,False,43.957,46.122,46.831,50.665,13.581,10.806,140.571
0 days 01:41:41.530000,RUS,63,138.104,23.0,2.0,,,False,HARD,2.0,True,Mercedes,4,3.0,False,3,Japanese Grand Prix,True,C1,False,42.798,44.906,45.672,49.411,10.116,7.904,139.474
0 days 01:44:10.602000,RUS,63,149.072,24.0,2.0,,,False,HARD,3.0,True,Mercedes,4,3.0,False,3,Japanese Grand Prix,True,C1,False,53.766,56.414,56.64,61.277,23.742,18.944,150.504
0 days 01:46:41.150000,RUS,63,,25.0,2.0,,,False,HARD,4.0,True,Mercedes,4,3.0,False,3,Japanese Grand Prix,True,C1,False,,,,,,,
0 days 01:49:05.907000,RUS,63,144.757,26.0,2.0,,,False,HARD,5.0,True,Mercedes,4,3.0,False,3,Japanese Grand Prix,True,C1,False,49.451,51.887,52.325,56.609,-2.339,-1.59,146.314
0 days 01:51:31.647000,RUS,63,145.74,27.0,2.0,,,False,HARD,6.0,True,Mercedes,41,3.0,False,3,Japanese Grand Prix,True,C1,False,50.434,52.918,53.308,57.673,9.868,7.263,147.359
0 days 01:53:06.889000,RUS,63,95.242,28.0,2.0,,,False,HARD,7.0,True,Mercedes,1,4.0,True,3,Japanese Grand Prix,True,C1,True,-0.064,-0.067,2.81,3.04,-1.134,-1.177,96.923
0 days 01:54:40.606000,RUS,63,93.717,29.0,2.0,,,True,HARD,8.0,True,Mercedes,1,4.0,True,3,Japanese Grand Prix,True,C1,True,-1.589,-1.667,1.285,1.39,-2.333,-2.429,95.46
0 days 01:56:14.218000,RUS,63,93.612,30.0,2.0,,,True,HARD,9.0,True,Mercedes,1,4.0,True,3,Japanese Grand Prix,True,C1,True,-1.694,-1.777,1.18,1.277,-1.566,-1.645,95.418
0 days 01:57:48.123000,RUS,63,93.905,31.0,2.0,,,False,HARD,10.0,True,Mercedes,1,4.0,True,3,Japanese Grand Prix,True,C1,True,-1.401,-1.47,1.473,1.594,-0.771,-0.814,95.773
0 days 01:59:21.528000,RUS,63,93.405,32.0,2.0,,,True,HARD,11.0,True,Mercedes,1,4.0,True,3,Japanese Grand Prix,True,C1,True,-1.901,-1.995,0.973,1.053,-1.38,-1.456,95.335
0 days 02:00:55.028000,RUS,63,93.5,33.0,2.0,,,False,HARD,12.0,True,Mercedes,1,4.0,True,3,Japanese Grand Prix,True,C1,True,-1.806,-1.895,1.068,1.155,-1.246,-1.315,95.492
0 days 02:02:28.513000,RUS,63,93.485,34.0,2.0,,,False,HARD,13.0,True,Mercedes,1,4.0,True,3,Japanese Grand Prix,True,C1,True,-1.821,-1.911,1.053,1.139,-1.327,-1.4,95.54
0 days 02:04:01.849000,RUS,63,93.336,35.0,2.0,,,True,HARD,14.0,True,Mercedes,1,4.0,True,3,Japanese Grand Prix,True,C1,True,-1.97,-2.067,0.904,0.978,-1.706,-1.795,95.453
0 days 02:05:35.522000,RUS,63,93.673,36.0,2.0,,,False,HARD,15.0,True,Mercedes,1,4.0,True,3,Japanese Grand Prix,True,C1,True,-1.633,-1.713,1.241,1.343,-0.976,-1.031,95.852
0 days 02:07:10.330000,RUS,63,94.808,37.0,2.0,,,False,HARD,16.0,True,Mercedes,1,5.0,True,3,Japanese Grand Prix,True,C1,True,-0.498,-0.523,2.376,2.571,-0.051,-0.054,97.05
0 days 02:08:43.857000,RUS,63,93.527,38.0,2.0,,,False,HARD,17.0,True,Mercedes,1,5.0,True,3,Japanese Grand Prix,True,C1,True,-1.779,-1.867,1.095,1.185,-0.963,-1.019,95.831
0 days 02:10:17.311000,RUS,63,93.454,39.0,2.0,,,False,HARD,18.0,True,Mercedes,1,5.0,True,3,Japanese Grand Prix,True,C1,True,-1.852,-1.943,1.022,1.106,-0.983,-1.041,95.82
0 days 02:11:50.972000,RUS,63,93.661,40.0,2.0,,,False,HARD,19.0,True,Mercedes,1,5.0,True,3,Japanese Grand Prix,True,C1,True,-1.645,-1.726,1.229,1.33,-0.601,-0.638,96.089
0 days 02:13:25.163000,RUS,63,94.191,41.0,2.0,,,False,HARD,20.0,True,Mercedes,1,5.0,True,3,Japanese Grand Prix,True,C1,True,-1.115,-1.17,1.759,1.903,-0.306,-0.324,96.682
0 days 02:14:59.194000,RUS,63,94.031,42.0,2.0,,,False,HARD,21.0,True,Mercedes,1,5.0,True,3,Japanese Grand Prix,True,C1,True,-1.275,-1.338,1.599,1.73,-0.751,-0.792,96.584
0 days 02:16:32.091000,RUS,63,92.897,43.0,2.0,,,True,HARD,22.0,True,Mercedes,1,4.0,True,3,Japanese Grand Prix,True,C1,True,-2.409,-2.528,0.465,0.503,-1.907,-2.012,95.512
0 days 02:18:05.144000,RUS,63,93.053,44.0,2.0,,,False,HARD,23.0,True,Mercedes,1,4.0,True,3,Japanese Grand Prix,True,C1,True,-2.253,-2.364,0.621,0.672,-1.56,-1.649,95.73
0 days 02:19:38.418000,RUS,63,93.274,45.0,2.0,,,False,HARD,24.0,True,Mercedes,1,4.0,True,3,Japanese Grand Prix,True,C1,True,-2.032,-2.132,0.842,0.911,-1.52,-1.603,96.014
0 days 02:21:11.564000,RUS,63,93.146,46.0,2.0,,,False,HARD,25.0,True,Mercedes,1,4.0,True,3,Japanese Grand Prix,True,C1,True,-2.16,-2.266,0.714,0.772,-1.639,-1.729,95.948
0 days 02:22:44.740000,RUS,63,93.176,47.0,2.0,,,False,HARD,26.0,True,Mercedes,1,4.0,True,3,Japanese Grand Prix,True,C1,True,-2.13,-2.235,0.744,0.805,-1.54,-1.626,96.04
0 days 02:24:17.786000,RUS,63,93.046,48.0,2.0,,,False,HARD,27.0,True,Mercedes,1,4.0,True,3,Japanese Grand Prix,True,C1,True,-2.26,-2.371,0.614,0.664,-1.573,-1.662,95.972
0 days 02:25:51.140000,RUS,63,93.354,49.0,2.0,,,False,HARD,28.0,True,Mercedes,1,4.0,True,3,Japanese Grand Prix,True,C1,True,-1.952,-2.048,0.922,0.997,-1.412,-1.49,96.343
0 days 02:27:24.357000,RUS,63,93.217,50.0,2.0,,,False,HARD,29.0,True,Mercedes,1,3.0,True,3,Japanese Grand Prix,True,C1,True,-2.089,-2.192,0.785,0.849,-1.417,-1.497,96.268
0 days 02:28:58.445000,RUS,63,94.088,51.0,2.0,,,False,HARD,30.0,True,Mercedes,1,4.0,True,3,Japanese Grand Prix,True,C1,True,-1.218,-1.278,1.656,1.792,-0.248,-0.263,97.201
0 days 02:30:31.555000,RUS,63,93.11,52.0,2.0,,,False,HARD,31.0,True,Mercedes,1,4.0,True,3,Japanese Grand Prix,True,C1,True,-2.196,-2.304,0.678,0.734,-1.158,-1.228,96.285
0 days 02:32:04.104000,RUS,63,92.549,53.0,2.0,,,True,HARD,32.0,True,Mercedes,1,4.0,True,3,Japanese Grand Prix,True,C1,True,-2.757,-2.893,0.117,0.127,-1.514,-1.61,95.787
0 days 01:05:32.801000,BOT,77,,1.0,1.0,,,False,HARD,1.0,True,Cadillac,1,21.0,False,3,Japanese Grand Prix,True,C1,False,,,,,,,
0 days 01:07:12.159000,BOT,77,99.358,2.0,1.0,,,True,HARD,2.0,True,Cadillac,1,22.0,True,3,Japanese Grand Prix,True,C1,True,4.052,4.252,6.926,7.493,2.516,2.598,99.42
0 days 01:08:50.470000,BOT,77,98.311,3.0,1.0,,,True,HARD,3.0,True,Cadillac,1,22.0,True,3,Japanese Grand Prix,True,C1,True,3.005,3.153,5.879,6.36,1.531,1.582,98.436
0 days 01:10:28.954000,BOT,77,98.484,4.0,1.0,,,False,HARD,4.0,True,Cadillac,1,22.0,True,3,Japanese Grand Prix,True,C1,True,3.178,3.335,6.052,6.548,2.008,2.081,98.671
0 days 01:12:07.449000,BOT,77,98.495,5.0,1.0,,,False,HARD,5.0,True,Cadillac,1,22.0,True,3,Japanese Grand Prix,True,C1,True,3.189,3.346,6.063,6.559,1.829,1.892,98.744
0 days 01:13:46.076000,BOT,77,98.627,6.0,1.0,,,False,HARD,6.0,True,Cadillac,1,22.0,True,3,Japanese Grand Prix,True,C1,True,3.321,3.485,6.195,6.702,1.717,1.772,98.938
0 days 01:15:24.561000,BOT,77,98.485,7.0,1.0,,,False,HARD,7.0,True,Cadillac,1,22.0,True,3,Japanese Grand Prix,True,C1,True,3.179,3.336,6.053,6.549,2.093,2.171,98.859
0 days 01:17:03.219000,BOT,77,98.658,8.0,1.0,,,False,HARD,8.0,True,Cadillac,1,22.0,True,3,Japanese Grand Prix,True,C1,True,3.352,3.517,6.226,6.736,2.411,2.505,99.094
0 days 01:18:42.042000,BOT,77,98.823,9.0,1.0,,,False,HARD,9.0,True,Cadillac,1,22.0,True,3,Japanese Grand Prix,True,C1,True,3.517,3.69,6.391,6.914,2.449,2.541,99.321
0 days 01:20:20.877000,BOT,77,98.835,10.0,1.0,,,False,HARD,10.0,True,Cadillac,1,22.0,True,3,Japanese Grand Prix,True,C1,True,3.529,3.703,6.403,6.927,2.375,2.462,99.395
0 days 01:21:59.746000,BOT,77,98.869,11.0,1.0,,,False,HARD,11.0,True,Cadillac,1,22.0,True,3,Japanese Grand Prix,True,C1,True,3.563,3.738,6.437,6.964,2.349,2.434,99.492
0 days 01:23:39.018000,BOT,77,99.272,12.0,1.0,,,False,HARD,12.0,True,Cadillac,1,22.0,True,3,Japanese Grand Prix,True,C1,True,3.966,4.161,6.84,7.4,2.282,2.353,99.957
0 days 01:25:17.732000,BOT,77,98.714,13.0,1.0,,,False,HARD,13.0,True,Cadillac,1,22.0,True,3,Japanese Grand Prix,True,C1,True,3.408,3.576,6.282,6.796,1.968,2.034,99.461
0 days 01:26:57.179000,BOT,77,99.447,14.0,1.0,,,False,HARD,14.0,True,Cadillac,1,22.0,True,3,Japanese Grand Prix,True,C1,True,4.141,4.345,7.015,7.589,2.789,2.885,100.256
0 days 01:28:36.130000,BOT,77,98.951,15.0,1.0,,,False,HARD,15.0,True,Cadillac,1,22.0,True,3,Japanese Grand Prix,True,C1,True,3.645,3.825,6.519,7.053,2.335,2.417,99.823
0 days 01:30:14.550000,BOT,77,98.42,16.0,1.0,,,False,HARD,16.0,True,Cadillac,1,22.0,True,3,Japanese Grand Prix,True,C1,True,3.114,3.267,5.988,6.478,1.68,1.737,99.354
0 days 01:31:53.677000,BOT,77,99.127,17.0,1.0,,,False,HARD,17.0,True,Cadillac,1,22.0,True,3,Japanese Grand Prix,True,C1,True,3.821,4.009,6.695,7.243,2.377,2.457,100.123
0 days 01:33:35.690000,BOT,77,102.013,18.0,1.0,,,False,HARD,18.0,True,Cadillac,1,22.0,True,3,Japanese Grand Prix,True,C1,True,6.707,7.037,9.581,10.365,5.638,5.85,103.071
0 days 01:35:17.633000,BOT,77,101.943,19.0,1.0,,0 days 01:35:16.312000,False,HARD,19.0,True,Cadillac,1,22.0,False,3,Japanese Grand Prix,True,C1,False,6.637,6.964,9.511,10.29,6.038,6.296,103.064
0 days 01:37:17.922000,BOT,77,120.289,20.0,2.0,0 days 01:35:41.437000,,False,MEDIUM,1.0,True,Cadillac,1,22.0,False,3,Japanese Grand Prix,True,C2,False,24.983,26.213,27.857,30.138,24.685,25.82,121.472
0 days 01:39:17.899000,BOT,77,119.977,21.0,2.0,,,False,MEDIUM,2.0,True,Cadillac,124,21.0,False,3,Japanese Grand Prix,True,C2,False,24.671,25.886,27.545,29.8,23.853,24.815,121.222
0 days 01:41:38.257000,BOT,77,140.358,22.0,2.0,,,False,MEDIUM,3.0,True,Cadillac,4,21.0,False,3,Japanese Grand Prix,True,C2,False,45.052,47.271,47.926,51.85,14.676,11.677,141.666
0 days 01:44:08.084000,BOT,77,149.827,23.0,2.0,,,False,MEDIUM,4.0,True,Cadillac,4,21.0,False,3,Japanese Grand Prix,True,C2,False,54.521,57.206,57.395,62.094,21.839,17.063,151.197
0 days 01:46:39.043000,BOT,77,,24.0,2.0,,,False,MEDIUM,5.0,True,Cadillac,4,21.0,False,3,Japanese Grand Prix,True,C2,False,,,,,,,
0 days 01:48:35.439000,BOT,77,116.396,25.0,2.0,,,False,MEDIUM,6.0,True,Cadillac,4,21.0,False,3,Japanese Grand Prix,True,C2,False,21.09,22.129,23.964,25.926,-17.395,-13.002,117.89
0 days 01:50:14.818000,BOT,77,99.379,26.0,2.0,,,False,MEDIUM,7.0,True,Cadillac,4,21.0,False,3,Japanese Grand Prix,True,C2,False,4.073,4.274,6.947,7.516,-47.717,-32.439,100.936
0 days 01:51:52.971000,BOT,77,98.153,27.0,2.0,,,True,MEDIUM,8.0,True,Cadillac,41,21.0,False,3,Japanese Grand Prix,True,C2,False,2.847,2.987,5.721,6.189,-37.719,-27.761,99.772
0 days 01:53:30.134000,BOT,77,97.163,28.0,2.0,,,True,MEDIUM,9.0,True,Cadillac,1,21.0,True,3,Japanese Grand Prix,True,C2,True,1.857,1.948,4.731,5.118,0.787,0.817,98.844
0 days 01:55:07.337000,BOT,77,97.203,29.0,2.0,,,False,MEDIUM,10.0,True,Cadillac,1,21.0,True,3,Japanese Grand Prix,True,C2,True,1.897,1.99,4.771,5.162,1.153,1.2,98.946
0 days 01:56:44.706000,BOT,77,97.369,30.0,2.0,,,False,MEDIUM,11.0,True,Cadillac,1,21.0,True,3,Japanese Grand Prix,True,C2,True,2.063,2.165,4.937,5.341,2.191,2.302,99.175
0 days 01:58:21.818000,BOT,77,97.112,31.0,2.0,,,True,MEDIUM,12.0,True,Cadillac,1,20.0,True,3,Japanese Grand Prix,True,C2,True,1.806,1.895,4.68,5.063,2.436,2.573,98.98
0 days 01:59:58.960000,BOT,77,97.142,32.0,2.0,,,False,MEDIUM,13.0,True,Cadillac,1,20.0,True,3,Japanese Grand Prix,True,C2,True,1.836,1.926,4.71,5.096,2.357,2.487,99.072
0 days 02:01:36.032000,BOT,77,97.072,33.0,2.0,,,True,MEDIUM,14.0,True,Cadillac,1,20.0,True,3,Japanese Grand Prix,True,C2,True,1.766,1.853,4.64,5.02,2.326,2.455,99.064
0 days 02:03:13.091000,BOT,77,97.059,34.0,2.0,,,True,MEDIUM,15.0,True,Cadillac,1,20.0,True,3,Japanese Grand Prix,True,C2,True,1.753,1.839,4.627,5.006,2.247,2.37,99.114
0 days 02:04:50.260000,BOT,77,97.169,35.0,2.0,,,False,MEDIUM,16.0,True,Cadillac,1,20.0,True,3,Japanese Grand Prix,True,C2,True,1.863,1.955,4.737,5.125,2.127,2.238,99.286
0 days 02:06:27.450000,BOT,77,97.19,36.0,2.0,,,False,MEDIUM,17.0,True,Cadillac,1,20.0,True,3,Japanese Grand Prix,True,C2,True,1.884,1.977,4.758,5.148,2.541,2.685,99.369
0 days 02:08:04.328000,BOT,77,96.878,37.0,2.0,,,True,MEDIUM,18.0,True,Cadillac,1,20.0,True,3,Japanese Grand Prix,True,C2,True,1.572,1.649,4.446,4.81,2.019,2.128,99.12
0 days 02:09:41.181000,BOT,77,96.853,38.0,2.0,,,True,MEDIUM,19.0,True,Cadillac,1,20.0,True,3,Japanese Grand Prix,True,C2,True,1.547,1.623,4.421,4.783,2.363,2.501,99.157
0 days 02:11:18.101000,BOT,77,96.92,39.0,2.0,,,False,MEDIUM,20.0,True,Cadillac,1,20.0,True,3,Japanese Grand Prix,True,C2,True,1.614,1.693,4.488,4.855,2.483,2.629,99.286
0 days 02:12:55.020000,BOT,77,96.919,40.0,2.0,,,False,MEDIUM,21.0,True,Cadillac,1,20.0,True,3,Japanese Grand Prix,True,C2,True,1.613,1.692,4.487,4.854,2.657,2.819,99.347
0 days 02:14:31.757000,BOT,77,96.737,41.0,2.0,,,True,MEDIUM,22.0,True,Cadillac,1,20.0,True,3,Japanese Grand Prix,True,C2,True,1.431,1.501,4.305,4.657,2.24,2.37,99.228
0 days 02:16:08.388000,BOT,77,96.631,42.0,2.0,,,True,MEDIUM,23.0,True,Cadillac,1,20.0,True,3,Japanese Grand Prix,True,C2,True,1.325,1.39,4.199,4.543,1.849,1.951,99.184
0 days 02:17:45.247000,BOT,77,96.859,43.0,2.0,,,False,MEDIUM,24.0,True,Cadillac,1,20.0,True,3,Japanese Grand Prix,True,C2,True,1.553,1.629,4.427,4.789,2.055,2.168,99.474
0 days 02:19:22.094000,BOT,77,96.847,44.0,2.0,,,False,MEDIUM,25.0,True,Cadillac,1,20.0,True,3,Japanese Grand Prix,True,C2,True,1.541,1.617,4.415,4.776,2.234,2.361,99.524
0 days 02:21:00.983000,BOT,77,98.889,45.0,2.0,,,False,MEDIUM,26.0,True,Cadillac,1,20.0,True,3,Japanese Grand Prix,True,C2,True,3.583,3.759,6.457,6.986,4.095,4.32,101.629
0 days 02:22:37.804000,BOT,77,96.821,46.0,2.0,,,False,MEDIUM,27.0,True,Cadillac,1,20.0,True,3,Japanese Grand Prix,True,C2,True,1.515,1.59,4.389,4.748,2.036,2.148,99.623
0 days 02:24:24.455000,BOT,77,106.651,47.0,2.0,,,False,MEDIUM,28.0,True,Cadillac,1,20.0,True,3,Japanese Grand Prix,True,C2,True,11.345,11.904,14.219,15.383,11.935,12.601,109.515
0 days 02:26:01.521000,BOT,77,97.066,48.0,2.0,,,False,MEDIUM,29.0,True,Cadillac,1,19.0,True,3,Japanese Grand Prix,True,C2,True,1.76,1.847,4.634,5.013,2.447,2.586,99.992
0 days 02:27:40.739000,BOT,77,99.218,49.0,2.0,,,False,MEDIUM,30.0,True,Cadillac,1,19.0,True,3,Japanese Grand Prix,True,C2,True,3.912,4.105,6.786,7.342,4.452,4.698,102.207
0 days 02:29:17.545000,BOT,77,96.806,50.0,2.0,,,False,MEDIUM,31.0,True,Cadillac,1,19.0,True,3,Japanese Grand Prix,True,C2,True,1.5,1.574,4.374,4.732,2.172,2.295,99.857
0 days 02:30:54.762000,BOT,77,97.217,51.0,2.0,,,False,MEDIUM,32.0,True,Cadillac,1,19.0,True,3,Japanese Grand Prix,True,C2,True,1.911,2.005,4.785,5.177,2.881,3.054,100.33
0 days 02:32:31.031000,BOT,77,96.269,52.0,2.0,,,True,MEDIUM,33.0,True,Cadillac,1,19.0,True,3,Japanese Grand Prix,True,C2,True,0.963,1.01,3.837,4.151,2.001,2.123,99.444
0 days 01:05:20.232000,PIA,81,,1.0,1.0,,,False,MEDIUM,1.0,True,McLaren,1,1.0,False,3,Japanese Grand Prix,True,C2,False,,,,,,,
0 days 01:06:55.181000,PIA,81,94.949,2.0,1.0,,,True,MEDIUM,2.0,True,McLaren,1,1.0,True,3,Japanese Grand Prix,True,C2,True,-0.357,-0.375,2.517,2.723,-1.893,-1.955,95.011
0 days 01:08:30.180000,PIA,81,94.999,3.0,1.0,,,False,MEDIUM,3.0,True,McLaren,1,1.0,True,3,Japanese Grand Prix,True,C2,True,-0.307,-0.322,2.567,2.777,-1.781,-1.84,95.124
0 days 01:10:05.316000,PIA,81,95.136,4.0,1.0,,,False,MEDIUM,4.0,True,McLaren,1,1.0,True,3,Japanese Grand Prix,True,C2,True,-0.17,-0.178,2.704,2.925,-1.34,-1.389,95.323
0 days 01:11:40.440000,PIA,81,95.124,5.0,1.0,,,False,MEDIUM,5.0,True,McLaren,1,1.0,True,3,Japanese Grand Prix,True,C2,True,-0.182,-0.191,2.692,2.912,-1.542,-1.595,95.373
0 days 01:13:15.549000,PIA,81,95.109,6.0,1.0,,,False,MEDIUM,6.0,True,McLaren,1,1.0,True,3,Japanese Grand Prix,True,C2,True,-0.197,-0.207,2.677,2.896,-1.801,-1.858,95.42
0 days 01:14:50.627000,PIA,81,95.078,7.0,1.0,,,False,MEDIUM,7.0,True,McLaren,1,1.0,True,3,Japanese Grand Prix,True,C2,True,-0.228,-0.239,2.646,2.863,-1.314,-1.363,95.452
0 days 01:16:26.442000,PIA,81,95.815,8.0,1.0,,,False,MEDIUM,8.0,True,McLaren,1,2.0,True,3,Japanese Grand Prix,True,C2,True,0.509,0.534,3.383,3.66,-0.432,-0.449,96.251
0 days 01:18:01.235000,PIA,81,94.793,9.0,1.0,,,True,MEDIUM,9.0,True,McLaren,1,1.0,True,3,Japanese Grand Prix,True,C2,True,-0.513,-0.538,2.361,2.554,-1.581,-1.64,95.291
0 days 01:19:36.346000,PIA,81,95.111,10.0,1.0,,,False,MEDIUM,10.0,True,McLaren,1,1.0,True,3,Japanese Grand Prix,True,C2,True,-0.195,-0.205,2.679,2.898,-1.349,-1.399,95.671
0 days 01:21:11.765000,PIA,81,95.419,11.0,1.0,,,False,MEDIUM,11.0,True,McLaren,1,1.0,True,3,Japanese Grand Prix,True,C2,True,0.113,0.119,2.987,3.232,-1.101,-1.141,96.042
0 days 01:22:46.873000,PIA,81,95.108,12.0,1.0,,,False,MEDIUM,12.0,True,McLaren,1,1.0,True,3,Japanese Grand Prix,True,C2,True,-0.198,-0.208,2.676,2.895,-1.882,-1.94,95.793
0 days 01:24:21.729000,PIA,81,94.856,13.0,1.0,,,False,MEDIUM,13.0,True,McLaren,1,1.0,True,3,Japanese Grand Prix,True,C2,True,-0.45,-0.472,2.424,2.622,-1.89,-1.954,95.603
0 days 01:25:56.824000,PIA,81,95.095,14.0,1.0,,,False,MEDIUM,14.0,True,McLaren,1,1.0,True,3,Japanese Grand Prix,True,C2,True,-0.211,-0.221,2.663,2.881,-1.563,-1.617,95.904
0 days 01:27:31.729000,PIA,81,94.905,15.0,1.0,,,False,MEDIUM,15.0,True,McLaren,1,1.0,True,3,Japanese Grand Prix,True,C2,True,-0.401,-0.421,2.473,2.675,-1.711,-1.771,95.777
0 days 01:29:06.614000,PIA,81,94.885,16.0,1.0,,,False,MEDIUM,16.0,True,McLaren,1,1.0,True,3,Japanese Grand Prix,True,C2,True,-0.421,-0.442,2.453,2.654,-1.855,-1.918,95.819
0 days 01:30:41.530000,PIA,81,94.916,17.0,1.0,,,False,MEDIUM,17.0,True,McLaren,1,1.0,True,3,Japanese Grand Prix,True,C2,True,-0.39,-0.409,2.484,2.687,-1.834,-1.896,95.912
0 days 01:32:18.857000,PIA,81,97.327,18.0,1.0,,0 days 01:32:17.551000,False,MEDIUM,18.0,True,McLaren,1,2.0,False,3,Japanese Grand Prix,True,C2,False,2.021,2.121,4.895,5.296,0.952,0.988,98.385
0 days 01:34:13.394000,PIA,81,114.537,19.0,2.0,0 days 01:32:40.993000,,False,HARD,1.0,True,McLaren,1,6.0,False,3,Japanese Grand Prix,True,C1,False,19.231,20.178,22.105,23.915,18.632,19.428,115.658
0 days 01:35:48.168000,PIA,81,94.774,20.0,2.0,,,True,HARD,2.0,True,McLaren,1,6.0,True,3,Japanese Grand Prix,True,C1,True,-0.532,-0.558,2.342,2.534,-0.83,-0.868,95.957
0 days 01:37:22.178000,PIA,81,94.01,21.0,2.0,,,True,HARD,3.0,True,McLaren,1,5.0,True,3,Japanese Grand Prix,True,C1,True,-1.296,-1.36,1.578,1.707,-2.114,-2.199,95.255
0 days 01:39:21.150000,PIA,81,118.972,22.0,2.0,,,False,HARD,4.0,True,McLaren,124,3.0,False,3,Japanese Grand Prix,True,C1,False,23.666,24.832,26.54,28.713,-6.71,-5.339,120.28
0 days 01:41:40.061000,PIA,81,138.911,23.0,2.0,,,False,HARD,5.0,True,McLaren,4,2.0,False,3,Japanese Grand Prix,True,C1,False,43.605,45.753,46.479,50.285,10.923,8.534,140.281
0 days 01:44:09.355000,PIA,81,149.294,24.0,2.0,,,False,HARD,6.0,True,McLaren,4,2.0,False,3,Japanese Grand Prix,True,C1,False,53.988,56.647,56.862,61.518,23.964,19.121,150.726
0 days 01:46:39.734000,PIA,81,,25.0,2.0,,,False,HARD,7.0,True,McLaren,4,2.0,False,3,Japanese Grand Prix,True,C1,False,,,,,,,
0 days 01:49:05.116000,PIA,81,145.382,26.0,2.0,,,False,HARD,8.0,True,McLaren,4,2.0,False,3,Japanese Grand Prix,True,C1,False,50.076,52.542,52.95,57.285,-1.714,-1.165,146.939
0 days 01:51:31.190000,PIA,81,146.074,27.0,2.0,,,False,HARD,9.0,True,McLaren,41,2.0,False,3,Japanese Grand Prix,True,C1,False,50.768,53.268,53.642,58.034,10.202,7.509,147.693
0 days 01:53:05.504000,PIA,81,94.314,28.0,2.0,,,False,HARD,10.0,True,McLaren,1,2.0,True,3,Japanese Grand Prix,True,C1,True,-0.992,-1.041,1.882,2.036,-2.062,-2.14,95.995
0 days 01:54:39.171000,PIA,81,93.667,29.0,2.0,,,True,HARD,11.0,True,McLaren,1,2.0,True,3,Japanese Grand Prix,True,C1,True,-1.639,-1.72,1.235,1.336,-2.383,-2.481,95.41
0 days 01:56:12.870000,PIA,81,93.699,30.0,2.0,,,False,HARD,12.0,True,McLaren,1,2.0,True,3,Japanese Grand Prix,True,C1,True,-1.607,-1.686,1.267,1.371,-1.479,-1.554,95.505
0 days 01:57:46.280000,PIA,81,93.41,31.0,2.0,,,True,HARD,13.0,True,McLaren,1,2.0,True,3,Japanese Grand Prix,True,C1,True,-1.896,-1.989,0.978,1.058,-1.266,-1.337,95.278
0 days 01:59:19.885000,PIA,81,93.605,32.0,2.0,,,False,HARD,14.0,True,McLaren,1,2.0,True,3,Japanese Grand Prix,True,C1,True,-1.701,-1.785,1.173,1.269,-1.18,-1.245,95.535
0 days 02:00:53.369000,PIA,81,93.484,33.0,2.0,,,False,HARD,15.0,True,McLaren,1,2.0,True,3,Japanese Grand Prix,True,C1,True,-1.822,-1.912,1.052,1.138,-1.262,-1.332,95.476
0 days 02:02:26.770000,PIA,81,93.401,34.0,2.0,,,True,HARD,16.0,True,McLaren,1,2.0,True,3,Japanese Grand Prix,True,C1,True,-1.905,-1.999,0.969,1.048,-1.411,-1.488,95.456
0 days 02:04:00.279000,PIA,81,93.509,35.0,2.0,,,False,HARD,17.0,True,McLaren,1,2.0,True,3,Japanese Grand Prix,True,C1,True,-1.797,-1.886,1.077,1.165,-1.533,-1.613,95.626
0 days 02:05:33.690000,PIA,81,93.411,36.0,2.0,,,False,HARD,18.0,True,McLaren,1,2.0,True,3,Japanese Grand Prix,True,C1,True,-1.895,-1.988,0.979,1.059,-1.238,-1.308,95.59
0 days 02:07:07.398000,PIA,81,93.708,37.0,2.0,,,False,HARD,19.0,True,McLaren,1,2.0,True,3,Japanese Grand Prix,True,C1,True,-1.598,-1.677,1.276,1.38,-1.151,-1.213,95.95
0 days 02:08:41.110000,PIA,81,93.712,38.0,2.0,,,False,HARD,20.0,True,McLaren,1,2.0,True,3,Japanese Grand Prix,True,C1,True,-1.594,-1.673,1.28,1.385,-0.778,-0.823,96.016
0 days 02:10:14.577000,PIA,81,93.467,39.0,2.0,,,False,HARD,21.0,True,McLaren,1,2.0,True,3,Japanese Grand Prix,True,C1,True,-1.839,-1.93,1.035,1.12,-0.97,-1.027,95.833
0 days 02:11:48.046000,PIA,81,93.469,40.0,2.0,,,False,HARD,22.0,True,McLaren,1,2.0,True,3,Japanese Grand Prix,True,C1,True,-1.837,-1.927,1.037,1.122,-0.793,-0.841,95.897
0 days 02:13:21.810000,PIA,81,93.764,41.0,2.0,,,False,HARD,23.0,True,McLaren,1,2.0,True,3,Japanese Grand Prix,True,C1,True,-1.542,-1.618,1.332,1.441,-0.733,-0.776,96.255
0 days 02:14:55.323000,PIA,81,93.513,42.0,2.0,,,False,HARD,24.0,True,McLaren,1,2.0,True,3,Japanese Grand Prix,True,C1,True,-1.793,-1.881,1.081,1.17,-1.269,-1.339,96.066
0 days 02:16:28.841000,PIA,81,93.518,43.0,2.0,,,False,HARD,25.0,True,McLaren,1,2.0,True,3,Japanese Grand Prix,True,C1,True,-1.788,-1.876,1.086,1.175,-1.286,-1.356,96.133
0 days 02:18:02.272000,PIA,81,93.431,44.0,2.0,,,False,HARD,26.0,True,McLaren,1,2.0,True,3,Japanese Grand Prix,True,C1,True,-1.875,-1.967,0.999,1.081,-1.182,-1.249,96.108
0 days 02:19:35.795000,PIA,81,93.523,45.0,2.0,,,False,HARD,27.0,True,McLaren,1,2.0,True,3,Japanese Grand Prix,True,C1,True,-1.783,-1.871,1.091,1.18,-1.271,-1.341,96.263
0 days 02:21:09.124000,PIA,81,93.329,46.0,2.0,,,True,HARD,28.0,True,McLaren,1,2.0,True,3,Japanese Grand Prix,True,C1,True,-1.977,-2.074,0.897,0.97,-1.456,-1.536,96.131
0 days 02:22:42.321000,PIA,81,93.197,47.0,2.0,,,True,HARD,29.0,True,McLaren,1,2.0,True,3,Japanese Grand Prix,True,C1,True,-2.109,-2.213,0.765,0.828,-1.519,-1.604,96.061
0 days 02:24:15.692000,PIA,81,93.371,48.0,2.0,,,False,HARD,30.0,True,McLaren,1,2.0,True,3,Japanese Grand Prix,True,C1,True,-1.935,-2.03,0.939,1.016,-1.248,-1.319,96.297
0 days 02:25:48.688000,PIA,81,92.996,49.0,2.0,,,True,HARD,31.0,True,McLaren,1,2.0,True,3,Japanese Grand Prix,True,C1,True,-2.31,-2.424,0.564,0.61,-1.77,-1.868,95.985
0 days 02:27:21.954000,PIA,81,93.266,50.0,2.0,,,False,HARD,32.0,True,McLaren,1,2.0,True,3,Japanese Grand Prix,True,C1,True,-2.04,-2.14,0.834,0.902,-1.368,-1.446,96.317
0 days 02:28:55.780000,PIA,81,93.826,51.0,2.0,,,False,HARD,33.0,True,McLaren,1,2.0,True,3,Japanese Grand Prix,True,C1,True,-1.48,-1.553,1.394,1.508,-0.51,-0.541,96.939
0 days 02:30:28.792000,PIA,81,93.012,52.0,2.0,,,False,HARD,34.0,True,McLaren,1,2.0,True,3,Japanese Grand Prix,True,C1,True,-2.294,-2.407,0.58,0.627,-1.256,-1.332,96.187
0 days 02:32:02.086000,PIA,81,93.294,53.0,2.0,,,False,HARD,35.0,True,McLaren,1,2.0,True,3,Japanese Grand Prix,True,C1,True,-2.012,-2.111,0.862,0.933,-0.769,-0.818,96.532
0 days 01:05:29.370000,BEA,87,,1.0,1.0,,,False,MEDIUM,1.0,True,Haas F1 Team,1,16.0,False,3,Japanese Grand Prix,True,C2,False,,,,,,,
0 days 01:07:05.772000,BEA,87,96.402,2.0,1.0,,,True,MEDIUM,2.0,True,Haas F1 Team,1,15.0,True,3,Japanese Grand Prix,True,C2,True,1.096,1.15,3.97,4.295,-0.44,-0.454,96.464
0 days 01:08:43.392000,BEA,87,97.62,3.0,1.0,,,False,MEDIUM,3.0,True,Haas F1 Team,1,14.0,True,3,Japanese Grand Prix,True,C2,True,2.314,2.428,5.188,5.613,0.84,0.868,97.745
0 days 01:10:20.055000,BEA,87,96.663,4.0,1.0,,,False,MEDIUM,4.0,True,Haas F1 Team,1,14.0,True,3,Japanese Grand Prix,True,C2,True,1.357,1.424,4.231,4.577,0.187,0.194,96.85
0 days 01:11:56.902000,BEA,87,96.847,5.0,1.0,,,False,MEDIUM,5.0,True,Haas F1 Team,1,14.0,True,3,Japanese Grand Prix,True,C2,True,1.541,1.617,4.415,4.776,0.181,0.187,97.096
0 days 01:13:33.816000,BEA,87,96.914,6.0,1.0,,,False,MEDIUM,6.0,True,Haas F1 Team,1,14.0,True,3,Japanese Grand Prix,True,C2,True,1.608,1.687,4.482,4.849,0.004,0.004,97.225
0 days 01:15:11.236000,BEA,87,97.42,7.0,1.0,,,False,MEDIUM,7.0,True,Haas F1 Team,1,15.0,True,3,Japanese Grand Prix,True,C2,True,2.114,2.218,4.988,5.396,1.028,1.066,97.794
0 days 01:16:47.527000,BEA,87,96.291,8.0,1.0,,,True,MEDIUM,8.0,True,Haas F1 Team,1,15.0,True,3,Japanese Grand Prix,True,C2,True,0.985,1.034,3.859,4.175,0.044,0.046,96.727
0 days 01:18:23.821000,BEA,87,96.294,9.0,1.0,,,False,MEDIUM,9.0,True,Haas F1 Team,1,15.0,True,3,Japanese Grand Prix,True,C2,True,0.988,1.037,3.862,4.178,-0.08,-0.083,96.792
0 days 01:20:00.585000,BEA,87,96.764,10.0,1.0,,,False,MEDIUM,10.0,True,Haas F1 Team,1,15.0,True,3,Japanese Grand Prix,True,C2,True,1.458,1.53,4.332,4.687,0.304,0.315,97.324
0 days 01:21:38.375000,BEA,87,97.79,11.0,1.0,,,False,MEDIUM,11.0,True,Haas F1 Team,1,15.0,True,3,Japanese Grand Prix,True,C2,True,2.484,2.606,5.358,5.797,1.27,1.316,98.413
0 days 01:23:15.503000,BEA,87,97.128,12.0,1.0,,,False,MEDIUM,12.0,True,Haas F1 Team,1,15.0,True,3,Japanese Grand Prix,True,C2,True,1.822,1.912,4.696,5.08,0.138,0.142,97.813
0 days 01:24:52.267000,BEA,87,96.764,13.0,1.0,,,False,MEDIUM,13.0,True,Haas F1 Team,1,15.0,True,3,Japanese Grand Prix,True,C2,True,1.458,1.53,4.332,4.687,0.018,0.019,97.511
0 days 01:26:28.912000,BEA,87,96.645,14.0,1.0,,,False,MEDIUM,14.0,True,Haas F1 Team,1,15.0,True,3,Japanese Grand Prix,True,C2,True,1.339,1.405,4.213,4.558,-0.013,-0.013,97.454
0 days 01:28:05.536000,BEA,87,96.624,15.0,1.0,,,False,MEDIUM,15.0,True,Haas F1 Team,1,15.0,True,3,Japanese Grand Prix,True,C2,True,1.318,1.383,4.192,4.535,0.008,0.008,97.496
0 days 01:29:44.323000,BEA,87,98.787,16.0,1.0,,0 days 01:29:43.059000,False,MEDIUM,16.0,True,Haas F1 Team,1,16.0,False,3,Japanese Grand Prix,True,C2,False,3.481,3.652,6.355,6.875,2.047,2.116,99.721
0 days 01:31:41.771000,BEA,87,117.448,17.0,2.0,0 days 01:30:08.107000,,False,HARD,1.0,True,Haas F1 Team,1,19.0,False,3,Japanese Grand Prix,True,C1,False,22.142,23.233,25.016,27.064,20.698,21.393,118.444
0 days 01:33:17.825000,BEA,87,96.054,18.0,2.0,,,True,HARD,2.0,True,Haas F1 Team,1,19.0,True,3,Japanese Grand Prix,True,C1,True,0.748,0.785,3.622,3.919,-0.321,-0.333,97.112
0 days 01:34:53.730000,BEA,87,95.905,19.0,2.0,,,True,HARD,3.0,True,Haas F1 Team,1,18.0,True,3,Japanese Grand Prix,True,C1,True,0.599,0.629,3.473,3.757,0.0,0.0,97.026
0 days 01:36:29.334000,BEA,87,95.604,20.0,2.0,,,True,HARD,4.0,True,Haas F1 Team,1,18.0,True,3,Japanese Grand Prix,True,C1,True,0.298,0.313,3.172,3.432,0.0,0.0,96.787
0 days 01:38:59.334000,BEA,87,,21.0,2.0,,,True,HARD,5.0,True,Haas F1 Team,124,,False,3,Japanese Grand Prix,True,C1,False,,,,,,,
0 days 00:59:00.108000,NOR,1,,1.0,1.0,,,False,MEDIUM,1.0,True,McLaren,1,3.0,False,4,Miami Grand Prix,True,C4,False,,,,,,,
0 days 01:00:32.878000,NOR,1,92.77,2.0,1.0,,,True,MEDIUM,2.0,True,McLaren,1,3.0,True,4,Miami Grand Prix,True,C4,True,-1.528,-1.62,0.901,0.981,-3.119,-3.253,92.828
0 days 01:02:06.141000,NOR,1,93.263,3.0,1.0,,,False,MEDIUM,3.0,True,McLaren,1,3.0,True,4,Miami Grand Prix,True,C4,True,-1.035,-1.098,1.394,1.517,-1.668,-1.757,93.379
0 days 01:03:39.955000,NOR,1,93.814,4.0,1.0,,,False,MEDIUM,4.0,True,McLaren,1,3.0,True,4,Miami Grand Prix,True,C4,True,-0.484,-0.513,1.945,2.117,-1.024,-1.08,93.988
0 days 01:05:13.797000,NOR,1,93.842,5.0,1.0,,,False,MEDIUM,5.0,True,McLaren,12,3.0,True,4,Miami Grand Prix,True,C4,False,-0.456,-0.484,1.973,2.148,-2.0,-2.087,94.074
0 days 01:07:24.147000,NOR,1,130.35,6.0,1.0,,,False,MEDIUM,6.0,True,McLaren,24,2.0,False,4,Miami Grand Prix,True,C4,False,36.052,38.232,38.481,41.887,-4.525,-3.355,130.639
0 days 01:09:41.989000,NOR,1,137.842,7.0,1.0,,,False,MEDIUM,7.0,True,McLaren,4,2.0,False,4,Miami Grand Prix,True,C4,False,43.544,46.177,45.973,50.042,8.186,6.314,138.189
0 days 01:12:04.388000,NOR,1,142.399,8.0,1.0,,,False,MEDIUM,8.0,True,McLaren,4,2.0,False,4,Miami Grand Prix,True,C4,False,48.101,51.01,50.53,55.002,-0.435,-0.305,142.804
0 days 01:14:32.014000,NOR,1,147.626,9.0,1.0,,,False,MEDIUM,9.0,True,McLaren,4,2.0,False,4,Miami Grand Prix,True,C4,False,53.328,56.553,55.757,60.692,4.218,2.941,148.089
0 days 01:16:51.133000,NOR,1,139.119,10.0,1.0,,,False,MEDIUM,10.0,True,McLaren,4,2.0,False,4,Miami Grand Prix,True,C4,False,44.821,47.531,47.25,51.432,-0.362,-0.26,139.64
0 days 01:19:21.960000,NOR,1,,11.0,1.0,,,False,MEDIUM,11.0,True,McLaren,41,2.0,False,4,Miami Grand Prix,True,C4,False,,,,,,,
0 days 01:20:54.516000,NOR,1,92.556,12.0,1.0,,,True,MEDIUM,12.0,True,McLaren,1,2.0,True,4,Miami Grand Prix,True,C4,True,-1.742,-1.847,0.687,0.748,-2.653,-2.787,93.193
0 days 01:22:27.410000,NOR,1,92.894,13.0,1.0,,,False,MEDIUM,13.0,True,McLaren,1,1.0,True,4,Miami Grand Prix,True,C4,True,-1.404,-1.489,1.025,1.116,-1.824,-1.926,93.589
0 days 01:24:00.204000,NOR,1,92.794,14.0,1.0,,,False,MEDIUM,14.0,True,McLaren,1,1.0,True,4,Miami Grand Prix,True,C4,True,-1.504,-1.595,0.925,1.007,-1.276,-1.356,93.547
0 days 01:25:33.191000,NOR,1,92.987,15.0,1.0,,,False,MEDIUM,15.0,True,McLaren,1,1.0,True,4,Miami Grand Prix,True,C4,True,-1.311,-1.39,1.118,1.217,-1.68,-1.775,93.798
0 days 01:27:06.061000,NOR,1,92.87,16.0,1.0,,,False,MEDIUM,16.0,True,McLaren,12,1.0,True,4,Miami Grand Prix,True,C4,False,-1.428,-1.514,1.001,1.09,-1.952,-2.059,93.738
0 days 01:28:39.155000,NOR,1,93.094,17.0,1.0,,,False,MEDIUM,17.0,True,McLaren,1,1.0,True,4,Miami Grand Prix,True,C4,True,-1.204,-1.277,1.225,1.333,-2.073,-2.178,94.02
0 days 01:30:12.195000,NOR,1,93.04,18.0,1.0,,,False,MEDIUM,18.0,True,McLaren,1,1.0,True,4,Miami Grand Prix,True,C4,True,-1.258,-1.334,1.171,1.275,-2.142,-2.25,94.024
0 days 01:31:45.203000,NOR,1,93.008,19.0,1.0,,,False,MEDIUM,19.0,True,McLaren,1,1.0,True,4,Miami Grand Prix,True,C4,True,-1.29,-1.368,1.139,1.24,-1.861,-1.962,94.05
0 days 01:33:18.396000,NOR,1,93.193,20.0,1.0,,,False,MEDIUM,20.0,True,McLaren,1,1.0,True,4,Miami Grand Prix,True,C4,True,-1.105,-1.172,1.324,1.441,-1.912,-2.01,94.293
0 days 01:34:51.277000,NOR,1,92.881,21.0,1.0,,,False,MEDIUM,21.0,True,McLaren,1,1.0,True,4,Miami Grand Prix,True,C4,True,-1.417,-1.503,1.012,1.102,-2.087,-2.198,94.039
0 days 01:36:24.325000,NOR,1,93.048,22.0,1.0,,,False,MEDIUM,22.0,True,McLaren,1,1.0,True,4,Miami Grand Prix,True,C4,True,-1.25,-1.326,1.179,1.283,-1.553,-1.642,94.264
0 days 01:37:57.423000,NOR,1,93.098,23.0,1.0,,,False,MEDIUM,23.0,True,McLaren,1,1.0,True,4,Miami Grand Prix,True,C4,True,-1.2,-1.273,1.229,1.338,-1.554,-1.642,94.372
0 days 01:39:30.516000,NOR,1,93.093,24.0,1.0,,,False,MEDIUM,24.0,True,McLaren,1,1.0,True,4,Miami Grand Prix,True,C4,True,-1.205,-1.278,1.224,1.332,-1.717,-1.811,94.425
0 days 01:41:03.900000,NOR,1,93.384,25.0,1.0,,,False,MEDIUM,25.0,True,McLaren,1,1.0,True,4,Miami Grand Prix,True,C4,True,-0.914,-0.969,1.515,1.649,-1.624,-1.709,94.773
0 days 01:42:36.959000,NOR,1,93.059,26.0,1.0,,,False,MEDIUM,26.0,True,McLaren,1,1.0,True,4,Miami Grand Prix,True,C4,True,-1.239,-1.314,1.19,1.295,-1.915,-2.016,94.506
0 days 01:44:15.463000,NOR,1,98.504,27.0,1.0,,0 days 01:44:09.959000,False,MEDIUM,27.0,True,McLaren,1,1.0,False,4,Miami Grand Prix,True,C4,False,4.206,4.46,6.635,7.222,3.252,3.414,100.009
0 days 01:46:02.616000,NOR,1,107.153,28.0,2.0,0 days 01:44:32.511000,,False,HARD,1.0,True,McLaren,1,3.0,False,4,Miami Grand Prix,True,C3,False,12.855,13.632,15.284,16.637,12.471,13.171,108.716
0 days 01:47:36.067000,NOR,1,93.451,29.0,2.0,,,False,HARD,2.0,True,McLaren,1,2.0,True,4,Miami Grand Prix,True,C3,True,-0.847,-0.898,1.582,1.722,-0.741,-0.787,95.072
0 days 01:49:08.314000,NOR,1,92.247,30.0,2.0,,,True,HARD,3.0,True,McLaren,1,2.0,True,4,Miami Grand Prix,True,C3,True,-2.051,-2.175,0.378,0.411,-1.565,-1.668,93.926
0 days 01:50:40.383000,NOR,1,92.069,31.0,2.0,,,True,HARD,4.0,True,McLaren,1,2.0,True,4,Miami Grand Prix,True,C3,True,-2.229,-2.364,0.2,0.218,-1.768,-1.884,93.806
0 days 01:52:12.538000,NOR,1,92.155,32.0,2.0,,,False,HARD,5.0,True,McLaren,1,2.0,True,4,Miami Grand Prix,True,C3,True,-2.143,-2.273,0.286,0.311,-1.582,-1.688,93.95
0 days 01:53:44.529000,NOR,1,91.991,33.0,2.0,,,True,HARD,6.0,True,McLaren,1,2.0,True,4,Miami Grand Prix,True,C3,True,-2.307,-2.446,0.122,0.133,-1.556,-1.663,93.844
0 days 01:55:16.849000,NOR,1,92.32,34.0,2.0,,,False,HARD,7.0,True,McLaren,1,2.0,True,4,Miami Grand Prix,True,C3,True,-1.978,-2.098,0.451,0.491,-1.814,-1.927,94.231
0 days 01:56:48.718000,NOR,1,91.869,35.0,2.0,,,True,HARD,8.0,True,McLaren,1,2.0,True,4,Miami Grand Prix,True,C3,True,-2.429,-2.576,0.0,0.0,-2.214,-2.353,93.837
0 days 01:58:21.044000,NOR,1,92.326,36.0,2.0,,,False,HARD,9.0,True,McLaren,1,2.0,True,4,Miami Grand Prix,True,C3,True,-1.972,-2.091,0.457,0.497,-1.444,-1.54,94.352
0 days 01:59:53.435000,NOR,1,92.391,37.0,2.0,,,False,HARD,10.0,True,McLaren,1,2.0,True,4,Miami Grand Prix,True,C3,True,-1.907,-2.022,0.522,0.568,-1.691,-1.797,94.475
0 days 02:01:25.818000,NOR,1,92.383,38.0,2.0,,,False,HARD,11.0,True,McLaren,1,2.0,True,4,Miami Grand Prix,True,C3,True,-1.915,-2.031,0.514,0.559,-1.549,-1.649,94.525
0 days 02:02:58.475000,NOR,1,92.657,39.0,2.0,,,False,HARD,12.0,True,McLaren,1,2.0,True,4,Miami Grand Prix,True,C3,True,-1.641,-1.74,0.788,0.858,-1.437,-1.527,94.857
0 days 02:04:31.115000,NOR,1,92.64,40.0,2.0,,,False,HARD,13.0,True,McLaren,1,2.0,True,4,Miami Grand Prix,True,C3,True,-1.658,-1.758,0.771,0.839,-1.372,-1.459,94.898
0 days 02:06:03.791000,NOR,1,92.676,41.0,2.0,,,False,HARD,14.0,True,McLaren,1,2.0,True,4,Miami Grand Prix,True,C3,True,-1.622,-1.72,0.807,0.878,-1.127,-1.201,94.992
0 days 02:07:36.453000,NOR,1,92.662,42.0,2.0,,,False,HARD,15.0,True,McLaren,1,2.0,True,4,Miami Grand Prix,True,C3,True,-1.636,-1.735,0.793,0.863,-1.38,-1.467,95.036
0 days 02:09:08.944000,NOR,1,92.491,43.0,2.0,,,False,HARD,16.0,True,McLaren,1,2.0,True,4,Miami Grand Prix,True,C3,True,-1.807,-1.916,0.622,0.677,-1.775,-1.883,94.923
0 days 02:10:41.535000,NOR,1,92.591,44.0,2.0,,,False,HARD,17.0,True,McLaren,1,2.0,True,4,Miami Grand Prix,True,C3,True,-1.707,-1.81,0.722,0.786,-1.215,-1.295,95.08
0 days 02:12:14.004000,NOR,1,92.469,45.0,2.0,,,False,HARD,18.0,True,McLaren,1,2.0,True,4,Miami Grand Prix,True,C3,True,-1.829,-1.94,0.6,0.653,-1.709,-1.815,95.016
0 days 02:13:46.719000,NOR,1,92.715,46.0,2.0,,,False,HARD,19.0,True,McLaren,1,2.0,True,4,Miami Grand Prix,True,C3,True,-1.583,-1.679,0.846,0.921,-1.419,-1.507,95.32
0 days 02:15:18.954000,NOR,1,92.235,47.0,2.0,,,False,HARD,20.0,True,McLaren,1,2.0,True,4,Miami Grand Prix,True,C3,True,-2.063,-2.188,0.366,0.398,-2.126,-2.253,94.898
0 days 02:16:51.352000,NOR,1,92.398,48.0,2.0,,,False,HARD,21.0,True,McLaren,12,2.0,True,4,Miami Grand Prix,True,C3,False,-1.9,-2.015,0.529,0.576,-1.734,-1.842,95.119
0 days 02:18:23.621000,NOR,1,92.269,49.0,2.0,,,False,HARD,22.0,True,McLaren,1,2.0,True,4,Miami Grand Prix,True,C3,True,-2.029,-2.152,0.4,0.435,-1.951,-2.071,95.048
0 days 02:19:56.049000,NOR,1,92.428,50.0,2.0,,,False,HARD,23.0,True,McLaren,1,2.0,True,4,Miami Grand Prix,True,C3,True,-1.87,-1.983,0.559,0.608,-1.804,-1.914,95.265
0 days 02:21:28.443000,NOR,1,92.394,51.0,2.0,,,False,HARD,24.0,True,McLaren,1,2.0,True,4,Miami Grand Prix,True,C3,True,-1.904,-2.019,0.525,0.571,-1.86,-1.973,95.289
0 days 02:23:00.907000,NOR,1,92.464,52.0,2.0,,,False,HARD,25.0,True,McLaren,1,2.0,True,4,Miami Grand Prix,True,C3,True,-1.834,-1.945,0.595,0.648,-1.828,-1.939,95.417
0 days 02:24:33.645000,NOR,1,92.738,53.0,2.0,,,False,HARD,26.0,True,McLaren,1,2.0,True,4,Miami Grand Prix,True,C3,True,-1.56,-1.654,0.869,0.946,-1.408,-1.496,95.749
0 days 02:26:05.683000,NOR,1,92.038,54.0,2.0,,,False,HARD,27.0,True,McLaren,1,2.0,True,4,Miami Grand Prix,True,C3,True,-2.26,-2.397,0.169,0.184,-2.146,-2.279,95.106
0 days 02:27:38.176000,NOR,1,92.493,55.0,2.0,,,False,HARD,28.0,True,McLaren,1,2.0,True,4,Miami Grand Prix,True,C3,True,-1.805,-1.914,0.624,0.679,-1.869,-1.981,95.619
0 days 02:29:11.025000,NOR,1,92.849,56.0,2.0,,,False,HARD,29.0,True,McLaren,1,2.0,True,4,Miami Grand Prix,True,C3,True,-1.449,-1.537,0.98,1.067,-1.492,-1.581,96.033
0 days 02:30:44.499000,NOR,1,93.474,57.0,2.0,,,False,HARD,30.0,True,McLaren,12,2.0,True,4,Miami Grand Prix,True,C3,False,-0.824,-0.874,1.605,1.747,-0.946,-1.002,96.716
0 days 00:59:07.236000,GAS,10,,1.0,1.0,,,False,MEDIUM,1.0,True,Alpine,1,12.0,False,4,Miami Grand Prix,True,C4,False,,,,,,,
0 days 01:00:42.812000,GAS,10,95.576,2.0,1.0,,,True,MEDIUM,2.0,True,Alpine,1,11.0,True,4,Miami Grand Prix,True,C4,True,1.278,1.355,3.707,4.035,-0.313,-0.326,95.634
0 days 01:02:17.858000,GAS,10,95.046,3.0,1.0,,,True,MEDIUM,3.0,True,Alpine,1,11.0,True,4,Miami Grand Prix,True,C4,True,0.748,0.793,3.177,3.458,0.115,0.121,95.162
0 days 01:03:52.714000,GAS,10,94.856,4.0,1.0,,,True,MEDIUM,4.0,True,Alpine,1,11.0,True,4,Miami Grand Prix,True,C4,True,0.558,0.592,2.987,3.251,0.018,0.019,95.03
0 days 01:06:22.714000,GAS,10,,5.0,1.0,,,True,MEDIUM,5.0,True,Alpine,124,,False,4,Miami Grand Prix,True,C4,False,,,,,,,
0 days 00:59:09.917000,PER,11,,1.0,1.0,,,False,MEDIUM,1.0,True,Cadillac,1,17.0,False,4,Miami Grand Prix,True,C4,False,,,,,,,
0 days 01:00:46.700000,PER,11,96.783,2.0,1.0,,,True,MEDIUM,2.0,True,Cadillac,1,17.0,True,4,Miami Grand Prix,True,C4,True,2.485,2.635,4.914,5.349,0.894,0.932,96.841
0 days 01:02:23.709000,PER,11,97.009,3.0,1.0,,,False,MEDIUM,3.0,True,Cadillac,1,18.0,True,4,Miami Grand Prix,True,C4,True,2.711,2.875,5.14,5.595,2.078,2.189,97.125
0 days 01:04:00.016000,PER,11,96.307,4.0,1.0,,,True,MEDIUM,4.0,True,Cadillac,1,18.0,True,4,Miami Grand Prix,True,C4,True,2.009,2.13,4.438,4.831,1.469,1.549,96.481
0 days 01:05:36.844000,PER,11,96.828,5.0,1.0,,,False,MEDIUM,5.0,True,Cadillac,124,14.0,False,4,Miami Grand Prix,True,C4,False,2.53,2.683,4.959,5.398,0.986,1.029,97.06
0 days 01:07:51.521000,PER,11,134.677,6.0,1.0,,,False,MEDIUM,6.0,True,Cadillac,4,14.0,False,4,Miami Grand Prix,True,C4,False,40.379,42.821,42.808,46.597,-0.198,-0.147,134.966
0 days 01:10:00.414000,PER,11,128.893,7.0,1.0,,,False,MEDIUM,7.0,True,Cadillac,4,13.0,False,4,Miami Grand Prix,True,C4,False,34.595,36.687,37.024,40.301,-0.763,-0.588,129.24
0 days 01:12:21.863000,PER,11,141.449,8.0,1.0,,,False,MEDIUM,8.0,True,Cadillac,4,13.0,False,4,Miami Grand Prix,True,C4,False,47.151,50.002,49.58,53.968,-1.385,-0.97,141.854
0 days 01:14:44.986000,PER,11,143.123,9.0,1.0,,,False,MEDIUM,9.0,True,Cadillac,4,13.0,False,4,Miami Grand Prix,True,C4,False,48.825,51.777,51.254,55.79,-0.285,-0.199,143.586
0 days 01:17:05.158000,PER,11,140.172,10.0,1.0,,,False,MEDIUM,10.0,True,Cadillac,4,13.0,False,4,Miami Grand Prix,True,C4,False,45.874,48.648,48.303,52.578,0.691,0.495,140.693
0 days 01:19:27.564000,PER,11,142.406,11.0,1.0,,,False,MEDIUM,11.0,True,Cadillac,41,13.0,False,4,Miami Grand Prix,True,C4,False,48.108,51.017,50.537,55.01,-1.734,-1.203,142.985
0 days 01:21:04.515000,PER,11,96.951,12.0,1.0,,,False,MEDIUM,12.0,True,Cadillac,1,13.0,True,4,Miami Grand Prix,True,C4,True,2.653,2.813,5.082,5.532,1.742,1.83,97.588
0 days 01:22:41.120000,PER,11,96.605,13.0,1.0,,,False,MEDIUM,13.0,True,Cadillac,1,15.0,True,4,Miami Grand Prix,True,C4,True,2.307,2.446,4.736,5.155,1.887,1.992,97.3
0 days 01:24:17.691000,PER,11,96.571,14.0,1.0,,,False,MEDIUM,14.0,True,Cadillac,1,15.0,True,4,Miami Grand Prix,True,C4,True,2.273,2.41,4.702,5.118,2.501,2.659,97.324
0 days 01:25:53.905000,PER,11,96.214,15.0,1.0,,,True,MEDIUM,15.0,True,Cadillac,12,15.0,True,4,Miami Grand Prix,True,C4,False,1.916,2.032,4.345,4.73,1.547,1.634,97.025
0 days 01:27:30.309000,PER,11,96.404,16.0,1.0,,,False,MEDIUM,16.0,True,Cadillac,1,15.0,True,4,Miami Grand Prix,True,C4,True,2.106,2.233,4.535,4.936,1.582,1.668,97.272
0 days 01:29:06.745000,PER,11,96.436,17.0,1.0,,,False,MEDIUM,17.0,True,Cadillac,1,15.0,True,4,Miami Grand Prix,True,C4,True,2.138,2.267,4.567,4.971,1.269,1.333,97.362
0 days 01:30:43.303000,PER,11,96.558,18.0,1.0,,,False,MEDIUM,18.0,True,Cadillac,1,15.0,True,4,Miami Grand Prix,True,C4,True,2.26,2.397,4.689,5.104,1.376,1.446,97.542
0 days 01:32:19.708000,PER,11,96.405,19.0,1.0,,,False,MEDIUM,19.0,True,Cadillac,1,15.0,True,4,Miami Grand Prix,True,C4,True,2.107,2.234,4.536,4.937,1.536,1.619,97.447
0 days 01:33:56.206000,PER,11,96.498,20.0,1.0,,,False,MEDIUM,20.0,True,Cadillac,1,15.0,True,4,Miami Grand Prix,True,C4,True,2.2,2.333,4.629,5.039,1.393,1.465,97.598
0 days 01:35:32.726000,PER,11,96.52,21.0,1.0,,,False,MEDIUM,21.0,True,Cadillac,1,15.0,True,4,Miami Grand Prix,True,C4,True,2.222,2.356,4.651,5.063,1.552,1.634,97.678
0 days 01:37:08.981000,PER,11,96.255,22.0,1.0,,,False,MEDIUM,22.0,True,Cadillac,1,15.0,True,4,Miami Grand Prix,True,C4,True,1.957,2.075,4.386,4.774,1.654,1.748,97.471
0 days 01:38:45.598000,PER,11,96.617,23.0,1.0,,,False,MEDIUM,23.0,True,Cadillac,1,15.0,True,4,Miami Grand Prix,True,C4,True,2.319,2.459,4.748,5.168,1.965,2.076,97.891
0 days 01:40:21.951000,PER,11,96.353,24.0,1.0,,,False,MEDIUM,24.0,True,Cadillac,1,15.0,True,4,Miami Grand Prix,True,C4,True,2.055,2.179,4.484,4.881,1.543,1.627,97.685
0 days 01:41:58.683000,PER,11,96.732,25.0,1.0,,,False,MEDIUM,25.0,True,Cadillac,1,15.0,True,4,Miami Grand Prix,True,C4,True,2.434,2.581,4.863,5.293,1.724,1.815,98.121
0 days 01:43:34.961000,PER,11,96.278,26.0,1.0,,,False,MEDIUM,26.0,True,Cadillac,1,15.0,True,4,Miami Grand Prix,True,C4,True,1.98,2.1,4.409,4.799,1.304,1.373,97.725
0 days 01:45:11.346000,PER,11,96.385,27.0,1.0,,,False,MEDIUM,27.0,True,Cadillac,1,15.0,True,4,Miami Grand Prix,True,C4,True,2.087,2.213,4.516,4.916,1.133,1.189,97.89
0 days 01:46:48.265000,PER,11,96.919,28.0,1.0,,,False,MEDIUM,28.0,True,Cadillac,1,15.0,True,4,Miami Grand Prix,True,C4,True,2.621,2.779,5.05,5.497,2.237,2.363,98.482
0 days 01:48:30.547000,PER,11,102.282,29.0,1.0,,0 days 01:48:25.241000,False,MEDIUM,29.0,True,Cadillac,1,15.0,False,4,Miami Grand Prix,True,C4,False,7.984,8.467,10.413,11.335,8.09,8.589,103.903
0 days 01:50:20.400000,PER,11,109.853,30.0,2.0,0 days 01:48:48.425000,,False,HARD,1.0,True,Cadillac,1,16.0,False,4,Miami Grand Prix,True,C3,False,15.555,16.496,17.984,19.576,16.041,17.099,111.532
0 days 01:51:55.295000,PER,11,94.895,31.0,2.0,,,True,HARD,2.0,True,Cadillac,1,16.0,True,4,Miami Grand Prix,True,C3,True,0.597,0.633,3.026,3.294,1.058,1.127,96.632
0 days 01:53:30.674000,PER,11,95.379,32.0,2.0,,,False,HARD,3.0,True,Cadillac,1,16.0,True,4,Miami Grand Prix,True,C3,True,1.081,1.146,3.51,3.821,1.642,1.752,97.174
0 days 01:55:05.685000,PER,11,95.011,33.0,2.0,,,False,HARD,4.0,True,Cadillac,1,16.0,True,4,Miami Grand Prix,True,C3,True,0.713,0.756,3.142,3.42,1.464,1.565,96.864
0 days 01:56:40.997000,PER,11,95.312,34.0,2.0,,,False,HARD,5.0,True,Cadillac,1,16.0,True,4,Miami Grand Prix,True,C3,True,1.014,1.075,3.443,3.748,1.178,1.251,97.223
0 days 01:58:16.645000,PER,11,95.648,35.0,2.0,,,False,HARD,6.0,True,Cadillac,1,16.0,True,4,Miami Grand Prix,True,C3,True,1.35,1.432,3.779,4.113,1.565,1.663,97.616
0 days 01:59:54.507000,PER,11,97.862,36.0,2.0,,,False,HARD,7.0,True,Cadillac,1,16.0,True,4,Miami Grand Prix,True,C3,True,3.564,3.78,5.993,6.523,4.092,4.364,99.888
0 days 02:01:30.240000,PER,11,95.733,37.0,2.0,,,False,HARD,8.0,True,Cadillac,1,16.0,True,4,Miami Grand Prix,True,C3,True,1.435,1.522,3.864,4.206,1.651,1.755,97.817
0 days 02:03:05.779000,PER,11,95.539,38.0,2.0,,,False,HARD,9.0,True,Cadillac,1,16.0,True,4,Miami Grand Prix,True,C3,True,1.241,1.316,3.67,3.995,1.607,1.711,97.681
0 days 02:04:41.608000,PER,11,95.829,39.0,2.0,,,False,HARD,10.0,True,Cadillac,1,16.0,True,4,Miami Grand Prix,True,C3,True,1.531,1.624,3.96,4.31,1.735,1.844,98.029
0 days 02:06:18.778000,PER,11,97.17,40.0,2.0,,,False,HARD,11.0,True,Cadillac,1,16.0,True,4,Miami Grand Prix,True,C3,True,2.872,3.046,5.301,5.77,3.158,3.359,99.428
0 days 02:07:56.128000,PER,11,97.35,41.0,2.0,,,False,HARD,12.0,True,Cadillac,1,16.0,True,4,Miami Grand Prix,True,C3,True,3.052,3.237,5.481,5.966,3.547,3.781,99.666
0 days 02:09:32.806000,PER,11,96.678,42.0,2.0,,,False,HARD,13.0,True,Cadillac,1,15.0,True,4,Miami Grand Prix,True,C3,True,2.38,2.524,4.809,5.235,2.636,2.803,99.052
0 days 02:11:09.985000,PER,11,97.179,43.0,2.0,,,False,HARD,14.0,True,Cadillac,1,15.0,True,4,Miami Grand Prix,True,C3,True,2.881,3.055,5.31,5.78,2.913,3.09,99.611
0 days 02:12:45.542000,PER,11,95.557,44.0,2.0,,,False,HARD,15.0,True,Cadillac,1,15.0,True,4,Miami Grand Prix,True,C3,True,1.259,1.335,3.688,4.014,1.751,1.867,98.046
0 days 02:14:21.918000,PER,11,96.376,45.0,2.0,,,False,HARD,16.0,True,Cadillac,1,15.0,True,4,Miami Grand Prix,True,C3,True,2.078,2.204,4.507,4.906,2.198,2.334,98.923
0 days 02:15:58.327000,PER,11,96.409,46.0,2.0,,,False,HARD,17.0,True,Cadillac,12,15.0,True,4,Miami Grand Prix,True,C3,False,2.111,2.239,4.54,4.942,2.275,2.417,99.014
0 days 02:17:35.219000,PER,11,96.892,47.0,2.0,,,False,HARD,18.0,True,Cadillac,1,15.0,True,4,Miami Grand Prix,True,C3,True,2.594,2.751,5.023,5.468,2.531,2.682,99.555
0 days 02:19:11.853000,PER,11,96.634,48.0,2.0,,,False,HARD,19.0,True,Cadillac,1,15.0,True,4,Miami Grand Prix,True,C3,True,2.336,2.477,4.765,5.187,2.502,2.658,99.355
0 days 02:20:48.740000,PER,11,96.887,49.0,2.0,,,False,HARD,20.0,True,Cadillac,1,15.0,True,4,Miami Grand Prix,True,C3,True,2.589,2.746,5.018,5.462,2.667,2.831,99.666
0 days 02:22:25.296000,PER,11,96.556,50.0,2.0,,,False,HARD,21.0,True,Cadillac,1,15.0,True,4,Miami Grand Prix,True,C3,True,2.258,2.395,4.687,5.102,2.324,2.466,99.393
0 days 02:24:01.607000,PER,11,96.311,51.0,2.0,,,False,HARD,22.0,True,Cadillac,1,16.0,True,4,Miami Grand Prix,True,C3,True,2.013,2.135,4.442,4.835,2.057,2.182,99.206
0 days 02:25:37.421000,PER,11,95.814,52.0,2.0,,,False,HARD,23.0,True,Cadillac,1,16.0,True,4,Miami Grand Prix,True,C3,True,1.516,1.608,3.945,4.294,1.522,1.614,98.767
0 days 02:27:12.777000,PER,11,95.356,53.0,2.0,,,False,HARD,24.0,True,Cadillac,1,16.0,True,4,Miami Grand Prix,True,C3,True,1.058,1.122,3.487,3.796,1.21,1.285,98.367
0 days 02:28:48.279000,PER,11,95.502,54.0,2.0,,,False,HARD,25.0,True,Cadillac,1,16.0,True,4,Miami Grand Prix,True,C3,True,1.204,1.277,3.633,3.955,1.318,1.399,98.57
0 days 02:30:23.529000,PER,11,95.25,55.0,2.0,,,False,HARD,26.0,True,Cadillac,12,16.0,True,4,Miami Grand Prix,True,C3,False,0.952,1.01,3.381,3.68,0.888,0.941,98.376
0 days 02:31:58.779000,PER,11,95.25,56.0,2.0,,,False,HARD,27.0,True,Cadillac,1,16.0,True,4,Miami Grand Prix,True,C3,True,0.952,1.01,3.381,3.68,0.909,0.964,98.434
0 days 00:58:59.236000,ANT,12,,1.0,1.0,,,False,MEDIUM,1.0,True,Mercedes,1,2.0,False,4,Miami Grand Prix,True,C4,False,,,,,,,
0 days 01:00:32.172000,ANT,12,92.936,2.0,1.0,,,True,MEDIUM,2.0,True,Mercedes,1,2.0,True,4,Miami Grand Prix,True,C4,True,-1.362,-1.444,1.067,1.161,-2.953,-3.08,92.994
0 days 01:02:05.396000,ANT,12,93.224,3.0,1.0,,,False,MEDIUM,3.0,True,Mercedes,1,2.0,True,4,Miami Grand Prix,True,C4,True,-1.074,-1.139,1.355,1.475,-1.707,-1.798,93.34
0 days 01:03:38.982000,ANT,12,93.586,4.0,1.0,,,False,MEDIUM,4.0,True,Mercedes,1,1.0,True,4,Miami Grand Prix,True,C4,True,-0.712,-0.755,1.717,1.869,-1.252,-1.32,93.76
0 days 01:05:13.584000,ANT,12,94.602,5.0,1.0,,,False,MEDIUM,5.0,True,Mercedes,12,2.0,True,4,Miami Grand Prix,True,C4,False,0.304,0.322,2.733,2.975,-1.24,-1.294,94.834
0 days 01:07:25.677000,ANT,12,132.093,6.0,1.0,,,False,MEDIUM,6.0,True,Mercedes,24,3.0,False,4,Miami Grand Prix,True,C4,False,37.795,40.08,40.224,43.784,-2.782,-2.063,132.382
0 days 01:09:42.778000,ANT,12,137.101,7.0,1.0,,,False,MEDIUM,7.0,True,Mercedes,4,3.0,False,4,Miami Grand Prix,True,C4,False,42.803,45.391,45.232,49.235,7.445,5.742,137.448
0 days 01:12:05.406000,ANT,12,142.628,8.0,1.0,,,False,MEDIUM,8.0,True,Mercedes,4,3.0,False,4,Miami Grand Prix,True,C4,False,48.33,51.252,50.759,55.251,-0.206,-0.144,143.033
0 days 01:14:33.426000,ANT,12,148.02,9.0,1.0,,,False,MEDIUM,9.0,True,Mercedes,4,3.0,False,4,Miami Grand Prix,True,C4,False,53.722,56.97,56.151,61.121,4.612,3.216,148.483
0 days 01:16:52.197000,ANT,12,138.771,10.0,1.0,,,False,MEDIUM,10.0,True,Mercedes,4,3.0,False,4,Miami Grand Prix,True,C4,False,44.473,47.162,46.902,51.053,-0.71,-0.509,139.292
0 days 01:19:22.357000,ANT,12,,11.0,1.0,,,False,MEDIUM,11.0,True,Mercedes,41,3.0,False,4,Miami Grand Prix,True,C4,False,,,,,,,
0 days 01:20:55.400000,ANT,12,93.043,12.0,1.0,,,False,MEDIUM,12.0,True,Mercedes,1,3.0,True,4,Miami Grand Prix,True,C4,True,-1.255,-1.331,1.174,1.278,-2.166,-2.275,93.68
0 days 01:22:28.470000,ANT,12,93.07,13.0,1.0,,,False,MEDIUM,13.0,True,Mercedes,1,2.0,True,4,Miami Grand Prix,True,C4,True,-1.228,-1.302,1.201,1.307,-1.648,-1.74,93.765
0 days 01:24:01.784000,ANT,12,93.314,14.0,1.0,,,False,MEDIUM,14.0,True,Mercedes,1,2.0,True,4,Miami Grand Prix,True,C4,True,-0.984,-1.044,1.445,1.573,-0.756,-0.804,94.067
0 days 01:25:34.964000,ANT,12,93.18,15.0,1.0,,,False,MEDIUM,15.0,True,Mercedes,1,2.0,True,4,Miami Grand Prix,True,C4,True,-1.118,-1.186,1.311,1.427,-1.487,-1.571,93.991
0 days 01:27:08.622000,ANT,12,93.658,16.0,1.0,,,False,MEDIUM,16.0,True,Mercedes,12,2.0,True,4,Miami Grand Prix,True,C4,False,-0.64,-0.679,1.789,1.947,-1.164,-1.228,94.526
0 days 01:28:41.675000,ANT,12,93.053,17.0,1.0,,,False,MEDIUM,17.0,True,Mercedes,1,2.0,True,4,Miami Grand Prix,True,C4,True,-1.245,-1.32,1.184,1.289,-2.114,-2.221,93.979
0 days 01:30:14.919000,ANT,12,93.244,18.0,1.0,,,False,MEDIUM,18.0,True,Mercedes,1,2.0,True,4,Miami Grand Prix,True,C4,True,-1.054,-1.118,1.375,1.497,-1.938,-2.036,94.228
0 days 01:31:48.264000,ANT,12,93.345,19.0,1.0,,,False,MEDIUM,19.0,True,Mercedes,1,2.0,True,4,Miami Grand Prix,True,C4,True,-0.953,-1.011,1.476,1.607,-1.524,-1.606,94.387
0 days 01:33:21.275000,ANT,12,93.011,20.0,1.0,,,False,MEDIUM,20.0,True,Mercedes,1,2.0,True,4,Miami Grand Prix,True,C4,True,-1.287,-1.365,1.142,1.243,-2.094,-2.202,94.111
0 days 01:34:54.424000,ANT,12,93.149,21.0,1.0,,,False,MEDIUM,21.0,True,Mercedes,1,2.0,True,4,Miami Grand Prix,True,C4,True,-1.149,-1.218,1.28,1.393,-1.819,-1.915,94.307
0 days 01:36:27.203000,ANT,12,92.779,22.0,1.0,,,True,MEDIUM,22.0,True,Mercedes,1,2.0,True,4,Miami Grand Prix,True,C4,True,-1.519,-1.611,0.91,0.991,-1.822,-1.926,93.995
0 days 01:38:00.197000,ANT,12,92.994,23.0,1.0,,,False,MEDIUM,23.0,True,Mercedes,1,2.0,True,4,Miami Grand Prix,True,C4,True,-1.304,-1.383,1.125,1.225,-1.658,-1.752,94.268
0 days 01:39:32.999000,ANT,12,92.802,24.0,1.0,,,False,MEDIUM,24.0,True,Mercedes,1,2.0,True,4,Miami Grand Prix,True,C4,True,-1.496,-1.586,0.933,1.016,-2.008,-2.118,94.134
0 days 01:41:06.067000,ANT,12,93.068,25.0,1.0,,,False,MEDIUM,25.0,True,Mercedes,1,2.0,True,4,Miami Grand Prix,True,C4,True,-1.23,-1.304,1.199,1.305,-1.94,-2.042,94.457
0 days 01:42:43.951000,ANT,12,97.884,26.0,1.0,,0 days 01:42:38.637000,False,MEDIUM,26.0,True,Mercedes,1,2.0,False,4,Miami Grand Prix,True,C4,False,3.586,3.803,6.015,6.547,2.91,3.064,99.331
0 days 01:44:29.552000,ANT,12,105.601,27.0,2.0,0 days 01:43:00.687000,,False,HARD,1.0,True,Mercedes,1,4.0,False,4,Miami Grand Prix,True,C3,False,11.303,11.986,13.732,14.947,10.349,10.865,107.106
0 days 01:46:02.466000,ANT,12,92.914,28.0,2.0,,,False,HARD,2.0,True,Mercedes,1,2.0,True,4,Miami Grand Prix,True,C3,True,-1.384,-1.468,1.045,1.137,-1.768,-1.867,94.477
0 days 01:47:34.797000,ANT,12,92.331,29.0,2.0,,,True,HARD,3.0,True,Mercedes,1,1.0,True,4,Miami Grand Prix,True,C3,True,-1.967,-2.086,0.462,0.503,-1.861,-1.976,93.952
0 days 01:49:07.007000,ANT,12,92.21,30.0,2.0,,,True,HARD,4.0,True,Mercedes,1,1.0,True,4,Miami Grand Prix,True,C3,True,-2.088,-2.214,0.341,0.371,-1.602,-1.708,93.889
0 days 01:50:39.265000,ANT,12,92.258,31.0,2.0,,,False,HARD,5.0,True,Mercedes,1,1.0,True,4,Miami Grand Prix,True,C3,True,-2.04,-2.163,0.389,0.423,-1.579,-1.683,93.995
0 days 01:52:11.311000,ANT,12,92.046,32.0,2.0,,,True,HARD,6.0,True,Mercedes,1,1.0,True,4,Miami Grand Prix,True,C3,True,-2.252,-2.388,0.177,0.193,-1.691,-1.804,93.841
0 days 01:53:43.424000,ANT,12,92.113,33.0,2.0,,,False,HARD,7.0,True,Mercedes,1,1.0,True,4,Miami Grand Prix,True,C3,True,-2.185,-2.317,0.244,0.266,-1.434,-1.533,93.966
0 days 01:55:15.392000,ANT,12,91.968,34.0,2.0,,,True,HARD,8.0,True,Mercedes,1,1.0,True,4,Miami Grand Prix,True,C3,True,-2.33,-2.471,0.099,0.108,-2.166,-2.301,93.879
0 days 01:56:47.879000,ANT,12,92.487,35.0,2.0,,,False,HARD,9.0,True,Mercedes,1,1.0,True,4,Miami Grand Prix,True,C3,True,-1.811,-1.921,0.618,0.673,-1.596,-1.696,94.455
0 days 01:58:20.233000,ANT,12,92.354,36.0,2.0,,,False,HARD,10.0,True,Mercedes,1,1.0,True,4,Miami Grand Prix,True,C3,True,-1.944,-2.062,0.485,0.528,-1.416,-1.51,94.38
0 days 01:59:52.716000,ANT,12,92.483,37.0,2.0,,,False,HARD,11.0,True,Mercedes,1,1.0,True,4,Miami Grand Prix,True,C3,True,-1.815,-1.925,0.614,0.668,-1.599,-1.7,94.567
0 days 02:01:25.139000,ANT,12,92.423,38.0,2.0,,,False,HARD,12.0,True,Mercedes,1,1.0,True,4,Miami Grand Prix,True,C3,True,-1.875,-1.988,0.554,0.603,-1.509,-1.606,94.565
0 days 02:02:57.521000,ANT,12,92.382,39.0,2.0,,,False,HARD,13.0,True,Mercedes,1,1.0,True,4,Miami Grand Prix,True,C3,True,-1.916,-2.032,0.513,0.558,-1.712,-1.819,94.582
0 days 02:04:30.399000,ANT,12,92.878,40.0,2.0,,,False,HARD,14.0,True,Mercedes,1,1.0,True,4,Miami Grand Prix,True,C3,True,-1.42,-1.506,1.009,1.098,-1.134,-1.206,95.136
0 days 02:06:02.730000,ANT,12,92.331,41.0,2.0,,,False,HARD,15.0,True,Mercedes,1,1.0,True,4,Miami Grand Prix,True,C3,True,-1.967,-2.086,0.462,0.503,-1.472,-1.569,94.647
0 days 02:07:35.226000,ANT,12,92.496,42.0,2.0,,,False,HARD,16.0,True,Mercedes,1,1.0,True,4,Miami Grand Prix,True,C3,True,-1.802,-1.911,0.627,0.682,-1.546,-1.644,94.87
0 days 02:09:07.412000,ANT,12,92.186,43.0,2.0,,,False,HARD,17.0,True,Mercedes,1,1.0,True,4,Miami Grand Prix,True,C3,True,-2.112,-2.24,0.317,0.345,-2.08,-2.207,94.618
0 days 02:10:39.623000,ANT,12,92.211,44.0,2.0,,,False,HARD,18.0,True,Mercedes,1,1.0,True,4,Miami Grand Prix,True,C3,True,-2.087,-2.213,0.342,0.372,-1.595,-1.7,94.7
0 days 02:12:12.022000,ANT,12,92.399,45.0,2.0,,,False,HARD,19.0,True,Mercedes,1,1.0,True,4,Miami Grand Prix,True,C3,True,-1.899,-2.014,0.53,0.577,-1.779,-1.889,94.946
0 days 02:13:44.553000,ANT,12,92.531,46.0,2.0,,,False,HARD,20.0,True,Mercedes,1,1.0,True,4,Miami Grand Prix,True,C3,True,-1.767,-1.874,0.662,0.721,-1.603,-1.703,95.136
0 days 02:15:17.335000,ANT,12,92.782,47.0,2.0,,,False,HARD,21.0,True,Mercedes,1,1.0,True,4,Miami Grand Prix,True,C3,True,-1.516,-1.608,0.913,0.994,-1.579,-1.673,95.445
0 days 02:16:49.712000,ANT,12,92.377,48.0,2.0,,,False,HARD,22.0,True,Mercedes,12,1.0,True,4,Miami Grand Prix,True,C3,False,-1.921,-2.037,0.508,0.553,-1.755,-1.864,95.098
0 days 02:18:21.955000,ANT,12,92.243,49.0,2.0,,,False,HARD,23.0,True,Mercedes,1,1.0,True,4,Miami Grand Prix,True,C3,True,-2.055,-2.179,0.374,0.407,-1.977,-2.098,95.022
0 days 02:19:54.052000,ANT,12,92.097,50.0,2.0,,,False,HARD,24.0,True,Mercedes,1,1.0,True,4,Miami Grand Prix,True,C3,True,-2.201,-2.334,0.228,0.248,-2.135,-2.266,94.934
0 days 02:21:26.470000,ANT,12,92.418,51.0,2.0,,,False,HARD,25.0,True,Mercedes,1,1.0,True,4,Miami Grand Prix,True,C3,True,-1.88,-1.994,0.549,0.598,-1.836,-1.948,95.313
0 days 02:22:58.897000,ANT,12,92.427,52.0,2.0,,,False,HARD,26.0,True,Mercedes,1,1.0,True,4,Miami Grand Prix,True,C3,True,-1.871,-1.984,0.558,0.607,-1.865,-1.978,95.38
0 days 02:24:31.251000,ANT,12,92.354,53.0,2.0,,,False,HARD,27.0,True,Mercedes,1,1.0,True,4,Miami Grand Prix,True,C3,True,-1.944,-2.062,0.485,0.528,-1.792,-1.903,95.365
0 days 02:26:03.237000,ANT,12,91.986,54.0,2.0,,,False,HARD,28.0,True,Mercedes,1,1.0,True,4,Miami Grand Prix,True,C3,True,-2.312,-2.452,0.117,0.127,-2.198,-2.334,95.054
0 days 02:27:35.584000,ANT,12,92.347,55.0,2.0,,,False,HARD,29.0,True,Mercedes,1,1.0,True,4,Miami Grand Prix,True,C3,True,-1.951,-2.069,0.478,0.52,-2.015,-2.135,95.473
0 days 02:29:08.170000,ANT,12,92.586,56.0,2.0,,,False,HARD,30.0,True,Mercedes,1,1.0,True,4,Miami Grand Prix,True,C3,True,-1.712,-1.816,0.717,0.78,-1.755,-1.86,95.77
0 days 02:30:41.262000,ANT,12,93.092,57.0,2.0,,,False,HARD,31.0,True,Mercedes,12,1.0,True,4,Miami Grand Prix,True,C3,False,-1.206,-1.279,1.223,1.331,-1.328,-1.406,96.334
0 days 00:59:11.945000,ALO,14,,1.0,1.0,,,False,MEDIUM,1.0,True,Aston Martin,1,20.0,False,4,Miami Grand Prix,True,C4,False,,,,,,,
0 days 01:00:48.572000,ALO,14,96.627,2.0,1.0,,,True,MEDIUM,2.0,True,Aston Martin,1,20.0,True,4,Miami Grand Prix,True,C4,True,2.329,2.47,4.758,5.179,0.738,0.77,96.685
0 days 01:02:25.077000,ALO,14,96.505,3.0,1.0,,,True,MEDIUM,3.0,True,Aston Martin,1,20.0,True,4,Miami Grand Prix,True,C4,True,2.207,2.34,4.636,5.046,1.574,1.658,96.621
0 days 01:04:01.527000,ALO,14,96.45,4.0,1.0,,,True,MEDIUM,4.0,True,Aston Martin,1,20.0,True,4,Miami Grand Prix,True,C4,True,2.152,2.282,4.581,4.986,1.612,1.7,96.624
0 days 01:05:41.669000,ALO,14,100.142,5.0,1.0,,,False,MEDIUM,5.0,True,Aston Martin,124,17.0,False,4,Miami Grand Prix,True,C4,False,5.844,6.197,8.273,9.005,4.3,4.487,100.374
0 days 01:07:56.851000,ALO,14,135.182,6.0,1.0,,,False,MEDIUM,6.0,True,Aston Martin,4,17.0,False,4,Miami Grand Prix,True,C4,False,40.884,43.356,43.313,47.146,0.307,0.228,135.471
0 days 01:10:06.807000,ALO,14,129.956,7.0,1.0,,,False,MEDIUM,7.0,True,Aston Martin,4,17.0,False,4,Miami Grand Prix,True,C4,False,35.658,37.814,38.087,41.458,0.3,0.231,130.303
0 days 01:12:29.188000,ALO,14,142.381,8.0,1.0,,,False,MEDIUM,8.0,True,Aston Martin,4,17.0,False,4,Miami Grand Prix,True,C4,False,48.083,50.99,50.512,54.983,-0.453,-0.317,142.786
0 days 01:14:51.417000,ALO,14,142.229,9.0,1.0,,,False,MEDIUM,9.0,True,Aston Martin,4,17.0,False,4,Miami Grand Prix,True,C4,False,47.931,50.829,50.36,54.817,-1.179,-0.822,142.692
0 days 01:17:11.612000,ALO,14,140.195,10.0,1.0,,,False,MEDIUM,10.0,True,Aston Martin,4,17.0,False,4,Miami Grand Prix,True,C4,False,45.897,48.672,48.326,52.603,0.714,0.512,140.716
0 days 01:19:29.427000,ALO,14,137.815,11.0,1.0,,,False,MEDIUM,11.0,True,Aston Martin,41,17.0,False,4,Miami Grand Prix,True,C4,False,43.517,46.148,45.946,50.013,-6.325,-4.388,138.394
0 days 01:21:06.227000,ALO,14,96.8,12.0,1.0,,,False,MEDIUM,12.0,True,Aston Martin,1,17.0,True,4,Miami Grand Prix,True,C4,True,2.502,2.653,4.931,5.367,1.591,1.671,97.437
0 days 01:22:42.576000,ALO,14,96.349,13.0,1.0,,,True,MEDIUM,13.0,True,Aston Martin,1,17.0,True,4,Miami Grand Prix,True,C4,True,2.051,2.175,4.48,4.877,1.631,1.722,97.044
0 days 01:24:19.058000,ALO,14,96.482,14.0,1.0,,,False,MEDIUM,14.0,True,Aston Martin,1,17.0,True,4,Miami Grand Prix,True,C4,True,2.184,2.316,4.613,5.021,2.412,2.564,97.235
0 days 01:25:56.693000,ALO,14,97.635,15.0,1.0,,,False,MEDIUM,15.0,True,Aston Martin,12,17.0,True,4,Miami Grand Prix,True,C4,False,3.337,3.539,5.766,6.276,2.968,3.135,98.446
0 days 01:27:32.836000,ALO,14,96.143,16.0,1.0,,,True,MEDIUM,16.0,True,Aston Martin,1,17.0,True,4,Miami Grand Prix,True,C4,True,1.845,1.957,4.274,4.652,1.321,1.393,97.011
0 days 01:29:09.289000,ALO,14,96.453,17.0,1.0,,,False,MEDIUM,17.0,True,Aston Martin,1,17.0,True,4,Miami Grand Prix,True,C4,True,2.155,2.285,4.584,4.99,1.286,1.351,97.379
0 days 01:30:46.228000,ALO,14,96.939,18.0,1.0,,,False,MEDIUM,18.0,True,Aston Martin,1,17.0,True,4,Miami Grand Prix,True,C4,True,2.641,2.801,5.07,5.519,1.757,1.846,97.923
0 days 01:32:23.064000,ALO,14,96.836,19.0,1.0,,,False,MEDIUM,19.0,True,Aston Martin,1,17.0,True,4,Miami Grand Prix,True,C4,True,2.538,2.691,4.967,5.407,1.967,2.073,97.878
0 days 01:33:59.285000,ALO,14,96.221,20.0,1.0,,,False,MEDIUM,20.0,True,Aston Martin,1,16.0,True,4,Miami Grand Prix,True,C4,True,1.923,2.039,4.352,4.737,1.116,1.173,97.321
0 days 01:35:35.846000,ALO,14,96.561,21.0,1.0,,,False,MEDIUM,21.0,True,Aston Martin,1,16.0,True,4,Miami Grand Prix,True,C4,True,2.263,2.4,4.692,5.107,1.593,1.677,97.719
0 days 01:37:12.140000,ALO,14,96.294,22.0,1.0,,,False,MEDIUM,22.0,True,Aston Martin,1,16.0,True,4,Miami Grand Prix,True,C4,True,1.996,2.117,4.425,4.817,1.693,1.79,97.51
0 days 01:38:48.526000,ALO,14,96.386,23.0,1.0,,,False,MEDIUM,23.0,True,Aston Martin,1,16.0,True,4,Miami Grand Prix,True,C4,True,2.088,2.214,4.517,4.917,1.734,1.832,97.66
0 days 01:40:25.192000,ALO,14,96.666,24.0,1.0,,,False,MEDIUM,24.0,True,Aston Martin,1,16.0,True,4,Miami Grand Prix,True,C4,True,2.368,2.511,4.797,5.222,1.856,1.958,97.998
0 days 01:42:01.669000,ALO,14,96.477,25.0,1.0,,,False,MEDIUM,25.0,True,Aston Martin,1,16.0,True,4,Miami Grand Prix,True,C4,True,2.179,2.311,4.608,5.016,1.469,1.546,97.866
0 days 01:43:37.938000,ALO,14,96.269,26.0,1.0,,,False,MEDIUM,26.0,True,Aston Martin,1,16.0,True,4,Miami Grand Prix,True,C4,True,1.971,2.09,4.4,4.789,1.295,1.364,97.716
0 days 01:45:14.009000,ALO,14,96.071,27.0,1.0,,,True,MEDIUM,27.0,True,Aston Martin,1,16.0,True,4,Miami Grand Prix,True,C4,True,1.773,1.88,4.202,4.574,0.819,0.86,97.576
0 days 01:46:49.994000,ALO,14,95.985,28.0,1.0,,,True,MEDIUM,28.0,True,Aston Martin,1,16.0,True,4,Miami Grand Prix,True,C4,True,1.687,1.789,4.116,4.48,1.303,1.376,97.548
0 days 01:48:26.074000,ALO,14,96.08,29.0,1.0,,,False,MEDIUM,29.0,True,Aston Martin,1,14.0,True,4,Miami Grand Prix,True,C4,True,1.782,1.89,4.211,4.584,1.888,2.004,97.701
0 days 01:50:02.265000,ALO,14,96.191,30.0,1.0,,,False,MEDIUM,30.0,True,Aston Martin,1,14.0,True,4,Miami Grand Prix,True,C4,True,1.893,2.007,4.322,4.705,2.379,2.536,97.87
0 days 01:51:38.655000,ALO,14,96.39,31.0,1.0,,,False,MEDIUM,31.0,True,Aston Martin,1,14.0,True,4,Miami Grand Prix,True,C4,True,2.092,2.218,4.521,4.921,2.553,2.721,98.127
0 days 01:53:14.990000,ALO,14,96.335,32.0,1.0,,,False,MEDIUM,32.0,True,Aston Martin,1,14.0,True,4,Miami Grand Prix,True,C4,True,2.037,2.16,4.466,4.861,2.598,2.772,98.13
0 days 01:54:51.698000,ALO,14,96.708,33.0,1.0,,,False,MEDIUM,33.0,True,Aston Martin,1,15.0,True,4,Miami Grand Prix,True,C4,True,2.41,2.556,4.839,5.267,3.161,3.379,98.561
0 days 01:56:27.342000,ALO,14,95.644,34.0,1.0,,,True,MEDIUM,34.0,True,Aston Martin,1,15.0,True,4,Miami Grand Prix,True,C4,True,1.346,1.427,3.775,4.109,1.51,1.604,97.555
0 days 01:58:03.885000,ALO,14,96.543,35.0,1.0,,,False,MEDIUM,35.0,True,Aston Martin,1,15.0,True,4,Miami Grand Prix,True,C4,True,2.245,2.381,4.674,5.088,2.46,2.615,98.511
0 days 01:59:40.336000,ALO,14,96.451,36.0,1.0,,,False,MEDIUM,36.0,True,Aston Martin,1,15.0,True,4,Miami Grand Prix,True,C4,True,2.153,2.283,4.582,4.988,2.681,2.859,98.477
0 days 02:01:16.894000,ALO,14,96.558,37.0,1.0,,,False,MEDIUM,37.0,True,Aston Martin,1,15.0,True,4,Miami Grand Prix,True,C4,True,2.26,2.397,4.689,5.104,2.476,2.632,98.642
0 days 02:02:53.764000,ALO,14,96.87,38.0,1.0,,,False,MEDIUM,38.0,True,Aston Martin,1,15.0,True,4,Miami Grand Prix,True,C4,True,2.572,2.728,5.001,5.444,2.938,3.128,99.012
0 days 02:04:30.158000,ALO,14,96.394,39.0,1.0,,,False,MEDIUM,39.0,True,Aston Martin,1,15.0,True,4,Miami Grand Prix,True,C4,True,2.096,2.223,4.525,4.925,2.3,2.444,98.594
0 days 02:06:07.875000,ALO,14,97.717,40.0,1.0,,,False,MEDIUM,40.0,True,Aston Martin,1,15.0,True,4,Miami Grand Prix,True,C4,True,3.419,3.626,5.848,6.366,3.705,3.941,99.975
0 days 02:07:49.664000,ALO,14,101.789,41.0,1.0,,0 days 02:07:44.258000,False,MEDIUM,41.0,True,Aston Martin,1,15.0,False,4,Miami Grand Prix,True,C4,False,7.491,7.944,9.92,10.798,7.986,8.514,104.105
0 days 02:09:39.011000,ALO,14,109.347,42.0,2.0,0 days 02:08:07.560000,,False,SOFT,1.0,True,Aston Martin,1,16.0,False,4,Miami Grand Prix,True,C5,False,15.049,15.959,17.478,19.025,15.305,16.275,111.721
0 days 02:11:14.561000,ALO,14,95.55,43.0,2.0,,,True,SOFT,2.0,True,Aston Martin,1,16.0,True,4,Miami Grand Prix,True,C5,True,1.252,1.328,3.681,4.007,1.284,1.362,97.982
0 days 02:12:48.073000,ALO,14,93.512,44.0,2.0,,,False,SOFT,3.0,True,Aston Martin,1,16.0,True,4,Miami Grand Prix,True,C5,True,-0.786,-0.834,1.643,1.788,-0.294,-0.313,96.001
0 days 02:14:22.667000,ALO,14,94.594,45.0,2.0,,,True,SOFT,4.0,True,Aston Martin,1,16.0,True,4,Miami Grand Prix,True,C5,True,0.296,0.314,2.725,2.966,0.416,0.442,97.141
0 days 02:15:59.056000,ALO,14,96.389,46.0,2.0,,,False,SOFT,5.0,True,Aston Martin,12,16.0,True,4,Miami Grand Prix,True,C5,False,2.091,2.217,4.52,4.92,2.255,2.396,98.994
0 days 02:17:35.247000,ALO,14,96.191,47.0,2.0,,,False,SOFT,6.0,True,Aston Martin,1,16.0,True,4,Miami Grand Prix,True,C5,True,1.893,2.007,4.322,4.705,1.83,1.939,98.854
0 days 02:19:12.012000,ALO,14,96.765,48.0,2.0,,,False,SOFT,7.0,True,Aston Martin,1,16.0,True,4,Miami Grand Prix,True,C5,True,2.467,2.616,4.896,5.329,2.633,2.797,99.486
0 days 02:20:49.689000,ALO,14,97.677,49.0,2.0,,,False,SOFT,8.0,True,Aston Martin,1,16.0,True,4,Miami Grand Prix,True,C5,True,3.379,3.583,5.808,6.322,3.457,3.669,100.456
0 days 02:22:25.805000,ALO,14,96.116,50.0,2.0,,,False,SOFT,9.0,True,Aston Martin,1,16.0,True,4,Miami Grand Prix,True,C5,True,1.818,1.928,4.247,4.623,1.884,1.999,98.953
0 days 02:24:00.964000,ALO,14,95.159,51.0,2.0,,,False,SOFT,10.0,True,Aston Martin,1,15.0,True,4,Miami Grand Prix,True,C5,True,0.861,0.913,3.29,3.581,0.905,0.96,98.054
0 days 02:25:36.055000,ALO,14,95.091,52.0,2.0,,,False,SOFT,11.0,True,Aston Martin,1,15.0,True,4,Miami Grand Prix,True,C5,True,0.793,0.841,3.222,3.507,0.799,0.847,98.044
0 days 02:27:11.070000,ALO,14,95.015,53.0,2.0,,,False,SOFT,12.0,True,Aston Martin,1,15.0,True,4,Miami Grand Prix,True,C5,True,0.717,0.76,3.146,3.424,0.869,0.923,98.026
0 days 02:28:46.040000,ALO,14,94.97,54.0,2.0,,,False,SOFT,13.0,True,Aston Martin,1,15.0,True,4,Miami Grand Prix,True,C5,True,0.672,0.713,3.101,3.375,0.786,0.835,98.038
0 days 02:30:20.984000,ALO,14,94.944,55.0,2.0,,,False,SOFT,14.0,True,Aston Martin,12,15.0,True,4,Miami Grand Prix,True,C5,False,0.646,0.685,3.075,3.347,0.582,0.617,98.07
0 days 02:31:56.230000,ALO,14,95.246,56.0,2.0,,,False,SOFT,15.0,True,Aston Martin,1,15.0,True,4,Miami Grand Prix,True,C5,True,0.948,1.005,3.377,3.676,0.905,0.959,98.43
0 days 00:58:58.087000,LEC,16,,1.0,1.0,,,False,MEDIUM,1.0,True,Ferrari,1,1.0,False,4,Miami Grand Prix,True,C4,False,,,,,,,
0 days 01:00:31.123000,LEC,16,93.036,2.0,1.0,,,True,MEDIUM,2.0,True,Ferrari,1,1.0,True,4,Miami Grand Prix,True,C4,True,-1.262,-1.338,1.167,1.27,-2.853,-2.975,93.094
0 days 01:02:04.480000,LEC,16,93.357,3.0,1.0,,,False,MEDIUM,3.0,True,Ferrari,1,1.0,True,4,Miami Grand Prix,True,C4,True,-0.941,-0.998,1.488,1.62,-1.574,-1.658,93.473
0 days 01:03:39.210000,LEC,16,94.73,4.0,1.0,,,False,MEDIUM,4.0,True,Ferrari,1,2.0,True,4,Miami Grand Prix,True,C4,True,0.432,0.458,2.861,3.114,-0.108,-0.114,94.904
0 days 01:05:12.907000,LEC,16,93.697,5.0,1.0,,,False,MEDIUM,5.0,True,Ferrari,12,1.0,True,4,Miami Grand Prix,True,C4,False,-0.601,-0.637,1.828,1.99,-2.145,-2.238,93.929
0 days 01:07:22.370000,LEC,16,129.463,6.0,1.0,,,False,MEDIUM,6.0,True,Ferrari,24,1.0,False,4,Miami Grand Prix,True,C4,False,35.165,37.291,37.594,40.921,-5.412,-4.013,129.752
0 days 01:09:40.384000,LEC,16,138.014,7.0,1.0,,,False,MEDIUM,7.0,True,Ferrari,4,1.0,False,4,Miami Grand Prix,True,C4,False,43.716,46.359,46.145,50.229,8.358,6.446,138.361
0 days 01:12:03.192000,LEC,16,142.808,8.0,1.0,,,False,MEDIUM,8.0,True,Ferrari,4,1.0,False,4,Miami Grand Prix,True,C4,False,48.51,51.443,50.939,55.447,-0.026,-0.018,143.213
0 days 01:14:30.676000,LEC,16,147.484,9.0,1.0,,,False,MEDIUM,9.0,True,Ferrari,4,1.0,False,4,Miami Grand Prix,True,C4,False,53.186,56.402,55.615,60.537,4.076,2.842,147.947
0 days 01:16:49.438000,LEC,16,138.762,10.0,1.0,,,False,MEDIUM,10.0,True,Ferrari,4,1.0,False,4,Miami Grand Prix,True,C4,False,44.464,47.153,46.893,51.043,-0.719,-0.515,139.283
0 days 01:19:21.300000,LEC,16,,11.0,1.0,,,False,MEDIUM,11.0,True,Ferrari,41,1.0,False,4,Miami Grand Prix,True,C4,False,,,,,,,
0 days 01:20:54.178000,LEC,16,92.878,12.0,1.0,,,True,MEDIUM,12.0,True,Ferrari,1,1.0,True,4,Miami Grand Prix,True,C4,True,-1.42,-1.506,1.009,1.098,-2.331,-2.448,93.515
0 days 01:22:28.559000,LEC,16,94.381,13.0,1.0,,,False,MEDIUM,13.0,True,Ferrari,1,3.0,True,4,Miami Grand Prix,True,C4,True,0.083,0.088,2.512,2.734,-0.337,-0.356,95.076
0 days 01:24:02.303000,LEC,16,93.744,14.0,1.0,,,False,MEDIUM,14.0,True,Ferrari,1,3.0,True,4,Miami Grand Prix,True,C4,True,-0.554,-0.587,1.875,2.041,-0.326,-0.347,94.497
0 days 01:25:35.863000,LEC,16,93.56,15.0,1.0,,,False,MEDIUM,15.0,True,Ferrari,1,3.0,True,4,Miami Grand Prix,True,C4,True,-0.738,-0.783,1.691,1.841,-1.107,-1.169,94.371
0 days 01:27:09.399000,LEC,16,93.536,16.0,1.0,,,False,MEDIUM,16.0,True,Ferrari,12,3.0,True,4,Miami Grand Prix,True,C4,False,-0.762,-0.808,1.667,1.815,-1.286,-1.356,94.404
0 days 01:28:44.856000,LEC,16,95.457,17.0,1.0,,,False,MEDIUM,17.0,True,Ferrari,1,3.0,True,4,Miami Grand Prix,True,C4,True,1.159,1.229,3.588,3.906,0.29,0.305,96.383
0 days 01:30:18.548000,LEC,16,93.692,18.0,1.0,,,False,MEDIUM,18.0,True,Ferrari,1,3.0,True,4,Miami Grand Prix,True,C4,True,-0.606,-0.643,1.823,1.984,-1.49,-1.565,94.676
0 days 01:31:52.087000,LEC,16,93.539,19.0,1.0,,,False,MEDIUM,19.0,True,Ferrari,1,3.0,True,4,Miami Grand Prix,True,C4,True,-0.759,-0.805,1.67,1.818,-1.33,-1.402,94.581
0 days 01:33:25.776000,LEC,16,93.689,20.0,1.0,,,False,MEDIUM,20.0,True,Ferrari,1,3.0,True,4,Miami Grand Prix,True,C4,True,-0.609,-0.646,1.82,1.981,-1.416,-1.489,94.789
0 days 01:35:04.280000,LEC,16,98.504,21.0,1.0,,0 days 01:34:58.981000,False,MEDIUM,21.0,True,Ferrari,1,5.0,False,4,Miami Grand Prix,True,C4,False,4.206,4.46,6.635,7.222,3.536,3.723,99.662
0 days 01:36:53.255000,LEC,16,108.975,22.0,2.0,0 days 01:35:22.343000,,False,HARD,1.0,True,Ferrari,1,11.0,False,4,Miami Grand Prix,True,C3,False,14.677,15.564,17.106,18.62,14.374,15.194,110.191
0 days 01:38:27.141000,LEC,16,93.886,23.0,2.0,,,False,HARD,2.0,True,Ferrari,1,10.0,True,4,Miami Grand Prix,True,C3,True,-0.412,-0.437,2.017,2.196,-0.766,-0.809,95.16
0 days 01:40:00.729000,LEC,16,93.588,24.0,2.0,,,False,HARD,3.0,True,Ferrari,1,9.0,True,4,Miami Grand Prix,True,C3,True,-0.71,-0.753,1.719,1.871,-1.222,-1.289,94.92
0 days 01:41:33.715000,LEC,16,92.986,25.0,2.0,,,False,HARD,4.0,True,Ferrari,1,9.0,True,4,Miami Grand Prix,True,C3,True,-1.312,-1.391,1.117,1.216,-2.022,-2.128,94.375
0 days 01:43:07.620000,LEC,16,93.905,26.0,2.0,,,False,HARD,5.0,True,Ferrari,1,8.0,True,4,Miami Grand Prix,True,C3,True,-0.393,-0.417,2.036,2.216,-1.069,-1.126,95.352
0 days 01:44:40.542000,LEC,16,92.922,27.0,2.0,,,False,HARD,6.0,True,Ferrari,1,8.0,True,4,Miami Grand Prix,True,C3,True,-1.376,-1.459,1.053,1.146,-2.33,-2.446,94.427
0 days 01:46:13.194000,LEC,16,92.652,28.0,2.0,,,True,HARD,7.0,True,Ferrari,1,7.0,True,4,Miami Grand Prix,True,C3,True,-1.646,-1.746,0.783,0.852,-2.03,-2.144,94.215
0 days 01:47:45.980000,LEC,16,92.786,29.0,2.0,,,False,HARD,8.0,True,Ferrari,1,6.0,True,4,Miami Grand Prix,True,C3,True,-1.512,-1.603,0.917,0.998,-1.406,-1.493,94.407
0 days 01:49:19.396000,LEC,16,93.416,30.0,2.0,,,False,HARD,9.0,True,Ferrari,1,6.0,True,4,Miami Grand Prix,True,C3,True,-0.882,-0.935,1.547,1.684,-0.396,-0.422,95.095
0 days 01:50:52.341000,LEC,16,92.945,31.0,2.0,,,False,HARD,10.0,True,Ferrari,1,4.0,True,4,Miami Grand Prix,True,C3,True,-1.353,-1.435,1.076,1.171,-0.892,-0.951,94.682
0 days 01:52:25.336000,LEC,16,92.995,32.0,2.0,,,False,HARD,11.0,True,Ferrari,1,4.0,True,4,Miami Grand Prix,True,C3,True,-1.303,-1.382,1.126,1.226,-0.742,-0.792,94.79
0 days 01:53:58.411000,LEC,16,93.075,33.0,2.0,,,False,HARD,12.0,True,Ferrari,1,4.0,True,4,Miami Grand Prix,True,C3,True,-1.223,-1.297,1.206,1.313,-0.472,-0.505,94.928
0 days 01:55:31.382000,LEC,16,92.971,34.0,2.0,,,False,HARD,13.0,True,Ferrari,1,4.0,True,4,Miami Grand Prix,True,C3,True,-1.327,-1.407,1.102,1.2,-1.163,-1.235,94.882
0 days 01:57:04.375000,LEC,16,92.993,35.0,2.0,,,False,HARD,14.0,True,Ferrari,1,4.0,True,4,Miami Grand Prix,True,C3,True,-1.305,-1.384,1.124,1.223,-1.09,-1.159,94.961
0 days 01:58:37.254000,LEC,16,92.879,36.0,2.0,,,False,HARD,15.0,True,Ferrari,1,4.0,True,4,Miami Grand Prix,True,C3,True,-1.419,-1.505,1.01,1.099,-0.891,-0.95,94.905
0 days 02:00:10.409000,LEC,16,93.155,37.0,2.0,,,False,HARD,16.0,True,Ferrari,1,4.0,True,4,Miami Grand Prix,True,C3,True,-1.143,-1.212,1.286,1.4,-0.927,-0.985,95.239
0 days 02:01:43.402000,LEC,16,92.993,38.0,2.0,,,False,HARD,17.0,True,Ferrari,1,4.0,True,4,Miami Grand Prix,True,C3,True,-1.305,-1.384,1.124,1.223,-0.939,-1.0,95.135
0 days 02:03:16.157000,LEC,16,92.755,39.0,2.0,,,False,HARD,18.0,True,Ferrari,1,4.0,True,4,Miami Grand Prix,True,C3,True,-1.543,-1.636,0.886,0.964,-1.339,-1.423,94.955
0 days 02:04:48.924000,LEC,16,92.767,40.0,2.0,,,False,HARD,19.0,True,Ferrari,1,4.0,True,4,Miami Grand Prix,True,C3,True,-1.531,-1.624,0.898,0.977,-1.245,-1.324,95.025
0 days 02:06:21.610000,LEC,16,92.686,41.0,2.0,,,False,HARD,20.0,True,Ferrari,1,4.0,True,4,Miami Grand Prix,True,C3,True,-1.612,-1.709,0.817,0.889,-1.117,-1.191,95.002
0 days 02:07:54.652000,LEC,16,93.042,42.0,2.0,,,False,HARD,21.0,True,Ferrari,1,4.0,True,4,Miami Grand Prix,True,C3,True,-1.256,-1.332,1.173,1.277,-1.0,-1.063,95.416
0 days 02:09:27.264000,LEC,16,92.612,43.0,2.0,,,True,HARD,22.0,True,Ferrari,1,4.0,True,4,Miami Grand Prix,True,C3,True,-1.686,-1.788,0.743,0.809,-1.654,-1.755,95.044
0 days 02:10:59.779000,LEC,16,92.515,44.0,2.0,,,True,HARD,23.0,True,Ferrari,1,4.0,True,4,Miami Grand Prix,True,C3,True,-1.783,-1.891,0.646,0.703,-1.291,-1.376,95.004
0 days 02:12:32.653000,LEC,16,92.874,45.0,2.0,,,False,HARD,24.0,True,Ferrari,1,4.0,True,4,Miami Grand Prix,True,C3,True,-1.424,-1.51,1.005,1.094,-1.304,-1.385,95.421
0 days 02:14:06.121000,LEC,16,93.468,46.0,2.0,,,False,HARD,25.0,True,Ferrari,1,4.0,True,4,Miami Grand Prix,True,C3,True,-0.83,-0.88,1.599,1.741,-0.666,-0.708,96.073
0 days 02:15:39.799000,LEC,16,93.678,47.0,2.0,,,False,HARD,26.0,True,Ferrari,1,3.0,True,4,Miami Grand Prix,True,C3,True,-0.62,-0.657,1.809,1.969,-0.683,-0.724,96.341
0 days 02:17:12.691000,LEC,16,92.892,48.0,2.0,,,False,HARD,27.0,True,Ferrari,12,3.0,True,4,Miami Grand Prix,True,C3,False,-1.406,-1.491,1.023,1.114,-1.24,-1.317,95.613
0 days 02:18:45.425000,LEC,16,92.734,49.0,2.0,,,False,HARD,28.0,True,Ferrari,1,3.0,True,4,Miami Grand Prix,True,C3,True,-1.564,-1.659,0.865,0.942,-1.486,-1.577,95.513
0 days 02:20:17.991000,LEC,16,92.566,50.0,2.0,,,False,HARD,29.0,True,Ferrari,1,3.0,True,4,Miami Grand Prix,True,C3,True,-1.732,-1.837,0.697,0.759,-1.666,-1.768,95.403
0 days 02:21:50.569000,LEC,16,92.578,51.0,2.0,,,False,HARD,30.0,True,Ferrari,1,3.0,True,4,Miami Grand Prix,True,C3,True,-1.72,-1.824,0.709,0.772,-1.676,-1.778,95.473
0 days 02:23:23.148000,LEC,16,92.579,52.0,2.0,,,False,HARD,31.0,True,Ferrari,1,3.0,True,4,Miami Grand Prix,True,C3,True,-1.719,-1.823,0.71,0.773,-1.713,-1.817,95.532
0 days 02:24:55.827000,LEC,16,92.679,53.0,2.0,,,False,HARD,32.0,True,Ferrari,1,3.0,True,4,Miami Grand Prix,True,C3,True,-1.619,-1.717,0.81,0.882,-1.467,-1.558,95.69
0 days 02:26:28.494000,LEC,16,92.667,54.0,2.0,,,False,HARD,33.0,True,Ferrari,1,3.0,True,4,Miami Grand Prix,True,C3,True,-1.631,-1.73,0.798,0.869,-1.517,-1.611,95.735
0 days 02:28:01.435000,LEC,16,92.941,55.0,2.0,,,False,HARD,34.0,True,Ferrari,1,3.0,True,4,Miami Grand Prix,True,C3,True,-1.357,-1.439,1.072,1.167,-1.421,-1.506,96.067
0 days 02:29:35.646000,LEC,16,94.211,56.0,2.0,,,False,HARD,35.0,True,Ferrari,1,4.0,True,4,Miami Grand Prix,True,C3,True,-0.087,-0.092,2.342,2.549,-0.13,-0.138,97.395
0 days 02:31:25.480000,LEC,16,109.834,57.0,2.0,,,False,HARD,36.0,True,Ferrari,12,6.0,True,4,Miami Grand Prix,True,C3,False,15.536,16.475,17.965,19.555,15.414,16.325,113.076
0 days 00:59:09.624000,STR,18,,1.0,1.0,,,False,MEDIUM,1.0,True,Aston Martin,1,16.0,False,4,Miami Grand Prix,True,C4,False,,,,,,,
0 days 01:00:46.193000,STR,18,96.569,2.0,1.0,,,True,MEDIUM,2.0,True,Aston Martin,1,16.0,True,4,Miami Grand Prix,True,C4,True,2.271,2.408,4.7,5.116,0.68,0.709,96.627
0 days 01:02:23.212000,STR,18,97.019,3.0,1.0,,,False,MEDIUM,3.0,True,Aston Martin,1,17.0,True,4,Miami Grand Prix,True,C4,True,2.721,2.886,5.15,5.606,2.088,2.199,97.135
0 days 01:03:59.630000,STR,18,96.418,4.0,1.0,,,True,MEDIUM,4.0,True,Aston Martin,1,17.0,True,4,Miami Grand Prix,True,C4,True,2.12,2.248,4.549,4.952,1.58,1.666,96.592
0 days 01:05:38.824000,STR,18,99.194,5.0,1.0,,,False,MEDIUM,5.0,True,Aston Martin,124,16.0,False,4,Miami Grand Prix,True,C4,False,4.896,5.192,7.325,7.973,3.352,3.497,99.426
0 days 01:07:55.546000,STR,18,136.722,6.0,1.0,,,False,MEDIUM,6.0,True,Aston Martin,4,16.0,False,4,Miami Grand Prix,True,C4,False,42.424,44.989,44.853,48.823,1.847,1.369,137.011
0 days 01:10:04.051000,STR,18,128.505,7.0,1.0,,,False,MEDIUM,7.0,True,Aston Martin,4,15.0,False,4,Miami Grand Prix,True,C4,False,34.207,36.275,36.636,39.879,-1.151,-0.888,128.852
0 days 01:12:25.509000,STR,18,141.458,8.0,1.0,,,False,MEDIUM,8.0,True,Aston Martin,4,15.0,False,4,Miami Grand Prix,True,C4,False,47.16,50.012,49.589,53.978,-1.376,-0.963,141.863
0 days 01:14:48.156000,STR,18,142.647,9.0,1.0,,,False,MEDIUM,9.0,True,Aston Martin,4,15.0,False,4,Miami Grand Prix,True,C4,False,48.349,51.273,50.778,55.272,-0.761,-0.531,143.11
0 days 01:17:07.332000,STR,18,139.176,10.0,1.0,,,False,MEDIUM,10.0,True,Aston Martin,4,15.0,False,4,Miami Grand Prix,True,C4,False,44.878,47.592,47.307,51.494,-0.305,-0.219,139.697
0 days 01:19:28.502000,STR,18,141.17,11.0,1.0,,,False,MEDIUM,11.0,True,Aston Martin,41,15.0,False,4,Miami Grand Prix,True,C4,False,46.872,49.706,49.301,53.664,-2.97,-2.06,141.749
0 days 01:21:05.944000,STR,18,97.442,12.0,1.0,,,False,MEDIUM,12.0,True,Aston Martin,1,16.0,True,4,Miami Grand Prix,True,C4,True,3.144,3.334,5.573,6.066,2.233,2.345,98.079
0 days 01:22:42.029000,STR,18,96.085,13.0,1.0,,,True,MEDIUM,13.0,True,Aston Martin,1,16.0,True,4,Miami Grand Prix,True,C4,True,1.787,1.895,4.216,4.589,1.367,1.443,96.78
0 days 01:24:18.611000,STR,18,96.582,14.0,1.0,,,False,MEDIUM,14.0,True,Aston Martin,1,16.0,True,4,Miami Grand Prix,True,C4,True,2.284,2.422,4.713,5.13,2.512,2.67,97.335
0 days 01:25:59.564000,STR,18,100.953,15.0,1.0,,,False,MEDIUM,15.0,True,Aston Martin,12,18.0,True,4,Miami Grand Prix,True,C4,False,6.655,7.057,9.084,9.888,6.286,6.64,101.764
0 days 01:27:36.538000,STR,18,96.974,16.0,1.0,,,False,MEDIUM,16.0,True,Aston Martin,1,18.0,True,4,Miami Grand Prix,True,C4,True,2.676,2.838,5.105,5.557,2.152,2.27,97.842
0 days 01:29:12.909000,STR,18,96.371,17.0,1.0,,,False,MEDIUM,17.0,True,Aston Martin,1,18.0,True,4,Miami Grand Prix,True,C4,True,2.073,2.198,4.502,4.9,1.204,1.265,97.297
0 days 01:30:49.448000,STR,18,96.539,18.0,1.0,,,False,MEDIUM,18.0,True,Aston Martin,1,18.0,True,4,Miami Grand Prix,True,C4,True,2.241,2.377,4.67,5.083,1.357,1.426,97.523
0 days 01:32:26.470000,STR,18,97.022,19.0,1.0,,,False,MEDIUM,19.0,True,Aston Martin,1,18.0,True,4,Miami Grand Prix,True,C4,True,2.724,2.889,5.153,5.609,2.153,2.269,98.064
0 days 01:34:03.321000,STR,18,96.851,20.0,1.0,,,False,MEDIUM,20.0,True,Aston Martin,1,18.0,True,4,Miami Grand Prix,True,C4,True,2.553,2.707,4.982,5.423,1.746,1.836,97.951
0 days 01:35:44.764000,STR,18,101.443,21.0,1.0,,0 days 01:35:39.713000,False,MEDIUM,21.0,True,Aston Martin,1,18.0,False,4,Miami Grand Prix,True,C4,False,7.145,7.577,9.574,10.421,6.475,6.818,102.601
0 days 01:37:35.293000,STR,18,110.529,22.0,2.0,0 days 01:36:02.375000,,False,SOFT,4.0,False,Aston Martin,1,18.0,False,4,Miami Grand Prix,True,C5,False,16.231,17.212,18.66,20.312,15.928,16.837,111.745
0 days 01:39:10.683000,STR,18,95.39,23.0,2.0,,,True,SOFT,5.0,False,Aston Martin,1,17.0,True,4,Miami Grand Prix,True,C5,True,1.092,1.158,3.521,3.833,0.738,0.78,96.664
0 days 01:40:47.824000,STR,18,97.141,24.0,2.0,,,False,SOFT,6.0,False,Aston Martin,1,17.0,True,4,Miami Grand Prix,True,C5,True,2.843,3.015,5.272,5.739,2.331,2.459,98.473
0 days 01:42:23.745000,STR,18,95.921,25.0,2.0,,,False,SOFT,7.0,False,Aston Martin,1,17.0,True,4,Miami Grand Prix,True,C5,True,1.623,1.721,4.052,4.411,0.913,0.961,97.31
0 days 01:43:59.769000,STR,18,96.024,26.0,2.0,,,False,SOFT,8.0,False,Aston Martin,1,17.0,True,4,Miami Grand Prix,True,C5,True,1.726,1.83,4.155,4.523,1.05,1.106,97.471
0 days 01:45:35.587000,STR,18,95.818,27.0,2.0,,,False,SOFT,9.0,False,Aston Martin,1,17.0,True,4,Miami Grand Prix,True,C5,True,1.52,1.612,3.949,4.299,0.566,0.594,97.323
0 days 01:47:11.529000,STR,18,95.942,28.0,2.0,,,False,SOFT,10.0,False,Aston Martin,1,17.0,True,4,Miami Grand Prix,True,C5,True,1.644,1.743,4.073,4.433,1.26,1.331,97.505
0 days 01:48:47.302000,STR,18,95.773,29.0,2.0,,,False,SOFT,11.0,False,Aston Martin,1,17.0,True,4,Miami Grand Prix,True,C5,True,1.475,1.564,3.904,4.25,1.581,1.678,97.394
0 days 01:50:22.807000,STR,18,95.505,30.0,2.0,,,False,SOFT,12.0,False,Aston Martin,1,17.0,True,4,Miami Grand Prix,True,C5,True,1.207,1.28,3.636,3.958,1.693,1.805,97.184
0 days 01:51:58.239000,STR,18,95.432,31.0,2.0,,,False,SOFT,13.0,False,Aston Martin,1,17.0,True,4,Miami Grand Prix,True,C5,True,1.134,1.203,3.563,3.878,1.595,1.7,97.169
0 days 01:53:33.840000,STR,18,95.601,32.0,2.0,,,False,SOFT,14.0,False,Aston Martin,1,17.0,True,4,Miami Grand Prix,True,C5,True,1.303,1.382,3.732,4.062,1.864,1.989,97.396
0 days 01:55:09.043000,STR,18,95.203,33.0,2.0,,,True,SOFT,15.0,False,Aston Martin,1,17.0,True,4,Miami Grand Prix,True,C5,True,0.905,0.96,3.334,3.629,1.656,1.77,97.056
0 days 01:56:44.892000,STR,18,95.849,34.0,2.0,,,False,SOFT,16.0,False,Aston Martin,1,17.0,True,4,Miami Grand Prix,True,C5,True,1.551,1.645,3.98,4.332,1.715,1.822,97.76
0 days 01:58:23.405000,STR,18,98.513,35.0,2.0,,,False,SOFT,17.0,False,Aston Martin,1,17.0,True,4,Miami Grand Prix,True,C5,True,4.215,4.47,6.644,7.232,4.43,4.709,100.481
0 days 01:59:59.423000,STR,18,96.018,36.0,2.0,,,False,SOFT,18.0,False,Aston Martin,1,17.0,True,4,Miami Grand Prix,True,C5,True,1.72,1.824,4.149,4.516,2.248,2.397,98.044
0 days 02:01:40.447000,STR,18,101.024,37.0,2.0,,0 days 02:01:35.485000,False,SOFT,19.0,False,Aston Martin,1,17.0,False,4,Miami Grand Prix,True,C5,False,6.726,7.133,9.155,9.965,6.942,7.379,103.108
0 days 02:03:29.994000,STR,18,109.547,38.0,3.0,0 days 02:01:57.542000,,False,SOFT,1.0,True,Aston Martin,1,17.0,False,4,Miami Grand Prix,True,C5,False,15.249,16.171,17.678,19.243,15.615,16.624,111.689
0 days 02:05:05.106000,STR,18,95.112,39.0,3.0,,,True,SOFT,2.0,True,Aston Martin,1,17.0,True,4,Miami Grand Prix,True,C5,True,0.814,0.863,3.243,3.53,1.018,1.082,97.312
0 days 02:06:40.064000,STR,18,94.958,40.0,3.0,,,True,SOFT,3.0,True,Aston Martin,1,17.0,True,4,Miami Grand Prix,True,C5,True,0.66,0.7,3.089,3.362,0.946,1.006,97.216
0 days 02:08:15.208000,STR,18,95.144,41.0,3.0,,,False,SOFT,4.0,True,Aston Martin,1,17.0,True,4,Miami Grand Prix,True,C5,True,0.846,0.897,3.275,3.565,1.341,1.43,97.46
0 days 02:09:50.532000,STR,18,95.324,42.0,3.0,,,False,SOFT,5.0,True,Aston Martin,1,17.0,True,4,Miami Grand Prix,True,C5,True,1.026,1.088,3.455,3.761,1.282,1.363,97.698
0 days 02:11:25.757000,STR,18,95.225,43.0,3.0,,,False,SOFT,6.0,True,Aston Martin,1,17.0,True,4,Miami Grand Prix,True,C5,True,0.927,0.983,3.356,3.653,0.959,1.017,97.657
0 days 02:13:03.136000,STR,18,97.379,44.0,3.0,,,False,SOFT,7.0,True,Aston Martin,1,17.0,True,4,Miami Grand Prix,True,C5,True,3.081,3.267,5.51,5.998,3.573,3.809,99.868
0 days 02:14:37.956000,STR,18,94.82,45.0,3.0,,,True,SOFT,8.0,True,Aston Martin,1,17.0,True,4,Miami Grand Prix,True,C5,True,0.522,0.554,2.951,3.212,0.642,0.682,97.367
0 days 02:16:13.130000,STR,18,95.174,46.0,3.0,,,False,SOFT,9.0,True,Aston Martin,12,17.0,True,4,Miami Grand Prix,True,C5,False,0.876,0.929,3.305,3.598,1.04,1.105,97.779
0 days 02:17:48.345000,STR,18,95.215,47.0,3.0,,,False,SOFT,10.0,True,Aston Martin,1,17.0,True,4,Miami Grand Prix,True,C5,True,0.917,0.972,3.346,3.642,0.854,0.905,97.878
0 days 02:19:23.480000,STR,18,95.135,48.0,3.0,,,False,SOFT,11.0,True,Aston Martin,1,17.0,True,4,Miami Grand Prix,True,C5,True,0.837,0.888,3.266,3.555,1.003,1.066,97.856
0 days 02:20:58.578000,STR,18,95.098,49.0,3.0,,,False,SOFT,12.0,True,Aston Martin,1,17.0,True,4,Miami Grand Prix,True,C5,True,0.8,0.848,3.229,3.515,0.878,0.932,97.877
0 days 02:22:33.765000,STR,18,95.187,50.0,3.0,,,False,SOFT,13.0,True,Aston Martin,1,17.0,True,4,Miami Grand Prix,True,C5,True,0.889,0.943,3.318,3.612,0.955,1.013,98.024
0 days 02:24:08.656000,STR,18,94.891,51.0,3.0,,,False,SOFT,14.0,True,Aston Martin,1,17.0,True,4,Miami Grand Prix,True,C5,True,0.593,0.629,3.022,3.289,0.637,0.676,97.786
0 days 02:25:43.415000,STR,18,94.759,52.0,3.0,,,True,SOFT,15.0,True,Aston Martin,1,17.0,True,4,Miami Grand Prix,True,C5,True,0.461,0.489,2.89,3.146,0.467,0.495,97.712
0 days 02:27:18.226000,STR,18,94.811,53.0,3.0,,,False,SOFT,16.0,True,Aston Martin,1,17.0,True,4,Miami Grand Prix,True,C5,True,0.513,0.544,2.942,3.202,0.665,0.706,97.822
0 days 02:28:53.032000,STR,18,94.806,54.0,3.0,,,False,SOFT,17.0,True,Aston Martin,1,17.0,True,4,Miami Grand Prix,True,C5,True,0.508,0.539,2.937,3.197,0.622,0.66,97.874
0 days 02:30:29.181000,STR,18,96.149,55.0,3.0,,,False,SOFT,18.0,True,Aston Martin,12,17.0,True,4,Miami Grand Prix,True,C5,False,1.851,1.963,4.28,4.659,1.787,1.894,99.275
0 days 02:32:03.897000,STR,18,94.716,56.0,3.0,,,True,SOFT,19.0,True,Aston Martin,1,17.0,True,4,Miami Grand Prix,True,C5,True,0.418,0.443,2.847,3.099,0.375,0.397,97.9
0 days 00:59:06.976000,ALB,23,,1.0,1.0,,,False,MEDIUM,1.0,True,Williams,1,10.0,False,4,Miami Grand Prix,True,C4,False,,,,,,,
0 days 01:00:42.380000,ALB,23,95.404,2.0,1.0,,,True,MEDIUM,2.0,True,Williams,1,10.0,True,4,Miami Grand Prix,True,C4,True,1.106,1.173,3.535,3.848,-0.485,-0.506,95.462
0 days 01:02:17.312000,ALB,23,94.932,3.0,1.0,,,True,MEDIUM,3.0,True,Williams,1,10.0,True,4,Miami Grand Prix,True,C4,True,0.634,0.672,3.063,3.334,0.001,0.001,95.048
0 days 01:03:52.082000,ALB,23,94.77,4.0,1.0,,,True,MEDIUM,4.0,True,Williams,1,10.0,True,4,Miami Grand Prix,True,C4,True,0.472,0.501,2.901,3.158,-0.068,-0.072,94.944
0 days 01:05:27.970000,ALB,23,95.888,5.0,1.0,,,False,MEDIUM,5.0,True,Williams,12,9.0,True,4,Miami Grand Prix,True,C4,False,1.59,1.686,4.019,4.375,0.046,0.048,96.12
0 days 01:07:43.297000,ALB,23,135.327,6.0,1.0,,,False,MEDIUM,6.0,True,Williams,24,9.0,False,4,Miami Grand Prix,True,C4,False,41.029,43.51,43.458,47.304,0.452,0.335,135.616
0 days 01:09:51.267000,ALB,23,127.97,7.0,1.0,,,False,MEDIUM,7.0,True,Williams,4,8.0,False,4,Miami Grand Prix,True,C4,False,33.672,35.708,36.101,39.296,-1.686,-1.3,128.317
0 days 01:12:15.947000,ALB,23,144.68,8.0,1.0,,,False,MEDIUM,8.0,True,Williams,4,8.0,False,4,Miami Grand Prix,True,C4,False,50.382,53.428,52.811,57.485,1.846,1.292,145.085
0 days 01:14:39.462000,ALB,23,143.515,9.0,1.0,,,False,MEDIUM,9.0,True,Williams,4,8.0,False,4,Miami Grand Prix,True,C4,False,49.217,52.193,51.646,56.217,0.107,0.075,143.978
0 days 01:16:59.574000,ALB,23,140.112,10.0,1.0,,,False,MEDIUM,10.0,True,Williams,4,8.0,False,4,Miami Grand Prix,True,C4,False,45.814,48.584,48.243,52.513,0.631,0.452,140.633
0 days 01:19:24.750000,ALB,23,145.176,11.0,1.0,,,False,MEDIUM,11.0,True,Williams,41,8.0,False,4,Miami Grand Prix,True,C4,False,50.878,53.954,53.307,58.025,1.036,0.719,145.755
0 days 01:20:59.956000,ALB,23,95.206,12.0,1.0,,,False,MEDIUM,12.0,True,Williams,1,8.0,True,4,Miami Grand Prix,True,C4,True,0.908,0.963,3.337,3.632,-0.003,-0.003,95.843
0 days 01:22:34.509000,ALB,23,94.553,13.0,1.0,,,True,MEDIUM,13.0,True,Williams,1,8.0,True,4,Miami Grand Prix,True,C4,True,0.255,0.27,2.684,2.922,-0.165,-0.174,95.248
0 days 01:24:08.670000,ALB,23,94.161,14.0,1.0,,,True,MEDIUM,14.0,True,Williams,1,8.0,True,4,Miami Grand Prix,True,C4,True,-0.137,-0.145,2.292,2.495,0.091,0.097,94.914
0 days 01:25:44.140000,ALB,23,95.47,15.0,1.0,,,False,MEDIUM,15.0,True,Williams,1,9.0,True,4,Miami Grand Prix,True,C4,True,1.172,1.243,3.601,3.92,0.803,0.848,96.281
0 days 01:27:19.385000,ALB,23,95.245,16.0,1.0,,,False,MEDIUM,16.0,True,Williams,12,9.0,True,4,Miami Grand Prix,True,C4,False,0.947,1.004,3.376,3.675,0.423,0.446,96.113
0 days 01:28:55.209000,ALB,23,95.824,17.0,1.0,,,False,MEDIUM,17.0,True,Williams,1,10.0,True,4,Miami Grand Prix,True,C4,True,1.526,1.618,3.955,4.305,0.657,0.69,96.75
0 days 01:30:30.398000,ALB,23,95.189,18.0,1.0,,,False,MEDIUM,18.0,True,Williams,1,10.0,True,4,Miami Grand Prix,True,C4,True,0.891,0.945,3.32,3.614,0.007,0.007,96.173
0 days 01:32:05.377000,ALB,23,94.979,19.0,1.0,,,False,MEDIUM,19.0,True,Williams,1,10.0,True,4,Miami Grand Prix,True,C4,True,0.681,0.722,3.11,3.385,0.11,0.116,96.021
0 days 01:33:40.589000,ALB,23,95.212,20.0,1.0,,,False,MEDIUM,20.0,True,Williams,1,10.0,True,4,Miami Grand Prix,True,C4,True,0.914,0.969,3.343,3.639,0.107,0.113,96.312
0 days 01:35:15.468000,ALB,23,94.879,21.0,1.0,,,False,MEDIUM,21.0,True,Williams,1,9.0,True,4,Miami Grand Prix,True,C4,True,0.581,0.616,3.01,3.276,-0.089,-0.094,96.037
0 days 01:36:50.268000,ALB,23,94.8,22.0,1.0,,,False,MEDIUM,22.0,True,Williams,1,8.0,True,4,Miami Grand Prix,True,C4,True,0.502,0.532,2.931,3.19,0.199,0.21,96.016
0 days 01:38:25.365000,ALB,23,95.097,23.0,1.0,,,False,MEDIUM,23.0,True,Williams,1,8.0,True,4,Miami Grand Prix,True,C4,True,0.799,0.847,3.228,3.514,0.445,0.47,96.371
0 days 01:40:01.266000,ALB,23,95.901,24.0,1.0,,,False,MEDIUM,24.0,True,Williams,1,10.0,True,4,Miami Grand Prix,True,C4,True,1.603,1.7,4.032,4.389,1.091,1.151,97.233
0 days 01:41:36.385000,ALB,23,95.119,25.0,1.0,,,False,MEDIUM,25.0,True,Williams,1,10.0,True,4,Miami Grand Prix,True,C4,True,0.821,0.871,3.25,3.538,0.111,0.117,96.508
0 days 01:43:11.349000,ALB,23,94.964,26.0,1.0,,,False,MEDIUM,26.0,True,Williams,1,10.0,True,4,Miami Grand Prix,True,C4,True,0.666,0.706,3.095,3.369,-0.01,-0.011,96.411
0 days 01:44:51.113000,ALB,23,99.764,27.0,1.0,,0 days 01:44:45.912000,False,MEDIUM,27.0,True,Williams,1,11.0,False,4,Miami Grand Prix,True,C4,False,5.466,5.797,7.895,8.594,4.512,4.737,101.269
0 days 01:46:38.911000,ALB,23,107.798,28.0,2.0,0 days 01:45:08.740000,,False,HARD,1.0,True,Williams,1,12.0,False,4,Miami Grand Prix,True,C3,False,13.5,14.316,15.929,17.339,13.116,13.853,109.361
0 days 01:48:12.786000,ALB,23,93.875,29.0,2.0,,,True,HARD,2.0,True,Williams,1,12.0,True,4,Miami Grand Prix,True,C3,True,-0.423,-0.449,2.006,2.184,-0.317,-0.337,95.496
0 days 01:49:46.570000,ALB,23,93.784,30.0,2.0,,,True,HARD,3.0,True,Williams,1,12.0,True,4,Miami Grand Prix,True,C3,True,-0.514,-0.545,1.915,2.084,-0.028,-0.03,95.463
0 days 01:51:20.407000,ALB,23,93.837,31.0,2.0,,,False,HARD,4.0,True,Williams,1,12.0,True,4,Miami Grand Prix,True,C3,True,-0.461,-0.489,1.968,2.142,0.0,0.0,95.574
0 days 01:52:54.601000,ALB,23,94.194,32.0,2.0,,,False,HARD,5.0,True,Williams,1,10.0,True,4,Miami Grand Prix,True,C3,True,-0.104,-0.11,2.325,2.531,0.457,0.488,95.989
0 days 01:54:28.841000,ALB,23,94.24,33.0,2.0,,,False,HARD,6.0,True,Williams,1,10.0,True,4,Miami Grand Prix,True,C3,True,-0.058,-0.062,2.371,2.581,0.693,0.741,96.093
0 days 01:56:03.274000,ALB,23,94.433,34.0,2.0,,,False,HARD,7.0,True,Williams,1,10.0,True,4,Miami Grand Prix,True,C3,True,0.135,0.143,2.564,2.791,0.299,0.318,96.344
0 days 01:57:37.570000,ALB,23,94.296,35.0,2.0,,,False,HARD,8.0,True,Williams,1,10.0,True,4,Miami Grand Prix,True,C3,True,-0.002,-0.002,2.427,2.642,0.213,0.226,96.264
0 days 01:59:11.771000,ALB,23,94.201,36.0,2.0,,,False,HARD,9.0,True,Williams,1,10.0,True,4,Miami Grand Prix,True,C3,True,-0.097,-0.103,2.332,2.538,0.431,0.46,96.227
0 days 02:00:46.256000,ALB,23,94.485,37.0,2.0,,,False,HARD,10.0,True,Williams,1,10.0,True,4,Miami Grand Prix,True,C3,True,0.187,0.198,2.616,2.848,0.403,0.428,96.569
0 days 02:02:20.696000,ALB,23,94.44,38.0,2.0,,,False,HARD,11.0,True,Williams,1,10.0,True,4,Miami Grand Prix,True,C3,True,0.142,0.151,2.571,2.799,0.508,0.541,96.582
0 days 02:03:55.033000,ALB,23,94.337,39.0,2.0,,,False,HARD,12.0,True,Williams,1,10.0,True,4,Miami Grand Prix,True,C3,True,0.039,0.041,2.468,2.686,0.243,0.258,96.537
0 days 02:05:29.472000,ALB,23,94.439,40.0,2.0,,,False,HARD,13.0,True,Williams,1,10.0,True,4,Miami Grand Prix,True,C3,True,0.141,0.15,2.57,2.797,0.427,0.454,96.697
0 days 02:07:03.644000,ALB,23,94.172,41.0,2.0,,,False,HARD,14.0,True,Williams,1,10.0,True,4,Miami Grand Prix,True,C3,True,-0.126,-0.134,2.303,2.507,0.369,0.393,96.488
0 days 02:08:38.010000,ALB,23,94.366,42.0,2.0,,,False,HARD,15.0,True,Williams,1,10.0,True,4,Miami Grand Prix,True,C3,True,0.068,0.072,2.497,2.718,0.324,0.345,96.74
0 days 02:10:12.300000,ALB,23,94.29,43.0,2.0,,,False,HARD,16.0,True,Williams,1,10.0,True,4,Miami Grand Prix,True,C3,True,-0.008,-0.008,2.421,2.635,0.024,0.025,96.722
0 days 02:11:46.439000,ALB,23,94.139,44.0,2.0,,,False,HARD,17.0,True,Williams,1,10.0,True,4,Miami Grand Prix,True,C3,True,-0.159,-0.169,2.27,2.471,0.333,0.355,96.628
0 days 02:13:20.749000,ALB,23,94.31,45.0,2.0,,,False,HARD,18.0,True,Williams,1,10.0,True,4,Miami Grand Prix,True,C3,True,0.012,0.013,2.441,2.657,0.132,0.14,96.857
0 days 02:14:54.948000,ALB,23,94.199,46.0,2.0,,,False,HARD,19.0,True,Williams,1,10.0,True,4,Miami Grand Prix,True,C3,True,-0.099,-0.105,2.33,2.536,0.065,0.069,96.804
0 days 02:16:29.509000,ALB,23,94.561,47.0,2.0,,,False,HARD,20.0,True,Williams,12,10.0,True,4,Miami Grand Prix,True,C3,False,0.263,0.279,2.692,2.93,0.2,0.212,97.224
0 days 02:18:03.834000,ALB,23,94.325,48.0,2.0,,,False,HARD,21.0,True,Williams,1,10.0,True,4,Miami Grand Prix,True,C3,True,0.027,0.029,2.456,2.673,0.193,0.205,97.046
0 days 02:19:38.014000,ALB,23,94.18,49.0,2.0,,,False,HARD,22.0,True,Williams,1,10.0,True,4,Miami Grand Prix,True,C3,True,-0.118,-0.125,2.311,2.516,-0.04,-0.042,96.959
0 days 02:21:12.370000,ALB,23,94.356,50.0,2.0,,,False,HARD,23.0,True,Williams,1,10.0,True,4,Miami Grand Prix,True,C3,True,0.058,0.062,2.487,2.707,0.124,0.132,97.193
0 days 02:22:46.777000,ALB,23,94.407,51.0,2.0,,,False,HARD,24.0,True,Williams,1,10.0,True,4,Miami Grand Prix,True,C3,True,0.109,0.116,2.538,2.763,0.153,0.162,97.302
0 days 02:24:21.064000,ALB,23,94.287,52.0,2.0,,,False,HARD,25.0,True,Williams,1,10.0,True,4,Miami Grand Prix,True,C3,True,-0.011,-0.012,2.418,2.632,-0.005,-0.005,97.24
0 days 02:25:55.415000,ALB,23,94.351,53.0,2.0,,,False,HARD,26.0,True,Williams,1,10.0,True,4,Miami Grand Prix,True,C3,True,0.053,0.056,2.482,2.702,0.205,0.218,97.362
0 days 02:27:29.668000,ALB,23,94.253,54.0,2.0,,,False,HARD,27.0,True,Williams,1,10.0,True,4,Miami Grand Prix,True,C3,True,-0.045,-0.048,2.384,2.595,0.069,0.073,97.321
0 days 02:29:03.777000,ALB,23,94.109,55.0,2.0,,,False,HARD,28.0,True,Williams,1,10.0,True,4,Miami Grand Prix,True,C3,True,-0.189,-0.2,2.24,2.438,-0.253,-0.268,97.235
0 days 02:30:37.940000,ALB,23,94.163,56.0,2.0,,,False,HARD,29.0,True,Williams,12,10.0,True,4,Miami Grand Prix,True,C3,False,-0.135,-0.143,2.294,2.497,-0.178,-0.189,97.347
0 days 02:32:12.238000,ALB,23,94.298,57.0,2.0,,,False,HARD,30.0,True,Williams,1,10.0,True,4,Miami Grand Prix,True,C3,True,0.0,0.0,2.429,2.644,-0.122,-0.129,97.54
0 days 00:59:16.244000,HUL,27,,1.0,1.0,,0 days 00:59:10.357000,False,MEDIUM,1.0,True,Audi,1,22.0,False,4,Miami Grand Prix,True,C4,False,,,,,,,
0 days 01:01:16.518000,HUL,27,120.274,2.0,2.0,0 days 00:59:43.967000,,False,MEDIUM,1.0,True,Audi,1,22.0,False,4,Miami Grand Prix,True,C4,False,25.976,27.547,28.405,30.919,24.385,25.43,120.332
0 days 01:02:51.448000,HUL,27,94.93,3.0,2.0,,,True,MEDIUM,2.0,True,Audi,1,22.0,True,4,Miami Grand Prix,True,C4,True,0.632,0.67,3.061,3.332,-0.001,-0.001,95.046
0 days 01:04:25.971000,HUL,27,94.523,4.0,2.0,,,True,MEDIUM,3.0,True,Audi,1,22.0,True,4,Miami Grand Prix,True,C4,True,0.225,0.239,2.654,2.889,-0.315,-0.332,94.697
0 days 01:06:15.458000,HUL,27,109.487,5.0,2.0,,,False,MEDIUM,4.0,True,Audi,124,20.0,False,4,Miami Grand Prix,True,C4,False,15.189,16.107,17.618,19.177,13.645,14.237,109.719
0 days 01:08:30.608000,HUL,27,135.15,6.0,2.0,,,False,MEDIUM,5.0,True,Audi,4,19.0,False,4,Miami Grand Prix,True,C4,False,40.852,43.322,43.281,47.112,0.275,0.204,135.439
0 days 01:11:22.019000,HUL,27,,7.0,2.0,,0 days 01:11:15.306000,False,MEDIUM,6.0,True,Audi,4,19.0,False,4,Miami Grand Prix,True,C4,False,,,,,,,
0 days 00:59:06.904000,VER,3,,1.0,1.0,,,False,MEDIUM,1.0,True,Red Bull Racing,1,9.0,False,4,Miami Grand Prix,True,C4,False,,,,,,,
0 days 01:00:40.368000,VER,3,93.464,2.0,1.0,,,True,MEDIUM,2.0,True,Red Bull Racing,1,8.0,True,4,Miami Grand Prix,True,C4,True,-0.834,-0.884,1.595,1.736,-2.425,-2.529,93.522
0 days 01:02:13.607000,VER,3,93.239,3.0,1.0,,,True,MEDIUM,3.0,True,Red Bull Racing,1,8.0,True,4,Miami Grand Prix,True,C4,True,-1.059,-1.123,1.37,1.491,-1.692,-1.782,93.355
0 days 01:03:47.143000,VER,3,93.536,4.0,1.0,,,False,MEDIUM,4.0,True,Red Bull Racing,1,8.0,True,4,Miami Grand Prix,True,C4,True,-0.762,-0.808,1.667,1.815,-1.302,-1.373,93.71
0 days 01:05:21.233000,VER,3,94.09,5.0,1.0,,,False,MEDIUM,5.0,True,Red Bull Racing,12,8.0,True,4,Miami Grand Prix,True,C4,False,-0.208,-0.221,2.221,2.418,-1.752,-1.828,94.322
0 days 01:07:42.181000,VER,3,140.948,6.0,1.0,,0 days 01:07:36.745000,False,MEDIUM,6.0,True,Red Bull Racing,24,8.0,False,4,Miami Grand Prix,True,C4,False,46.65,49.471,49.079,53.423,6.073,4.503,141.237
0 days 01:10:04.835000,VER,3,142.654,7.0,2.0,0 days 01:07:59.396000,,False,HARD,1.0,True,Red Bull Racing,4,16.0,False,4,Miami Grand Prix,True,C3,False,48.356,51.28,50.785,55.28,12.998,10.025,143.001
0 days 01:12:26.774000,VER,3,141.939,8.0,2.0,,,False,HARD,2.0,True,Red Bull Racing,4,16.0,False,4,Miami Grand Prix,True,C3,False,47.641,50.522,50.07,54.502,-0.895,-0.627,142.344
0 days 01:14:49.357000,VER,3,142.583,9.0,2.0,,,False,HARD,3.0,True,Red Bull Racing,4,16.0,False,4,Miami Grand Prix,True,C3,False,48.285,51.205,50.714,55.203,-0.825,-0.575,143.046
0 days 01:17:09.529000,VER,3,140.172,10.0,2.0,,,False,HARD,4.0,True,Red Bull Racing,4,16.0,False,4,Miami Grand Prix,True,C3,False,45.874,48.648,48.303,52.578,0.691,0.495,140.693
0 days 01:19:28.972000,VER,3,139.443,11.0,2.0,,,False,HARD,5.0,True,Red Bull Racing,41,16.0,False,4,Miami Grand Prix,True,C3,False,45.145,47.875,47.574,51.785,-4.697,-3.259,140.022
0 days 01:21:04.756000,VER,3,95.784,12.0,2.0,,,False,HARD,6.0,True,Red Bull Racing,1,14.0,True,4,Miami Grand Prix,True,C3,True,1.486,1.576,3.915,4.262,0.575,0.604,96.421
0 days 01:22:38.316000,VER,3,93.56,13.0,2.0,,,False,HARD,7.0,True,Red Bull Racing,1,12.0,True,4,Miami Grand Prix,True,C3,True,-0.738,-0.783,1.691,1.841,-1.158,-1.223,94.255
0 days 01:24:11.946000,VER,3,93.63,14.0,2.0,,,False,HARD,8.0,True,Red Bull Racing,1,12.0,True,4,Miami Grand Prix,True,C3,True,-0.668,-0.708,1.761,1.917,-0.44,-0.468,94.383
0 days 01:25:45.498000,VER,3,93.552,15.0,2.0,,,False,HARD,9.0,True,Red Bull Racing,1,10.0,True,4,Miami Grand Prix,True,C3,True,-0.746,-0.791,1.683,1.832,-1.115,-1.178,94.363
0 days 01:27:19.616000,VER,3,94.118,16.0,2.0,,,False,HARD,10.0,True,Red Bull Racing,12,10.0,True,4,Miami Grand Prix,True,C3,False,-0.18,-0.191,2.249,2.448,-0.704,-0.742,94.986
0 days 01:28:53.415000,VER,3,93.799,17.0,2.0,,,False,HARD,11.0,True,Red Bull Racing,1,9.0,True,4,Miami Grand Prix,True,C3,True,-0.499,-0.529,1.93,2.101,-1.368,-1.437,94.725
0 days 01:30:27.085000,VER,3,93.67,18.0,2.0,,,False,HARD,12.0,True,Red Bull Racing,1,8.0,True,4,Miami Grand Prix,True,C3,True,-0.628,-0.666,1.801,1.96,-1.512,-1.589,94.654
0 days 01:32:00.466000,VER,3,93.381,19.0,2.0,,,False,HARD,13.0,True,Red Bull Racing,1,8.0,True,4,Miami Grand Prix,True,C3,True,-0.917,-0.972,1.512,1.646,-1.488,-1.568,94.423
0 days 01:33:34.328000,VER,3,93.862,20.0,2.0,,,False,HARD,14.0,True,Red Bull Racing,1,8.0,True,4,Miami Grand Prix,True,C3,True,-0.436,-0.462,1.993,2.169,-1.243,-1.307,94.962
0 days 01:35:07.669000,VER,3,93.341,21.0,2.0,,,False,HARD,15.0,True,Red Bull Racing,1,6.0,True,4,Miami Grand Prix,True,C3,True,-0.957,-1.015,1.472,1.602,-1.627,-1.713,94.499
0 days 01:36:40.993000,VER,3,93.324,22.0,2.0,,,False,HARD,16.0,True,Red Bull Racing,1,5.0,True,4,Miami Grand Prix,True,C3,True,-0.974,-1.033,1.455,1.584,-1.277,-1.35,94.54
0 days 01:38:14.348000,VER,3,93.355,23.0,2.0,,,False,HARD,17.0,True,Red Bull Racing,1,5.0,True,4,Miami Grand Prix,True,C3,True,-0.943,-1.0,1.486,1.618,-1.297,-1.37,94.629
0 days 01:39:47.458000,VER,3,93.11,24.0,2.0,,,True,HARD,18.0,True,Red Bull Racing,1,5.0,True,4,Miami Grand Prix,True,C3,True,-1.188,-1.26,1.241,1.351,-1.7,-1.793,94.442
0 days 01:41:20.957000,VER,3,93.499,25.0,2.0,,,False,HARD,19.0,True,Red Bull Racing,1,5.0,True,4,Miami Grand Prix,True,C3,True,-0.799,-0.847,1.63,1.774,-1.509,-1.588,94.888
0 days 01:42:54.801000,VER,3,93.844,26.0,2.0,,,False,HARD,20.0,True,Red Bull Racing,1,4.0,True,4,Miami Grand Prix,True,C3,True,-0.454,-0.481,1.975,2.15,-1.13,-1.19,95.291
0 days 01:44:28.273000,VER,3,93.472,27.0,2.0,,,False,HARD,21.0,True,Red Bull Racing,1,3.0,True,4,Miami Grand Prix,True,C3,True,-0.826,-0.876,1.603,1.745,-1.78,-1.869,94.977
0 days 01:46:02.051000,VER,3,93.778,28.0,2.0,,,False,HARD,22.0,True,Red Bull Racing,1,1.0,True,4,Miami Grand Prix,True,C3,True,-0.52,-0.551,1.909,2.078,-0.904,-0.955,95.341
0 days 01:47:36.401000,VER,3,94.35,29.0,2.0,,,False,HARD,23.0,True,Red Bull Racing,1,3.0,True,4,Miami Grand Prix,True,C3,True,0.052,0.055,2.481,2.701,0.158,0.168,95.971
0 days 01:49:10.573000,VER,3,94.172,30.0,2.0,,,False,HARD,24.0,True,Red Bull Racing,1,3.0,True,4,Miami Grand Prix,True,C3,True,-0.126,-0.134,2.303,2.507,0.36,0.384,95.851
0 days 01:50:43.854000,VER,3,93.281,31.0,2.0,,,False,HARD,25.0,True,Red Bull Racing,1,3.0,True,4,Miami Grand Prix,True,C3,True,-1.017,-1.078,1.412,1.537,-0.556,-0.593,95.018
0 days 01:52:17.436000,VER,3,93.582,32.0,2.0,,,False,HARD,26.0,True,Red Bull Racing,1,3.0,True,4,Miami Grand Prix,True,C3,True,-0.716,-0.759,1.713,1.865,-0.155,-0.165,95.377
0 days 01:53:50.978000,VER,3,93.542,33.0,2.0,,,False,HARD,27.0,True,Red Bull Racing,1,3.0,True,4,Miami Grand Prix,True,C3,True,-0.756,-0.802,1.673,1.821,-0.005,-0.005,95.395
0 days 01:55:24.440000,VER,3,93.462,34.0,2.0,,,False,HARD,28.0,True,Red Bull Racing,1,3.0,True,4,Miami Grand Prix,True,C3,True,-0.836,-0.887,1.593,1.734,-0.672,-0.714,95.373
0 days 01:56:57.890000,VER,3,93.45,35.0,2.0,,,False,HARD,29.0,True,Red Bull Racing,1,3.0,True,4,Miami Grand Prix,True,C3,True,-0.848,-0.899,1.581,1.721,-0.633,-0.673,95.418
0 days 01:58:31.244000,VER,3,93.354,36.0,2.0,,,False,HARD,30.0,True,Red Bull Racing,1,3.0,True,4,Miami Grand Prix,True,C3,True,-0.944,-1.001,1.485,1.616,-0.416,-0.444,95.38
0 days 02:00:04.357000,VER,3,93.113,37.0,2.0,,,False,HARD,31.0,True,Red Bull Racing,1,3.0,True,4,Miami Grand Prix,True,C3,True,-1.185,-1.257,1.244,1.354,-0.969,-1.03,95.197
0 days 02:01:37.505000,VER,3,93.148,38.0,2.0,,,False,HARD,32.0,True,Red Bull Racing,1,3.0,True,4,Miami Grand Prix,True,C3,True,-1.15,-1.22,1.279,1.392,-0.784,-0.835,95.29
0 days 02:03:10.673000,VER,3,93.168,39.0,2.0,,,False,HARD,33.0,True,Red Bull Racing,1,3.0,True,4,Miami Grand Prix,True,C3,True,-1.13,-1.198,1.299,1.414,-0.926,-0.984,95.368
0 days 02:04:44.178000,VER,3,93.505,40.0,2.0,,,False,HARD,34.0,True,Red Bull Racing,1,3.0,True,4,Miami Grand Prix,True,C3,True,-0.793,-0.841,1.636,1.781,-0.507,-0.539,95.763
0 days 02:06:17.953000,VER,3,93.775,41.0,2.0,,,False,HARD,35.0,True,Red Bull Racing,1,3.0,True,4,Miami Grand Prix,True,C3,True,-0.523,-0.555,1.906,2.075,-0.028,-0.03,96.091
0 days 02:07:51.335000,VER,3,93.382,42.0,2.0,,,False,HARD,36.0,True,Red Bull Racing,1,3.0,True,4,Miami Grand Prix,True,C3,True,-0.916,-0.971,1.513,1.647,-0.66,-0.702,95.756
0 days 02:09:25.074000,VER,3,93.739,43.0,2.0,,,False,HARD,37.0,True,Red Bull Racing,1,3.0,True,4,Miami Grand Prix,True,C3,True,-0.559,-0.593,1.87,2.036,-0.527,-0.559,96.171
0 days 02:10:58.725000,VER,3,93.651,44.0,2.0,,,False,HARD,38.0,True,Red Bull Racing,1,3.0,True,4,Miami Grand Prix,True,C3,True,-0.647,-0.686,1.782,1.94,-0.155,-0.165,96.14
0 days 02:12:32.173000,VER,3,93.448,45.0,2.0,,,False,HARD,39.0,True,Red Bull Racing,1,3.0,True,4,Miami Grand Prix,True,C3,True,-0.85,-0.901,1.579,1.719,-0.73,-0.775,95.995
0 days 02:14:05.866000,VER,3,93.693,46.0,2.0,,,False,HARD,40.0,True,Red Bull Racing,1,3.0,True,4,Miami Grand Prix,True,C3,True,-0.605,-0.642,1.824,1.985,-0.441,-0.468,96.298
0 days 02:15:40.849000,VER,3,94.983,47.0,2.0,,,False,HARD,41.0,True,Red Bull Racing,1,4.0,True,4,Miami Grand Prix,True,C3,True,0.685,0.726,3.114,3.39,0.622,0.659,97.646
0 days 02:17:15.217000,VER,3,94.368,48.0,2.0,,,False,HARD,42.0,True,Red Bull Racing,12,5.0,True,4,Miami Grand Prix,True,C3,False,0.07,0.074,2.499,2.72,0.236,0.251,97.089
0 days 02:18:49.617000,VER,3,94.4,49.0,2.0,,,False,HARD,43.0,True,Red Bull Racing,1,5.0,True,4,Miami Grand Prix,True,C3,True,0.102,0.108,2.531,2.755,0.18,0.191,97.179
0 days 02:20:23.209000,VER,3,93.592,50.0,2.0,,,False,HARD,44.0,True,Red Bull Racing,1,5.0,True,4,Miami Grand Prix,True,C3,True,-0.706,-0.749,1.723,1.875,-0.64,-0.679,96.429
0 days 02:21:57.104000,VER,3,93.895,51.0,2.0,,,False,HARD,45.0,True,Red Bull Racing,1,5.0,True,4,Miami Grand Prix,True,C3,True,-0.403,-0.427,2.026,2.205,-0.359,-0.381,96.79
0 days 02:23:31.035000,VER,3,93.931,52.0,2.0,,,False,HARD,46.0,True,Red Bull Racing,1,5.0,True,4,Miami Grand Prix,True,C3,True,-0.367,-0.389,2.062,2.245,-0.361,-0.383,96.884
0 days 02:25:04.908000,VER,3,93.873,53.0,2.0,,,False,HARD,47.0,True,Red Bull Racing,1,5.0,True,4,Miami Grand Prix,True,C3,True,-0.425,-0.451,2.004,2.181,-0.273,-0.29,96.884
0 days 02:26:39.151000,VER,3,94.243,54.0,2.0,,,False,HARD,48.0,True,Red Bull Racing,1,5.0,True,4,Miami Grand Prix,True,C3,True,-0.055,-0.058,2.374,2.584,0.059,0.063,97.311
0 days 02:28:15.024000,VER,3,95.873,55.0,2.0,,,False,HARD,49.0,True,Red Bull Racing,1,5.0,True,4,Miami Grand Prix,True,C3,True,1.575,1.67,4.004,4.358,1.511,1.601,98.999
0 days 02:29:50.601000,VER,3,95.577,56.0,2.0,,,False,HARD,50.0,True,Red Bull Racing,1,6.0,True,4,Miami Grand Prix,True,C3,True,1.279,1.356,3.708,4.036,1.236,1.31,98.761
0 days 02:31:25.215000,VER,3,94.614,57.0,2.0,,,False,HARD,51.0,True,Red Bull Racing,12,5.0,True,4,Miami Grand Prix,True,C3,False,0.316,0.335,2.745,2.988,0.194,0.205,97.856
0 days 00:59:04.834000,LAW,30,,1.0,1.0,,,False,MEDIUM,1.0,True,Racing Bulls,1,8.0,False,4,Miami Grand Prix,True,C4,False,,,,,,,
0 days 01:00:41.913000,LAW,30,97.079,2.0,1.0,,,True,MEDIUM,2.0,True,Racing Bulls,1,9.0,True,4,Miami Grand Prix,True,C4,True,2.781,2.949,5.21,5.671,1.19,1.241,97.137
0 days 01:02:16.727000,LAW,30,94.814,3.0,1.0,,,True,MEDIUM,3.0,True,Racing Bulls,1,9.0,True,4,Miami Grand Prix,True,C4,True,0.516,0.547,2.945,3.206,-0.117,-0.123,94.93
0 days 01:03:51.911000,LAW,30,95.184,4.0,1.0,,,False,MEDIUM,4.0,True,Racing Bulls,1,9.0,True,4,Miami Grand Prix,True,C4,True,0.886,0.94,3.315,3.608,0.346,0.365,95.358
0 days 01:05:54.763000,LAW,30,122.852,5.0,1.0,,,False,MEDIUM,5.0,True,Racing Bulls,124,19.0,False,4,Miami Grand Prix,True,C4,False,28.554,30.281,30.983,33.725,27.01,28.182,123.084
0 days 01:08:37.851000,LAW,30,,6.0,1.0,,0 days 01:08:31.785000,False,MEDIUM,6.0,True,Racing Bulls,4,20.0,False,4,Miami Grand Prix,True,C4,False,,,,,,,
0 days 00:59:07.493000,OCO,31,,1.0,1.0,,,False,MEDIUM,1.0,True,Haas F1 Team,1,13.0,False,4,Miami Grand Prix,True,C4,False,,,,,,,
0 days 01:00:44.961000,OCO,31,97.468,2.0,1.0,,,True,MEDIUM,2.0,True,Haas F1 Team,1,14.0,True,4,Miami Grand Prix,True,C4,True,3.17,3.362,5.599,6.095,1.579,1.647,97.526
0 days 01:02:20.142000,OCO,31,95.181,3.0,1.0,,,True,MEDIUM,3.0,True,Haas F1 Team,1,14.0,True,4,Miami Grand Prix,True,C4,True,0.883,0.936,3.312,3.605,0.25,0.263,95.297
0 days 01:03:55.606000,OCO,31,95.464,4.0,1.0,,,False,MEDIUM,4.0,True,Haas F1 Team,1,14.0,True,4,Miami Grand Prix,True,C4,True,1.166,1.237,3.595,3.913,0.626,0.66,95.638
0 days 01:05:30.912000,OCO,31,95.306,5.0,1.0,,,False,MEDIUM,5.0,True,Haas F1 Team,12,12.0,True,4,Miami Grand Prix,True,C4,False,1.008,1.069,3.437,3.741,-0.536,-0.559,95.538
0 days 01:07:46.253000,OCO,31,135.341,6.0,1.0,,,False,MEDIUM,6.0,True,Haas F1 Team,24,12.0,False,4,Miami Grand Prix,True,C4,False,41.043,43.525,43.472,47.32,0.466,0.346,135.63
0 days 01:09:55.159000,OCO,31,128.906,7.0,1.0,,,False,MEDIUM,7.0,True,Haas F1 Team,4,11.0,False,4,Miami Grand Prix,True,C4,False,34.608,36.701,37.037,40.315,-0.75,-0.578,129.253
0 days 01:12:19.060000,OCO,31,143.901,8.0,1.0,,,False,MEDIUM,8.0,True,Haas F1 Team,4,11.0,False,4,Miami Grand Prix,True,C4,False,49.603,52.602,52.032,56.637,1.067,0.747,144.306
0 days 01:14:42.215000,OCO,31,143.155,9.0,1.0,,,False,MEDIUM,9.0,True,Haas F1 Team,4,11.0,False,4,Miami Grand Prix,True,C4,False,48.857,51.811,51.286,55.825,-0.253,-0.176,143.618
0 days 01:17:02.195000,OCO,31,139.98,10.0,1.0,,,False,MEDIUM,10.0,True,Haas F1 Team,4,11.0,False,4,Miami Grand Prix,True,C4,False,45.682,48.444,48.111,52.369,0.499,0.358,140.501
0 days 01:19:26.335000,OCO,31,144.14,11.0,1.0,,,False,MEDIUM,11.0,True,Haas F1 Team,41,11.0,False,4,Miami Grand Prix,True,C4,False,49.842,52.856,52.271,56.897,0.0,0.0,144.719
0 days 01:21:01.548000,OCO,31,95.213,12.0,1.0,,,False,MEDIUM,12.0,True,Haas F1 Team,1,11.0,True,4,Miami Grand Prix,True,C4,True,0.915,0.97,3.344,3.64,0.004,0.004,95.85
0 days 01:22:36.618000,OCO,31,95.07,13.0,1.0,,,True,MEDIUM,13.0,True,Haas F1 Team,1,11.0,True,4,Miami Grand Prix,True,C4,True,0.772,0.819,3.201,3.484,0.352,0.372,95.765
0 days 01:24:11.480000,OCO,31,94.862,14.0,1.0,,,True,MEDIUM,14.0,True,Haas F1 Team,1,11.0,True,4,Miami Grand Prix,True,C4,True,0.564,0.598,2.993,3.258,0.792,0.842,95.615
0 days 01:25:47.145000,OCO,31,95.665,15.0,1.0,,,False,MEDIUM,15.0,True,Haas F1 Team,1,12.0,True,4,Miami Grand Prix,True,C4,True,1.367,1.45,3.796,4.132,0.998,1.054,96.476
0 days 01:27:22.341000,OCO,31,95.196,16.0,1.0,,,False,MEDIUM,16.0,True,Haas F1 Team,12,12.0,True,4,Miami Grand Prix,True,C4,False,0.898,0.952,3.327,3.621,0.374,0.394,96.064
0 days 01:28:57.468000,OCO,31,95.127,17.0,1.0,,,False,MEDIUM,17.0,True,Haas F1 Team,1,12.0,True,4,Miami Grand Prix,True,C4,True,0.829,0.879,3.258,3.546,-0.04,-0.042,96.053
0 days 01:30:32.694000,OCO,31,95.226,18.0,1.0,,,False,MEDIUM,18.0,True,Haas F1 Team,1,12.0,True,4,Miami Grand Prix,True,C4,True,0.928,0.984,3.357,3.654,0.044,0.046,96.21
0 days 01:32:07.660000,OCO,31,94.966,19.0,1.0,,,False,MEDIUM,19.0,True,Haas F1 Team,1,12.0,True,4,Miami Grand Prix,True,C4,True,0.668,0.708,3.097,3.371,0.097,0.102,96.008
0 days 01:33:42.870000,OCO,31,95.21,20.0,1.0,,,False,MEDIUM,20.0,True,Haas F1 Team,1,12.0,True,4,Miami Grand Prix,True,C4,True,0.912,0.967,3.341,3.637,0.105,0.11,96.31
0 days 01:35:17.987000,OCO,31,95.117,21.0,1.0,,,False,MEDIUM,21.0,True,Haas F1 Team,1,11.0,True,4,Miami Grand Prix,True,C4,True,0.819,0.869,3.248,3.535,0.149,0.157,96.275
0 days 01:36:54.157000,OCO,31,96.17,22.0,1.0,,,False,MEDIUM,22.0,True,Haas F1 Team,1,12.0,True,4,Miami Grand Prix,True,C4,True,1.872,1.985,4.301,4.682,1.569,1.659,97.386
0 days 01:38:29.158000,OCO,31,95.001,23.0,1.0,,,False,MEDIUM,23.0,True,Haas F1 Team,1,12.0,True,4,Miami Grand Prix,True,C4,True,0.703,0.746,3.132,3.409,0.349,0.369,96.275
0 days 01:40:04.371000,OCO,31,95.213,24.0,1.0,,,False,MEDIUM,24.0,True,Haas F1 Team,1,12.0,True,4,Miami Grand Prix,True,C4,True,0.915,0.97,3.344,3.64,0.403,0.425,96.545
0 days 01:41:39.774000,OCO,31,95.403,25.0,1.0,,,False,MEDIUM,25.0,True,Haas F1 Team,1,12.0,True,4,Miami Grand Prix,True,C4,True,1.105,1.172,3.534,3.847,0.395,0.416,96.792
0 days 01:43:14.785000,OCO,31,95.011,26.0,1.0,,,False,MEDIUM,26.0,True,Haas F1 Team,1,11.0,True,4,Miami Grand Prix,True,C4,True,0.713,0.756,3.142,3.42,0.037,0.039,96.458
0 days 01:44:50.254000,OCO,31,95.469,27.0,1.0,,,False,MEDIUM,27.0,True,Haas F1 Team,1,10.0,True,4,Miami Grand Prix,True,C4,True,1.171,1.242,3.6,3.919,0.217,0.228,96.974
0 days 01:46:25.722000,OCO,31,95.468,28.0,1.0,,,False,MEDIUM,28.0,True,Haas F1 Team,1,10.0,True,4,Miami Grand Prix,True,C4,True,1.17,1.241,3.599,3.918,0.786,0.83,97.031
0 days 01:48:01.248000,OCO,31,95.526,29.0,1.0,,,False,MEDIUM,29.0,True,Haas F1 Team,1,9.0,True,4,Miami Grand Prix,True,C4,True,1.228,1.302,3.657,3.981,1.334,1.416,97.147
0 days 01:49:36.641000,OCO,31,95.393,30.0,1.0,,,False,MEDIUM,30.0,True,Haas F1 Team,1,9.0,True,4,Miami Grand Prix,True,C4,True,1.095,1.161,3.524,3.836,1.581,1.685,97.072
0 days 01:51:16.977000,OCO,31,100.336,31.0,1.0,,0 days 01:51:11.591000,False,MEDIUM,31.0,True,Haas F1 Team,1,10.0,False,4,Miami Grand Prix,True,C4,False,6.038,6.403,8.467,9.216,6.499,6.926,102.073
0 days 01:53:06.431000,OCO,31,109.454,32.0,2.0,0 days 01:51:35.658000,,False,HARD,1.0,True,Haas F1 Team,1,13.0,False,4,Miami Grand Prix,True,C3,False,15.156,16.072,17.585,19.141,15.717,16.767,111.249
0 days 01:54:40.143000,OCO,31,93.712,33.0,2.0,,,True,HARD,2.0,True,Haas F1 Team,1,12.0,True,4,Miami Grand Prix,True,C3,True,-0.586,-0.621,1.843,2.006,0.165,0.176,95.565
0 days 01:56:14.194000,OCO,31,94.051,34.0,2.0,,,False,HARD,3.0,True,Haas F1 Team,1,12.0,True,4,Miami Grand Prix,True,C3,True,-0.247,-0.262,2.182,2.375,-0.083,-0.088,95.962
0 days 01:57:48.064000,OCO,31,93.87,35.0,2.0,,,False,HARD,4.0,True,Haas F1 Team,1,12.0,True,4,Miami Grand Prix,True,C3,True,-0.428,-0.454,2.001,2.178,-0.213,-0.226,95.838
0 days 01:59:22.314000,OCO,31,94.25,36.0,2.0,,,False,HARD,5.0,True,Haas F1 Team,1,12.0,True,4,Miami Grand Prix,True,C3,True,-0.048,-0.051,2.381,2.592,0.48,0.512,96.276
0 days 02:00:56.675000,OCO,31,94.361,37.0,2.0,,,False,HARD,6.0,True,Haas F1 Team,1,12.0,True,4,Miami Grand Prix,True,C3,True,0.063,0.067,2.492,2.713,0.279,0.297,96.445
0 days 02:02:31.213000,OCO,31,94.538,38.0,2.0,,,False,HARD,7.0,True,Haas F1 Team,1,12.0,True,4,Miami Grand Prix,True,C3,True,0.24,0.255,2.669,2.905,0.606,0.645,96.68
0 days 02:04:05.642000,OCO,31,94.429,39.0,2.0,,,False,HARD,8.0,True,Haas F1 Team,1,12.0,True,4,Miami Grand Prix,True,C3,True,0.131,0.139,2.56,2.787,0.335,0.356,96.629
0 days 02:05:40.106000,OCO,31,94.464,40.0,2.0,,,False,HARD,9.0,True,Haas F1 Team,1,12.0,True,4,Miami Grand Prix,True,C3,True,0.166,0.176,2.595,2.825,0.452,0.481,96.722
0 days 02:07:14.555000,OCO,31,94.449,41.0,2.0,,,False,HARD,10.0,True,Haas F1 Team,1,12.0,True,4,Miami Grand Prix,True,C3,True,0.151,0.16,2.58,2.808,0.646,0.689,96.765
0 days 02:08:49.144000,OCO,31,94.589,42.0,2.0,,,False,HARD,11.0,True,Haas F1 Team,1,12.0,True,4,Miami Grand Prix,True,C3,True,0.291,0.309,2.72,2.961,0.547,0.582,96.963
0 days 02:10:23.736000,OCO,31,94.592,43.0,2.0,,,False,HARD,12.0,True,Haas F1 Team,1,12.0,True,4,Miami Grand Prix,True,C3,True,0.294,0.312,2.723,2.964,0.326,0.346,97.024
0 days 02:11:58.263000,OCO,31,94.527,44.0,2.0,,,False,HARD,13.0,True,Haas F1 Team,1,12.0,True,4,Miami Grand Prix,True,C3,True,0.229,0.243,2.658,2.893,0.721,0.769,97.016
0 days 02:13:33.069000,OCO,31,94.806,45.0,2.0,,,False,HARD,14.0,True,Haas F1 Team,1,12.0,True,4,Miami Grand Prix,True,C3,True,0.508,0.539,2.937,3.197,0.628,0.667,97.353
0 days 02:15:08.724000,OCO,31,95.655,46.0,2.0,,,False,HARD,15.0,True,Haas F1 Team,1,13.0,True,4,Miami Grand Prix,True,C3,True,1.357,1.439,3.786,4.121,1.521,1.616,98.26
0 days 02:16:43.275000,OCO,31,94.551,47.0,2.0,,,False,HARD,16.0,True,Haas F1 Team,12,13.0,True,4,Miami Grand Prix,True,C3,False,0.253,0.268,2.682,2.919,0.19,0.201,97.214
0 days 02:18:17.535000,OCO,31,94.26,48.0,2.0,,,False,HARD,17.0,True,Haas F1 Team,1,13.0,True,4,Miami Grand Prix,True,C3,True,-0.038,-0.04,2.391,2.603,0.128,0.136,96.981
0 days 02:19:51.794000,OCO,31,94.259,49.0,2.0,,,False,HARD,18.0,True,Haas F1 Team,1,13.0,True,4,Miami Grand Prix,True,C3,True,-0.039,-0.041,2.39,2.602,0.039,0.041,97.038
0 days 02:21:28.473000,OCO,31,96.679,50.0,2.0,,,False,HARD,19.0,True,Haas F1 Team,1,13.0,True,4,Miami Grand Prix,True,C3,True,2.381,2.525,4.81,5.236,2.447,2.597,99.516
0 days 02:23:03.326000,OCO,31,94.853,51.0,2.0,,,False,HARD,20.0,True,Haas F1 Team,1,13.0,True,4,Miami Grand Prix,True,C3,True,0.555,0.589,2.984,3.248,0.599,0.636,97.748
0 days 02:24:37.765000,OCO,31,94.439,52.0,2.0,,,False,HARD,21.0,True,Haas F1 Team,1,13.0,True,4,Miami Grand Prix,True,C3,True,0.141,0.15,2.57,2.797,0.147,0.156,97.392
0 days 02:26:12.192000,OCO,31,94.427,53.0,2.0,,,False,HARD,22.0,True,Haas F1 Team,1,13.0,True,4,Miami Grand Prix,True,C3,True,0.129,0.137,2.558,2.784,0.281,0.298,97.438
0 days 02:27:46.316000,OCO,31,94.124,54.0,2.0,,,False,HARD,23.0,True,Haas F1 Team,1,13.0,True,4,Miami Grand Prix,True,C3,True,-0.174,-0.185,2.255,2.455,-0.06,-0.064,97.192
0 days 02:29:20.732000,OCO,31,94.416,55.0,2.0,,,False,HARD,24.0,True,Haas F1 Team,1,13.0,True,4,Miami Grand Prix,True,C3,True,0.118,0.125,2.547,2.772,0.054,0.057,97.542
0 days 02:30:55.139000,OCO,31,94.407,56.0,2.0,,,False,HARD,25.0,True,Haas F1 Team,12,13.0,True,4,Miami Grand Prix,True,C3,False,0.109,0.116,2.538,2.763,0.066,0.07,97.591
0 days 00:59:08.542000,LIN,41,,1.0,1.0,,,False,MEDIUM,1.0,True,Racing Bulls,1,15.0,False,4,Miami Grand Prix,True,C4,False,,,,,,,
0 days 01:00:45.282000,LIN,41,96.74,2.0,1.0,,,True,MEDIUM,2.0,True,Racing Bulls,1,15.0,True,4,Miami Grand Prix,True,C4,True,2.442,2.59,4.871,5.302,0.851,0.887,96.798
0 days 01:02:21.492000,LIN,41,96.21,3.0,1.0,,,True,MEDIUM,3.0,True,Racing Bulls,1,15.0,True,4,Miami Grand Prix,True,C4,True,1.912,2.028,4.341,4.725,1.279,1.347,96.326
0 days 01:03:57.147000,LIN,41,95.655,4.0,1.0,,,True,MEDIUM,4.0,True,Racing Bulls,1,15.0,True,4,Miami Grand Prix,True,C4,True,1.357,1.439,3.786,4.121,0.817,0.861,95.829
0 days 01:05:34.270000,LIN,41,97.123,5.0,1.0,,,False,MEDIUM,5.0,True,Racing Bulls,124,13.0,False,4,Miami Grand Prix,True,C4,False,2.825,2.996,5.254,5.719,1.281,1.337,97.355
0 days 01:07:48.478000,LIN,41,134.208,6.0,1.0,,,False,MEDIUM,6.0,True,Racing Bulls,4,13.0,False,4,Miami Grand Prix,True,C4,False,39.91,42.323,42.339,46.086,-0.667,-0.495,134.497
0 days 01:09:57.183000,LIN,41,128.705,7.0,1.0,,,False,MEDIUM,7.0,True,Racing Bulls,4,12.0,False,4,Miami Grand Prix,True,C4,False,34.407,36.488,36.836,40.096,-0.951,-0.733,129.052
0 days 01:12:20.171000,LIN,41,142.988,8.0,1.0,,,False,MEDIUM,8.0,True,Racing Bulls,4,12.0,False,4,Miami Grand Prix,True,C4,False,48.69,51.634,51.119,55.643,0.154,0.108,143.393
0 days 01:14:43.367000,LIN,41,143.196,9.0,1.0,,,False,MEDIUM,9.0,True,Racing Bulls,4,12.0,False,4,Miami Grand Prix,True,C4,False,48.898,51.855,51.327,55.87,-0.212,-0.148,143.659
0 days 01:17:04.311000,LIN,41,140.944,10.0,1.0,,,False,MEDIUM,10.0,True,Racing Bulls,4,12.0,False,4,Miami Grand Prix,True,C4,False,46.646,49.467,49.075,53.418,1.463,1.049,141.465
0 days 01:19:27.004000,LIN,41,142.693,11.0,1.0,,,False,MEDIUM,11.0,True,Racing Bulls,41,12.0,False,4,Miami Grand Prix,True,C4,False,48.395,51.321,50.824,55.322,-1.447,-1.004,143.272
0 days 01:21:03.780000,LIN,41,96.776,12.0,1.0,,,False,MEDIUM,12.0,True,Racing Bulls,1,12.0,True,4,Miami Grand Prix,True,C4,True,2.478,2.628,4.907,5.341,1.567,1.646,97.413
0 days 01:22:39.486000,LIN,41,95.706,13.0,1.0,,,False,MEDIUM,13.0,True,Racing Bulls,1,13.0,True,4,Miami Grand Prix,True,C4,True,1.408,1.493,3.837,4.177,0.988,1.043,96.401
0 days 01:24:14.719000,LIN,41,95.233,14.0,1.0,,,True,MEDIUM,14.0,True,Racing Bulls,1,13.0,True,4,Miami Grand Prix,True,C4,True,0.935,0.992,3.364,3.662,1.163,1.236,95.986
0 days 01:25:50.883000,LIN,41,96.164,15.0,1.0,,,False,MEDIUM,15.0,True,Racing Bulls,12,13.0,True,4,Miami Grand Prix,True,C4,False,1.866,1.979,4.295,4.675,1.497,1.581,96.975
0 days 01:27:26.700000,LIN,41,95.817,16.0,1.0,,,False,MEDIUM,16.0,True,Racing Bulls,21,13.0,True,4,Miami Grand Prix,True,C4,False,1.519,1.611,3.948,4.297,0.995,1.049,96.685
0 days 01:29:02.650000,LIN,41,95.95,17.0,1.0,,,False,MEDIUM,17.0,True,Racing Bulls,1,13.0,True,4,Miami Grand Prix,True,C4,True,1.652,1.752,4.081,4.442,0.783,0.823,96.876
0 days 01:30:38.590000,LIN,41,95.94,18.0,1.0,,,False,MEDIUM,18.0,True,Racing Bulls,1,13.0,True,4,Miami Grand Prix,True,C4,True,1.642,1.741,4.071,4.431,0.758,0.796,96.924
0 days 01:32:15.455000,LIN,41,96.865,19.0,1.0,,,False,MEDIUM,19.0,True,Racing Bulls,1,14.0,True,4,Miami Grand Prix,True,C4,True,2.567,2.722,4.996,5.438,1.996,2.104,97.907
0 days 01:33:51.877000,LIN,41,96.422,20.0,1.0,,,False,MEDIUM,20.0,True,Racing Bulls,1,14.0,True,4,Miami Grand Prix,True,C4,True,2.124,2.252,4.553,4.956,1.317,1.385,97.522
0 days 01:35:27.889000,LIN,41,96.012,21.0,1.0,,,False,MEDIUM,21.0,True,Racing Bulls,1,14.0,True,4,Miami Grand Prix,True,C4,True,1.714,1.818,4.143,4.51,1.044,1.099,97.17
0 days 01:37:03.842000,LIN,41,95.953,22.0,1.0,,,False,MEDIUM,22.0,True,Racing Bulls,1,14.0,True,4,Miami Grand Prix,True,C4,True,1.655,1.755,4.084,4.445,1.352,1.429,97.169
0 days 01:38:39.540000,LIN,41,95.698,23.0,1.0,,,False,MEDIUM,23.0,True,Racing Bulls,1,14.0,True,4,Miami Grand Prix,True,C4,True,1.4,1.485,3.829,4.168,1.046,1.105,96.972
0 days 01:40:15.431000,LIN,41,95.891,24.0,1.0,,,False,MEDIUM,24.0,True,Racing Bulls,1,14.0,True,4,Miami Grand Prix,True,C4,True,1.593,1.689,4.022,4.378,1.081,1.14,97.223
0 days 01:41:51.469000,LIN,41,96.038,25.0,1.0,,,False,MEDIUM,25.0,True,Racing Bulls,1,14.0,True,4,Miami Grand Prix,True,C4,True,1.74,1.845,4.169,4.538,1.03,1.084,97.427
0 days 01:43:27.304000,LIN,41,95.835,26.0,1.0,,,False,MEDIUM,26.0,True,Racing Bulls,1,14.0,True,4,Miami Grand Prix,True,C4,True,1.537,1.63,3.966,4.317,0.861,0.907,97.282
0 days 01:45:03.374000,LIN,41,96.07,27.0,1.0,,,False,MEDIUM,27.0,True,Racing Bulls,1,13.0,True,4,Miami Grand Prix,True,C4,True,1.772,1.879,4.201,4.573,0.818,0.859,97.575
0 days 01:46:44.297000,LIN,41,100.923,28.0,1.0,,0 days 01:46:38.974000,False,MEDIUM,28.0,True,Racing Bulls,1,14.0,False,4,Miami Grand Prix,True,C4,False,6.625,7.026,9.054,9.855,6.241,6.592,102.486
0 days 01:48:33.324000,LIN,41,109.027,29.0,2.0,0 days 01:47:01.672000,,False,HARD,1.0,True,Racing Bulls,1,16.0,False,4,Miami Grand Prix,True,C3,False,14.729,15.62,17.158,18.677,14.835,15.75,110.648
0 days 01:50:07.382000,LIN,41,94.058,30.0,2.0,,,True,HARD,2.0,True,Racing Bulls,1,15.0,True,4,Miami Grand Prix,True,C3,True,-0.24,-0.255,2.189,2.383,0.246,0.262,95.737
0 days 01:51:41.557000,LIN,41,94.175,31.0,2.0,,,False,HARD,3.0,True,Racing Bulls,1,15.0,True,4,Miami Grand Prix,True,C3,True,-0.123,-0.13,2.306,2.51,0.338,0.36,95.912
0 days 01:53:15.935000,LIN,41,94.378,32.0,2.0,,,False,HARD,4.0,True,Racing Bulls,1,15.0,True,4,Miami Grand Prix,True,C3,True,0.08,0.085,2.509,2.731,0.641,0.684,96.173
0 days 01:54:51.006000,LIN,41,95.071,33.0,2.0,,,False,HARD,5.0,True,Racing Bulls,1,14.0,True,4,Miami Grand Prix,True,C3,True,0.773,0.82,3.202,3.485,1.524,1.629,96.924
0 days 01:56:26.029000,LIN,41,95.023,34.0,2.0,,,False,HARD,6.0,True,Racing Bulls,1,14.0,True,4,Miami Grand Prix,True,C3,True,0.725,0.769,3.154,3.433,0.889,0.944,96.934
0 days 01:58:00.893000,LIN,41,94.864,35.0,2.0,,,False,HARD,7.0,True,Racing Bulls,1,14.0,True,4,Miami Grand Prix,True,C3,True,0.566,0.6,2.995,3.26,0.781,0.83,96.832
0 days 01:59:35.756000,LIN,41,94.863,36.0,2.0,,,False,HARD,8.0,True,Racing Bulls,1,14.0,True,4,Miami Grand Prix,True,C3,True,0.565,0.599,2.994,3.259,1.093,1.166,96.889
0 days 02:01:10.814000,LIN,41,95.058,37.0,2.0,,,False,HARD,9.0,True,Racing Bulls,1,14.0,True,4,Miami Grand Prix,True,C3,True,0.76,0.806,3.189,3.471,0.976,1.037,97.142
0 days 02:02:45.543000,LIN,41,94.729,38.0,2.0,,,False,HARD,10.0,True,Racing Bulls,1,14.0,True,4,Miami Grand Prix,True,C3,True,0.431,0.457,2.86,3.113,0.797,0.848,96.871
0 days 02:04:20.091000,LIN,41,94.548,39.0,2.0,,,False,HARD,11.0,True,Racing Bulls,1,14.0,True,4,Miami Grand Prix,True,C3,True,0.25,0.265,2.679,2.916,0.454,0.482,96.748
0 days 02:05:54.772000,LIN,41,94.681,40.0,2.0,,,False,HARD,12.0,True,Racing Bulls,1,14.0,True,4,Miami Grand Prix,True,C3,True,0.383,0.406,2.812,3.061,0.669,0.712,96.939
0 days 02:07:29.448000,LIN,41,94.676,41.0,2.0,,,False,HARD,13.0,True,Racing Bulls,1,14.0,True,4,Miami Grand Prix,True,C3,True,0.378,0.401,2.807,3.055,0.873,0.931,96.992
0 days 02:09:03.958000,LIN,41,94.51,42.0,2.0,,,False,HARD,14.0,True,Racing Bulls,1,14.0,True,4,Miami Grand Prix,True,C3,True,0.212,0.225,2.641,2.875,0.468,0.498,96.884
0 days 02:10:38.644000,LIN,41,94.686,43.0,2.0,,,False,HARD,15.0,True,Racing Bulls,1,14.0,True,4,Miami Grand Prix,True,C3,True,0.388,0.411,2.817,3.066,0.42,0.446,97.118
0 days 02:12:17.061000,LIN,41,98.417,44.0,2.0,,,False,HARD,16.0,True,Racing Bulls,1,14.0,True,4,Miami Grand Prix,True,C3,True,4.119,4.368,6.548,7.128,4.611,4.915,100.906
0 days 02:13:51.659000,LIN,41,94.598,45.0,2.0,,,False,HARD,17.0,True,Racing Bulls,1,14.0,True,4,Miami Grand Prix,True,C3,True,0.3,0.318,2.729,2.971,0.42,0.446,97.145
0 days 02:15:26.237000,LIN,41,94.578,46.0,2.0,,,False,HARD,18.0,True,Racing Bulls,1,14.0,True,4,Miami Grand Prix,True,C3,True,0.28,0.297,2.709,2.949,0.444,0.472,97.183
0 days 02:17:00.816000,LIN,41,94.579,47.0,2.0,,,False,HARD,19.0,True,Racing Bulls,12,14.0,True,4,Miami Grand Prix,True,C3,False,0.281,0.298,2.71,2.95,0.218,0.231,97.242
0 days 02:18:36.174000,LIN,41,95.358,48.0,2.0,,,False,HARD,20.0,True,Racing Bulls,1,14.0,True,4,Miami Grand Prix,True,C3,True,1.06,1.124,3.489,3.798,1.226,1.302,98.079
0 days 02:20:10.992000,LIN,41,94.818,49.0,2.0,,,False,HARD,21.0,True,Racing Bulls,1,14.0,True,4,Miami Grand Prix,True,C3,True,0.52,0.551,2.949,3.21,0.598,0.635,97.597
0 days 02:21:45.597000,LIN,41,94.605,50.0,2.0,,,False,HARD,22.0,True,Racing Bulls,1,14.0,True,4,Miami Grand Prix,True,C3,True,0.307,0.326,2.736,2.978,0.373,0.396,97.442
0 days 02:23:20.150000,LIN,41,94.553,51.0,2.0,,,False,HARD,23.0,True,Racing Bulls,1,14.0,True,4,Miami Grand Prix,True,C3,True,0.255,0.27,2.684,2.922,0.299,0.317,97.448
0 days 02:24:54.448000,LIN,41,94.298,52.0,2.0,,,False,HARD,24.0,True,Racing Bulls,1,14.0,True,4,Miami Grand Prix,True,C3,True,0.0,0.0,2.429,2.644,0.006,0.006,97.251
0 days 02:26:31.791000,LIN,41,97.343,53.0,2.0,,,False,HARD,25.0,True,Racing Bulls,1,14.0,True,4,Miami Grand Prix,True,C3,True,3.045,3.229,5.474,5.958,3.197,3.396,100.354
0 days 02:28:06.623000,LIN,41,94.832,54.0,2.0,,,False,HARD,26.0,True,Racing Bulls,1,14.0,True,4,Miami Grand Prix,True,C3,True,0.534,0.566,2.963,3.225,0.648,0.688,97.9
0 days 02:29:41.105000,LIN,41,94.482,55.0,2.0,,,False,HARD,27.0,True,Racing Bulls,1,14.0,True,4,Miami Grand Prix,True,C3,True,0.184,0.195,2.613,2.844,0.12,0.127,97.608
0 days 02:31:26.047000,LIN,41,104.942,56.0,2.0,,,False,HARD,28.0,True,Racing Bulls,12,14.0,True,4,Miami Grand Prix,True,C3,False,10.644,11.288,13.073,14.23,10.601,11.237,108.126
0 days 00:59:03.549000,COL,43,,1.0,1.0,,,False,MEDIUM,1.0,True,Alpine,1,7.0,False,4,Miami Grand Prix,True,C4,False,,,,,,,
0 days 01:00:37.662000,COL,43,94.113,2.0,1.0,,,True,MEDIUM,2.0,True,Alpine,1,7.0,True,4,Miami Grand Prix,True,C4,True,-0.185,-0.196,2.244,2.443,-1.776,-1.852,94.171
0 days 01:02:12.122000,COL,43,94.46,3.0,1.0,,,False,MEDIUM,3.0,True,Alpine,1,7.0,True,4,Miami Grand Prix,True,C4,True,0.162,0.172,2.591,2.82,-0.471,-0.496,94.576
0 days 01:03:46.461000,COL,43,94.339,4.0,1.0,,,False,MEDIUM,4.0,True,Alpine,1,7.0,True,4,Miami Grand Prix,True,C4,True,0.041,0.043,2.47,2.689,-0.499,-0.526,94.513
0 days 01:05:21.197000,COL,43,94.736,5.0,1.0,,,False,MEDIUM,5.0,True,Alpine,12,7.0,True,4,Miami Grand Prix,True,C4,False,0.438,0.464,2.867,3.121,-1.106,-1.154,94.968
0 days 01:07:37.370000,COL,43,136.173,6.0,1.0,,,False,MEDIUM,6.0,True,Alpine,24,7.0,False,4,Miami Grand Prix,True,C4,False,41.875,44.407,44.304,48.225,1.298,0.962,136.462
0 days 01:09:49.366000,COL,43,131.996,7.0,1.0,,,False,MEDIUM,7.0,True,Alpine,4,7.0,False,4,Miami Grand Prix,True,C4,False,37.698,39.978,40.127,43.678,2.34,1.805,132.343
0 days 01:12:12.493000,COL,43,143.127,8.0,1.0,,,False,MEDIUM,8.0,True,Alpine,4,7.0,False,4,Miami Grand Prix,True,C4,False,48.829,51.782,51.258,55.795,0.293,0.205,143.532
0 days 01:14:38.859000,COL,43,146.366,9.0,1.0,,,False,MEDIUM,9.0,True,Alpine,4,7.0,False,4,Miami Grand Prix,True,C4,False,52.068,55.216,54.497,59.32,2.958,2.063,146.829
0 days 01:16:56.992000,COL,43,138.133,10.0,1.0,,,False,MEDIUM,10.0,True,Alpine,4,7.0,False,4,Miami Grand Prix,True,C4,False,43.835,46.486,46.264,50.359,-1.348,-0.966,138.654
0 days 01:19:24.271000,COL,43,147.279,11.0,1.0,,,False,MEDIUM,11.0,True,Alpine,41,7.0,False,4,Miami Grand Prix,True,C4,False,52.981,56.185,55.41,60.314,3.139,2.178,147.858
0 days 01:20:59.405000,COL,43,95.134,12.0,1.0,,,False,MEDIUM,12.0,True,Alpine,1,7.0,True,4,Miami Grand Prix,True,C4,True,0.836,0.887,3.265,3.554,-0.075,-0.079,95.771
0 days 01:22:33.651000,COL,43,94.246,13.0,1.0,,,False,MEDIUM,13.0,True,Alpine,1,7.0,True,4,Miami Grand Prix,True,C4,True,-0.052,-0.055,2.377,2.587,-0.472,-0.498,94.941
0 days 01:24:07.592000,COL,43,93.941,14.0,1.0,,,True,MEDIUM,14.0,True,Alpine,1,7.0,True,4,Miami Grand Prix,True,C4,True,-0.357,-0.379,2.072,2.255,-0.129,-0.137,94.694
0 days 01:25:41.716000,COL,43,94.124,15.0,1.0,,,False,MEDIUM,15.0,True,Alpine,1,7.0,True,4,Miami Grand Prix,True,C4,True,-0.174,-0.185,2.255,2.455,-0.543,-0.574,94.935
0 days 01:27:15.853000,COL,43,94.137,16.0,1.0,,,False,MEDIUM,16.0,True,Alpine,12,7.0,True,4,Miami Grand Prix,True,C4,False,-0.161,-0.171,2.268,2.469,-0.685,-0.722,95.005
0 days 01:28:50.253000,COL,43,94.4,17.0,1.0,,,False,MEDIUM,17.0,True,Alpine,1,7.0,True,4,Miami Grand Prix,True,C4,True,0.102,0.108,2.531,2.755,-0.767,-0.806,95.326
0 days 01:30:24.907000,COL,43,94.654,18.0,1.0,,,False,MEDIUM,18.0,True,Alpine,1,7.0,True,4,Miami Grand Prix,True,C4,True,0.356,0.378,2.785,3.031,-0.528,-0.555,95.638
0 days 01:31:59.412000,COL,43,94.505,19.0,1.0,,,False,MEDIUM,19.0,True,Alpine,1,7.0,True,4,Miami Grand Prix,True,C4,True,0.207,0.22,2.636,2.869,-0.364,-0.384,95.547
0 days 01:33:34.003000,COL,43,94.591,20.0,1.0,,,False,MEDIUM,20.0,True,Alpine,1,7.0,True,4,Miami Grand Prix,True,C4,True,0.293,0.311,2.722,2.963,-0.514,-0.54,95.691
0 days 01:35:08.970000,COL,43,94.967,21.0,1.0,,,False,MEDIUM,21.0,True,Alpine,1,7.0,True,4,Miami Grand Prix,True,C4,True,0.669,0.709,3.098,3.372,-0.001,-0.001,96.125
0 days 01:36:43.245000,COL,43,94.275,22.0,1.0,,,False,MEDIUM,22.0,True,Alpine,1,6.0,True,4,Miami Grand Prix,True,C4,True,-0.023,-0.024,2.406,2.619,-0.326,-0.345,95.491
0 days 01:38:17.254000,COL,43,94.009,23.0,1.0,,,False,MEDIUM,23.0,True,Alpine,1,6.0,True,4,Miami Grand Prix,True,C4,True,-0.289,-0.306,2.14,2.329,-0.643,-0.679,95.283
0 days 01:39:51.457000,COL,43,94.203,24.0,1.0,,,False,MEDIUM,24.0,True,Alpine,1,6.0,True,4,Miami Grand Prix,True,C4,True,-0.095,-0.101,2.334,2.541,-0.607,-0.64,95.535
0 days 01:41:25.694000,COL,43,94.237,25.0,1.0,,,False,MEDIUM,25.0,True,Alpine,1,6.0,True,4,Miami Grand Prix,True,C4,True,-0.061,-0.065,2.368,2.578,-0.771,-0.812,95.626
0 days 01:42:59.685000,COL,43,93.991,26.0,1.0,,,False,MEDIUM,26.0,True,Alpine,1,6.0,True,4,Miami Grand Prix,True,C4,True,-0.307,-0.326,2.122,2.31,-0.983,-1.035,95.438
0 days 01:44:33.960000,COL,43,94.275,27.0,1.0,,,False,MEDIUM,27.0,True,Alpine,1,5.0,True,4,Miami Grand Prix,True,C4,True,-0.023,-0.024,2.406,2.619,-0.977,-1.026,95.78
0 days 01:46:08.351000,COL,43,94.391,28.0,1.0,,,False,MEDIUM,28.0,True,Alpine,1,5.0,True,4,Miami Grand Prix,True,C4,True,0.093,0.099,2.522,2.745,-0.291,-0.307,95.954
0 days 01:47:42.674000,COL,43,94.323,29.0,1.0,,,False,MEDIUM,29.0,True,Alpine,1,4.0,True,4,Miami Grand Prix,True,C4,True,0.025,0.027,2.454,2.671,0.131,0.139,95.944
0 days 01:49:16.866000,COL,43,94.192,30.0,1.0,,,False,MEDIUM,30.0,True,Alpine,1,4.0,True,4,Miami Grand Prix,True,C4,True,-0.106,-0.112,2.323,2.529,0.38,0.405,95.871
0 days 01:50:56.298000,COL,43,99.432,31.0,1.0,,0 days 01:50:50.804000,False,MEDIUM,31.0,True,Alpine,1,7.0,False,4,Miami Grand Prix,True,C4,False,5.134,5.444,7.563,8.232,5.595,5.962,101.169
0 days 01:52:45.024000,COL,43,108.726,32.0,2.0,0 days 01:51:13.924000,,False,HARD,1.0,True,Alpine,1,8.0,False,4,Miami Grand Prix,True,C3,False,14.428,15.3,16.857,18.349,14.989,15.99,110.521
0 days 01:54:18.059000,COL,43,93.035,33.0,2.0,,,True,HARD,2.0,True,Alpine,1,8.0,True,4,Miami Grand Prix,True,C3,True,-1.263,-1.339,1.166,1.269,-0.512,-0.547,94.888
0 days 01:55:51.129000,COL,43,93.07,34.0,2.0,,,False,HARD,3.0,True,Alpine,1,8.0,True,4,Miami Grand Prix,True,C3,True,-1.228,-1.302,1.201,1.307,-1.064,-1.13,94.981
0 days 01:57:24.291000,COL,43,93.162,35.0,2.0,,,False,HARD,4.0,True,Alpine,1,8.0,True,4,Miami Grand Prix,True,C3,True,-1.136,-1.205,1.293,1.407,-0.921,-0.979,95.13
0 days 01:58:57.632000,COL,43,93.341,36.0,2.0,,,False,HARD,5.0,True,Alpine,1,8.0,True,4,Miami Grand Prix,True,C3,True,-0.957,-1.015,1.472,1.602,-0.429,-0.458,95.367
0 days 02:00:31.388000,COL,43,93.756,37.0,2.0,,,False,HARD,6.0,True,Alpine,1,8.0,True,4,Miami Grand Prix,True,C3,True,-0.542,-0.575,1.887,2.054,-0.326,-0.347,95.84
0 days 02:02:05.112000,COL,43,93.724,38.0,2.0,,,False,HARD,7.0,True,Alpine,1,8.0,True,4,Miami Grand Prix,True,C3,True,-0.574,-0.609,1.855,2.019,-0.208,-0.221,95.866
0 days 02:03:38.829000,COL,43,93.717,39.0,2.0,,,False,HARD,8.0,True,Alpine,1,8.0,True,4,Miami Grand Prix,True,C3,True,-0.581,-0.616,1.848,2.012,-0.377,-0.401,95.917
0 days 02:05:12.563000,COL,43,93.734,40.0,2.0,,,False,HARD,9.0,True,Alpine,1,8.0,True,4,Miami Grand Prix,True,C3,True,-0.564,-0.598,1.865,2.03,-0.278,-0.296,95.992
0 days 02:06:46.366000,COL,43,93.803,41.0,2.0,,,False,HARD,10.0,True,Alpine,1,8.0,True,4,Miami Grand Prix,True,C3,True,-0.495,-0.525,1.934,2.105,0.0,0.0,96.119
0 days 02:08:20.225000,COL,43,93.859,42.0,2.0,,,False,HARD,11.0,True,Alpine,1,8.0,True,4,Miami Grand Prix,True,C3,True,-0.439,-0.466,1.99,2.166,-0.183,-0.195,96.233
0 days 02:09:53.641000,COL,43,93.416,43.0,2.0,,,False,HARD,12.0,True,Alpine,1,8.0,True,4,Miami Grand Prix,True,C3,True,-0.882,-0.935,1.547,1.684,-0.85,-0.902,95.848
0 days 02:11:27.025000,COL,43,93.384,44.0,2.0,,,False,HARD,13.0,True,Alpine,1,8.0,True,4,Miami Grand Prix,True,C3,True,-0.914,-0.969,1.515,1.649,-0.422,-0.45,95.873
0 days 02:13:00.976000,COL,43,93.951,45.0,2.0,,,False,HARD,14.0,True,Alpine,1,8.0,True,4,Miami Grand Prix,True,C3,True,-0.347,-0.368,2.082,2.266,-0.227,-0.241,96.498
0 days 02:14:34.588000,COL,43,93.612,46.0,2.0,,,False,HARD,15.0,True,Alpine,1,8.0,True,4,Miami Grand Prix,True,C3,True,-0.686,-0.727,1.743,1.897,-0.522,-0.555,96.217
0 days 02:16:07.920000,COL,43,93.332,47.0,2.0,,,False,HARD,16.0,True,Alpine,12,8.0,True,4,Miami Grand Prix,True,C3,False,-0.966,-1.024,1.463,1.592,-1.029,-1.09,95.995
0 days 02:17:41.641000,COL,43,93.721,48.0,2.0,,,False,HARD,17.0,True,Alpine,1,8.0,True,4,Miami Grand Prix,True,C3,True,-0.577,-0.612,1.852,2.016,-0.411,-0.437,96.442
0 days 02:19:15.021000,COL,43,93.38,49.0,2.0,,,False,HARD,18.0,True,Alpine,1,8.0,True,4,Miami Grand Prix,True,C3,True,-0.918,-0.974,1.511,1.645,-0.84,-0.892,96.159
0 days 02:20:49.197000,COL,43,94.176,50.0,2.0,,,False,HARD,19.0,True,Alpine,1,8.0,True,4,Miami Grand Prix,True,C3,True,-0.122,-0.129,2.307,2.511,-0.056,-0.059,97.013
0 days 02:22:22.972000,COL,43,93.775,51.0,2.0,,,False,HARD,20.0,True,Alpine,1,8.0,True,4,Miami Grand Prix,True,C3,True,-0.523,-0.555,1.906,2.075,-0.479,-0.508,96.67
0 days 02:23:56.763000,COL,43,93.791,52.0,2.0,,,False,HARD,21.0,True,Alpine,1,8.0,True,4,Miami Grand Prix,True,C3,True,-0.507,-0.538,1.922,2.092,-0.501,-0.531,96.744
0 days 02:25:30.291000,COL,43,93.528,53.0,2.0,,,False,HARD,22.0,True,Alpine,1,8.0,True,4,Miami Grand Prix,True,C3,True,-0.77,-0.817,1.659,1.806,-0.618,-0.656,96.539
0 days 02:27:03.595000,COL,43,93.304,54.0,2.0,,,False,HARD,23.0,True,Alpine,1,8.0,True,4,Miami Grand Prix,True,C3,True,-0.994,-1.054,1.435,1.562,-0.88,-0.934,96.372
0 days 02:28:36.930000,COL,43,93.335,55.0,2.0,,,False,HARD,24.0,True,Alpine,1,8.0,True,4,Miami Grand Prix,True,C3,True,-0.963,-1.021,1.466,1.596,-1.027,-1.088,96.461
0 days 02:30:09.989000,COL,43,93.059,56.0,2.0,,,False,HARD,25.0,True,Alpine,12,8.0,True,4,Miami Grand Prix,True,C3,False,-1.239,-1.314,1.19,1.295,-1.282,-1.359,96.243
0 days 02:31:43.137000,COL,43,93.148,57.0,2.0,,,False,HARD,26.0,True,Alpine,1,8.0,True,4,Miami Grand Prix,True,C3,True,-1.15,-1.22,1.279,1.392,-1.272,-1.347,96.39
0 days 00:59:02.676000,HAM,44,,1.0,1.0,,,False,MEDIUM,1.0,True,Ferrari,1,6.0,False,4,Miami Grand Prix,True,C4,False,,,,,,,
0 days 01:00:36.221000,HAM,44,93.545,2.0,1.0,,,True,MEDIUM,2.0,True,Ferrari,1,6.0,True,4,Miami Grand Prix,True,C4,True,-0.753,-0.799,1.676,1.824,-2.344,-2.444,93.603
0 days 01:02:10.010000,HAM,44,93.789,3.0,1.0,,,False,MEDIUM,3.0,True,Ferrari,1,6.0,True,4,Miami Grand Prix,True,C4,True,-0.509,-0.54,1.92,2.09,-1.142,-1.203,93.905
0 days 01:03:43.981000,HAM,44,93.971,4.0,1.0,,,False,MEDIUM,4.0,True,Ferrari,1,6.0,True,4,Miami Grand Prix,True,C4,True,-0.327,-0.347,2.102,2.288,-0.867,-0.914,94.145
0 days 01:05:18.165000,HAM,44,94.184,5.0,1.0,,,False,MEDIUM,5.0,True,Ferrari,12,6.0,True,4,Miami Grand Prix,True,C4,False,-0.114,-0.121,2.315,2.52,-1.658,-1.73,94.416
0 days 01:07:33.191000,HAM,44,135.026,6.0,1.0,,,False,MEDIUM,6.0,True,Ferrari,24,6.0,False,4,Miami Grand Prix,True,C4,False,40.728,43.191,43.157,46.977,0.151,0.112,135.315
0 days 01:09:47.461000,HAM,44,134.27,7.0,1.0,,,False,MEDIUM,7.0,True,Ferrari,4,6.0,False,4,Miami Grand Prix,True,C4,False,39.972,42.389,42.401,46.154,4.614,3.559,134.617
0 days 01:12:10.320000,HAM,44,142.859,8.0,1.0,,,False,MEDIUM,8.0,True,Ferrari,4,6.0,False,4,Miami Grand Prix,True,C4,False,48.561,51.497,50.99,55.503,0.025,0.018,143.264
0 days 01:14:37.520000,HAM,44,147.2,9.0,1.0,,,False,MEDIUM,9.0,True,Ferrari,4,6.0,False,4,Miami Grand Prix,True,C4,False,52.902,56.101,55.331,60.228,3.792,2.644,147.663
0 days 01:16:55.410000,HAM,44,137.89,10.0,1.0,,,False,MEDIUM,10.0,True,Ferrari,4,6.0,False,4,Miami Grand Prix,True,C4,False,43.592,46.228,46.021,50.094,-1.591,-1.141,138.411
0 days 01:19:23.678000,HAM,44,148.268,11.0,1.0,,,False,MEDIUM,11.0,True,Ferrari,41,6.0,False,4,Miami Grand Prix,True,C4,False,53.97,57.233,56.399,61.391,4.128,2.864,148.847
0 days 01:20:58.404000,HAM,44,94.726,12.0,1.0,,,False,MEDIUM,12.0,True,Ferrari,1,6.0,True,4,Miami Grand Prix,True,C4,True,0.428,0.454,2.857,3.11,-0.483,-0.507,95.363
0 days 01:22:32.158000,HAM,44,93.754,13.0,1.0,,,False,MEDIUM,13.0,True,Ferrari,1,6.0,True,4,Miami Grand Prix,True,C4,True,-0.544,-0.577,1.885,2.052,-0.964,-1.018,94.449
0 days 01:24:05.712000,HAM,44,93.554,14.0,1.0,,,False,MEDIUM,14.0,True,Ferrari,1,6.0,True,4,Miami Grand Prix,True,C4,True,-0.744,-0.789,1.685,1.834,-0.516,-0.549,94.307
0 days 01:25:39.489000,HAM,44,93.777,15.0,1.0,,,False,MEDIUM,15.0,True,Ferrari,1,6.0,True,4,Miami Grand Prix,True,C4,True,-0.521,-0.553,1.908,2.077,-0.89,-0.94,94.588
0 days 01:27:13.194000,HAM,44,93.705,16.0,1.0,,,False,MEDIUM,16.0,True,Ferrari,12,6.0,True,4,Miami Grand Prix,True,C4,False,-0.593,-0.629,1.836,1.998,-1.117,-1.178,94.573
0 days 01:28:47.199000,HAM,44,94.005,17.0,1.0,,,False,MEDIUM,17.0,True,Ferrari,1,6.0,True,4,Miami Grand Prix,True,C4,True,-0.293,-0.311,2.136,2.325,-1.162,-1.221,94.931
0 days 01:30:21.431000,HAM,44,94.232,18.0,1.0,,,False,MEDIUM,18.0,True,Ferrari,1,6.0,True,4,Miami Grand Prix,True,C4,True,-0.066,-0.07,2.363,2.572,-0.95,-0.998,95.216
0 days 01:31:55.455000,HAM,44,94.024,19.0,1.0,,,False,MEDIUM,19.0,True,Ferrari,1,6.0,True,4,Miami Grand Prix,True,C4,True,-0.274,-0.291,2.155,2.346,-0.845,-0.891,95.066
0 days 01:33:29.672000,HAM,44,94.217,20.0,1.0,,,False,MEDIUM,20.0,True,Ferrari,1,5.0,True,4,Miami Grand Prix,True,C4,True,-0.081,-0.086,2.348,2.556,-0.888,-0.934,95.317
0 days 01:35:03.869000,HAM,44,94.197,21.0,1.0,,,False,MEDIUM,21.0,True,Ferrari,1,4.0,True,4,Miami Grand Prix,True,C4,True,-0.101,-0.107,2.328,2.534,-0.771,-0.812,95.355
0 days 01:36:38.036000,HAM,44,94.167,22.0,1.0,,,False,MEDIUM,22.0,True,Ferrari,1,4.0,True,4,Miami Grand Prix,True,C4,True,-0.131,-0.139,2.298,2.501,-0.434,-0.459,95.383
0 days 01:38:11.962000,HAM,44,93.926,23.0,1.0,,,False,MEDIUM,23.0,True,Ferrari,1,4.0,True,4,Miami Grand Prix,True,C4,True,-0.372,-0.394,2.057,2.239,-0.726,-0.767,95.2
0 days 01:39:46.019000,HAM,44,94.057,24.0,1.0,,,False,MEDIUM,24.0,True,Ferrari,1,4.0,True,4,Miami Grand Prix,True,C4,True,-0.241,-0.256,2.188,2.382,-0.753,-0.794,95.389
0 days 01:41:20.209000,HAM,44,94.19,25.0,1.0,,,False,MEDIUM,25.0,True,Ferrari,1,4.0,True,4,Miami Grand Prix,True,C4,True,-0.108,-0.115,2.321,2.526,-0.818,-0.861,95.579
0 days 01:42:55.193000,HAM,44,94.984,26.0,1.0,,,False,MEDIUM,26.0,True,Ferrari,1,5.0,True,4,Miami Grand Prix,True,C4,True,0.686,0.727,3.115,3.391,0.01,0.011,96.431
0 days 01:44:34.589000,HAM,44,99.396,27.0,1.0,,0 days 01:44:29.200000,False,MEDIUM,27.0,True,Ferrari,1,6.0,False,4,Miami Grand Prix,True,C4,False,5.098,5.406,7.527,8.193,4.144,4.351,100.901
0 days 01:46:22.458000,HAM,44,107.869,28.0,2.0,0 days 01:44:52.967000,,False,HARD,1.0,True,Ferrari,1,8.0,False,4,Miami Grand Prix,True,C3,False,13.571,14.392,16.0,17.416,13.187,13.928,109.432
0 days 01:47:55.134000,HAM,44,92.676,29.0,2.0,,,True,HARD,2.0,True,Ferrari,1,8.0,True,4,Miami Grand Prix,True,C3,True,-1.622,-1.72,0.807,0.878,-1.516,-1.609,94.297
0 days 01:49:27.846000,HAM,44,92.712,30.0,2.0,,,False,HARD,3.0,True,Ferrari,1,8.0,True,4,Miami Grand Prix,True,C3,True,-1.586,-1.682,0.843,0.918,-1.1,-1.173,94.391
0 days 01:51:00.710000,HAM,44,92.864,31.0,2.0,,,False,HARD,4.0,True,Ferrari,1,8.0,True,4,Miami Grand Prix,True,C3,True,-1.434,-1.521,0.995,1.083,-0.973,-1.037,94.601
0 days 01:52:33.831000,HAM,44,93.121,32.0,2.0,,,False,HARD,5.0,True,Ferrari,1,7.0,True,4,Miami Grand Prix,True,C3,True,-1.177,-1.248,1.252,1.363,-0.616,-0.657,94.916
0 days 01:54:06.811000,HAM,44,92.98,33.0,2.0,,,False,HARD,6.0,True,Ferrari,1,7.0,True,4,Miami Grand Prix,True,C3,True,-1.318,-1.398,1.111,1.209,-0.567,-0.606,94.833
0 days 01:55:39.985000,HAM,44,93.174,34.0,2.0,,,False,HARD,7.0,True,Ferrari,1,7.0,True,4,Miami Grand Prix,True,C3,True,-1.124,-1.192,1.305,1.421,-0.96,-1.02,95.085
0 days 01:57:12.924000,HAM,44,92.939,35.0,2.0,,,False,HARD,8.0,True,Ferrari,1,7.0,True,4,Miami Grand Prix,True,C3,True,-1.359,-1.441,1.07,1.165,-1.144,-1.216,94.907
0 days 01:58:46.593000,HAM,44,93.669,36.0,2.0,,,False,HARD,9.0,True,Ferrari,1,7.0,True,4,Miami Grand Prix,True,C3,True,-0.629,-0.667,1.8,1.959,-0.101,-0.108,95.695
0 days 02:00:21.396000,HAM,44,94.803,37.0,2.0,,,False,HARD,10.0,True,Ferrari,1,7.0,True,4,Miami Grand Prix,True,C3,True,0.505,0.536,2.934,3.194,0.721,0.766,96.887
0 days 02:01:54.948000,HAM,44,93.552,38.0,2.0,,,False,HARD,11.0,True,Ferrari,1,7.0,True,4,Miami Grand Prix,True,C3,True,-0.746,-0.791,1.683,1.832,-0.38,-0.405,95.694
0 days 02:03:28.046000,HAM,44,93.098,39.0,2.0,,,False,HARD,12.0,True,Ferrari,1,7.0,True,4,Miami Grand Prix,True,C3,True,-1.2,-1.273,1.229,1.338,-0.996,-1.059,95.298
0 days 02:05:01.497000,HAM,44,93.451,40.0,2.0,,,False,HARD,13.0,True,Ferrari,1,7.0,True,4,Miami Grand Prix,True,C3,True,-0.847,-0.898,1.582,1.722,-0.561,-0.597,95.709
0 days 02:06:34.780000,HAM,44,93.283,41.0,2.0,,,False,HARD,14.0,True,Ferrari,1,7.0,True,4,Miami Grand Prix,True,C3,True,-1.015,-1.076,1.414,1.539,-0.52,-0.554,95.599
0 days 02:08:08.017000,HAM,44,93.237,42.0,2.0,,,False,HARD,15.0,True,Ferrari,1,7.0,True,4,Miami Grand Prix,True,C3,True,-1.061,-1.125,1.368,1.489,-0.805,-0.856,95.611
0 days 02:09:41.146000,HAM,44,93.129,43.0,2.0,,,False,HARD,16.0,True,Ferrari,1,7.0,True,4,Miami Grand Prix,True,C3,True,-1.169,-1.24,1.26,1.372,-1.137,-1.206,95.561
0 days 02:11:14.039000,HAM,44,92.893,44.0,2.0,,,False,HARD,17.0,True,Ferrari,1,7.0,True,4,Miami Grand Prix,True,C3,True,-1.405,-1.49,1.024,1.115,-0.913,-0.973,95.382
0 days 02:12:47.168000,HAM,44,93.129,45.0,2.0,,,False,HARD,18.0,True,Ferrari,1,7.0,True,4,Miami Grand Prix,True,C3,True,-1.169,-1.24,1.26,1.372,-1.049,-1.114,95.676
0 days 02:14:20.303000,HAM,44,93.135,46.0,2.0,,,False,HARD,19.0,True,Ferrari,1,7.0,True,4,Miami Grand Prix,True,C3,True,-1.163,-1.233,1.266,1.378,-0.999,-1.061,95.74
0 days 02:15:53.643000,HAM,44,93.34,47.0,2.0,,,False,HARD,20.0,True,Ferrari,12,7.0,True,4,Miami Grand Prix,True,C3,False,-0.958,-1.016,1.471,1.601,-1.021,-1.082,96.003
0 days 02:17:27.218000,HAM,44,93.575,48.0,2.0,,,False,HARD,21.0,True,Ferrari,1,7.0,True,4,Miami Grand Prix,True,C3,True,-0.723,-0.767,1.706,1.857,-0.557,-0.592,96.296
0 days 02:19:00.853000,HAM,44,93.635,49.0,2.0,,,False,HARD,22.0,True,Ferrari,1,7.0,True,4,Miami Grand Prix,True,C3,True,-0.663,-0.703,1.766,1.922,-0.585,-0.621,96.414
0 days 02:20:34.359000,HAM,44,93.506,50.0,2.0,,,False,HARD,23.0,True,Ferrari,1,7.0,True,4,Miami Grand Prix,True,C3,True,-0.792,-0.84,1.637,1.782,-0.726,-0.77,96.343
0 days 02:22:07.929000,HAM,44,93.57,51.0,2.0,,,False,HARD,24.0,True,Ferrari,1,7.0,True,4,Miami Grand Prix,True,C3,True,-0.728,-0.772,1.701,1.852,-0.684,-0.726,96.465
0 days 02:23:42.563000,HAM,44,94.634,52.0,2.0,,,False,HARD,25.0,True,Ferrari,1,7.0,True,4,Miami Grand Prix,True,C3,True,0.336,0.356,2.765,3.01,0.342,0.363,97.587
0 days 02:25:16.865000,HAM,44,94.302,53.0,2.0,,,False,HARD,26.0,True,Ferrari,1,7.0,True,4,Miami Grand Prix,True,C3,True,0.004,0.004,2.433,2.648,0.156,0.166,97.313
0 days 02:26:51.195000,HAM,44,94.33,54.0,2.0,,,False,HARD,27.0,True,Ferrari,1,7.0,True,4,Miami Grand Prix,True,C3,True,0.032,0.034,2.461,2.679,0.146,0.155,97.398
0 days 02:28:25.502000,HAM,44,94.307,55.0,2.0,,,False,HARD,28.0,True,Ferrari,1,7.0,True,4,Miami Grand Prix,True,C3,True,0.009,0.01,2.438,2.654,-0.055,-0.058,97.433
0 days 02:30:00.069000,HAM,44,94.567,56.0,2.0,,,False,HARD,29.0,True,Ferrari,12,7.0,True,4,Miami Grand Prix,True,C3,False,0.269,0.285,2.698,2.937,0.226,0.24,97.751
0 days 02:31:35.019000,HAM,44,94.95,57.0,2.0,,,False,HARD,30.0,True,Ferrari,1,7.0,True,4,Miami Grand Prix,True,C3,True,0.652,0.691,3.081,3.354,0.53,0.561,98.192
0 days 00:59:11.242000,BOR,5,,1.0,1.0,,,False,MEDIUM,1.0,True,Audi,1,18.0,False,4,Miami Grand Prix,True,C4,False,,,,,,,
0 days 01:00:48.041000,BOR,5,96.799,2.0,1.0,,,True,MEDIUM,2.0,True,Audi,1,19.0,True,4,Miami Grand Prix,True,C4,True,2.501,2.652,4.93,5.366,0.91,0.949,96.857
0 days 01:02:24.425000,BOR,5,96.384,3.0,1.0,,,True,MEDIUM,3.0,True,Audi,1,19.0,True,4,Miami Grand Prix,True,C4,True,2.086,2.212,4.515,4.915,1.453,1.531,96.5
0 days 01:04:00.958000,BOR,5,96.533,4.0,1.0,,,False,MEDIUM,4.0,True,Audi,1,19.0,True,4,Miami Grand Prix,True,C4,True,2.235,2.37,4.664,5.077,1.695,1.787,96.707
0 days 01:05:38.237000,BOR,5,97.279,5.0,1.0,,,False,MEDIUM,5.0,True,Audi,124,15.0,False,4,Miami Grand Prix,True,C4,False,2.981,3.161,5.41,5.889,1.437,1.499,97.511
0 days 01:07:53.732000,BOR,5,135.495,6.0,1.0,,,False,MEDIUM,6.0,True,Audi,4,15.0,False,4,Miami Grand Prix,True,C4,False,41.197,43.688,43.626,47.487,0.62,0.46,135.784
0 days 01:10:02.502000,BOR,5,128.77,7.0,1.0,,,False,MEDIUM,7.0,True,Audi,4,14.0,False,4,Miami Grand Prix,True,C4,False,34.472,36.556,36.901,40.167,-0.886,-0.683,129.117
0 days 01:12:23.253000,BOR,5,140.751,8.0,1.0,,,False,MEDIUM,8.0,True,Audi,4,14.0,False,4,Miami Grand Prix,True,C4,False,46.453,49.262,48.882,53.208,-2.083,-1.458,141.156
0 days 01:14:45.871000,BOR,5,142.618,9.0,1.0,,,False,MEDIUM,9.0,True,Audi,4,14.0,False,4,Miami Grand Prix,True,C4,False,48.32,51.242,50.749,55.241,-0.79,-0.551,143.081
0 days 01:17:06.645000,BOR,5,140.774,10.0,1.0,,,False,MEDIUM,10.0,True,Audi,4,14.0,False,4,Miami Grand Prix,True,C4,False,46.476,49.286,48.905,53.233,1.293,0.927,141.295
0 days 01:19:28.149000,BOR,5,141.504,11.0,1.0,,,False,MEDIUM,11.0,True,Audi,41,14.0,False,4,Miami Grand Prix,True,C4,False,47.206,50.06,49.635,54.028,-2.636,-1.829,142.083
0 days 01:21:05.309000,BOR,5,97.16,12.0,1.0,,,False,MEDIUM,12.0,True,Audi,1,15.0,True,4,Miami Grand Prix,True,C4,True,2.862,3.035,5.291,5.759,1.951,2.049,97.797
0 days 01:22:40.858000,BOR,5,95.549,13.0,1.0,,,True,MEDIUM,13.0,True,Audi,1,14.0,True,4,Miami Grand Prix,True,C4,True,1.251,1.327,3.68,4.006,0.831,0.877,96.244
0 days 01:24:16.665000,BOR,5,95.807,14.0,1.0,,,False,MEDIUM,14.0,True,Audi,1,14.0,True,4,Miami Grand Prix,True,C4,True,1.509,1.6,3.938,4.287,1.737,1.846,96.56
0 days 01:25:52.387000,BOR,5,95.722,15.0,1.0,,,False,MEDIUM,15.0,True,Audi,12,14.0,True,4,Miami Grand Prix,True,C4,False,1.424,1.51,3.853,4.194,1.055,1.114,96.533
0 days 01:27:27.872000,BOR,5,95.485,16.0,1.0,,,True,MEDIUM,16.0,True,Audi,1,14.0,True,4,Miami Grand Prix,True,C4,True,1.187,1.259,3.616,3.936,0.663,0.699,96.353
0 days 01:29:03.365000,BOR,5,95.493,17.0,1.0,,,False,MEDIUM,17.0,True,Audi,1,14.0,True,4,Miami Grand Prix,True,C4,True,1.195,1.267,3.624,3.945,0.326,0.343,96.419
0 days 01:30:39.208000,BOR,5,95.843,18.0,1.0,,,False,MEDIUM,18.0,True,Audi,1,14.0,True,4,Miami Grand Prix,True,C4,True,1.545,1.638,3.974,4.326,0.661,0.694,96.827
0 days 01:32:15.001000,BOR,5,95.793,19.0,1.0,,,False,MEDIUM,19.0,True,Audi,1,13.0,True,4,Miami Grand Prix,True,C4,True,1.495,1.585,3.924,4.271,0.924,0.974,96.835
0 days 01:33:50.790000,BOR,5,95.789,20.0,1.0,,,False,MEDIUM,20.0,True,Audi,1,13.0,True,4,Miami Grand Prix,True,C4,True,1.491,1.581,3.92,4.267,0.684,0.719,96.889
0 days 01:35:25.940000,BOR,5,95.15,21.0,1.0,,,True,MEDIUM,21.0,True,Audi,1,13.0,True,4,Miami Grand Prix,True,C4,True,0.852,0.904,3.281,3.571,0.182,0.192,96.308
0 days 01:37:00.989000,BOR,5,95.049,22.0,1.0,,,True,MEDIUM,22.0,True,Audi,1,13.0,True,4,Miami Grand Prix,True,C4,True,0.751,0.796,3.18,3.461,0.448,0.474,96.265
0 days 01:38:35.642000,BOR,5,94.653,23.0,1.0,,,True,MEDIUM,23.0,True,Audi,1,13.0,True,4,Miami Grand Prix,True,C4,True,0.355,0.376,2.784,3.03,0.001,0.001,95.927
0 days 01:40:10.638000,BOR,5,94.996,24.0,1.0,,,False,MEDIUM,24.0,True,Audi,1,13.0,True,4,Miami Grand Prix,True,C4,True,0.698,0.74,3.127,3.404,0.186,0.196,96.328
0 days 01:41:45.639000,BOR,5,95.001,25.0,1.0,,,False,MEDIUM,25.0,True,Audi,1,13.0,True,4,Miami Grand Prix,True,C4,True,0.703,0.746,3.132,3.409,-0.007,-0.007,96.39
0 days 01:43:20.550000,BOR,5,94.911,26.0,1.0,,,False,MEDIUM,26.0,True,Audi,1,13.0,True,4,Miami Grand Prix,True,C4,True,0.613,0.65,3.042,3.311,-0.063,-0.066,96.358
0 days 01:44:55.802000,BOR,5,95.252,27.0,1.0,,,False,MEDIUM,27.0,True,Audi,1,12.0,True,4,Miami Grand Prix,True,C4,True,0.954,1.012,3.383,3.682,0.0,0.0,96.757
0 days 01:46:30.775000,BOR,5,94.973,28.0,1.0,,,False,MEDIUM,28.0,True,Audi,1,11.0,True,4,Miami Grand Prix,True,C4,True,0.675,0.716,3.104,3.379,0.291,0.307,96.536
0 days 01:48:05.798000,BOR,5,95.023,29.0,1.0,,,False,MEDIUM,29.0,True,Audi,1,10.0,True,4,Miami Grand Prix,True,C4,True,0.725,0.769,3.154,3.433,0.831,0.882,96.644
0 days 01:49:40.824000,BOR,5,95.026,30.0,1.0,,,False,MEDIUM,30.0,True,Audi,1,10.0,True,4,Miami Grand Prix,True,C4,True,0.728,0.772,3.157,3.436,1.214,1.294,96.705
0 days 01:51:16.028000,BOR,5,95.204,31.0,1.0,,,False,MEDIUM,31.0,True,Audi,1,9.0,True,4,Miami Grand Prix,True,C4,True,0.906,0.961,3.335,3.63,1.367,1.457,96.941
0 days 01:52:56.500000,BOR,5,100.472,32.0,1.0,,0 days 01:52:50.817000,False,MEDIUM,32.0,True,Audi,1,12.0,False,4,Miami Grand Prix,True,C4,False,6.174,6.547,8.603,9.364,6.735,7.185,102.267
0 days 01:54:45.329000,BOR,5,108.829,33.0,2.0,0 days 01:53:14.743000,,False,HARD,1.0,True,Audi,1,13.0,False,4,Miami Grand Prix,True,C3,False,14.531,15.41,16.96,18.461,15.282,16.336,110.682
0 days 01:56:18.888000,BOR,5,93.559,34.0,2.0,,,True,HARD,2.0,True,Audi,1,13.0,True,4,Miami Grand Prix,True,C3,True,-0.739,-0.784,1.69,1.84,-0.575,-0.611,95.47
0 days 01:57:52.790000,BOR,5,93.902,35.0,2.0,,,False,HARD,3.0,True,Audi,1,13.0,True,4,Miami Grand Prix,True,C3,True,-0.396,-0.42,2.033,2.213,-0.181,-0.192,95.87
0 days 01:59:26.380000,BOR,5,93.59,36.0,2.0,,,False,HARD,4.0,True,Audi,1,13.0,True,4,Miami Grand Prix,True,C3,True,-0.708,-0.751,1.721,1.873,-0.18,-0.192,95.616
0 days 02:01:00.125000,BOR,5,93.745,37.0,2.0,,,False,HARD,5.0,True,Audi,1,13.0,True,4,Miami Grand Prix,True,C3,True,-0.553,-0.586,1.876,2.042,-0.337,-0.358,95.829
0 days 02:02:34.057000,BOR,5,93.932,38.0,2.0,,,False,HARD,6.0,True,Audi,1,13.0,True,4,Miami Grand Prix,True,C3,True,-0.366,-0.388,2.063,2.246,0.0,0.0,96.074
0 days 02:04:08.012000,BOR,5,93.955,39.0,2.0,,,False,HARD,7.0,True,Audi,1,13.0,True,4,Miami Grand Prix,True,C3,True,-0.343,-0.364,2.086,2.271,-0.139,-0.148,96.155
0 days 02:05:42.047000,BOR,5,94.035,40.0,2.0,,,False,HARD,8.0,True,Audi,1,13.0,True,4,Miami Grand Prix,True,C3,True,-0.263,-0.279,2.166,2.358,0.023,0.024,96.293
0 days 02:07:15.686000,BOR,5,93.639,41.0,2.0,,,False,HARD,9.0,True,Audi,1,13.0,True,4,Miami Grand Prix,True,C3,True,-0.659,-0.699,1.77,1.927,-0.164,-0.175,95.955
0 days 02:08:49.728000,BOR,5,94.042,42.0,2.0,,,False,HARD,10.0,True,Audi,1,13.0,True,4,Miami Grand Prix,True,C3,True,-0.256,-0.271,2.173,2.365,0.0,0.0,96.416
0 days 02:10:24.466000,BOR,5,94.738,43.0,2.0,,,False,HARD,11.0,True,Audi,1,13.0,True,4,Miami Grand Prix,True,C3,True,0.44,0.467,2.869,3.123,0.472,0.501,97.17
0 days 02:11:58.976000,BOR,5,94.51,44.0,2.0,,,False,HARD,12.0,True,Audi,1,13.0,True,4,Miami Grand Prix,True,C3,True,0.212,0.225,2.641,2.875,0.704,0.75,96.999
0 days 02:13:33.403000,BOR,5,94.427,45.0,2.0,,,False,HARD,13.0,True,Audi,1,13.0,True,4,Miami Grand Prix,True,C3,True,0.129,0.137,2.558,2.784,0.249,0.264,96.974
0 days 02:15:08.266000,BOR,5,94.863,46.0,2.0,,,False,HARD,14.0,True,Audi,1,12.0,True,4,Miami Grand Prix,True,C3,True,0.565,0.599,2.994,3.259,0.729,0.774,97.468
0 days 02:16:42.437000,BOR,5,94.171,47.0,2.0,,,False,HARD,15.0,True,Audi,12,12.0,True,4,Miami Grand Prix,True,C3,False,-0.127,-0.135,2.302,2.506,-0.19,-0.201,96.834
0 days 02:18:16.278000,BOR,5,93.841,48.0,2.0,,,False,HARD,16.0,True,Audi,1,12.0,True,4,Miami Grand Prix,True,C3,True,-0.457,-0.485,1.972,2.147,-0.291,-0.309,96.562
0 days 02:19:50.548000,BOR,5,94.27,49.0,2.0,,,False,HARD,17.0,True,Audi,1,12.0,True,4,Miami Grand Prix,True,C3,True,-0.028,-0.03,2.401,2.614,0.05,0.053,97.049
0 days 02:21:24.957000,BOR,5,94.409,50.0,2.0,,,False,HARD,18.0,True,Audi,1,12.0,True,4,Miami Grand Prix,True,C3,True,0.111,0.118,2.54,2.765,0.177,0.188,97.246
0 days 02:23:00.700000,BOR,5,95.743,51.0,2.0,,,False,HARD,19.0,True,Audi,1,12.0,True,4,Miami Grand Prix,True,C3,True,1.445,1.532,3.874,4.217,1.489,1.58,98.638
0 days 02:24:35.451000,BOR,5,94.751,52.0,2.0,,,False,HARD,20.0,True,Audi,1,12.0,True,4,Miami Grand Prix,True,C3,True,0.453,0.48,2.882,3.137,0.459,0.487,97.704
0 days 02:26:09.305000,BOR,5,93.854,53.0,2.0,,,False,HARD,21.0,True,Audi,1,12.0,True,4,Miami Grand Prix,True,C3,True,-0.444,-0.471,1.985,2.161,-0.292,-0.31,96.865
0 days 02:27:43.031000,BOR,5,93.726,54.0,2.0,,,False,HARD,22.0,True,Audi,1,12.0,True,4,Miami Grand Prix,True,C3,True,-0.572,-0.607,1.857,2.021,-0.458,-0.486,96.794
0 days 02:29:16.531000,BOR,5,93.5,55.0,2.0,,,True,HARD,23.0,True,Audi,1,12.0,True,4,Miami Grand Prix,True,C3,True,-0.798,-0.846,1.631,1.775,-0.862,-0.914,96.626
0 days 02:30:50.619000,BOR,5,94.088,56.0,2.0,,,False,HARD,24.0,True,Audi,12,12.0,True,4,Miami Grand Prix,True,C3,False,-0.21,-0.223,2.219,2.415,-0.253,-0.268,97.272
0 days 00:59:07.228000,SAI,55,,1.0,1.0,,,False,MEDIUM,1.0,True,Williams,1,11.0,False,4,Miami Grand Prix,True,C4,False,,,,,,,
0 days 01:00:43.117000,SAI,55,95.889,2.0,1.0,,,True,MEDIUM,2.0,True,Williams,1,12.0,True,4,Miami Grand Prix,True,C4,True,1.591,1.687,4.02,4.376,0.0,0.0,95.947
0 days 01:02:18.412000,SAI,55,95.295,3.0,1.0,,,True,MEDIUM,3.0,True,Williams,1,12.0,True,4,Miami Grand Prix,True,C4,True,0.997,1.057,3.426,3.729,0.364,0.383,95.411
0 days 01:03:53.256000,SAI,55,94.844,4.0,1.0,,,True,MEDIUM,4.0,True,Williams,1,12.0,True,4,Miami Grand Prix,True,C4,True,0.546,0.579,2.975,3.238,0.006,0.006,95.018
0 days 01:05:29.937000,SAI,55,96.681,5.0,1.0,,,False,MEDIUM,5.0,True,Williams,12,10.0,True,4,Miami Grand Prix,True,C4,False,2.383,2.527,4.812,5.238,0.839,0.875,96.913
0 days 01:07:44.238000,SAI,55,134.301,6.0,1.0,,,False,MEDIUM,6.0,True,Williams,24,10.0,False,4,Miami Grand Prix,True,C4,False,40.003,42.422,42.432,46.188,-0.574,-0.426,134.59
0 days 01:09:52.662000,SAI,55,128.424,7.0,1.0,,,False,MEDIUM,7.0,True,Williams,4,9.0,False,4,Miami Grand Prix,True,C4,False,34.126,36.19,36.555,39.79,-1.232,-0.95,128.771
0 days 01:12:17.320000,SAI,55,144.658,8.0,1.0,,,False,MEDIUM,8.0,True,Williams,4,9.0,False,4,Miami Grand Prix,True,C4,False,50.36,53.405,52.789,57.461,1.824,1.277,145.063
0 days 01:14:40.610000,SAI,55,143.29,9.0,1.0,,,False,MEDIUM,9.0,True,Williams,4,9.0,False,4,Miami Grand Prix,True,C4,False,48.992,51.954,51.421,55.972,-0.118,-0.082,143.753
0 days 01:17:00.849000,SAI,55,140.239,10.0,1.0,,,False,MEDIUM,10.0,True,Williams,4,9.0,False,4,Miami Grand Prix,True,C4,False,45.941,48.719,48.37,52.651,0.758,0.543,140.76
0 days 01:19:25.212000,SAI,55,144.363,11.0,1.0,,,False,MEDIUM,11.0,True,Williams,41,9.0,False,4,Miami Grand Prix,True,C4,False,50.065,53.092,52.494,57.14,0.223,0.155,144.942
0 days 01:21:00.373000,SAI,55,95.161,12.0,1.0,,,False,MEDIUM,12.0,True,Williams,1,9.0,True,4,Miami Grand Prix,True,C4,True,0.863,0.915,3.292,3.583,-0.048,-0.05,95.798
0 days 01:22:35.257000,SAI,55,94.884,13.0,1.0,,,False,MEDIUM,13.0,True,Williams,1,9.0,True,4,Miami Grand Prix,True,C4,True,0.586,0.621,3.015,3.282,0.166,0.175,95.579
0 days 01:24:09.235000,SAI,55,93.978,14.0,1.0,,,True,MEDIUM,14.0,True,Williams,1,9.0,True,4,Miami Grand Prix,True,C4,True,-0.32,-0.339,2.109,2.296,-0.092,-0.098,94.731
0 days 01:25:43.458000,SAI,55,94.223,15.0,1.0,,,False,MEDIUM,15.0,True,Williams,1,8.0,True,4,Miami Grand Prix,True,C4,True,-0.075,-0.08,2.354,2.562,-0.444,-0.469,95.034
0 days 01:27:18.225000,SAI,55,94.767,16.0,1.0,,,False,MEDIUM,16.0,True,Williams,12,8.0,True,4,Miami Grand Prix,True,C4,False,0.469,0.497,2.898,3.154,-0.055,-0.058,95.635
0 days 01:28:53.044000,SAI,55,94.819,17.0,1.0,,,False,MEDIUM,17.0,True,Williams,1,8.0,True,4,Miami Grand Prix,True,C4,True,0.521,0.553,2.95,3.211,-0.348,-0.366,95.745
0 days 01:30:28.507000,SAI,55,95.463,18.0,1.0,,,False,MEDIUM,18.0,True,Williams,1,9.0,True,4,Miami Grand Prix,True,C4,True,1.165,1.235,3.594,3.912,0.281,0.295,96.447
0 days 01:32:03.280000,SAI,55,94.773,19.0,1.0,,,False,MEDIUM,19.0,True,Williams,1,9.0,True,4,Miami Grand Prix,True,C4,True,0.475,0.504,2.904,3.161,-0.096,-0.101,95.815
0 days 01:33:38.080000,SAI,55,94.8,20.0,1.0,,,False,MEDIUM,20.0,True,Williams,1,9.0,True,4,Miami Grand Prix,True,C4,True,0.502,0.532,2.931,3.19,-0.305,-0.321,95.9
0 days 01:35:13.048000,SAI,55,94.968,21.0,1.0,,,False,MEDIUM,21.0,True,Williams,1,8.0,True,4,Miami Grand Prix,True,C4,True,0.67,0.711,3.099,3.373,0.0,0.0,96.126
0 days 01:36:47.649000,SAI,55,94.601,22.0,1.0,,,False,MEDIUM,22.0,True,Williams,1,7.0,True,4,Miami Grand Prix,True,C4,True,0.303,0.321,2.732,2.974,0.0,0.0,95.817
0 days 01:38:22.300000,SAI,55,94.651,23.0,1.0,,,False,MEDIUM,23.0,True,Williams,1,7.0,True,4,Miami Grand Prix,True,C4,True,0.353,0.374,2.782,3.028,-0.001,-0.001,95.925
0 days 01:39:56.924000,SAI,55,94.624,24.0,1.0,,,False,MEDIUM,24.0,True,Williams,1,7.0,True,4,Miami Grand Prix,True,C4,True,0.326,0.346,2.755,2.999,-0.186,-0.196,95.956
0 days 01:41:32.221000,SAI,55,95.297,25.0,1.0,,,False,MEDIUM,25.0,True,Williams,1,7.0,True,4,Miami Grand Prix,True,C4,True,0.999,1.059,3.428,3.731,0.289,0.304,96.686
0 days 01:43:08.357000,SAI,55,96.136,26.0,1.0,,,False,MEDIUM,26.0,True,Williams,1,9.0,True,4,Miami Grand Prix,True,C4,True,1.838,1.949,4.267,4.645,1.162,1.223,97.583
0 days 01:44:43.199000,SAI,55,94.842,27.0,1.0,,,False,MEDIUM,27.0,True,Williams,1,9.0,True,4,Miami Grand Prix,True,C4,True,0.544,0.577,2.973,3.236,-0.41,-0.43,96.347
0 days 01:46:23.059000,SAI,55,99.86,28.0,1.0,,0 days 01:46:17.667000,False,MEDIUM,28.0,True,Williams,1,9.0,False,4,Miami Grand Prix,True,C4,False,5.562,5.898,7.991,8.698,5.178,5.469,101.423
0 days 01:48:11.593000,SAI,55,108.534,29.0,2.0,0 days 01:46:41.365000,,False,HARD,1.0,True,Williams,1,11.0,False,4,Miami Grand Prix,True,C3,False,14.236,15.097,16.665,18.14,14.342,15.226,110.155
0 days 01:49:44.619000,SAI,55,93.026,30.0,2.0,,,True,HARD,2.0,True,Williams,1,11.0,True,4,Miami Grand Prix,True,C3,True,-1.272,-1.349,1.157,1.259,-0.786,-0.838,94.705
0 days 01:51:17.930000,SAI,55,93.311,31.0,2.0,,,False,HARD,3.0,True,Williams,1,11.0,True,4,Miami Grand Prix,True,C3,True,-0.987,-1.047,1.442,1.57,-0.526,-0.561,95.048
0 days 01:52:51.667000,SAI,55,93.737,32.0,2.0,,,False,HARD,4.0,True,Williams,1,9.0,True,4,Miami Grand Prix,True,C3,True,-0.561,-0.595,1.868,2.033,0.0,0.0,95.532
0 days 01:54:25.214000,SAI,55,93.547,33.0,2.0,,,False,HARD,5.0,True,Williams,1,9.0,True,4,Miami Grand Prix,True,C3,True,-0.751,-0.796,1.678,1.827,0.0,0.0,95.4
0 days 01:55:59.256000,SAI,55,94.042,34.0,2.0,,,False,HARD,6.0,True,Williams,1,9.0,True,4,Miami Grand Prix,True,C3,True,-0.256,-0.271,2.173,2.365,-0.092,-0.098,95.953
0 days 01:57:33.224000,SAI,55,93.968,35.0,2.0,,,False,HARD,7.0,True,Williams,1,9.0,True,4,Miami Grand Prix,True,C3,True,-0.33,-0.35,2.099,2.285,-0.115,-0.122,95.936
0 days 01:59:07.042000,SAI,55,93.818,36.0,2.0,,,False,HARD,8.0,True,Williams,1,9.0,True,4,Miami Grand Prix,True,C3,True,-0.48,-0.509,1.949,2.121,0.048,0.051,95.844
0 days 02:00:41.124000,SAI,55,94.082,37.0,2.0,,,False,HARD,9.0,True,Williams,1,9.0,True,4,Miami Grand Prix,True,C3,True,-0.216,-0.229,2.213,2.409,0.0,0.0,96.166
0 days 02:02:15.361000,SAI,55,94.237,38.0,2.0,,,False,HARD,10.0,True,Williams,1,9.0,True,4,Miami Grand Prix,True,C3,True,-0.061,-0.065,2.368,2.578,0.305,0.325,96.379
0 days 02:03:49.595000,SAI,55,94.234,39.0,2.0,,,False,HARD,11.0,True,Williams,1,9.0,True,4,Miami Grand Prix,True,C3,True,-0.064,-0.068,2.365,2.574,0.14,0.149,96.434
0 days 02:05:23.583000,SAI,55,93.988,40.0,2.0,,,False,HARD,12.0,True,Williams,1,9.0,True,4,Miami Grand Prix,True,C3,True,-0.31,-0.329,2.119,2.307,-0.024,-0.026,96.246
0 days 02:06:57.898000,SAI,55,94.315,41.0,2.0,,,False,HARD,13.0,True,Williams,1,9.0,True,4,Miami Grand Prix,True,C3,True,0.017,0.018,2.446,2.662,0.512,0.546,96.631
0 days 02:08:32.292000,SAI,55,94.394,42.0,2.0,,,False,HARD,14.0,True,Williams,1,9.0,True,4,Miami Grand Prix,True,C3,True,0.096,0.102,2.525,2.748,0.352,0.374,96.768
0 days 02:10:06.533000,SAI,55,94.241,43.0,2.0,,,False,HARD,15.0,True,Williams,1,9.0,True,4,Miami Grand Prix,True,C3,True,-0.057,-0.06,2.372,2.582,-0.025,-0.027,96.673
0 days 02:11:40.399000,SAI,55,93.866,44.0,2.0,,,False,HARD,16.0,True,Williams,1,9.0,True,4,Miami Grand Prix,True,C3,True,-0.432,-0.458,1.997,2.174,0.06,0.064,96.355
0 days 02:13:14.445000,SAI,55,94.046,45.0,2.0,,,False,HARD,17.0,True,Williams,1,9.0,True,4,Miami Grand Prix,True,C3,True,-0.252,-0.267,2.177,2.37,-0.132,-0.14,96.593
0 days 02:14:48.515000,SAI,55,94.07,46.0,2.0,,,False,HARD,18.0,True,Williams,1,9.0,True,4,Miami Grand Prix,True,C3,True,-0.228,-0.242,2.201,2.396,-0.064,-0.068,96.675
0 days 02:16:22.493000,SAI,55,93.978,47.0,2.0,,,False,HARD,19.0,True,Williams,12,9.0,True,4,Miami Grand Prix,True,C3,False,-0.32,-0.339,2.109,2.296,-0.383,-0.406,96.641
0 days 02:17:56.497000,SAI,55,94.004,48.0,2.0,,,False,HARD,20.0,True,Williams,1,9.0,True,4,Miami Grand Prix,True,C3,True,-0.294,-0.312,2.135,2.324,-0.128,-0.136,96.725
0 days 02:19:30.477000,SAI,55,93.98,49.0,2.0,,,False,HARD,21.0,True,Williams,1,9.0,True,4,Miami Grand Prix,True,C3,True,-0.318,-0.337,2.111,2.298,-0.24,-0.255,96.759
0 days 02:21:04.370000,SAI,55,93.893,50.0,2.0,,,False,HARD,22.0,True,Williams,1,9.0,True,4,Miami Grand Prix,True,C3,True,-0.405,-0.429,2.024,2.203,-0.339,-0.36,96.73
0 days 02:22:38.472000,SAI,55,94.102,51.0,2.0,,,False,HARD,23.0,True,Williams,1,9.0,True,4,Miami Grand Prix,True,C3,True,-0.196,-0.208,2.233,2.431,-0.152,-0.161,96.997
0 days 02:24:12.644000,SAI,55,94.172,52.0,2.0,,,False,HARD,24.0,True,Williams,1,9.0,True,4,Miami Grand Prix,True,C3,True,-0.126,-0.134,2.303,2.507,-0.12,-0.127,97.125
0 days 02:25:46.633000,SAI,55,93.989,53.0,2.0,,,False,HARD,25.0,True,Williams,1,9.0,True,4,Miami Grand Prix,True,C3,True,-0.309,-0.328,2.12,2.308,-0.157,-0.167,97.0
0 days 02:27:20.491000,SAI,55,93.858,54.0,2.0,,,False,HARD,26.0,True,Williams,1,9.0,True,4,Miami Grand Prix,True,C3,True,-0.44,-0.467,1.989,2.165,-0.326,-0.346,96.926
0 days 02:28:54.442000,SAI,55,93.951,55.0,2.0,,,False,HARD,27.0,True,Williams,1,9.0,True,4,Miami Grand Prix,True,C3,True,-0.347,-0.368,2.082,2.266,-0.411,-0.436,97.077
0 days 02:30:28.783000,SAI,55,94.341,56.0,2.0,,,False,HARD,28.0,True,Williams,12,9.0,True,4,Miami Grand Prix,True,C3,False,0.043,0.046,2.472,2.691,0.0,0.0,97.525
0 days 02:32:03.338000,SAI,55,94.555,57.0,2.0,,,False,HARD,29.0,True,Williams,1,9.0,True,4,Miami Grand Prix,True,C3,True,0.257,0.273,2.686,2.924,0.135,0.143,97.797
0 days 00:59:11.620000,HAD,6,,1.0,1.0,0 days 00:57:31.308000,,False,HARD,1.0,True,Red Bull Racing,1,19.0,False,4,Miami Grand Prix,True,C3,False,,,,,,,
0 days 01:00:47.688000,HAD,6,96.068,2.0,1.0,,,True,HARD,2.0,True,Red Bull Racing,1,18.0,True,4,Miami Grand Prix,True,C3,True,1.77,1.877,4.199,4.571,0.179,0.187,96.126
0 days 01:02:22.876000,HAD,6,95.188,3.0,1.0,,,True,HARD,3.0,True,Red Bull Racing,1,16.0,True,4,Miami Grand Prix,True,C3,True,0.89,0.944,3.319,3.613,0.257,0.271,95.304
0 days 01:03:57.709000,HAD,6,94.833,4.0,1.0,,,True,HARD,4.0,True,Red Bull Racing,1,16.0,True,4,Miami Grand Prix,True,C3,True,0.535,0.567,2.964,3.226,-0.005,-0.005,95.007
0 days 01:06:27.709000,HAD,6,,5.0,1.0,,,True,HARD,5.0,True,Red Bull Racing,124,,False,4,Miami Grand Prix,True,C3,False,,,,,,,
0 days 00:59:01.251000,RUS,63,,1.0,1.0,,,False,MEDIUM,1.0,True,Mercedes,1,5.0,False,4,Miami Grand Prix,True,C4,False,,,,,,,
0 days 01:00:34.445000,RUS,63,93.194,2.0,1.0,,,True,MEDIUM,2.0,True,Mercedes,1,5.0,True,4,Miami Grand Prix,True,C4,True,-1.104,-1.171,1.325,1.442,-2.695,-2.811,93.252
0 days 01:02:08.019000,RUS,63,93.574,3.0,1.0,,,False,MEDIUM,3.0,True,Mercedes,1,4.0,True,4,Miami Grand Prix,True,C4,True,-0.724,-0.768,1.705,1.856,-1.357,-1.429,93.69
0 days 01:03:41.892000,RUS,63,93.873,4.0,1.0,,,False,MEDIUM,4.0,True,Mercedes,1,4.0,True,4,Miami Grand Prix,True,C4,True,-0.425,-0.451,2.004,2.181,-0.965,-1.018,94.047
0 days 01:05:15.729000,RUS,63,93.837,5.0,1.0,,,False,MEDIUM,5.0,True,Mercedes,12,4.0,True,4,Miami Grand Prix,True,C4,False,-0.461,-0.489,1.968,2.142,-2.005,-2.092,94.069
0 days 01:07:26.657000,RUS,63,130.928,6.0,1.0,,,False,MEDIUM,6.0,True,Mercedes,24,4.0,False,4,Miami Grand Prix,True,C4,False,36.63,38.845,39.059,42.516,-3.947,-2.926,131.217
0 days 01:09:44.141000,RUS,63,137.484,7.0,1.0,,,False,MEDIUM,7.0,True,Mercedes,4,4.0,False,4,Miami Grand Prix,True,C4,False,43.186,45.797,45.615,49.652,7.828,6.038,137.831
0 days 01:12:07.091000,RUS,63,142.95,8.0,1.0,,,False,MEDIUM,8.0,True,Mercedes,4,4.0,False,4,Miami Grand Prix,True,C4,False,48.652,51.594,51.081,55.602,0.116,0.081,143.355
0 days 01:14:34.536000,RUS,63,147.445,9.0,1.0,,,False,MEDIUM,9.0,True,Mercedes,4,4.0,False,4,Miami Grand Prix,True,C4,False,53.147,56.361,55.576,60.495,4.037,2.815,147.908
0 days 01:16:52.929000,RUS,63,138.393,10.0,1.0,,,False,MEDIUM,10.0,True,Mercedes,4,4.0,False,4,Miami Grand Prix,True,C4,False,44.095,46.761,46.524,50.642,-1.088,-0.78,138.914
0 days 01:19:22.887000,RUS,63,149.958,11.0,1.0,,,False,MEDIUM,11.0,True,Mercedes,41,4.0,False,4,Miami Grand Prix,True,C4,False,55.66,59.026,58.089,63.23,5.818,4.036,150.537
0 days 01:20:57.838000,RUS,63,94.951,12.0,1.0,,,False,MEDIUM,12.0,True,Mercedes,1,5.0,True,4,Miami Grand Prix,True,C4,True,0.653,0.692,3.082,3.355,-0.258,-0.271,95.588
0 days 01:22:31.421000,RUS,63,93.583,13.0,1.0,,,False,MEDIUM,13.0,True,Mercedes,1,5.0,True,4,Miami Grand Prix,True,C4,True,-0.715,-0.758,1.714,1.866,-1.135,-1.198,94.278
0 days 01:24:05.239000,RUS,63,93.818,14.0,1.0,,,False,MEDIUM,14.0,True,Mercedes,1,5.0,True,4,Miami Grand Prix,True,C4,True,-0.48,-0.509,1.949,2.121,-0.252,-0.268,94.571
0 days 01:25:38.734000,RUS,63,93.495,15.0,1.0,,,False,MEDIUM,15.0,True,Mercedes,1,5.0,True,4,Miami Grand Prix,True,C4,True,-0.803,-0.852,1.626,1.77,-1.172,-1.238,94.306
0 days 01:27:12.299000,RUS,63,93.565,16.0,1.0,,,False,MEDIUM,16.0,True,Mercedes,12,5.0,True,4,Miami Grand Prix,True,C4,False,-0.733,-0.777,1.696,1.846,-1.257,-1.326,94.433
0 days 01:28:46.289000,RUS,63,93.99,17.0,1.0,,,False,MEDIUM,17.0,True,Mercedes,1,5.0,True,4,Miami Grand Prix,True,C4,True,-0.308,-0.327,2.121,2.309,-1.177,-1.237,94.916
0 days 01:30:20.347000,RUS,63,94.058,18.0,1.0,,,False,MEDIUM,18.0,True,Mercedes,1,5.0,True,4,Miami Grand Prix,True,C4,True,-0.24,-0.255,2.189,2.383,-1.124,-1.181,95.042
0 days 01:31:54.220000,RUS,63,93.873,19.0,1.0,,,False,MEDIUM,19.0,True,Mercedes,1,5.0,True,4,Miami Grand Prix,True,C4,True,-0.425,-0.451,2.004,2.181,-0.996,-1.05,94.915
0 days 01:33:33.334000,RUS,63,99.114,20.0,1.0,,0 days 01:33:28.001000,False,MEDIUM,20.0,True,Mercedes,1,6.0,False,4,Miami Grand Prix,True,C4,False,4.816,5.107,7.245,7.886,4.009,4.215,100.214
0 days 01:35:19.307000,RUS,63,105.973,21.0,2.0,0 days 01:33:49.953000,,False,HARD,1.0,True,Mercedes,1,12.0,False,4,Miami Grand Prix,True,C3,False,11.675,12.381,14.104,15.352,11.005,11.588,107.131
0 days 01:36:51.943000,RUS,63,92.636,22.0,2.0,,,True,HARD,2.0,True,Mercedes,1,10.0,True,4,Miami Grand Prix,True,C3,True,-1.662,-1.762,0.767,0.835,-1.965,-2.077,93.852
0 days 01:38:25.695000,RUS,63,93.752,23.0,2.0,,,False,HARD,3.0,True,Mercedes,1,9.0,True,4,Miami Grand Prix,True,C3,True,-0.546,-0.579,1.883,2.05,-0.9,-0.951,95.026
0 days 01:40:00.058000,RUS,63,94.363,24.0,2.0,,,False,HARD,4.0,True,Mercedes,1,8.0,True,4,Miami Grand Prix,True,C3,True,0.065,0.069,2.494,2.715,-0.447,-0.471,95.695
0 days 01:41:33.127000,RUS,63,93.069,25.0,2.0,,,False,HARD,5.0,True,Mercedes,1,8.0,True,4,Miami Grand Prix,True,C3,True,-1.229,-1.303,1.2,1.306,-1.939,-2.041,94.458
0 days 01:43:06.550000,RUS,63,93.423,26.0,2.0,,,False,HARD,6.0,True,Mercedes,1,7.0,True,4,Miami Grand Prix,True,C3,True,-0.875,-0.928,1.554,1.692,-1.551,-1.633,94.87
0 days 01:44:39.755000,RUS,63,93.205,27.0,2.0,,,False,HARD,7.0,True,Mercedes,1,7.0,True,4,Miami Grand Prix,True,C3,True,-1.093,-1.159,1.336,1.454,-2.047,-2.149,94.71
0 days 01:46:12.712000,RUS,63,92.957,28.0,2.0,,,False,HARD,8.0,True,Mercedes,1,6.0,True,4,Miami Grand Prix,True,C3,True,-1.341,-1.422,1.088,1.184,-1.725,-1.822,94.52
0 days 01:47:45.618000,RUS,63,92.906,29.0,2.0,,,False,HARD,9.0,True,Mercedes,1,5.0,True,4,Miami Grand Prix,True,C3,True,-1.392,-1.476,1.037,1.129,-1.286,-1.365,94.527
0 days 01:49:19.257000,RUS,63,93.639,30.0,2.0,,,False,HARD,10.0,True,Mercedes,1,5.0,True,4,Miami Grand Prix,True,C3,True,-0.659,-0.699,1.77,1.927,-0.173,-0.184,95.318
0 days 01:50:53.491000,RUS,63,94.234,31.0,2.0,,,False,HARD,11.0,True,Mercedes,1,5.0,True,4,Miami Grand Prix,True,C3,True,-0.064,-0.068,2.365,2.574,0.397,0.423,95.971
0 days 01:52:26.817000,RUS,63,93.326,32.0,2.0,,,False,HARD,12.0,True,Mercedes,1,5.0,True,4,Miami Grand Prix,True,C3,True,-0.972,-1.031,1.457,1.586,-0.411,-0.438,95.121
0 days 01:54:00.364000,RUS,63,93.547,33.0,2.0,,,False,HARD,13.0,True,Mercedes,1,5.0,True,4,Miami Grand Prix,True,C3,True,-0.751,-0.796,1.678,1.827,0.0,0.0,95.4
0 days 01:55:34.694000,RUS,63,94.33,34.0,2.0,,,False,HARD,14.0,True,Mercedes,1,5.0,True,4,Miami Grand Prix,True,C3,True,0.032,0.034,2.461,2.679,0.196,0.208,96.241
0 days 01:57:09.646000,RUS,63,94.952,35.0,2.0,,,False,HARD,15.0,True,Mercedes,1,6.0,True,4,Miami Grand Prix,True,C3,True,0.654,0.694,3.083,3.356,0.869,0.924,96.92
0 days 01:58:43.368000,RUS,63,93.722,36.0,2.0,,,False,HARD,16.0,True,Mercedes,1,6.0,True,4,Miami Grand Prix,True,C3,True,-0.576,-0.611,1.853,2.017,-0.048,-0.051,95.748
0 days 02:00:16.571000,RUS,63,93.203,37.0,2.0,,,False,HARD,17.0,True,Mercedes,1,6.0,True,4,Miami Grand Prix,True,C3,True,-1.095,-1.161,1.334,1.452,-0.879,-0.934,95.287
0 days 02:01:49.808000,RUS,63,93.237,38.0,2.0,,,False,HARD,18.0,True,Mercedes,1,6.0,True,4,Miami Grand Prix,True,C3,True,-1.061,-1.125,1.368,1.489,-0.695,-0.74,95.379
0 days 02:03:22.785000,RUS,63,92.977,39.0,2.0,,,False,HARD,19.0,True,Mercedes,1,6.0,True,4,Miami Grand Prix,True,C3,True,-1.321,-1.401,1.108,1.206,-1.117,-1.187,95.177
0 days 02:04:55.962000,RUS,63,93.177,40.0,2.0,,,False,HARD,20.0,True,Mercedes,1,6.0,True,4,Miami Grand Prix,True,C3,True,-1.121,-1.189,1.308,1.424,-0.835,-0.888,95.435
0 days 02:06:28.860000,RUS,63,92.898,41.0,2.0,,,False,HARD,21.0,True,Mercedes,1,6.0,True,4,Miami Grand Prix,True,C3,True,-1.4,-1.485,1.029,1.12,-0.905,-0.965,95.214
0 days 02:08:02.058000,RUS,63,93.198,42.0,2.0,,,False,HARD,22.0,True,Mercedes,1,6.0,True,4,Miami Grand Prix,True,C3,True,-1.1,-1.167,1.329,1.447,-0.844,-0.897,95.572
0 days 02:09:35.351000,RUS,63,93.293,43.0,2.0,,,False,HARD,23.0,True,Mercedes,1,6.0,True,4,Miami Grand Prix,True,C3,True,-1.005,-1.066,1.424,1.55,-0.973,-1.032,95.725
0 days 02:11:09.098000,RUS,63,93.747,44.0,2.0,,,False,HARD,24.0,True,Mercedes,1,6.0,True,4,Miami Grand Prix,True,C3,True,-0.551,-0.584,1.878,2.044,-0.059,-0.063,96.236
0 days 02:12:42.168000,RUS,63,93.07,45.0,2.0,,,False,HARD,25.0,True,Mercedes,1,6.0,True,4,Miami Grand Prix,True,C3,True,-1.228,-1.302,1.201,1.307,-1.108,-1.176,95.617
0 days 02:14:15.470000,RUS,63,93.302,46.0,2.0,,,False,HARD,26.0,True,Mercedes,1,6.0,True,4,Miami Grand Prix,True,C3,True,-0.996,-1.056,1.433,1.56,-0.832,-0.884,95.907
0 days 02:15:48.731000,RUS,63,93.261,47.0,2.0,,,False,HARD,27.0,True,Mercedes,1,6.0,True,4,Miami Grand Prix,True,C3,True,-1.037,-1.1,1.392,1.515,-1.1,-1.166,95.924
0 days 02:17:22.003000,RUS,63,93.272,48.0,2.0,,,False,HARD,28.0,True,Mercedes,12,6.0,True,4,Miami Grand Prix,True,C3,False,-1.026,-1.088,1.403,1.527,-0.86,-0.914,95.993
0 days 02:18:54.744000,RUS,63,92.741,49.0,2.0,,,False,HARD,29.0,True,Mercedes,1,6.0,True,4,Miami Grand Prix,True,C3,True,-1.557,-1.651,0.872,0.949,-1.479,-1.57,95.52
0 days 02:20:27.445000,RUS,63,92.701,50.0,2.0,,,False,HARD,30.0,True,Mercedes,1,6.0,True,4,Miami Grand Prix,True,C3,True,-1.597,-1.694,0.832,0.906,-1.531,-1.625,95.538
0 days 02:22:00.252000,RUS,63,92.807,51.0,2.0,,,False,HARD,31.0,True,Mercedes,1,6.0,True,4,Miami Grand Prix,True,C3,True,-1.491,-1.581,0.938,1.021,-1.447,-1.535,95.702
0 days 02:23:33.129000,RUS,63,92.877,52.0,2.0,,,False,HARD,32.0,True,Mercedes,1,6.0,True,4,Miami Grand Prix,True,C3,True,-1.421,-1.507,1.008,1.097,-1.415,-1.501,95.83
0 days 02:25:05.575000,RUS,63,92.446,53.0,2.0,,,True,HARD,33.0,True,Mercedes,1,6.0,True,4,Miami Grand Prix,True,C3,True,-1.852,-1.964,0.577,0.628,-1.7,-1.806,95.457
0 days 02:26:39.385000,RUS,63,93.81,54.0,2.0,,,False,HARD,34.0,True,Mercedes,1,6.0,True,4,Miami Grand Prix,True,C3,True,-0.488,-0.518,1.941,2.113,-0.374,-0.397,96.878
0 days 02:28:15.588000,RUS,63,96.203,55.0,2.0,,,False,HARD,35.0,True,Mercedes,1,6.0,True,4,Miami Grand Prix,True,C3,True,1.905,2.02,4.334,4.718,1.841,1.951,99.329
0 days 02:29:49.775000,RUS,63,94.187,56.0,2.0,,,False,HARD,36.0,True,Mercedes,1,5.0,True,4,Miami Grand Prix,True,C3,True,-0.111,-0.118,2.318,2.523,-0.154,-0.163,97.371
0 days 02:31:24.317000,RUS,63,94.542,57.0,2.0,,,False,HARD,37.0,True,Mercedes,12,4.0,True,4,Miami Grand Prix,True,C3,False,0.244,0.259,2.673,2.91,0.122,0.129,97.784
0 days 00:59:12.487000,BOT,77,,1.0,1.0,,,False,MEDIUM,1.0,True,Cadillac,1,21.0,False,4,Miami Grand Prix,True,C4,False,,,,,,,
0 days 01:00:49.275000,BOT,77,96.788,2.0,1.0,,,True,MEDIUM,2.0,True,Cadillac,1,21.0,True,4,Miami Grand Prix,True,C4,True,2.49,2.641,4.919,5.354,0.899,0.938,96.846
0 days 01:02:25.882000,BOT,77,96.607,3.0,1.0,,,True,MEDIUM,3.0,True,Cadillac,1,21.0,True,4,Miami Grand Prix,True,C4,True,2.309,2.449,4.738,5.157,1.676,1.765,96.723
0 days 01:04:02.499000,BOT,77,96.617,4.0,1.0,,,False,MEDIUM,4.0,True,Cadillac,1,21.0,True,4,Miami Grand Prix,True,C4,True,2.319,2.459,4.748,5.168,1.779,1.876,96.791
0 days 01:05:45.141000,BOT,77,102.642,5.0,1.0,,,False,MEDIUM,5.0,True,Cadillac,124,18.0,False,4,Miami Grand Prix,True,C4,False,8.344,8.849,10.773,11.726,6.8,7.095,102.874
0 days 01:08:02.470000,BOT,77,137.329,6.0,1.0,,0 days 01:07:57.173000,False,MEDIUM,6.0,True,Cadillac,4,18.0,False,4,Miami Grand Prix,True,C4,False,43.031,45.633,45.46,49.484,2.454,1.819,137.618
0 days 01:10:11.170000,BOT,77,128.7,7.0,2.0,0 days 01:08:20.692000,,False,SOFT,1.0,True,Cadillac,4,18.0,False,4,Miami Grand Prix,True,C5,False,34.402,36.482,36.831,40.091,-0.956,-0.737,129.047
0 days 01:12:31.312000,BOT,77,140.142,8.0,2.0,,,False,SOFT,2.0,True,Cadillac,4,18.0,False,4,Miami Grand Prix,True,C5,False,45.844,48.616,48.273,52.545,-2.692,-1.885,140.547
0 days 01:14:55.165000,BOT,77,143.853,9.0,2.0,,,False,SOFT,3.0,True,Cadillac,4,18.0,False,4,Miami Grand Prix,True,C5,False,49.555,52.551,51.984,56.585,0.445,0.31,144.316
0 days 01:17:13.283000,BOT,77,138.118,10.0,2.0,,,False,SOFT,4.0,True,Cadillac,4,18.0,False,4,Miami Grand Prix,True,C5,False,43.82,46.47,46.249,50.342,-1.363,-0.977,138.639
0 days 01:19:30.103000,BOT,77,136.82,11.0,2.0,,,False,SOFT,5.0,True,Cadillac,41,18.0,False,4,Miami Grand Prix,True,C5,False,42.522,45.093,44.951,48.929,-7.32,-5.078,137.399
0 days 01:21:06.522000,BOT,77,96.419,12.0,2.0,,,True,SOFT,6.0,True,Cadillac,1,18.0,True,4,Miami Grand Prix,True,C5,True,2.121,2.249,4.55,4.953,1.21,1.271,97.056
0 days 01:22:43.132000,BOT,77,96.61,13.0,2.0,,,False,SOFT,7.0,True,Cadillac,1,18.0,True,4,Miami Grand Prix,True,C5,True,2.312,2.452,4.741,5.161,1.892,1.998,97.305
0 days 01:24:19.458000,BOT,77,96.326,14.0,2.0,,,True,SOFT,8.0,True,Cadillac,1,18.0,True,4,Miami Grand Prix,True,C5,True,2.028,2.151,4.457,4.851,2.256,2.398,97.079
0 days 01:25:55.813000,BOT,77,96.355,15.0,2.0,,,False,SOFT,9.0,True,Cadillac,12,16.0,True,4,Miami Grand Prix,True,C5,False,2.057,2.181,4.486,4.883,1.688,1.783,97.166
0 days 01:27:31.893000,BOT,77,96.08,16.0,2.0,,,True,SOFT,10.0,True,Cadillac,1,16.0,True,4,Miami Grand Prix,True,C5,True,1.782,1.89,4.211,4.584,1.258,1.327,96.948
0 days 01:29:08.659000,BOT,77,96.766,17.0,2.0,,,False,SOFT,11.0,True,Cadillac,1,16.0,True,4,Miami Grand Prix,True,C5,True,2.468,2.617,4.897,5.33,1.599,1.68,97.692
0 days 01:30:45.378000,BOT,77,96.719,18.0,2.0,,,False,SOFT,12.0,True,Cadillac,1,16.0,True,4,Miami Grand Prix,True,C5,True,2.421,2.567,4.85,5.279,1.537,1.615,97.703
0 days 01:32:22.280000,BOT,77,96.902,19.0,2.0,,,False,SOFT,13.0,True,Cadillac,1,16.0,True,4,Miami Grand Prix,True,C5,True,2.604,2.761,5.033,5.478,2.033,2.143,97.944
0 days 01:34:00.184000,BOT,77,97.904,20.0,2.0,,,False,SOFT,14.0,True,Cadillac,1,17.0,True,4,Miami Grand Prix,True,C5,True,3.606,3.824,6.035,6.569,2.799,2.943,99.004
0 days 01:35:42.981000,BOT,77,102.797,21.0,2.0,,0 days 01:35:37.576000,False,SOFT,15.0,True,Cadillac,1,17.0,False,4,Miami Grand Prix,True,C5,False,8.499,9.013,10.928,11.895,7.829,8.244,103.955
0 days 01:37:34.629000,BOT,77,111.648,22.0,3.0,0 days 01:36:01.376000,,False,MEDIUM,1.0,True,Cadillac,1,17.0,False,4,Miami Grand Prix,True,C4,False,17.35,18.399,19.779,21.53,17.047,18.02,112.864
0 days 01:39:11.004000,BOT,77,96.375,23.0,3.0,,,False,MEDIUM,2.0,True,Cadillac,1,18.0,True,4,Miami Grand Prix,True,C4,True,2.077,2.203,4.506,4.905,1.723,1.82,97.649
0 days 01:40:48.452000,BOT,77,97.448,24.0,3.0,,,False,MEDIUM,3.0,True,Cadillac,1,18.0,True,4,Miami Grand Prix,True,C4,True,3.15,3.34,5.579,6.073,2.638,2.782,98.78
0 days 01:42:24.901000,BOT,77,96.449,25.0,3.0,,,False,MEDIUM,4.0,True,Cadillac,1,18.0,True,4,Miami Grand Prix,True,C4,True,2.151,2.281,4.58,4.985,1.441,1.517,97.838
0 days 01:44:01.163000,BOT,77,96.262,26.0,3.0,,,False,MEDIUM,5.0,True,Cadillac,1,18.0,True,4,Miami Grand Prix,True,C4,True,1.964,2.083,4.393,4.782,1.288,1.356,97.709
0 days 01:45:37.734000,BOT,77,96.571,27.0,3.0,,,False,MEDIUM,6.0,True,Cadillac,1,18.0,True,4,Miami Grand Prix,True,C4,True,2.273,2.41,4.702,5.118,1.319,1.385,98.076
0 days 01:47:14.383000,BOT,77,96.649,28.0,3.0,,,False,MEDIUM,7.0,True,Cadillac,1,18.0,True,4,Miami Grand Prix,True,C4,True,2.351,2.493,4.78,5.203,1.967,2.077,98.212
0 days 01:48:50.864000,BOT,77,96.481,29.0,3.0,,,False,MEDIUM,8.0,True,Cadillac,1,18.0,True,4,Miami Grand Prix,True,C4,True,2.183,2.315,4.612,5.02,2.289,2.43,98.102
0 days 01:50:33.448000,BOT,77,102.584,30.0,3.0,,0 days 01:50:28.107000,False,MEDIUM,9.0,True,Cadillac,1,18.0,False,4,Miami Grand Prix,True,C4,False,8.286,8.787,10.715,11.663,8.772,9.351,104.263
0 days 01:52:22.227000,BOT,77,108.779,31.0,4.0,0 days 01:50:45.117000,,False,MEDIUM,10.0,False,Cadillac,1,18.0,False,4,Miami Grand Prix,True,C4,False,14.481,15.357,16.91,18.407,14.942,15.923,110.516
0 days 01:54:01.970000,BOT,77,99.743,32.0,4.0,,,False,MEDIUM,11.0,False,Cadillac,1,18.0,True,4,Miami Grand Prix,True,C4,True,5.445,5.774,7.874,8.571,6.006,6.407,101.538
0 days 01:55:39.657000,BOT,77,97.687,33.0,4.0,,,False,MEDIUM,12.0,False,Cadillac,1,18.0,True,4,Miami Grand Prix,True,C4,True,3.389,3.594,5.818,6.333,4.14,4.426,99.54
0 days 01:57:17.514000,BOT,77,97.857,34.0,4.0,,,False,MEDIUM,13.0,False,Cadillac,1,18.0,True,4,Miami Grand Prix,True,C4,True,3.559,3.774,5.988,6.518,3.723,3.955,99.768
0 days 01:58:54.628000,BOT,77,97.114,35.0,4.0,,,False,MEDIUM,14.0,False,Cadillac,1,18.0,True,4,Miami Grand Prix,True,C4,True,2.816,2.986,5.245,5.709,3.031,3.222,99.082
0 days 02:00:33.290000,BOT,77,98.662,36.0,4.0,,,False,MEDIUM,15.0,False,Cadillac,1,18.0,True,4,Miami Grand Prix,True,C4,True,4.364,4.628,6.793,7.394,4.892,5.217,100.688
0 days 02:02:11.370000,BOT,77,98.08,37.0,4.0,,,False,MEDIUM,16.0,False,Cadillac,1,18.0,True,4,Miami Grand Prix,True,C4,True,3.782,4.011,6.211,6.761,3.998,4.249,100.164
0 days 02:03:49.129000,BOT,77,97.759,38.0,4.0,,,False,MEDIUM,17.0,False,Cadillac,1,18.0,True,4,Miami Grand Prix,True,C4,True,3.461,3.67,5.89,6.411,3.827,4.074,99.901
0 days 02:05:28.362000,BOT,77,99.233,39.0,4.0,,,False,MEDIUM,18.0,False,Cadillac,1,18.0,True,4,Miami Grand Prix,True,C4,True,4.935,5.233,7.364,8.016,5.139,5.462,101.433
0 days 02:07:08.557000,BOT,77,100.195,40.0,4.0,,,False,MEDIUM,19.0,False,Cadillac,1,18.0,True,4,Miami Grand Prix,True,C4,True,5.897,6.254,8.326,9.063,6.183,6.577,102.453
0 days 02:08:46.412000,BOT,77,97.855,41.0,4.0,,,False,MEDIUM,20.0,False,Cadillac,1,18.0,True,4,Miami Grand Prix,True,C4,True,3.557,3.772,5.986,6.516,4.052,4.32,100.171
0 days 02:10:26.535000,BOT,77,100.123,42.0,4.0,,,False,MEDIUM,21.0,False,Cadillac,1,18.0,True,4,Miami Grand Prix,True,C4,True,5.825,6.177,8.254,8.985,6.081,6.466,102.497
0 days 02:12:04.176000,BOT,77,97.641,43.0,4.0,,,False,MEDIUM,22.0,False,Cadillac,1,18.0,True,4,Miami Grand Prix,True,C4,True,3.343,3.545,5.772,6.283,3.375,3.58,100.073
0 days 02:13:42.056000,BOT,77,97.88,44.0,4.0,,,False,MEDIUM,23.0,False,Cadillac,1,18.0,True,4,Miami Grand Prix,True,C4,True,3.582,3.799,6.011,6.543,4.074,4.343,100.369
0 days 02:15:22.711000,BOT,77,100.655,45.0,4.0,,,False,MEDIUM,24.0,False,Cadillac,1,18.0,True,4,Miami Grand Prix,True,C4,True,6.357,6.741,8.786,9.564,6.477,6.877,103.202
0 days 02:17:01.716000,BOT,77,99.005,46.0,4.0,,,False,MEDIUM,25.0,False,Cadillac,12,18.0,True,4,Miami Grand Prix,True,C4,False,4.707,4.992,7.136,7.768,4.871,5.175,101.61
0 days 02:18:39.423000,BOT,77,97.707,47.0,4.0,,,False,MEDIUM,26.0,False,Cadillac,1,18.0,True,4,Miami Grand Prix,True,C4,True,3.409,3.615,5.838,6.355,3.346,3.546,100.37
0 days 02:20:17.525000,BOT,77,98.102,48.0,4.0,,,False,MEDIUM,27.0,False,Cadillac,1,18.0,True,4,Miami Grand Prix,True,C4,True,3.804,4.034,6.233,6.785,3.97,4.217,100.823
0 days 02:21:59.789000,BOT,77,102.264,49.0,4.0,,,False,MEDIUM,28.0,False,Cadillac,1,18.0,True,4,Miami Grand Prix,True,C4,True,7.966,8.448,10.395,11.315,8.044,8.537,105.043
0 days 02:23:38.159000,BOT,77,98.37,50.0,4.0,,,False,MEDIUM,29.0,False,Cadillac,1,18.0,True,4,Miami Grand Prix,True,C4,True,4.072,4.318,6.501,7.076,4.138,4.391,101.207
0 days 02:25:15.442000,BOT,77,97.283,51.0,4.0,,,False,MEDIUM,30.0,False,Cadillac,1,18.0,True,4,Miami Grand Prix,True,C4,True,2.985,3.165,5.414,5.893,3.029,3.214,100.178
0 days 02:26:54.620000,BOT,77,99.178,52.0,4.0,,,False,MEDIUM,31.0,False,Cadillac,1,18.0,True,4,Miami Grand Prix,True,C4,True,4.88,5.175,7.309,7.956,4.886,5.182,102.131
0 days 02:28:31.942000,BOT,77,97.322,53.0,4.0,,,False,MEDIUM,32.0,False,Cadillac,1,18.0,True,4,Miami Grand Prix,True,C4,True,3.024,3.207,5.453,5.936,3.176,3.373,100.333
0 days 02:30:09.537000,BOT,77,97.595,54.0,4.0,,,False,MEDIUM,33.0,False,Cadillac,12,18.0,True,4,Miami Grand Prix,True,C4,False,3.297,3.496,5.726,6.233,3.411,3.622,100.663
0 days 02:31:49.521000,BOT,77,99.984,55.0,4.0,,,False,MEDIUM,34.0,False,Cadillac,1,18.0,True,4,Miami Grand Prix,True,C4,True,5.686,6.03,8.115,8.833,5.622,5.958,103.11
0 days 00:59:00.693000,PIA,81,,1.0,1.0,,,False,MEDIUM,1.0,True,McLaren,1,4.0,False,4,Miami Grand Prix,True,C4,False,,,,,,,
0 days 01:00:34.218000,PIA,81,93.525,2.0,1.0,,,True,MEDIUM,2.0,True,McLaren,1,4.0,True,4,Miami Grand Prix,True,C4,True,-0.773,-0.82,1.656,1.803,-2.364,-2.465,93.583
0 days 01:02:08.582000,PIA,81,94.364,3.0,1.0,,,False,MEDIUM,3.0,True,McLaren,1,5.0,True,4,Miami Grand Prix,True,C4,True,0.066,0.07,2.495,2.716,-0.567,-0.597,94.48
0 days 01:03:42.671000,PIA,81,94.089,4.0,1.0,,,False,MEDIUM,4.0,True,McLaren,1,5.0,True,4,Miami Grand Prix,True,C4,True,-0.209,-0.222,2.22,2.416,-0.749,-0.79,94.263
0 days 01:05:16.162000,PIA,81,93.491,5.0,1.0,,,True,MEDIUM,5.0,True,McLaren,12,5.0,True,4,Miami Grand Prix,True,C4,False,-0.807,-0.856,1.622,1.766,-2.351,-2.453,93.723
0 days 01:07:28.069000,PIA,81,131.907,6.0,1.0,,,False,MEDIUM,6.0,True,McLaren,24,5.0,False,4,Miami Grand Prix,True,C4,False,37.609,39.883,40.038,43.582,-2.968,-2.201,132.196
0 days 01:09:45.383000,PIA,81,137.314,7.0,1.0,,,False,MEDIUM,7.0,True,McLaren,4,5.0,False,4,Miami Grand Prix,True,C4,False,43.016,45.617,45.445,49.467,7.658,5.906,137.661
0 days 01:12:09.013000,PIA,81,143.63,8.0,1.0,,,False,MEDIUM,8.0,True,McLaren,4,5.0,False,4,Miami Grand Prix,True,C4,False,49.332,52.315,51.761,56.342,0.796,0.557,144.035
0 days 01:14:36.389000,PIA,81,147.376,9.0,1.0,,,False,MEDIUM,9.0,True,McLaren,4,5.0,False,4,Miami Grand Prix,True,C4,False,53.078,56.288,55.507,60.42,3.968,2.767,147.839
0 days 01:16:54.924000,PIA,81,138.535,10.0,1.0,,,False,MEDIUM,10.0,True,McLaren,4,5.0,False,4,Miami Grand Prix,True,C4,False,44.237,46.912,46.666,50.796,-0.946,-0.678,139.056
0 days 01:19:23.332000,PIA,81,148.408,11.0,1.0,,,False,MEDIUM,11.0,True,McLaren,41,5.0,False,4,Miami Grand Prix,True,C4,False,54.11,57.382,56.539,61.543,4.268,2.961,148.987
0 days 01:20:56.850000,PIA,81,93.518,12.0,1.0,,,False,MEDIUM,12.0,True,McLaren,1,4.0,True,4,Miami Grand Prix,True,C4,True,-0.78,-0.827,1.649,1.795,-1.691,-1.776,94.155
0 days 01:22:30.313000,PIA,81,93.463,13.0,1.0,,,True,MEDIUM,13.0,True,McLaren,1,4.0,True,4,Miami Grand Prix,True,C4,True,-0.835,-0.885,1.594,1.735,-1.255,-1.325,94.158
0 days 01:24:03.533000,PIA,81,93.22,14.0,1.0,,,True,MEDIUM,14.0,True,McLaren,1,4.0,True,4,Miami Grand Prix,True,C4,True,-1.078,-1.143,1.351,1.471,-0.85,-0.904,93.973
0 days 01:25:37.030000,PIA,81,93.497,15.0,1.0,,,False,MEDIUM,15.0,True,McLaren,1,4.0,True,4,Miami Grand Prix,True,C4,True,-0.801,-0.849,1.628,1.772,-1.17,-1.236,94.308
0 days 01:27:10.774000,PIA,81,93.744,16.0,1.0,,,False,MEDIUM,16.0,True,McLaren,12,4.0,True,4,Miami Grand Prix,True,C4,False,-0.554,-0.587,1.875,2.041,-1.078,-1.137,94.612
0 days 01:28:45.355000,PIA,81,94.581,17.0,1.0,,,False,MEDIUM,17.0,True,McLaren,1,4.0,True,4,Miami Grand Prix,True,C4,True,0.283,0.3,2.712,2.952,-0.586,-0.616,95.507
0 days 01:30:19.368000,PIA,81,94.013,18.0,1.0,,,False,MEDIUM,18.0,True,McLaren,1,4.0,True,4,Miami Grand Prix,True,C4,True,-0.285,-0.302,2.144,2.334,-1.169,-1.228,94.997
0 days 01:31:53.086000,PIA,81,93.718,19.0,1.0,,,False,MEDIUM,19.0,True,McLaren,1,4.0,True,4,Miami Grand Prix,True,C4,True,-0.58,-0.615,1.849,2.013,-1.151,-1.213,94.76
0 days 01:33:26.563000,PIA,81,93.477,20.0,1.0,,,False,MEDIUM,20.0,True,McLaren,1,4.0,True,4,Miami Grand Prix,True,C4,True,-0.821,-0.871,1.608,1.75,-1.628,-1.712,94.577
0 days 01:35:00.104000,PIA,81,93.541,21.0,1.0,,,False,MEDIUM,21.0,True,McLaren,1,3.0,True,4,Miami Grand Prix,True,C4,True,-0.757,-0.803,1.672,1.82,-1.427,-1.503,94.699
0 days 01:36:33.978000,PIA,81,93.874,22.0,1.0,,,False,MEDIUM,22.0,True,McLaren,1,3.0,True,4,Miami Grand Prix,True,C4,True,-0.424,-0.45,2.005,2.182,-0.727,-0.768,95.09
0 days 01:38:07.808000,PIA,81,93.83,23.0,1.0,,,False,MEDIUM,23.0,True,McLaren,1,3.0,True,4,Miami Grand Prix,True,C4,True,-0.468,-0.496,1.961,2.135,-0.822,-0.868,95.104
0 days 01:39:41.448000,PIA,81,93.64,24.0,1.0,,,False,MEDIUM,24.0,True,McLaren,1,3.0,True,4,Miami Grand Prix,True,C4,True,-0.658,-0.698,1.771,1.928,-1.17,-1.234,94.972
0 days 01:41:15.999000,PIA,81,94.551,25.0,1.0,,,False,MEDIUM,25.0,True,McLaren,1,3.0,True,4,Miami Grand Prix,True,C4,True,0.253,0.268,2.682,2.919,-0.457,-0.481,95.94
0 days 01:42:50.070000,PIA,81,94.071,26.0,1.0,,,False,MEDIUM,26.0,True,McLaren,1,3.0,True,4,Miami Grand Prix,True,C4,True,-0.227,-0.241,2.202,2.397,-0.903,-0.951,95.518
0 days 01:44:24.020000,PIA,81,93.95,27.0,1.0,,,False,MEDIUM,27.0,True,McLaren,1,2.0,True,4,Miami Grand Prix,True,C4,True,-0.348,-0.369,2.081,2.265,-1.302,-1.367,95.455
0 days 01:46:03.011000,PIA,81,98.991,28.0,1.0,,0 days 01:45:57.473000,False,MEDIUM,28.0,True,McLaren,1,4.0,False,4,Miami Grand Prix,True,C4,False,4.693,4.977,7.122,7.752,4.309,4.551,100.554
0 days 01:47:50.505000,PIA,81,107.494,29.0,2.0,0 days 01:46:20.507000,,False,HARD,1.0,True,McLaren,1,7.0,False,4,Miami Grand Prix,True,C3,False,13.196,13.994,15.625,17.008,13.302,14.122,109.115
0 days 01:49:22.454000,PIA,81,91.949,30.0,2.0,,,True,HARD,2.0,True,McLaren,1,7.0,True,4,Miami Grand Prix,True,C3,True,-2.349,-2.491,0.08,0.087,-1.863,-1.986,93.628
0 days 01:50:54.893000,PIA,81,92.439,31.0,2.0,,,False,HARD,3.0,True,McLaren,1,6.0,True,4,Miami Grand Prix,True,C3,True,-1.859,-1.971,0.57,0.62,-1.398,-1.49,94.176
0 days 01:52:27.291000,PIA,81,92.398,32.0,2.0,,,False,HARD,4.0,True,McLaren,1,6.0,True,4,Miami Grand Prix,True,C3,True,-1.9,-2.015,0.529,0.576,-1.339,-1.428,94.193
0 days 01:54:00.611000,PIA,81,93.32,33.0,2.0,,,False,HARD,5.0,True,McLaren,1,6.0,True,4,Miami Grand Prix,True,C3,True,-0.978,-1.037,1.451,1.579,-0.227,-0.243,95.173
0 days 01:55:34.828000,PIA,81,94.217,34.0,2.0,,,False,HARD,6.0,True,McLaren,1,6.0,True,4,Miami Grand Prix,True,C3,True,-0.081,-0.086,2.348,2.556,0.083,0.088,96.128
0 days 01:57:09.085000,PIA,81,94.257,35.0,2.0,,,False,HARD,7.0,True,McLaren,1,5.0,True,4,Miami Grand Prix,True,C3,True,-0.041,-0.043,2.388,2.599,0.174,0.185,96.225
0 days 01:58:42.353000,PIA,81,93.268,36.0,2.0,,,False,HARD,8.0,True,McLaren,1,5.0,True,4,Miami Grand Prix,True,C3,True,-1.03,-1.092,1.399,1.523,-0.502,-0.535,95.294
0 days 02:00:15.189000,PIA,81,92.836,37.0,2.0,,,False,HARD,9.0,True,McLaren,1,5.0,True,4,Miami Grand Prix,True,C3,True,-1.462,-1.55,0.967,1.053,-1.246,-1.324,94.92
0 days 02:01:47.739000,PIA,81,92.55,38.0,2.0,,,False,HARD,10.0,True,McLaren,1,5.0,True,4,Miami Grand Prix,True,C3,True,-1.748,-1.854,0.681,0.741,-1.382,-1.471,94.692
0 days 02:03:20.332000,PIA,81,92.593,39.0,2.0,,,False,HARD,11.0,True,McLaren,1,5.0,True,4,Miami Grand Prix,True,C3,True,-1.705,-1.808,0.724,0.788,-1.501,-1.595,94.793
0 days 02:04:52.856000,PIA,81,92.524,40.0,2.0,,,False,HARD,12.0,True,McLaren,1,5.0,True,4,Miami Grand Prix,True,C3,True,-1.774,-1.881,0.655,0.713,-1.488,-1.583,94.782
0 days 02:06:25.656000,PIA,81,92.8,41.0,2.0,,,False,HARD,13.0,True,McLaren,1,5.0,True,4,Miami Grand Prix,True,C3,True,-1.498,-1.589,0.931,1.013,-1.003,-1.069,95.116
0 days 02:07:58.320000,PIA,81,92.664,42.0,2.0,,,False,HARD,14.0,True,McLaren,1,5.0,True,4,Miami Grand Prix,True,C3,True,-1.634,-1.733,0.795,0.865,-1.378,-1.465,95.038
0 days 02:09:31.158000,PIA,81,92.838,43.0,2.0,,,False,HARD,15.0,True,McLaren,1,5.0,True,4,Miami Grand Prix,True,C3,True,-1.46,-1.548,0.969,1.055,-1.428,-1.515,95.27
0 days 02:11:03.942000,PIA,81,92.784,44.0,2.0,,,False,HARD,16.0,True,McLaren,1,5.0,True,4,Miami Grand Prix,True,C3,True,-1.514,-1.606,0.915,0.996,-1.022,-1.089,95.273
0 days 02:12:36.240000,PIA,81,92.298,45.0,2.0,,,False,HARD,17.0,True,McLaren,1,5.0,True,4,Miami Grand Prix,True,C3,True,-2.0,-2.121,0.429,0.467,-1.88,-1.996,94.845
0 days 02:14:08.736000,PIA,81,92.496,46.0,2.0,,,False,HARD,18.0,True,McLaren,1,5.0,True,4,Miami Grand Prix,True,C3,True,-1.802,-1.911,0.627,0.682,-1.638,-1.74,95.101
0 days 02:15:41.346000,PIA,81,92.61,47.0,2.0,,,False,HARD,19.0,True,McLaren,1,5.0,True,4,Miami Grand Prix,True,C3,True,-1.688,-1.79,0.741,0.807,-1.751,-1.856,95.273
0 days 02:17:14.924000,PIA,81,93.578,48.0,2.0,,,False,HARD,20.0,True,McLaren,12,4.0,True,4,Miami Grand Prix,True,C3,False,-0.72,-0.764,1.709,1.86,-0.554,-0.589,96.299
0 days 02:18:47.683000,PIA,81,92.759,49.0,2.0,,,False,HARD,21.0,True,McLaren,1,4.0,True,4,Miami Grand Prix,True,C3,True,-1.539,-1.632,0.89,0.969,-1.461,-1.551,95.538
0 days 02:20:20.108000,PIA,81,92.425,50.0,2.0,,,False,HARD,22.0,True,McLaren,1,4.0,True,4,Miami Grand Prix,True,C3,True,-1.873,-1.986,0.556,0.605,-1.807,-1.918,95.262
0 days 02:21:52.524000,PIA,81,92.416,51.0,2.0,,,False,HARD,23.0,True,McLaren,1,4.0,True,4,Miami Grand Prix,True,C3,True,-1.882,-1.996,0.547,0.595,-1.838,-1.95,95.311
0 days 02:23:24.973000,PIA,81,92.449,52.0,2.0,,,False,HARD,24.0,True,McLaren,1,4.0,True,4,Miami Grand Prix,True,C3,True,-1.849,-1.961,0.58,0.631,-1.843,-1.955,95.402
0 days 02:24:57.193000,PIA,81,92.22,53.0,2.0,,,False,HARD,25.0,True,McLaren,1,4.0,True,4,Miami Grand Prix,True,C3,True,-2.078,-2.204,0.351,0.382,-1.926,-2.046,95.231
0 days 02:26:29.179000,PIA,81,91.986,54.0,2.0,,,False,HARD,26.0,True,McLaren,1,4.0,True,4,Miami Grand Prix,True,C3,True,-2.312,-2.452,0.117,0.127,-2.198,-2.334,95.054
0 days 02:28:01.875000,PIA,81,92.696,55.0,2.0,,,False,HARD,27.0,True,McLaren,1,4.0,True,4,Miami Grand Prix,True,C3,True,-1.602,-1.699,0.827,0.9,-1.666,-1.766,95.822
0 days 02:29:35.121000,PIA,81,93.246,56.0,2.0,,,False,HARD,28.0,True,McLaren,1,3.0,True,4,Miami Grand Prix,True,C3,True,-1.052,-1.116,1.377,1.499,-1.095,-1.161,96.43
0 days 02:31:08.358000,PIA,81,93.237,57.0,2.0,,,False,HARD,29.0,True,McLaren,12,3.0,True,4,Miami Grand Prix,True,C3,False,-1.061,-1.125,1.368,1.489,-1.183,-1.253,96.479
0 days 00:59:07.751000,BEA,87,,1.0,1.0,,,False,MEDIUM,1.0,True,Haas F1 Team,1,14.0,False,4,Miami Grand Prix,True,C4,False,,,,,,,
0 days 01:00:44.697000,BEA,87,96.946,2.0,1.0,,,True,MEDIUM,2.0,True,Haas F1 Team,1,13.0,True,4,Miami Grand Prix,True,C4,True,2.648,2.808,5.077,5.526,1.057,1.102,97.004
0 days 01:02:19.589000,BEA,87,94.892,3.0,1.0,,,True,MEDIUM,3.0,True,Haas F1 Team,1,13.0,True,4,Miami Grand Prix,True,C4,True,0.594,0.63,3.023,3.291,-0.039,-0.041,95.008
0 days 01:03:54.630000,BEA,87,95.041,4.0,1.0,,,False,MEDIUM,4.0,True,Haas F1 Team,1,13.0,True,4,Miami Grand Prix,True,C4,True,0.743,0.788,3.172,3.453,0.203,0.214,95.215
0 days 01:05:30.426000,BEA,87,95.796,5.0,1.0,,,False,MEDIUM,5.0,True,Haas F1 Team,12,11.0,True,4,Miami Grand Prix,True,C4,False,1.498,1.589,3.927,4.275,-0.046,-0.048,96.028
0 days 01:07:45.301000,BEA,87,134.875,6.0,1.0,,,False,MEDIUM,6.0,True,Haas F1 Team,24,11.0,False,4,Miami Grand Prix,True,C4,False,40.577,43.031,43.006,46.812,0.0,0.0,135.164
0 days 01:09:54.658000,BEA,87,129.357,7.0,1.0,,,False,MEDIUM,7.0,True,Haas F1 Team,4,10.0,False,4,Miami Grand Prix,True,C4,False,35.059,37.179,37.488,40.806,-0.299,-0.231,129.704
0 days 01:12:18.051000,BEA,87,143.393,8.0,1.0,,,False,MEDIUM,8.0,True,Haas F1 Team,4,10.0,False,4,Miami Grand Prix,True,C4,False,49.095,52.064,51.524,56.084,0.559,0.391,143.798
0 days 01:14:41.352000,BEA,87,143.301,9.0,1.0,,,False,MEDIUM,9.0,True,Haas F1 Team,4,10.0,False,4,Miami Grand Prix,True,C4,False,49.003,51.966,51.432,55.984,-0.107,-0.075,143.764
0 days 01:17:01.138000,BEA,87,139.786,10.0,1.0,,,False,MEDIUM,10.0,True,Haas F1 Team,4,10.0,False,4,Miami Grand Prix,True,C4,False,45.488,48.239,47.917,52.158,0.305,0.219,140.307
0 days 01:19:25.792000,BEA,87,144.654,11.0,1.0,,,False,MEDIUM,11.0,True,Haas F1 Team,41,10.0,False,4,Miami Grand Prix,True,C4,False,50.356,53.401,52.785,57.457,0.514,0.357,145.233
0 days 01:21:01.061000,BEA,87,95.269,12.0,1.0,,,False,MEDIUM,12.0,True,Haas F1 Team,1,10.0,True,4,Miami Grand Prix,True,C4,True,0.971,1.03,3.4,3.701,0.06,0.063,95.906
0 days 01:22:36.093000,BEA,87,95.032,13.0,1.0,,,False,MEDIUM,13.0,True,Haas F1 Team,1,10.0,True,4,Miami Grand Prix,True,C4,True,0.734,0.778,3.163,3.443,0.314,0.332,95.727
0 days 01:24:10.710000,BEA,87,94.617,14.0,1.0,,,True,MEDIUM,14.0,True,Haas F1 Team,1,10.0,True,4,Miami Grand Prix,True,C4,True,0.319,0.338,2.748,2.991,0.547,0.581,95.37
0 days 01:25:45.821000,BEA,87,95.111,15.0,1.0,,,False,MEDIUM,15.0,True,Haas F1 Team,1,11.0,True,4,Miami Grand Prix,True,C4,True,0.813,0.862,3.242,3.529,0.444,0.469,95.922
0 days 01:27:20.697000,BEA,87,94.876,16.0,1.0,,,False,MEDIUM,16.0,True,Haas F1 Team,12,11.0,True,4,Miami Grand Prix,True,C4,False,0.578,0.613,3.007,3.273,0.054,0.057,95.744
0 days 01:28:55.904000,BEA,87,95.207,17.0,1.0,,,False,MEDIUM,17.0,True,Haas F1 Team,1,11.0,True,4,Miami Grand Prix,True,C4,True,0.909,0.964,3.338,3.633,0.04,0.042,96.133
0 days 01:30:31.080000,BEA,87,95.176,18.0,1.0,,,False,MEDIUM,18.0,True,Haas F1 Team,1,11.0,True,4,Miami Grand Prix,True,C4,True,0.878,0.931,3.307,3.6,-0.006,-0.006,96.16
0 days 01:32:06.177000,BEA,87,95.097,19.0,1.0,,,False,MEDIUM,19.0,True,Haas F1 Team,1,11.0,True,4,Miami Grand Prix,True,C4,True,0.799,0.847,3.228,3.514,0.228,0.24,96.139
0 days 01:33:41.282000,BEA,87,95.105,20.0,1.0,,,False,MEDIUM,20.0,True,Haas F1 Team,1,11.0,True,4,Miami Grand Prix,True,C4,True,0.807,0.856,3.236,3.522,0.0,0.0,96.205
0 days 01:35:16.553000,BEA,87,95.271,21.0,1.0,,,False,MEDIUM,21.0,True,Haas F1 Team,1,10.0,True,4,Miami Grand Prix,True,C4,True,0.973,1.032,3.402,3.703,0.303,0.319,96.429
0 days 01:36:51.524000,BEA,87,94.971,22.0,1.0,,,False,MEDIUM,22.0,True,Haas F1 Team,1,9.0,True,4,Miami Grand Prix,True,C4,True,0.673,0.714,3.102,3.377,0.37,0.391,96.187
0 days 01:38:28.053000,BEA,87,96.529,23.0,1.0,,,False,MEDIUM,23.0,True,Haas F1 Team,1,11.0,True,4,Miami Grand Prix,True,C4,True,2.231,2.366,4.66,5.072,1.877,1.983,97.803
0 days 01:40:03.160000,BEA,87,95.107,24.0,1.0,,,False,MEDIUM,24.0,True,Haas F1 Team,1,11.0,True,4,Miami Grand Prix,True,C4,True,0.809,0.858,3.238,3.525,0.297,0.313,96.439
0 days 01:41:38.175000,BEA,87,95.015,25.0,1.0,,,False,MEDIUM,25.0,True,Haas F1 Team,1,11.0,True,4,Miami Grand Prix,True,C4,True,0.717,0.76,3.146,3.424,0.007,0.007,96.404
0 days 01:43:17.863000,BEA,87,99.688,26.0,1.0,,0 days 01:43:12.473000,False,MEDIUM,26.0,True,Haas F1 Team,1,12.0,False,4,Miami Grand Prix,True,C4,False,5.39,5.716,7.819,8.511,4.714,4.963,101.135
0 days 01:45:06.397000,BEA,87,108.534,27.0,2.0,0 days 01:43:35.883000,,False,HARD,1.0,True,Haas F1 Team,1,14.0,False,4,Miami Grand Prix,True,C3,False,14.236,15.097,16.665,18.14,13.282,13.944,110.039
0 days 01:46:40.141000,BEA,87,93.744,28.0,2.0,,,True,HARD,2.0,True,Haas F1 Team,1,13.0,True,4,Miami Grand Prix,True,C3,True,-0.554,-0.587,1.875,2.041,-0.938,-0.991,95.307
0 days 01:48:14.202000,BEA,87,94.061,29.0,2.0,,,False,HARD,3.0,True,Haas F1 Team,1,13.0,True,4,Miami Grand Prix,True,C3,True,-0.237,-0.251,2.192,2.386,-0.131,-0.139,95.682
0 days 01:49:48.043000,BEA,87,93.841,30.0,2.0,,,False,HARD,4.0,True,Haas F1 Team,1,13.0,True,4,Miami Grand Prix,True,C3,True,-0.457,-0.485,1.972,2.147,0.029,0.031,95.52
0 days 01:51:22.128000,BEA,87,94.085,31.0,2.0,,,False,HARD,5.0,True,Haas F1 Team,1,13.0,True,4,Miami Grand Prix,True,C3,True,-0.213,-0.226,2.216,2.412,0.248,0.264,95.822
0 days 01:52:56.230000,BEA,87,94.102,32.0,2.0,,,False,HARD,6.0,True,Haas F1 Team,1,11.0,True,4,Miami Grand Prix,True,C3,True,-0.196,-0.208,2.233,2.431,0.365,0.389,95.897
0 days 01:54:30.097000,BEA,87,93.867,33.0,2.0,,,False,HARD,7.0,True,Haas F1 Team,1,11.0,True,4,Miami Grand Prix,True,C3,True,-0.431,-0.457,1.998,2.175,0.32,0.342,95.72
0 days 01:56:04.400000,BEA,87,94.303,34.0,2.0,,,False,HARD,8.0,True,Haas F1 Team,1,11.0,True,4,Miami Grand Prix,True,C3,True,0.005,0.005,2.434,2.649,0.169,0.18,96.214
0 days 01:57:38.598000,BEA,87,94.198,35.0,2.0,,,False,HARD,9.0,True,Haas F1 Team,1,11.0,True,4,Miami Grand Prix,True,C3,True,-0.1,-0.106,2.329,2.535,0.115,0.122,96.166
0 days 01:59:12.871000,BEA,87,94.273,36.0,2.0,,,False,HARD,10.0,True,Haas F1 Team,1,11.0,True,4,Miami Grand Prix,True,C3,True,-0.025,-0.027,2.404,2.617,0.503,0.536,96.299
0 days 02:00:47.116000,BEA,87,94.245,37.0,2.0,,,False,HARD,11.0,True,Haas F1 Team,1,11.0,True,4,Miami Grand Prix,True,C3,True,-0.053,-0.056,2.376,2.586,0.163,0.173,96.329
0 days 02:02:21.485000,BEA,87,94.369,38.0,2.0,,,False,HARD,12.0,True,Haas F1 Team,1,11.0,True,4,Miami Grand Prix,True,C3,True,0.071,0.075,2.5,2.721,0.437,0.465,96.511
0 days 02:03:55.888000,BEA,87,94.403,39.0,2.0,,,False,HARD,13.0,True,Haas F1 Team,1,11.0,True,4,Miami Grand Prix,True,C3,True,0.105,0.111,2.534,2.758,0.309,0.328,96.603
0 days 02:05:30.247000,BEA,87,94.359,40.0,2.0,,,False,HARD,14.0,True,Haas F1 Team,1,11.0,True,4,Miami Grand Prix,True,C3,True,0.061,0.065,2.49,2.71,0.347,0.369,96.617
0 days 02:07:04.691000,BEA,87,94.444,41.0,2.0,,,False,HARD,15.0,True,Haas F1 Team,1,11.0,True,4,Miami Grand Prix,True,C3,True,0.146,0.155,2.575,2.803,0.641,0.683,96.76
0 days 02:08:39.099000,BEA,87,94.408,42.0,2.0,,,False,HARD,16.0,True,Haas F1 Team,1,11.0,True,4,Miami Grand Prix,True,C3,True,0.11,0.117,2.539,2.764,0.366,0.389,96.782
0 days 02:10:13.978000,BEA,87,94.879,43.0,2.0,,,False,HARD,17.0,True,Haas F1 Team,1,11.0,True,4,Miami Grand Prix,True,C3,True,0.581,0.616,3.01,3.276,0.613,0.65,97.311
0 days 02:11:48.460000,BEA,87,94.482,44.0,2.0,,,False,HARD,18.0,True,Haas F1 Team,1,11.0,True,4,Miami Grand Prix,True,C3,True,0.184,0.195,2.613,2.844,0.676,0.721,96.971
0 days 02:13:23.048000,BEA,87,94.588,45.0,2.0,,,False,HARD,19.0,True,Haas F1 Team,1,11.0,True,4,Miami Grand Prix,True,C3,True,0.29,0.308,2.719,2.96,0.41,0.435,97.135
0 days 02:14:57.401000,BEA,87,94.353,46.0,2.0,,,False,HARD,20.0,True,Haas F1 Team,1,11.0,True,4,Miami Grand Prix,True,C3,True,0.055,0.058,2.484,2.704,0.219,0.233,96.958
0 days 02:16:34.936000,BEA,87,97.535,47.0,2.0,,,False,HARD,21.0,True,Haas F1 Team,12,11.0,True,4,Miami Grand Prix,True,C3,False,3.237,3.433,5.666,6.167,3.174,3.364,100.198
0 days 02:18:09.689000,BEA,87,94.753,48.0,2.0,,,False,HARD,22.0,True,Haas F1 Team,1,11.0,True,4,Miami Grand Prix,True,C3,True,0.455,0.483,2.884,3.139,0.621,0.66,97.474
0 days 02:19:44.031000,BEA,87,94.342,49.0,2.0,,,False,HARD,23.0,True,Haas F1 Team,1,11.0,True,4,Miami Grand Prix,True,C3,True,0.044,0.047,2.473,2.692,0.122,0.129,97.121
0 days 02:21:18.318000,BEA,87,94.287,50.0,2.0,,,False,HARD,24.0,True,Haas F1 Team,1,11.0,True,4,Miami Grand Prix,True,C3,True,-0.011,-0.012,2.418,2.632,0.055,0.058,97.124
0 days 02:22:52.765000,BEA,87,94.447,51.0,2.0,,,False,HARD,25.0,True,Haas F1 Team,1,11.0,True,4,Miami Grand Prix,True,C3,True,0.149,0.158,2.578,2.806,0.193,0.205,97.342
0 days 02:24:27.485000,BEA,87,94.72,52.0,2.0,,,False,HARD,26.0,True,Haas F1 Team,1,11.0,True,4,Miami Grand Prix,True,C3,True,0.422,0.448,2.851,3.103,0.428,0.454,97.673
0 days 02:26:01.841000,BEA,87,94.356,53.0,2.0,,,False,HARD,27.0,True,Haas F1 Team,1,11.0,True,4,Miami Grand Prix,True,C3,True,0.058,0.062,2.487,2.707,0.21,0.223,97.367
0 days 02:27:37.256000,BEA,87,95.415,54.0,2.0,,,False,HARD,28.0,True,Haas F1 Team,1,11.0,True,4,Miami Grand Prix,True,C3,True,1.117,1.185,3.546,3.86,1.231,1.307,98.483
0 days 02:29:13.152000,BEA,87,95.896,55.0,2.0,,,False,HARD,29.0,True,Haas F1 Team,1,11.0,True,4,Miami Grand Prix,True,C3,True,1.598,1.695,4.027,4.383,1.534,1.626,99.022
0 days 02:30:47.666000,BEA,87,94.514,56.0,2.0,,,False,HARD,30.0,True,Haas F1 Team,12,11.0,True,4,Miami Grand Prix,True,C3,False,0.216,0.229,2.645,2.879,0.173,0.183,97.698
0 days 01:03:58.725000,NOR,1,86.181,1.0,1.0,,,False,INTERMEDIATE,1.0,True,McLaren,1,1.0,False,5,Canadian Grand Prix,False,INTERMEDIATE,False,-1.496,-1.706,11.971,16.131,-8.397,-8.878,86.181
0 days 01:05:36.499000,NOR,1,97.774,2.0,1.0,,0 days 01:05:14.626000,False,INTERMEDIATE,2.0,True,McLaren,1,13.0,False,5,Canadian Grand Prix,False,INTERMEDIATE,False,10.097,11.516,23.564,31.753,15.092,18.253,97.823
0 days 01:07:00.574000,NOR,1,84.075,3.0,2.0,0 days 01:05:38.119000,,False,MEDIUM,1.0,True,McLaren,1,14.0,False,5,Canadian Grand Prix,True,C4,False,7.005,9.089,9.865,13.293,3.081,3.804,84.172
0 days 01:08:21.744000,NOR,1,81.17,4.0,2.0,,,False,MEDIUM,2.0,True,McLaren,1,14.0,True,5,Canadian Grand Prix,True,C4,True,4.1,5.32,6.96,9.379,0.599,0.743,81.316
0 days 01:09:40.347000,NOR,1,78.603,5.0,2.0,,,True,MEDIUM,3.0,True,McLaren,1,14.0,True,5,Canadian Grand Prix,True,C4,True,1.533,1.989,4.393,5.92,-0.663,-0.836,78.797
0 days 01:10:59.690000,NOR,1,79.343,6.0,2.0,,,False,MEDIUM,4.0,True,McLaren,1,14.0,True,5,Canadian Grand Prix,True,C4,True,2.273,2.949,5.133,6.917,0.286,0.362,79.586
0 days 01:12:17.769000,NOR,1,78.079,7.0,2.0,,,True,MEDIUM,5.0,True,McLaren,1,13.0,True,5,Canadian Grand Prix,True,C4,True,1.009,1.309,3.869,5.214,-0.464,-0.591,78.37
0 days 01:13:35.796000,NOR,1,78.027,8.0,2.0,,,True,MEDIUM,6.0,True,McLaren,1,11.0,True,5,Canadian Grand Prix,True,C4,True,0.957,1.242,3.817,5.144,-0.119,-0.152,78.367
0 days 01:14:52.902000,NOR,1,77.106,9.0,2.0,,,True,MEDIUM,7.0,True,McLaren,1,11.0,True,5,Canadian Grand Prix,True,C4,True,0.036,0.047,2.896,3.902,-0.812,-1.042,77.494
0 days 01:16:10.128000,NOR,1,77.226,10.0,2.0,,,False,MEDIUM,8.0,True,McLaren,1,11.0,True,5,Canadian Grand Prix,True,C4,True,0.156,0.202,3.016,4.064,-0.588,-0.756,77.663
0 days 01:17:28.061000,NOR,1,77.933,11.0,2.0,,,False,MEDIUM,9.0,True,McLaren,1,9.0,True,5,Canadian Grand Prix,True,C4,True,0.863,1.12,3.723,5.017,-0.068,-0.087,78.418
0 days 01:18:44.929000,NOR,1,76.868,12.0,2.0,,,True,MEDIUM,10.0,True,McLaren,12,9.0,True,5,Canadian Grand Prix,True,C4,False,-0.202,-0.262,2.658,3.582,-1.316,-1.683,77.402
0 days 01:20:02.609000,NOR,1,77.68,13.0,2.0,,,False,MEDIUM,11.0,True,McLaren,2,9.0,True,5,Canadian Grand Prix,True,C4,False,0.61,0.791,3.47,4.676,-0.599,-0.765,78.262
0 days 01:21:19.410000,NOR,1,76.801,14.0,2.0,,,True,MEDIUM,12.0,True,McLaren,21,9.0,True,5,Canadian Grand Prix,True,C4,False,-0.269,-0.349,2.591,3.491,-0.897,-1.154,77.432
0 days 01:22:58.246000,NOR,1,98.836,15.0,2.0,,0 days 01:22:31.004000,False,MEDIUM,13.0,True,McLaren,1,14.0,False,5,Canadian Grand Prix,True,C4,False,21.766,28.242,24.626,33.184,21.327,27.516,99.515
0 days 01:24:21.360000,NOR,1,83.114,16.0,3.0,0 days 01:22:59.857000,,False,MEDIUM,4.0,False,McLaren,1,14.0,False,5,Canadian Grand Prix,True,C4,False,6.044,7.842,8.904,11.998,5.57,7.183,83.842
0 days 01:25:38.566000,NOR,1,77.206,17.0,3.0,,,False,MEDIUM,5.0,False,McLaren,1,14.0,True,5,Canadian Grand Prix,True,C4,True,0.136,0.176,2.996,4.037,-0.015,-0.019,77.982
0 days 01:26:56.684000,NOR,1,78.118,18.0,3.0,,,False,MEDIUM,6.0,False,McLaren,12,13.0,True,5,Canadian Grand Prix,True,C4,False,1.048,1.36,3.908,5.266,0.662,0.855,78.943
0 days 01:28:13.561000,NOR,1,76.877,19.0,3.0,,,False,MEDIUM,7.0,False,McLaren,1,13.0,True,5,Canadian Grand Prix,True,C4,True,-0.193,-0.25,2.667,3.594,-0.542,-0.7,77.751
0 days 01:29:30.159000,NOR,1,76.598,20.0,3.0,,,True,MEDIUM,8.0,False,McLaren,1,12.0,True,5,Canadian Grand Prix,True,C4,True,-0.472,-0.612,2.388,3.218,-0.477,-0.619,77.52
0 days 01:30:47.133000,NOR,1,76.974,21.0,3.0,,,False,MEDIUM,9.0,False,McLaren,1,12.0,True,5,Canadian Grand Prix,True,C4,True,-0.096,-0.125,2.764,3.725,-0.125,-0.162,77.945
0 days 01:32:04.162000,NOR,1,77.029,22.0,3.0,,,False,MEDIUM,10.0,False,McLaren,1,12.0,True,5,Canadian Grand Prix,True,C4,True,-0.041,-0.053,2.819,3.799,-0.412,-0.532,78.048
0 days 01:33:23.213000,NOR,1,79.051,23.0,3.0,,,False,MEDIUM,11.0,False,McLaren,1,12.0,True,5,Canadian Grand Prix,True,C4,True,1.981,2.57,4.841,6.523,1.423,1.833,80.119
0 days 01:34:40.425000,NOR,1,77.212,24.0,3.0,,,False,MEDIUM,12.0,False,McLaren,1,12.0,True,5,Canadian Grand Prix,True,C4,True,0.142,0.184,3.002,4.045,-0.052,-0.067,78.328
0 days 01:35:57.117000,NOR,1,76.692,25.0,3.0,,,False,MEDIUM,13.0,False,McLaren,1,12.0,True,5,Canadian Grand Prix,True,C4,True,-0.378,-0.49,2.482,3.345,-0.627,-0.811,77.857
0 days 01:37:13.571000,NOR,1,76.454,26.0,3.0,,,True,MEDIUM,14.0,False,McLaren,1,12.0,True,5,Canadian Grand Prix,True,C4,True,-0.616,-0.799,2.244,3.024,-0.644,-0.835,77.667
0 days 01:38:29.758000,NOR,1,76.187,27.0,3.0,,,True,MEDIUM,15.0,False,McLaren,1,12.0,True,5,Canadian Grand Prix,True,C4,True,-0.883,-1.146,1.977,2.664,-1.017,-1.317,77.449
0 days 01:39:45.927000,NOR,1,76.169,28.0,3.0,,,True,MEDIUM,16.0,False,McLaren,1,12.0,True,5,Canadian Grand Prix,True,C4,True,-0.901,-1.169,1.959,2.64,-0.89,-1.155,77.479
0 days 01:41:02.165000,NOR,1,76.238,29.0,3.0,,,False,MEDIUM,17.0,False,McLaren,12,12.0,True,5,Canadian Grand Prix,True,C4,False,-0.832,-1.08,2.028,2.733,-0.629,-0.818,77.597
0 days 01:42:45.123000,NOR,1,102.958,30.0,3.0,,,False,MEDIUM,18.0,False,McLaren,26,9.0,False,5,Canadian Grand Prix,True,C4,False,25.888,33.59,28.748,38.739,10.32,11.14,104.365
0 days 01:44:28.802000,NOR,1,103.679,31.0,3.0,,,False,MEDIUM,19.0,False,McLaren,67,9.0,False,5,Canadian Grand Prix,True,C4,False,26.609,34.526,29.469,39.71,11.053,11.933,105.135
0 days 01:45:47.620000,NOR,1,78.818,32.0,3.0,,,False,MEDIUM,20.0,False,McLaren,71,9.0,False,5,Canadian Grand Prix,True,C4,False,1.748,2.268,4.608,6.209,-0.687,-0.864,80.322
0 days 01:47:04.134000,NOR,1,76.514,33.0,3.0,,,False,MEDIUM,21.0,False,McLaren,1,9.0,True,5,Canadian Grand Prix,True,C4,True,-0.556,-0.721,2.304,3.105,-2.003,-2.551,78.067
0 days 01:48:20.931000,NOR,1,76.797,34.0,3.0,,,False,MEDIUM,22.0,False,McLaren,1,9.0,True,5,Canadian Grand Prix,True,C4,True,-0.273,-0.354,2.587,3.486,-0.613,-0.792,78.398
0 days 01:49:37.545000,NOR,1,76.614,35.0,3.0,,,False,MEDIUM,23.0,False,McLaren,1,9.0,True,5,Canadian Grand Prix,True,C4,True,-0.456,-0.592,2.404,3.239,-0.5,-0.648,78.264
0 days 01:50:53.390000,NOR,1,75.845,36.0,3.0,,,True,MEDIUM,24.0,False,McLaren,1,8.0,True,5,Canadian Grand Prix,True,C4,True,-1.225,-1.589,1.635,2.203,-0.996,-1.296,77.544
0 days 01:52:09.751000,NOR,1,76.361,37.0,3.0,,,False,MEDIUM,25.0,False,McLaren,1,8.0,True,5,Canadian Grand Prix,True,C4,True,-0.709,-0.92,2.151,2.899,-0.317,-0.413,78.108
0 days 01:53:25.765000,NOR,1,76.014,38.0,3.0,,,False,MEDIUM,26.0,False,McLaren,1,8.0,True,5,Canadian Grand Prix,True,C4,True,-1.056,-1.37,1.804,2.431,-0.534,-0.698,77.81
0 days 01:55:55.765000,NOR,1,,39.0,3.0,,,True,MEDIUM,27.0,False,McLaren,12,,False,5,Canadian Grand Prix,True,C4,False,,,,,,,
0 days 01:04:07.986000,GAS,10,95.442,1.0,1.0,,,False,MEDIUM,1.0,True,Alpine,1,12.0,False,5,Canadian Grand Prix,True,C4,False,18.372,23.838,21.232,28.611,0.864,0.914,95.442
0 days 01:05:34.208000,GAS,10,86.222,2.0,1.0,,,True,MEDIUM,2.0,True,Alpine,1,11.0,True,5,Canadian Grand Prix,True,C4,True,9.152,11.875,12.012,16.186,3.54,4.281,86.271
0 days 01:06:54.769000,GAS,10,80.561,3.0,1.0,,,True,MEDIUM,3.0,True,Alpine,1,11.0,True,5,Canadian Grand Prix,True,C4,True,3.491,4.53,6.351,8.558,-0.433,-0.535,80.658
0 days 01:08:15.706000,GAS,10,80.937,4.0,1.0,,,False,MEDIUM,4.0,True,Alpine,1,11.0,True,5,Canadian Grand Prix,True,C4,True,3.867,5.018,6.727,9.065,0.366,0.454,81.083
0 days 01:09:36.652000,GAS,10,80.946,5.0,1.0,,,False,MEDIUM,5.0,True,Alpine,1,11.0,True,5,Canadian Grand Prix,True,C4,True,3.876,5.029,6.736,9.077,1.68,2.119,81.14
0 days 01:10:56.431000,GAS,10,79.779,6.0,1.0,,,True,MEDIUM,6.0,True,Alpine,1,10.0,True,5,Canadian Grand Prix,True,C4,True,2.709,3.515,5.569,7.504,0.722,0.913,80.022
0 days 01:12:15.444000,GAS,10,79.013,7.0,1.0,,,True,MEDIUM,7.0,True,Alpine,1,10.0,True,5,Canadian Grand Prix,True,C4,True,1.943,2.521,4.803,6.472,0.47,0.598,79.304
0 days 01:13:33.913000,GAS,10,78.469,8.0,1.0,,,True,MEDIUM,8.0,True,Alpine,1,10.0,True,5,Canadian Grand Prix,True,C4,True,1.399,1.815,4.259,5.739,0.323,0.413,78.809
0 days 01:14:51.829000,GAS,10,77.916,9.0,1.0,,,True,MEDIUM,9.0,True,Alpine,1,10.0,True,5,Canadian Grand Prix,True,C4,True,0.846,1.098,3.706,4.994,-0.002,-0.003,78.304
0 days 01:16:09.619000,GAS,10,77.79,10.0,1.0,,,True,MEDIUM,10.0,True,Alpine,1,10.0,True,5,Canadian Grand Prix,True,C4,True,0.72,0.934,3.58,4.824,-0.024,-0.031,78.227
0 days 01:17:28.194000,GAS,10,78.575,11.0,1.0,,,False,MEDIUM,11.0,True,Alpine,1,10.0,True,5,Canadian Grand Prix,True,C4,True,1.505,1.953,4.365,5.882,0.574,0.736,79.06
0 days 01:18:47.213000,GAS,10,79.019,12.0,1.0,,,False,MEDIUM,12.0,True,Alpine,12,10.0,True,5,Canadian Grand Prix,True,C4,False,1.949,2.529,4.809,6.48,0.835,1.068,79.553
0 days 01:20:06.445000,GAS,10,79.232,13.0,1.0,,,False,MEDIUM,13.0,True,Alpine,2,10.0,True,5,Canadian Grand Prix,True,C4,False,2.162,2.805,5.022,6.767,0.953,1.217,79.814
0 days 01:21:24.458000,GAS,10,78.013,14.0,1.0,,,False,MEDIUM,14.0,True,Alpine,21,10.0,True,5,Canadian Grand Prix,True,C4,False,0.943,1.224,3.803,5.125,0.315,0.405,78.644
0 days 01:22:42.053000,GAS,10,77.595,15.0,1.0,,,True,MEDIUM,15.0,True,Alpine,1,9.0,True,5,Canadian Grand Prix,True,C4,True,0.525,0.681,3.385,4.561,0.086,0.111,78.274
0 days 01:23:59.622000,GAS,10,77.569,16.0,1.0,,,True,MEDIUM,16.0,True,Alpine,1,9.0,True,5,Canadian Grand Prix,True,C4,True,0.499,0.647,3.359,4.526,0.025,0.032,78.297
0 days 01:25:17.255000,GAS,10,77.633,17.0,1.0,,,False,MEDIUM,17.0,True,Alpine,1,9.0,True,5,Canadian Grand Prix,True,C4,True,0.563,0.731,3.423,4.613,0.412,0.534,78.409
0 days 01:26:34.711000,GAS,10,77.456,18.0,1.0,,,True,MEDIUM,18.0,True,Alpine,12,9.0,True,5,Canadian Grand Prix,True,C4,False,0.386,0.501,3.246,4.374,0.0,0.0,78.281
0 days 01:27:52.130000,GAS,10,77.419,19.0,1.0,,,True,MEDIUM,19.0,True,Alpine,1,9.0,True,5,Canadian Grand Prix,True,C4,True,0.349,0.453,3.209,4.324,0.0,0.0,78.293
0 days 01:29:09.637000,GAS,10,77.507,20.0,1.0,,,False,MEDIUM,20.0,True,Alpine,1,9.0,True,5,Canadian Grand Prix,True,C4,True,0.437,0.567,3.297,4.443,0.432,0.56,78.429
0 days 01:30:27.411000,GAS,10,77.774,21.0,1.0,,,False,MEDIUM,21.0,True,Alpine,1,9.0,True,5,Canadian Grand Prix,True,C4,True,0.704,0.913,3.564,4.803,0.675,0.875,78.745
0 days 01:31:44.843000,GAS,10,77.432,22.0,1.0,,,False,MEDIUM,22.0,True,Alpine,1,9.0,True,5,Canadian Grand Prix,True,C4,True,0.362,0.47,3.222,4.342,-0.009,-0.012,78.451
0 days 01:33:02.934000,GAS,10,78.091,23.0,1.0,,,False,MEDIUM,23.0,True,Alpine,1,9.0,True,5,Canadian Grand Prix,True,C4,True,1.021,1.325,3.881,5.23,0.463,0.596,79.159
0 days 01:34:20.226000,GAS,10,77.292,24.0,1.0,,,True,MEDIUM,24.0,True,Alpine,1,9.0,True,5,Canadian Grand Prix,True,C4,True,0.222,0.288,3.082,4.153,0.028,0.036,78.408
0 days 01:35:37.545000,GAS,10,77.319,25.0,1.0,,,False,MEDIUM,25.0,True,Alpine,1,9.0,True,5,Canadian Grand Prix,True,C4,True,0.249,0.323,3.109,4.189,0.0,0.0,78.484
0 days 01:36:54.643000,GAS,10,77.098,26.0,1.0,,,True,MEDIUM,26.0,True,Alpine,1,9.0,True,5,Canadian Grand Prix,True,C4,True,0.028,0.036,2.888,3.892,0.0,0.0,78.311
0 days 01:38:11.693000,GAS,10,77.05,27.0,1.0,,,True,MEDIUM,27.0,True,Alpine,1,9.0,True,5,Canadian Grand Prix,True,C4,True,-0.02,-0.026,2.84,3.827,-0.154,-0.199,78.312
0 days 01:39:28.674000,GAS,10,76.981,28.0,1.0,,,True,MEDIUM,28.0,True,Alpine,1,9.0,True,5,Canadian Grand Prix,True,C4,True,-0.089,-0.115,2.771,3.734,-0.078,-0.101,78.291
0 days 01:40:45.541000,GAS,10,76.867,29.0,1.0,,,True,MEDIUM,29.0,True,Alpine,12,9.0,True,5,Canadian Grand Prix,True,C4,False,-0.203,-0.263,2.657,3.58,0.0,0.0,78.226
0 days 01:42:38.274000,GAS,10,112.733,30.0,1.0,,0 days 01:42:14.245000,False,MEDIUM,30.0,True,Alpine,26,8.0,False,5,Canadian Grand Prix,True,C4,False,35.663,46.274,38.523,51.911,20.095,21.692,114.14
0 days 01:44:23.010000,GAS,10,104.736,31.0,2.0,0 days 01:42:39.932000,,False,HARD,1.0,True,Alpine,67,8.0,False,5,Canadian Grand Prix,True,C3,False,27.666,35.897,30.526,41.135,12.11,13.074,106.192
0 days 01:45:43.714000,GAS,10,80.704,32.0,2.0,,,False,HARD,2.0,True,Alpine,71,8.0,False,5,Canadian Grand Prix,True,C3,False,3.634,4.715,6.494,8.751,1.199,1.508,82.208
0 days 01:47:01.831000,GAS,10,78.117,33.0,2.0,,,False,HARD,3.0,True,Alpine,1,8.0,True,5,Canadian Grand Prix,True,C3,True,1.047,1.359,3.907,5.265,-0.4,-0.509,79.67
0 days 01:48:19.300000,GAS,10,77.469,34.0,2.0,,,False,HARD,4.0,True,Alpine,1,8.0,True,5,Canadian Grand Prix,True,C3,True,0.399,0.518,3.259,4.392,0.059,0.076,79.07
0 days 01:49:36.689000,GAS,10,77.389,35.0,2.0,,,False,HARD,5.0,True,Alpine,1,8.0,True,5,Canadian Grand Prix,True,C3,True,0.319,0.414,3.179,4.284,0.275,0.357,79.039
0 days 01:50:53.922000,GAS,10,77.233,36.0,2.0,,,False,HARD,6.0,True,Alpine,1,9.0,True,5,Canadian Grand Prix,True,C3,True,0.163,0.211,3.023,4.074,0.392,0.51,78.932
0 days 01:52:10.844000,GAS,10,76.922,37.0,2.0,,,False,HARD,7.0,True,Alpine,1,9.0,True,5,Canadian Grand Prix,True,C3,True,-0.148,-0.192,2.712,3.654,0.244,0.318,78.669
0 days 01:53:29.753000,GAS,10,78.909,38.0,2.0,,,False,HARD,8.0,True,Alpine,1,9.0,True,5,Canadian Grand Prix,True,C3,True,1.839,2.386,4.699,6.332,2.361,3.084,80.705
0 days 01:54:46.588000,GAS,10,76.835,39.0,2.0,,,True,HARD,9.0,True,Alpine,12,8.0,True,5,Canadian Grand Prix,True,C3,False,-0.235,-0.305,2.625,3.537,0.156,0.203,78.679
0 days 01:56:03.173000,GAS,10,76.585,40.0,2.0,,,True,HARD,10.0,True,Alpine,1,8.0,True,5,Canadian Grand Prix,True,C3,True,-0.485,-0.629,2.375,3.2,-0.103,-0.134,78.478
0 days 01:57:19.568000,GAS,10,76.395,41.0,2.0,,,True,HARD,11.0,True,Alpine,1,8.0,True,5,Canadian Grand Prix,True,C3,True,-0.675,-0.876,2.185,2.944,-0.326,-0.425,78.336
0 days 01:58:35.813000,GAS,10,76.245,42.0,2.0,,,True,HARD,12.0,True,Alpine,1,8.0,True,5,Canadian Grand Prix,True,C3,True,-0.825,-1.07,2.035,2.742,-0.265,-0.346,78.235
0 days 01:59:52.032000,GAS,10,76.219,43.0,2.0,,,True,HARD,13.0,True,Alpine,1,8.0,True,5,Canadian Grand Prix,True,C3,True,-0.851,-1.104,2.009,2.707,-0.223,-0.292,78.257
0 days 02:01:09.891000,GAS,10,77.859,44.0,2.0,,,False,HARD,14.0,True,Alpine,1,8.0,True,5,Canadian Grand Prix,True,C3,True,0.789,1.024,3.649,4.917,0.586,0.758,79.946
0 days 02:02:43.371000,GAS,10,93.48,45.0,2.0,,,False,HARD,15.0,True,Alpine,167,8.0,False,5,Canadian Grand Prix,True,C3,False,16.41,21.292,19.27,25.967,10.896,13.194,95.615
0 days 02:04:00.259000,GAS,10,76.888,46.0,2.0,,,False,HARD,16.0,True,Alpine,1,8.0,True,5,Canadian Grand Prix,True,C3,True,-0.182,-0.236,2.678,3.609,-2.338,-2.951,79.072
0 days 02:05:18.625000,GAS,10,78.366,47.0,2.0,,,False,HARD,17.0,True,Alpine,1,8.0,True,5,Canadian Grand Prix,True,C3,True,1.296,1.682,4.156,5.6,1.576,2.052,80.598
0 days 02:06:36.214000,GAS,10,77.589,48.0,2.0,,,False,HARD,18.0,True,Alpine,1,8.0,True,5,Canadian Grand Prix,True,C3,True,0.519,0.673,3.379,4.553,1.008,1.316,79.87
0 days 02:07:52.900000,GAS,10,76.686,49.0,2.0,,,False,HARD,19.0,True,Alpine,1,8.0,True,5,Canadian Grand Prix,True,C3,True,-0.384,-0.498,2.476,3.336,0.163,0.213,79.015
0 days 02:09:08.965000,GAS,10,76.065,50.0,2.0,,,True,HARD,20.0,True,Alpine,1,8.0,True,5,Canadian Grand Prix,True,C3,True,-1.005,-1.304,1.855,2.5,-0.041,-0.054,78.443
0 days 02:10:30.510000,GAS,10,81.545,51.0,2.0,,,False,HARD,21.0,True,Alpine,16,8.0,False,5,Canadian Grand Prix,True,C3,False,4.475,5.806,7.335,9.884,-0.041,-0.05,83.971
0 days 02:12:14.320000,GAS,10,103.81,52.0,2.0,,,False,HARD,22.0,True,Alpine,67,8.0,False,5,Canadian Grand Prix,True,C3,False,26.74,34.696,29.6,39.887,14.274,15.942,106.285
0 days 02:13:35.944000,GAS,10,81.624,53.0,2.0,,,False,HARD,23.0,True,Alpine,71,8.0,False,5,Canadian Grand Prix,True,C3,False,4.554,5.909,7.414,9.991,0.0,0.0,84.148
0 days 02:14:52.310000,GAS,10,76.366,54.0,2.0,,,False,HARD,24.0,True,Alpine,1,8.0,True,5,Canadian Grand Prix,True,C3,True,-0.704,-0.913,2.156,2.905,-1.014,-1.31,78.938
0 days 02:16:08.173000,GAS,10,75.863,55.0,2.0,,,True,HARD,25.0,True,Alpine,1,8.0,True,5,Canadian Grand Prix,True,C3,True,-1.207,-1.566,1.653,2.227,-0.685,-0.895,78.484
0 days 02:17:24.034000,GAS,10,75.861,56.0,2.0,,,True,HARD,26.0,True,Alpine,1,8.0,True,5,Canadian Grand Prix,True,C3,True,-1.209,-1.569,1.651,2.225,-0.171,-0.225,78.53
0 days 02:18:39.819000,GAS,10,75.785,57.0,2.0,,,True,HARD,27.0,True,Alpine,1,8.0,True,5,Canadian Grand Prix,True,C3,True,-1.285,-1.667,1.575,2.122,-0.341,-0.448,78.503
0 days 02:19:55.802000,GAS,10,75.983,58.0,2.0,,,False,HARD,28.0,True,Alpine,1,8.0,True,5,Canadian Grand Prix,True,C3,True,-1.087,-1.41,1.773,2.389,-0.421,-0.551,78.749
0 days 02:21:11.554000,GAS,10,75.752,59.0,2.0,,,True,HARD,29.0,True,Alpine,1,8.0,True,5,Canadian Grand Prix,True,C3,True,-1.318,-1.71,1.542,2.078,-0.396,-0.52,78.567
0 days 02:22:27.481000,GAS,10,75.927,60.0,2.0,,,False,HARD,30.0,True,Alpine,12,8.0,True,5,Canadian Grand Prix,True,C3,False,-1.143,-1.483,1.717,2.314,-0.244,-0.32,78.79
0 days 02:23:43.376000,GAS,10,75.895,61.0,2.0,,,False,HARD,31.0,True,Alpine,1,8.0,True,5,Canadian Grand Prix,True,C3,True,-1.175,-1.525,1.685,2.271,-0.381,-0.5,78.807
0 days 02:24:59.497000,GAS,10,76.121,62.0,2.0,,,False,HARD,32.0,True,Alpine,1,8.0,True,5,Canadian Grand Prix,True,C3,True,-0.949,-1.231,1.911,2.575,-0.222,-0.291,79.081
0 days 02:26:15.318000,GAS,10,75.821,63.0,2.0,,,False,HARD,33.0,True,Alpine,1,8.0,True,5,Canadian Grand Prix,True,C3,True,-1.249,-1.621,1.611,2.171,-0.465,-0.61,78.83
0 days 02:27:32.171000,GAS,10,76.853,64.0,2.0,,,False,HARD,34.0,True,Alpine,1,8.0,True,5,Canadian Grand Prix,True,C3,True,-0.217,-0.282,2.643,3.562,0.542,0.71,79.91
0 days 02:28:50.644000,GAS,10,78.473,65.0,2.0,,,False,HARD,35.0,True,Alpine,1,8.0,True,5,Canadian Grand Prix,True,C3,True,1.403,1.82,4.263,5.745,2.152,2.82,81.579
0 days 02:30:07.484000,GAS,10,76.84,66.0,2.0,,,False,HARD,36.0,True,Alpine,1,8.0,True,5,Canadian Grand Prix,True,C3,True,-0.23,-0.298,2.63,3.544,0.332,0.434,79.994
0 days 02:31:22.874000,GAS,10,75.39,67.0,2.0,,,True,HARD,37.0,True,Alpine,1,8.0,True,5,Canadian Grand Prix,True,C3,True,-1.68,-2.18,1.18,1.59,-0.036,-0.048,78.593
0 days 01:04:10.925000,PER,11,98.381,1.0,1.0,,,False,INTERMEDIATE,1.0,True,Cadillac,1,17.0,False,5,Canadian Grand Prix,False,INTERMEDIATE,False,10.704,12.208,24.171,32.571,3.803,4.021,98.381
0 days 01:05:55.944000,PER,11,105.019,2.0,1.0,,0 days 01:05:31.792000,False,INTERMEDIATE,2.0,True,Cadillac,1,21.0,False,5,Canadian Grand Prix,False,INTERMEDIATE,False,17.342,19.779,30.809,41.516,22.337,27.016,105.068
0 days 01:07:23.062000,PER,11,87.118,3.0,2.0,0 days 01:05:57.532000,,False,SOFT,1.0,True,Cadillac,1,20.0,False,5,Canadian Grand Prix,True,C5,False,10.048,13.037,12.908,17.394,6.124,7.561,87.215
0 days 01:08:44.670000,PER,11,81.608,4.0,2.0,,,True,SOFT,2.0,True,Cadillac,1,20.0,True,5,Canadian Grand Prix,True,C5,True,4.538,5.888,7.398,9.969,1.037,1.287,81.754
0 days 01:10:04.771000,PER,11,80.101,5.0,2.0,,,True,SOFT,3.0,True,Cadillac,1,20.0,True,5,Canadian Grand Prix,True,C5,True,3.031,3.933,5.891,7.938,0.835,1.053,80.295
0 days 01:11:23.828000,PER,11,79.057,6.0,2.0,,,True,SOFT,4.0,True,Cadillac,1,20.0,True,5,Canadian Grand Prix,True,C5,True,1.987,2.578,4.847,6.531,0.0,0.0,79.3
0 days 01:12:42.549000,PER,11,78.721,7.0,2.0,,,True,SOFT,5.0,True,Cadillac,1,20.0,True,5,Canadian Grand Prix,True,C5,True,1.651,2.142,4.511,6.079,0.178,0.227,79.012
0 days 01:14:01.261000,PER,11,78.712,8.0,2.0,,,True,SOFT,6.0,True,Cadillac,1,20.0,True,5,Canadian Grand Prix,True,C5,True,1.642,2.131,4.502,6.067,0.566,0.724,79.052
0 days 01:15:20.347000,PER,11,79.086,9.0,2.0,,,False,SOFT,7.0,True,Cadillac,1,20.0,True,5,Canadian Grand Prix,True,C5,True,2.016,2.616,4.876,6.571,1.168,1.499,79.474
0 days 01:16:38.844000,PER,11,78.497,10.0,2.0,,,True,SOFT,8.0,True,Cadillac,1,20.0,True,5,Canadian Grand Prix,True,C5,True,1.427,1.852,4.287,5.777,0.683,0.878,78.934
0 days 01:17:57.407000,PER,11,78.563,11.0,2.0,,,False,SOFT,9.0,True,Cadillac,1,20.0,True,5,Canadian Grand Prix,True,C5,True,1.493,1.937,4.353,5.866,0.562,0.721,79.048
0 days 01:19:16.094000,PER,11,78.687,12.0,2.0,,,False,SOFT,10.0,True,Cadillac,12,18.0,True,5,Canadian Grand Prix,True,C5,False,1.617,2.098,4.477,6.033,0.503,0.643,79.221
0 days 01:20:35.365000,PER,11,79.271,13.0,2.0,,,False,SOFT,11.0,True,Cadillac,21,17.0,True,5,Canadian Grand Prix,True,C5,False,2.201,2.856,5.061,6.82,0.992,1.267,79.853
0 days 01:21:54.571000,PER,11,79.206,14.0,2.0,,,False,SOFT,12.0,True,Cadillac,1,17.0,True,5,Canadian Grand Prix,True,C5,True,2.136,2.772,4.996,6.732,1.508,1.941,79.837
0 days 01:23:30.752000,PER,11,96.181,15.0,2.0,,0 days 01:23:07.248000,False,SOFT,13.0,True,Cadillac,1,18.0,False,5,Canadian Grand Prix,True,C5,False,19.111,24.797,21.971,29.607,18.672,24.09,96.86
0 days 01:24:54.950000,PER,11,84.198,16.0,3.0,0 days 01:23:32.338000,,False,MEDIUM,1.0,True,Cadillac,1,18.0,False,5,Canadian Grand Prix,True,C4,False,7.128,9.249,9.988,13.459,6.654,8.581,84.926
0 days 01:26:14.757000,PER,11,79.807,17.0,3.0,,,False,MEDIUM,2.0,True,Cadillac,1,18.0,True,5,Canadian Grand Prix,True,C4,True,2.737,3.551,5.597,7.542,2.586,3.349,80.583
0 days 01:27:33.879000,PER,11,79.122,18.0,3.0,,,False,MEDIUM,3.0,True,Cadillac,12,18.0,True,5,Canadian Grand Prix,True,C4,False,2.052,2.663,4.912,6.619,1.666,2.151,79.947
0 days 01:28:52.469000,PER,11,78.59,19.0,3.0,,,False,MEDIUM,4.0,True,Cadillac,1,18.0,True,5,Canadian Grand Prix,True,C4,True,1.52,1.972,4.38,5.902,1.171,1.513,79.464
0 days 01:30:11.037000,PER,11,78.568,20.0,3.0,,,False,MEDIUM,5.0,True,Cadillac,1,18.0,True,5,Canadian Grand Prix,True,C4,True,1.498,1.944,4.358,5.873,1.493,1.937,79.49
0 days 01:31:30.425000,PER,11,79.388,21.0,3.0,,,False,MEDIUM,6.0,True,Cadillac,1,18.0,True,5,Canadian Grand Prix,True,C4,True,2.318,3.008,5.178,6.977,2.289,2.969,80.359
0 days 01:32:48.385000,PER,11,77.96,22.0,3.0,,,True,MEDIUM,7.0,True,Cadillac,1,18.0,True,5,Canadian Grand Prix,True,C4,True,0.89,1.155,3.75,5.053,0.519,0.67,78.979
0 days 01:34:06.321000,PER,11,77.936,23.0,3.0,,,True,MEDIUM,8.0,True,Cadillac,1,18.0,True,5,Canadian Grand Prix,True,C4,True,0.866,1.124,3.726,5.021,0.308,0.397,79.004
0 days 01:35:24.533000,PER,11,78.212,24.0,3.0,,,False,MEDIUM,9.0,True,Cadillac,1,18.0,True,5,Canadian Grand Prix,True,C4,True,1.142,1.482,4.002,5.393,0.948,1.227,79.328
0 days 01:36:42.996000,PER,11,78.463,25.0,3.0,,,False,MEDIUM,10.0,True,Cadillac,1,17.0,True,5,Canadian Grand Prix,True,C4,True,1.393,1.807,4.253,5.731,1.144,1.48,79.628
0 days 01:38:01.100000,PER,11,78.104,26.0,3.0,,,False,MEDIUM,11.0,True,Cadillac,1,17.0,True,5,Canadian Grand Prix,True,C4,True,1.034,1.342,3.894,5.247,1.006,1.305,79.317
0 days 01:39:19.578000,PER,11,78.478,27.0,3.0,,,False,MEDIUM,12.0,True,Cadillac,1,17.0,True,5,Canadian Grand Prix,True,C4,True,1.408,1.827,4.268,5.751,1.274,1.65,79.74
0 days 01:40:37.565000,PER,11,77.987,28.0,3.0,,,False,MEDIUM,13.0,True,Cadillac,1,17.0,True,5,Canadian Grand Prix,True,C4,True,0.917,1.19,3.777,5.09,0.928,1.204,79.297
0 days 01:42:29.674000,PER,11,112.109,29.0,3.0,,0 days 01:42:06.246000,False,MEDIUM,14.0,True,Cadillac,126,17.0,False,5,Canadian Grand Prix,True,C4,False,35.039,45.464,37.899,51.07,35.242,45.848,113.468
0 days 01:44:17.685000,PER,11,108.011,30.0,4.0,0 days 01:42:31.281000,,False,SOFT,1.0,True,Cadillac,67,16.0,False,5,Canadian Grand Prix,True,C5,False,30.941,40.147,33.801,45.548,15.373,16.595,109.418
0 days 01:45:41.101000,PER,11,83.416,31.0,4.0,,,False,SOFT,2.0,True,Cadillac,71,16.0,False,5,Canadian Grand Prix,True,C5,False,6.346,8.234,9.206,12.405,-9.21,-9.943,84.872
0 days 01:47:00.349000,PER,11,79.248,32.0,4.0,,,False,SOFT,3.0,True,Cadillac,1,16.0,True,5,Canadian Grand Prix,True,C5,True,2.178,2.826,5.038,6.789,-0.257,-0.323,80.752
0 days 01:48:21.602000,PER,11,81.253,33.0,4.0,,,False,SOFT,4.0,True,Cadillac,1,16.0,True,5,Canadian Grand Prix,True,C5,True,4.183,5.428,7.043,9.491,2.736,3.485,82.806
0 days 01:49:39.714000,PER,11,78.112,34.0,4.0,,,False,SOFT,5.0,True,Cadillac,1,16.0,True,5,Canadian Grand Prix,True,C5,True,1.042,1.352,3.902,5.258,0.702,0.907,79.713
0 days 01:50:56.834000,PER,11,77.12,35.0,4.0,,,True,SOFT,6.0,True,Cadillac,1,16.0,True,5,Canadian Grand Prix,True,C5,True,0.05,0.065,2.91,3.921,0.006,0.008,78.77
0 days 01:52:14.232000,PER,11,77.398,36.0,4.0,,,False,SOFT,7.0,True,Cadillac,1,16.0,True,5,Canadian Grand Prix,True,C5,True,0.328,0.426,3.188,4.296,0.557,0.725,79.097
0 days 01:53:31.147000,PER,11,76.915,37.0,4.0,,,True,SOFT,8.0,True,Cadillac,1,16.0,True,5,Canadian Grand Prix,True,C5,True,-0.155,-0.201,2.705,3.645,0.237,0.309,78.662
0 days 01:54:48.570000,PER,11,77.423,38.0,4.0,,,False,SOFT,9.0,True,Cadillac,12,15.0,True,5,Canadian Grand Prix,True,C5,False,0.353,0.458,3.213,4.33,0.875,1.143,79.219
0 days 01:56:09.434000,PER,11,80.864,39.0,4.0,,,False,SOFT,10.0,True,Cadillac,1,15.0,True,5,Canadian Grand Prix,True,C5,True,3.794,4.923,6.654,8.966,4.185,5.458,82.708
0 days 01:57:22.618000,PER,11,,40.0,4.0,,0 days 01:57:22.657000,False,SOFT,11.0,True,Cadillac,1,14.0,False,5,Canadian Grand Prix,True,C5,False,,,,,,,
0 days 01:03:59.884000,ANT,12,87.34,1.0,1.0,,,False,SOFT,5.0,False,Mercedes,1,2.0,False,5,Canadian Grand Prix,True,C5,False,10.27,13.326,13.13,17.693,-7.238,-7.653,87.34
0 days 01:05:21.331000,ANT,12,81.447,2.0,1.0,,,True,SOFT,6.0,False,Mercedes,1,1.0,True,5,Canadian Grand Prix,True,C5,True,4.377,5.679,7.237,9.752,-1.235,-1.494,81.496
0 days 01:06:40.305000,ANT,12,78.974,3.0,1.0,,,True,SOFT,7.0,False,Mercedes,1,1.0,True,5,Canadian Grand Prix,True,C5,True,1.904,2.47,4.764,6.42,-2.02,-2.494,79.071
0 days 01:07:58.279000,ANT,12,77.974,4.0,1.0,,,True,SOFT,8.0,False,Mercedes,1,1.0,True,5,Canadian Grand Prix,True,C5,True,0.904,1.173,3.764,5.072,-2.597,-3.223,78.12
0 days 01:09:15.337000,ANT,12,77.058,5.0,1.0,,,True,SOFT,9.0,False,Mercedes,1,1.0,True,5,Canadian Grand Prix,True,C5,True,-0.012,-0.016,2.848,3.838,-2.208,-2.786,77.252
0 days 01:10:33.047000,ANT,12,77.71,6.0,1.0,,,False,SOFT,10.0,False,Mercedes,1,2.0,True,5,Canadian Grand Prix,True,C5,True,0.64,0.83,3.5,4.716,-1.347,-1.704,77.953
0 days 01:11:49.920000,ANT,12,76.873,7.0,1.0,,,True,SOFT,11.0,False,Mercedes,1,2.0,True,5,Canadian Grand Prix,True,C5,True,-0.197,-0.256,2.663,3.588,-1.67,-2.126,77.164
0 days 01:13:05.967000,ANT,12,76.047,8.0,1.0,,,True,SOFT,12.0,False,Mercedes,1,2.0,True,5,Canadian Grand Prix,True,C5,True,-1.023,-1.327,1.837,2.475,-2.099,-2.686,76.387
0 days 01:14:21.815000,ANT,12,75.848,9.0,1.0,,,True,SOFT,13.0,False,Mercedes,1,2.0,True,5,Canadian Grand Prix,True,C5,True,-1.222,-1.586,1.638,2.207,-2.07,-2.657,76.236
0 days 01:15:37.555000,ANT,12,75.74,10.0,1.0,,,True,SOFT,14.0,False,Mercedes,1,2.0,True,5,Canadian Grand Prix,True,C5,True,-1.33,-1.726,1.53,2.062,-2.074,-2.665,76.177
0 days 01:16:53.185000,ANT,12,75.63,11.0,1.0,,,True,SOFT,15.0,False,Mercedes,1,2.0,True,5,Canadian Grand Prix,True,C5,True,-1.44,-1.868,1.42,1.913,-2.371,-3.04,76.115
0 days 01:18:09.101000,ANT,12,75.916,12.0,1.0,,,False,SOFT,16.0,False,Mercedes,1,2.0,True,5,Canadian Grand Prix,True,C5,True,-1.154,-1.497,1.706,2.299,-2.268,-2.901,76.45
0 days 01:19:26.934000,ANT,12,77.833,13.0,1.0,,,False,SOFT,17.0,False,Mercedes,12,2.0,True,5,Canadian Grand Prix,True,C5,False,0.763,0.99,3.623,4.882,-0.446,-0.57,78.415
0 days 01:20:43.060000,ANT,12,76.126,14.0,1.0,,,False,SOFT,18.0,False,Mercedes,21,2.0,True,5,Canadian Grand Prix,True,C5,False,-0.944,-1.225,1.916,2.582,-1.572,-2.023,76.757
0 days 01:21:58.695000,ANT,12,75.635,15.0,1.0,,,False,SOFT,19.0,False,Mercedes,1,2.0,True,5,Canadian Grand Prix,True,C5,True,-1.435,-1.862,1.425,1.92,-1.874,-2.418,76.314
0 days 01:23:14.106000,ANT,12,75.411,16.0,1.0,,,True,SOFT,20.0,False,Mercedes,1,2.0,True,5,Canadian Grand Prix,True,C5,True,-1.659,-2.153,1.201,1.618,-2.133,-2.751,76.139
0 days 01:24:30.637000,ANT,12,76.531,17.0,1.0,,,False,SOFT,21.0,False,Mercedes,1,2.0,True,5,Canadian Grand Prix,True,C5,True,-0.539,-0.699,2.321,3.128,-0.69,-0.894,77.307
0 days 01:25:46.352000,ANT,12,75.715,18.0,1.0,,,False,SOFT,22.0,False,Mercedes,1,2.0,True,5,Canadian Grand Prix,True,C5,True,-1.355,-1.758,1.505,2.028,-1.741,-2.248,76.54
0 days 01:27:01.939000,ANT,12,75.587,19.0,1.0,,,False,SOFT,23.0,False,Mercedes,12,2.0,True,5,Canadian Grand Prix,True,C5,False,-1.483,-1.924,1.377,1.856,-1.832,-2.366,76.461
0 days 01:28:17.498000,ANT,12,75.559,20.0,1.0,,,False,SOFT,24.0,False,Mercedes,1,2.0,True,5,Canadian Grand Prix,True,C5,True,-1.511,-1.961,1.349,1.818,-1.516,-1.967,76.481
0 days 01:29:32.937000,ANT,12,75.439,21.0,1.0,,,False,SOFT,25.0,False,Mercedes,1,2.0,True,5,Canadian Grand Prix,True,C5,True,-1.631,-2.116,1.229,1.656,-1.66,-2.153,76.41
0 days 01:30:49.119000,ANT,12,76.182,22.0,1.0,,,False,SOFT,26.0,False,Mercedes,1,1.0,True,5,Canadian Grand Prix,True,C5,True,-0.888,-1.152,1.972,2.657,-1.259,-1.626,77.201
0 days 01:32:04.532000,ANT,12,75.413,23.0,1.0,,,False,SOFT,27.0,False,Mercedes,1,1.0,True,5,Canadian Grand Prix,True,C5,True,-1.657,-2.15,1.203,1.621,-2.215,-2.853,76.481
0 days 01:33:20.997000,ANT,12,76.465,24.0,1.0,,,False,SOFT,28.0,False,Mercedes,1,1.0,True,5,Canadian Grand Prix,True,C5,True,-0.605,-0.785,2.255,3.039,-0.799,-1.034,77.581
0 days 01:34:39.540000,ANT,12,78.543,25.0,1.0,,,False,SOFT,29.0,False,Mercedes,1,2.0,True,5,Canadian Grand Prix,True,C5,True,1.473,1.911,4.333,5.839,1.224,1.583,79.708
0 days 01:35:56.020000,ANT,12,76.48,26.0,1.0,,,False,SOFT,30.0,False,Mercedes,1,2.0,True,5,Canadian Grand Prix,True,C5,True,-0.59,-0.766,2.27,3.059,-0.618,-0.802,77.693
0 days 01:37:11.991000,ANT,12,75.971,27.0,1.0,,,False,SOFT,31.0,False,Mercedes,1,2.0,True,5,Canadian Grand Prix,True,C5,True,-1.099,-1.426,1.761,2.373,-1.233,-1.597,77.233
0 days 01:38:28.418000,ANT,12,76.427,28.0,1.0,,,False,SOFT,32.0,False,Mercedes,1,2.0,True,5,Canadian Grand Prix,True,C5,True,-0.643,-0.834,2.217,2.987,-0.632,-0.82,77.737
0 days 01:39:44.170000,ANT,12,75.752,29.0,1.0,,,False,SOFT,33.0,False,Mercedes,1,2.0,True,5,Canadian Grand Prix,True,C5,True,-1.318,-1.71,1.542,2.078,-1.115,-1.451,77.111
0 days 01:41:00.531000,ANT,12,76.361,30.0,1.0,,,False,SOFT,34.0,False,Mercedes,12,1.0,True,5,Canadian Grand Prix,True,C5,False,-0.709,-0.92,2.151,2.899,-16.277,-17.571,77.768
0 days 01:42:59.770000,ANT,12,119.239,31.0,1.0,,0 days 01:42:36.253000,False,SOFT,35.0,False,Mercedes,26,1.0,False,5,Canadian Grand Prix,True,C5,False,42.169,54.715,45.029,60.678,26.613,28.732,120.695
0 days 01:44:40.871000,ANT,12,101.101,32.0,2.0,0 days 01:43:01.314000,,False,MEDIUM,1.0,True,Mercedes,671,1.0,False,5,Canadian Grand Prix,True,C4,False,24.031,31.181,26.891,36.236,21.596,27.163,102.605
0 days 01:46:00.136000,ANT,12,79.265,33.0,2.0,,,False,MEDIUM,2.0,True,Mercedes,1,1.0,True,5,Canadian Grand Prix,True,C4,True,2.195,2.848,5.055,6.812,0.748,0.953,80.818
0 days 01:47:16.426000,ANT,12,76.29,34.0,2.0,,,False,MEDIUM,3.0,True,Mercedes,1,1.0,True,5,Canadian Grand Prix,True,C4,True,-0.78,-1.012,2.08,2.803,-1.12,-1.447,77.891
0 days 01:48:32.527000,ANT,12,76.101,35.0,2.0,,,False,MEDIUM,4.0,True,Mercedes,1,1.0,True,5,Canadian Grand Prix,True,C4,True,-0.969,-1.257,1.891,2.548,-1.013,-1.314,77.751
0 days 01:49:48.235000,ANT,12,75.708,36.0,2.0,,,False,MEDIUM,5.0,True,Mercedes,1,1.0,True,5,Canadian Grand Prix,True,C4,True,-1.362,-1.767,1.498,2.019,-1.133,-1.474,77.407
0 days 01:51:03.701000,ANT,12,75.466,37.0,2.0,,,False,MEDIUM,6.0,True,Mercedes,1,1.0,True,5,Canadian Grand Prix,True,C4,True,-1.604,-2.081,1.256,1.692,-1.212,-1.581,77.213
0 days 01:52:18.936000,ANT,12,75.235,38.0,2.0,,,True,MEDIUM,7.0,True,Mercedes,1,1.0,True,5,Canadian Grand Prix,True,C4,True,-1.835,-2.381,1.025,1.381,-1.313,-1.715,77.031
0 days 01:53:34.226000,ANT,12,75.29,39.0,2.0,,,False,MEDIUM,8.0,True,Mercedes,1,1.0,True,5,Canadian Grand Prix,True,C4,True,-1.78,-2.31,1.08,1.455,-1.389,-1.811,77.134
0 days 01:54:50.097000,ANT,12,75.871,40.0,2.0,,,False,MEDIUM,9.0,True,Mercedes,12,1.0,True,5,Canadian Grand Prix,True,C4,False,-1.199,-1.556,1.661,2.238,-0.817,-1.065,77.764
0 days 01:56:08.002000,ANT,12,77.905,41.0,2.0,,,False,MEDIUM,10.0,True,Mercedes,1,1.0,True,5,Canadian Grand Prix,True,C4,True,0.835,1.083,3.695,4.979,1.184,1.543,79.846
0 days 01:57:23.246000,ANT,12,75.244,42.0,2.0,,,False,MEDIUM,11.0,True,Mercedes,1,1.0,True,5,Canadian Grand Prix,True,C4,True,-1.826,-2.369,1.034,1.393,-1.266,-1.655,77.234
0 days 01:58:38.060000,ANT,12,74.814,43.0,2.0,,,True,MEDIUM,12.0,True,Mercedes,1,1.0,True,5,Canadian Grand Prix,True,C4,True,-2.256,-2.927,0.604,0.814,-1.628,-2.13,76.852
0 days 01:59:53.239000,ANT,12,75.179,44.0,2.0,,,False,MEDIUM,13.0,True,Mercedes,1,1.0,True,5,Canadian Grand Prix,True,C4,True,-1.891,-2.454,0.969,1.306,-2.094,-2.71,77.266
0 days 02:01:08.515000,ANT,12,75.276,45.0,2.0,,,False,MEDIUM,14.0,True,Mercedes,1,1.0,True,5,Canadian Grand Prix,True,C4,True,-1.794,-2.328,1.066,1.436,-7.308,-8.849,77.411
0 days 02:02:41.900000,ANT,12,93.385,46.0,2.0,,,False,MEDIUM,15.0,True,Mercedes,167,1.0,False,5,Canadian Grand Prix,True,C4,False,16.315,21.169,19.175,25.839,14.159,17.872,95.569
0 days 02:03:57.777000,ANT,12,75.877,47.0,2.0,,,False,MEDIUM,16.0,True,Mercedes,1,1.0,True,5,Canadian Grand Prix,True,C4,True,-1.193,-1.548,1.667,2.246,-0.913,-1.189,78.109
0 days 02:05:12.796000,ANT,12,75.019,48.0,2.0,,,False,MEDIUM,17.0,True,Mercedes,1,1.0,True,5,Canadian Grand Prix,True,C4,True,-2.051,-2.661,0.809,1.09,-1.562,-2.04,77.3
0 days 02:06:27.731000,ANT,12,74.935,49.0,2.0,,,False,MEDIUM,18.0,True,Mercedes,1,1.0,True,5,Canadian Grand Prix,True,C4,True,-2.135,-2.77,0.725,0.977,-1.588,-2.075,77.264
0 days 02:07:42.501000,ANT,12,74.77,50.0,2.0,,,True,MEDIUM,19.0,True,Mercedes,1,1.0,True,5,Canadian Grand Prix,True,C4,True,-2.3,-2.984,0.56,0.755,-1.336,-1.755,77.148
0 days 02:08:57.105000,ANT,12,74.604,51.0,2.0,,,True,MEDIUM,20.0,True,Mercedes,1,1.0,True,5,Canadian Grand Prix,True,C4,True,-2.466,-3.2,0.394,0.531,-6.982,-8.558,77.03
0 days 02:10:11.471000,ANT,12,74.366,52.0,2.0,,,True,MEDIUM,21.0,True,Mercedes,1,1.0,True,5,Canadian Grand Prix,True,C4,True,-2.704,-3.508,0.156,0.21,-15.17,-16.943,76.841
0 days 02:11:57.827000,ANT,12,106.356,53.0,2.0,,,False,MEDIUM,22.0,True,Mercedes,16,1.0,False,5,Canadian Grand Prix,True,C4,False,29.286,37.999,32.146,43.318,24.732,30.3,108.88
0 days 02:13:21.463000,ANT,12,83.636,54.0,2.0,,,False,MEDIUM,23.0,True,Mercedes,671,1.0,False,5,Canadian Grand Prix,True,C4,False,6.566,8.52,9.426,12.702,6.256,8.085,86.208
0 days 02:14:36.850000,ANT,12,75.387,55.0,2.0,,,False,MEDIUM,24.0,True,Mercedes,1,1.0,True,5,Canadian Grand Prix,True,C4,True,-1.683,-2.184,1.177,1.586,-1.161,-1.517,78.008
0 days 02:15:51.859000,ANT,12,75.009,56.0,2.0,,,False,MEDIUM,25.0,True,Mercedes,1,1.0,True,5,Canadian Grand Prix,True,C4,True,-2.061,-2.674,0.799,1.077,-1.023,-1.345,77.678
0 days 02:17:06.768000,ANT,12,74.909,57.0,2.0,,,False,MEDIUM,26.0,True,Mercedes,1,1.0,True,5,Canadian Grand Prix,True,C4,True,-2.161,-2.804,0.699,0.942,-1.217,-1.599,77.627
0 days 02:18:21.469000,ANT,12,74.701,58.0,2.0,,,False,MEDIUM,27.0,True,Mercedes,1,1.0,True,5,Canadian Grand Prix,True,C4,True,-2.369,-3.074,0.491,0.662,-1.703,-2.229,77.467
0 days 02:19:36.259000,ANT,12,74.79,59.0,2.0,,,False,MEDIUM,28.0,True,Mercedes,1,1.0,True,5,Canadian Grand Prix,True,C4,True,-2.28,-2.958,0.58,0.782,-1.358,-1.783,77.605
0 days 02:20:50.704000,ANT,12,74.445,60.0,2.0,,,False,MEDIUM,29.0,True,Mercedes,1,1.0,True,5,Canadian Grand Prix,True,C4,True,-2.625,-3.406,0.235,0.317,-1.726,-2.266,77.308
0 days 02:22:05.044000,ANT,12,74.34,61.0,2.0,,,True,MEDIUM,30.0,True,Mercedes,12,1.0,True,5,Canadian Grand Prix,True,C4,False,-2.73,-3.542,0.13,0.175,-1.936,-2.538,77.252
0 days 02:23:20.457000,ANT,12,75.413,62.0,2.0,,,False,MEDIUM,31.0,True,Mercedes,1,1.0,True,5,Canadian Grand Prix,True,C4,True,-1.657,-2.15,1.203,1.621,-0.93,-1.218,78.373
0 days 02:24:35.183000,ANT,12,74.726,63.0,2.0,,,False,MEDIUM,32.0,True,Mercedes,1,1.0,True,5,Canadian Grand Prix,True,C4,True,-2.344,-3.041,0.516,0.695,-1.56,-2.045,77.735
0 days 02:25:50.302000,ANT,12,75.119,64.0,2.0,,,False,MEDIUM,33.0,True,Mercedes,1,1.0,True,5,Canadian Grand Prix,True,C4,True,-1.951,-2.531,0.909,1.225,-1.192,-1.562,78.176
0 days 02:27:05.071000,ANT,12,74.769,65.0,2.0,,,False,MEDIUM,34.0,True,Mercedes,1,1.0,True,5,Canadian Grand Prix,True,C4,True,-2.301,-2.986,0.559,0.753,-1.552,-2.034,77.875
0 days 02:28:19.483000,ANT,12,74.412,66.0,2.0,,,False,MEDIUM,35.0,True,Mercedes,1,1.0,True,5,Canadian Grand Prix,True,C4,True,-2.658,-3.449,0.202,0.272,-2.096,-2.74,77.566
0 days 02:29:34.092000,ANT,12,74.609,67.0,2.0,,,False,MEDIUM,36.0,True,Mercedes,1,1.0,True,5,Canadian Grand Prix,True,C4,True,-2.461,-3.193,0.399,0.538,-0.817,-1.083,77.812
0 days 02:30:48.302000,ANT,12,74.21,68.0,2.0,,,True,MEDIUM,37.0,True,Mercedes,1,1.0,True,5,Canadian Grand Prix,True,C4,True,-2.86,-3.711,0.0,0.0,-0.312,-0.419,77.461
0 days 01:04:08.670000,ALO,14,96.126,1.0,1.0,,,False,SOFT,1.0,True,Aston Martin,1,14.0,False,5,Canadian Grand Prix,True,C5,False,19.056,24.726,21.916,29.532,1.548,1.637,96.126
0 days 01:05:32.378000,ALO,14,83.708,2.0,1.0,,,True,SOFT,2.0,True,Aston Martin,1,10.0,True,5,Canadian Grand Prix,True,C5,True,6.638,8.613,9.498,12.799,1.026,1.241,83.757
0 days 01:06:53.962000,ALO,14,81.584,3.0,1.0,,,True,SOFT,3.0,True,Aston Martin,1,10.0,True,5,Canadian Grand Prix,True,C5,True,4.514,5.857,7.374,9.937,0.59,0.728,81.681
0 days 01:08:15.594000,ALO,14,81.632,4.0,1.0,,,False,SOFT,4.0,True,Aston Martin,1,10.0,True,5,Canadian Grand Prix,True,C5,True,4.562,5.919,7.422,10.001,1.061,1.317,81.778
0 days 01:09:35.975000,ALO,14,80.381,5.0,1.0,,,True,SOFT,5.0,True,Aston Martin,1,10.0,True,5,Canadian Grand Prix,True,C5,True,3.311,4.296,6.171,8.316,1.115,1.407,80.575
0 days 01:10:56.917000,ALO,14,80.942,6.0,1.0,,,False,SOFT,6.0,True,Aston Martin,1,11.0,True,5,Canadian Grand Prix,True,C5,True,3.872,5.024,6.732,9.072,1.885,2.384,81.185
0 days 01:12:16.868000,ALO,14,79.951,7.0,1.0,,,True,SOFT,7.0,True,Aston Martin,1,11.0,True,5,Canadian Grand Prix,True,C5,True,2.881,3.738,5.741,7.736,1.408,1.793,80.242
0 days 01:13:37.487000,ALO,14,80.619,8.0,1.0,,,False,SOFT,8.0,True,Aston Martin,1,13.0,True,5,Canadian Grand Prix,True,C5,True,3.549,4.605,6.409,8.636,2.473,3.165,80.959
0 days 01:14:57.195000,ALO,14,79.708,9.0,1.0,,,True,SOFT,9.0,True,Aston Martin,1,14.0,True,5,Canadian Grand Prix,True,C5,True,2.638,3.423,5.498,7.409,1.79,2.297,80.096
0 days 01:16:16.830000,ALO,14,79.635,10.0,1.0,,,True,SOFT,10.0,True,Aston Martin,1,14.0,True,5,Canadian Grand Prix,True,C5,True,2.565,3.328,5.425,7.31,1.821,2.34,80.072
0 days 01:17:36.567000,ALO,14,79.737,11.0,1.0,,,False,SOFT,11.0,True,Aston Martin,1,14.0,True,5,Canadian Grand Prix,True,C5,True,2.667,3.46,5.527,7.448,1.736,2.226,80.222
0 days 01:18:56.701000,ALO,14,80.134,12.0,1.0,,,False,SOFT,12.0,True,Aston Martin,12,12.0,True,5,Canadian Grand Prix,True,C5,False,3.064,3.976,5.924,7.983,1.95,2.494,80.668
0 days 01:20:17.303000,ALO,14,80.602,13.0,1.0,,,False,SOFT,13.0,True,Aston Martin,2,12.0,True,5,Canadian Grand Prix,True,C5,False,3.532,4.583,6.392,8.613,2.323,2.968,81.184
0 days 01:21:37.002000,ALO,14,79.699,14.0,1.0,,,False,SOFT,14.0,True,Aston Martin,21,12.0,True,5,Canadian Grand Prix,True,C5,False,2.629,3.411,5.489,7.397,2.001,2.575,80.33
0 days 01:22:57.226000,ALO,14,80.224,15.0,1.0,,,False,SOFT,15.0,True,Aston Martin,1,12.0,True,5,Canadian Grand Prix,True,C5,True,3.154,4.092,6.014,8.104,2.715,3.503,80.903
0 days 01:24:17.635000,ALO,14,80.409,16.0,1.0,,,False,SOFT,16.0,True,Aston Martin,1,12.0,True,5,Canadian Grand Prix,True,C5,True,3.339,4.332,6.199,8.353,2.865,3.695,81.137
0 days 01:25:38.425000,ALO,14,80.79,17.0,1.0,,,False,SOFT,17.0,True,Aston Martin,1,13.0,True,5,Canadian Grand Prix,True,C5,True,3.72,4.827,6.58,8.867,3.569,4.622,81.566
0 days 01:26:58.766000,ALO,14,80.341,18.0,1.0,,,False,SOFT,18.0,True,Aston Martin,12,14.0,True,5,Canadian Grand Prix,True,C5,False,3.271,4.244,6.131,8.262,2.885,3.725,81.166
0 days 01:28:20.760000,ALO,14,81.994,19.0,1.0,,,False,SOFT,19.0,True,Aston Martin,1,14.0,True,5,Canadian Grand Prix,True,C5,True,4.924,6.389,7.784,10.489,4.575,5.909,82.868
0 days 01:29:58.014000,ALO,14,97.254,20.0,1.0,,0 days 01:29:34.909000,False,SOFT,20.0,True,Aston Martin,1,15.0,False,5,Canadian Grand Prix,True,C5,False,20.184,26.189,23.044,31.052,20.179,26.181,98.176
0 days 01:31:22.234000,ALO,14,84.22,21.0,2.0,0 days 01:29:59.578000,,False,SOFT,1.0,True,Aston Martin,1,17.0,False,5,Canadian Grand Prix,True,C5,False,7.15,9.277,10.01,13.489,7.121,9.236,85.191
0 days 01:32:42.660000,ALO,14,80.426,22.0,2.0,,,False,SOFT,2.0,True,Aston Martin,1,17.0,True,5,Canadian Grand Prix,True,C5,True,3.356,4.354,6.216,8.376,2.985,3.855,81.445
0 days 01:34:03.524000,ALO,14,80.864,23.0,2.0,,,False,SOFT,3.0,True,Aston Martin,1,17.0,True,5,Canadian Grand Prix,True,C5,True,3.794,4.923,6.654,8.966,3.236,4.169,81.932
0 days 01:35:18.616000,ALO,14,,24.0,2.0,,0 days 01:35:18.696000,False,SOFT,4.0,True,Aston Martin,1,17.0,False,5,Canadian Grand Prix,True,C5,False,,,,,,,
0 days 01:04:02.997000,LEC,16,90.453,1.0,1.0,,,False,SOFT,5.0,False,Ferrari,1,6.0,False,5,Canadian Grand Prix,True,C5,False,13.383,17.365,16.243,21.888,-4.125,-4.361,90.453
0 days 01:05:23.348000,LEC,16,80.351,2.0,1.0,,,True,SOFT,6.0,False,Ferrari,1,5.0,True,5,Canadian Grand Prix,True,C5,True,3.281,4.257,6.141,8.275,-2.331,-2.819,80.4
0 days 01:06:42.872000,LEC,16,79.524,3.0,1.0,,,True,SOFT,7.0,False,Ferrari,1,5.0,True,5,Canadian Grand Prix,True,C5,True,2.454,3.184,5.314,7.161,-1.47,-1.815,79.621
0 days 01:08:01.508000,LEC,16,78.636,4.0,1.0,,,True,SOFT,8.0,False,Ferrari,1,5.0,True,5,Canadian Grand Prix,True,C5,True,1.566,2.032,4.426,5.964,-1.935,-2.402,78.782
0 days 01:09:19.316000,LEC,16,77.808,5.0,1.0,,,True,SOFT,9.0,False,Ferrari,1,5.0,True,5,Canadian Grand Prix,True,C5,True,0.738,0.958,3.598,4.848,-1.458,-1.839,78.002
0 days 01:10:36.660000,LEC,16,77.344,6.0,1.0,,,True,SOFT,10.0,False,Ferrari,1,5.0,True,5,Canadian Grand Prix,True,C5,True,0.274,0.356,3.134,4.223,-1.713,-2.167,77.587
0 days 01:11:53.850000,LEC,16,77.19,7.0,1.0,,,True,SOFT,11.0,False,Ferrari,1,5.0,True,5,Canadian Grand Prix,True,C5,True,0.12,0.156,2.98,4.016,-1.353,-1.723,77.481
0 days 01:13:10.489000,LEC,16,76.639,8.0,1.0,,,True,SOFT,12.0,False,Ferrari,1,5.0,True,5,Canadian Grand Prix,True,C5,True,-0.431,-0.559,2.429,3.273,-1.507,-1.928,76.979
0 days 01:14:26.968000,LEC,16,76.479,9.0,1.0,,,True,SOFT,13.0,False,Ferrari,1,5.0,True,5,Canadian Grand Prix,True,C5,True,-0.591,-0.767,2.269,3.058,-1.439,-1.847,76.867
0 days 01:15:43.437000,LEC,16,76.469,10.0,1.0,,,True,SOFT,14.0,False,Ferrari,1,5.0,True,5,Canadian Grand Prix,True,C5,True,-0.601,-0.78,2.259,3.044,-1.345,-1.728,76.906
0 days 01:16:59.664000,LEC,16,76.227,11.0,1.0,,,True,SOFT,15.0,False,Ferrari,1,5.0,True,5,Canadian Grand Prix,True,C5,True,-0.843,-1.094,2.017,2.718,-1.774,-2.274,76.712
0 days 01:18:15.882000,LEC,16,76.218,12.0,1.0,,,True,SOFT,16.0,False,Ferrari,1,5.0,True,5,Canadian Grand Prix,True,C5,True,-0.852,-1.105,2.008,2.706,-1.966,-2.515,76.752
0 days 01:19:32.711000,LEC,16,76.829,13.0,1.0,,,False,SOFT,17.0,False,Ferrari,12,5.0,True,5,Canadian Grand Prix,True,C5,False,-0.241,-0.313,2.619,3.529,-1.45,-1.852,77.411
0 days 01:20:52.913000,LEC,16,80.202,14.0,1.0,,,False,SOFT,18.0,False,Ferrari,21,5.0,True,5,Canadian Grand Prix,True,C5,False,3.132,4.064,5.992,8.074,2.504,3.223,80.833
0 days 01:22:09.670000,LEC,16,76.757,15.0,1.0,,,False,SOFT,19.0,False,Ferrari,1,5.0,True,5,Canadian Grand Prix,True,C5,True,-0.313,-0.406,2.547,3.432,-0.752,-0.97,77.436
0 days 01:23:26.253000,LEC,16,76.583,16.0,1.0,,,False,SOFT,20.0,False,Ferrari,1,5.0,True,5,Canadian Grand Prix,True,C5,True,-0.487,-0.632,2.373,3.198,-0.961,-1.239,77.311
0 days 01:24:42.806000,LEC,16,76.553,17.0,1.0,,,False,SOFT,21.0,False,Ferrari,1,5.0,True,5,Canadian Grand Prix,True,C5,True,-0.517,-0.671,2.343,3.157,-0.668,-0.865,77.329
0 days 01:25:59.391000,LEC,16,76.585,18.0,1.0,,,False,SOFT,22.0,False,Ferrari,1,5.0,True,5,Canadian Grand Prix,True,C5,True,-0.485,-0.629,2.375,3.2,-0.871,-1.125,77.41
0 days 01:27:15.741000,LEC,16,76.35,19.0,1.0,,,False,SOFT,23.0,False,Ferrari,12,5.0,True,5,Canadian Grand Prix,True,C5,False,-0.72,-0.934,2.14,2.884,-1.069,-1.381,77.224
0 days 01:28:32.021000,LEC,16,76.28,20.0,1.0,,,False,SOFT,24.0,False,Ferrari,1,5.0,True,5,Canadian Grand Prix,True,C5,True,-0.79,-1.025,2.07,2.789,-0.795,-1.031,77.202
0 days 01:29:48.285000,LEC,16,76.264,21.0,1.0,,,False,SOFT,25.0,False,Ferrari,1,5.0,True,5,Canadian Grand Prix,True,C5,True,-0.806,-1.046,2.054,2.768,-0.835,-1.083,77.235
0 days 01:31:04.376000,LEC,16,76.091,22.0,1.0,,,True,SOFT,26.0,False,Ferrari,1,5.0,True,5,Canadian Grand Prix,True,C5,True,-0.979,-1.27,1.881,2.535,-1.35,-1.743,77.11
0 days 01:32:20.655000,LEC,16,76.279,23.0,1.0,,,False,SOFT,27.0,False,Ferrari,1,5.0,True,5,Canadian Grand Prix,True,C5,True,-0.791,-1.026,2.069,2.788,-1.349,-1.738,77.347
0 days 01:33:36.751000,LEC,16,76.096,24.0,1.0,,,False,SOFT,28.0,False,Ferrari,1,5.0,True,5,Canadian Grand Prix,True,C5,True,-0.974,-1.264,1.886,2.541,-1.168,-1.512,77.212
0 days 01:34:52.997000,LEC,16,76.246,25.0,1.0,,,False,SOFT,29.0,False,Ferrari,1,5.0,True,5,Canadian Grand Prix,True,C5,True,-0.824,-1.069,2.036,2.744,-1.073,-1.388,77.411
0 days 01:36:09.276000,LEC,16,76.279,26.0,1.0,,,False,SOFT,30.0,False,Ferrari,1,5.0,True,5,Canadian Grand Prix,True,C5,True,-0.791,-1.026,2.069,2.788,-0.819,-1.062,77.492
0 days 01:37:25.366000,LEC,16,76.09,27.0,1.0,,,True,SOFT,31.0,False,Ferrari,1,5.0,True,5,Canadian Grand Prix,True,C5,True,-0.98,-1.272,1.88,2.533,-1.114,-1.443,77.352
0 days 01:38:41.827000,LEC,16,76.461,28.0,1.0,,,False,SOFT,32.0,False,Ferrari,1,5.0,True,5,Canadian Grand Prix,True,C5,True,-0.609,-0.79,2.251,3.033,-0.598,-0.776,77.771
0 days 01:39:58.123000,LEC,16,76.296,29.0,1.0,,,False,SOFT,33.0,False,Ferrari,1,5.0,True,5,Canadian Grand Prix,True,C5,True,-0.774,-1.004,2.086,2.811,-0.571,-0.743,77.655
0 days 01:41:18.211000,LEC,16,80.088,30.0,1.0,,,False,SOFT,34.0,False,Ferrari,126,4.0,False,5,Canadian Grand Prix,True,C5,False,3.018,3.916,5.878,7.921,-12.55,-13.547,81.495
0 days 01:43:23.696000,LEC,16,125.485,31.0,1.0,,0 days 01:42:55.080000,False,SOFT,35.0,False,Ferrari,6,5.0,False,5,Canadian Grand Prix,True,C5,False,48.415,62.82,51.275,69.094,32.859,35.475,126.941
0 days 01:44:59.116000,LEC,16,95.42,32.0,2.0,0 days 01:43:25.314000,,False,MEDIUM,1.0,True,Ferrari,671,5.0,False,5,Canadian Grand Prix,True,C4,False,18.35,23.81,21.21,28.581,15.915,20.018,96.924
0 days 01:46:16.735000,LEC,16,77.619,33.0,2.0,,,False,MEDIUM,2.0,True,Ferrari,1,5.0,True,5,Canadian Grand Prix,True,C4,True,0.549,0.712,3.409,4.594,-0.898,-1.144,79.172
0 days 01:47:33.788000,LEC,16,77.053,34.0,2.0,,,False,MEDIUM,3.0,True,Ferrari,1,5.0,True,5,Canadian Grand Prix,True,C4,True,-0.017,-0.022,2.843,3.831,-0.357,-0.461,78.654
0 days 01:48:50.039000,LEC,16,76.251,35.0,2.0,,,False,MEDIUM,4.0,True,Ferrari,1,5.0,True,5,Canadian Grand Prix,True,C4,True,-0.819,-1.063,2.041,2.75,-0.863,-1.119,77.901
0 days 01:50:06.228000,LEC,16,76.189,36.0,2.0,,,False,MEDIUM,5.0,True,Ferrari,1,5.0,True,5,Canadian Grand Prix,True,C4,True,-0.881,-1.143,1.979,2.667,-0.652,-0.849,77.888
0 days 01:51:21.525000,LEC,16,75.297,37.0,2.0,,,True,MEDIUM,6.0,True,Ferrari,1,5.0,True,5,Canadian Grand Prix,True,C4,True,-1.773,-2.301,1.087,1.465,-1.381,-1.801,77.044
0 days 01:52:36.889000,LEC,16,75.364,38.0,2.0,,,False,MEDIUM,7.0,True,Ferrari,1,5.0,True,5,Canadian Grand Prix,True,C4,True,-1.706,-2.214,1.154,1.555,-1.184,-1.547,77.16
0 days 01:53:52.700000,LEC,16,75.811,39.0,2.0,,,False,MEDIUM,8.0,True,Ferrari,1,4.0,True,5,Canadian Grand Prix,True,C4,True,-1.259,-1.634,1.601,2.157,-0.868,-1.132,77.655
0 days 01:55:08.308000,LEC,16,75.608,40.0,2.0,,,False,MEDIUM,9.0,True,Ferrari,12,4.0,True,5,Canadian Grand Prix,True,C4,False,-1.462,-1.897,1.398,1.884,-1.08,-1.408,77.501
0 days 01:56:23.920000,LEC,16,75.612,41.0,2.0,,,False,MEDIUM,10.0,True,Ferrari,1,4.0,True,5,Canadian Grand Prix,True,C4,True,-1.458,-1.892,1.402,1.889,-1.109,-1.445,77.553
0 days 01:57:39.582000,LEC,16,75.662,42.0,2.0,,,False,MEDIUM,11.0,True,Ferrari,1,4.0,True,5,Canadian Grand Prix,True,C4,True,-1.408,-1.827,1.452,1.957,-0.848,-1.108,77.652
0 days 01:58:55.102000,LEC,16,75.52,43.0,2.0,,,False,MEDIUM,12.0,True,Ferrari,1,4.0,True,5,Canadian Grand Prix,True,C4,True,-1.55,-2.011,1.31,1.765,-0.922,-1.206,77.558
0 days 02:00:10.471000,LEC,16,75.369,44.0,2.0,,,False,MEDIUM,13.0,True,Ferrari,1,4.0,True,5,Canadian Grand Prix,True,C4,True,-1.701,-2.207,1.159,1.562,-1.904,-2.464,77.456
0 days 02:01:25.851000,LEC,16,75.38,45.0,2.0,,,False,MEDIUM,14.0,True,Ferrari,1,4.0,True,5,Canadian Grand Prix,True,C4,True,-1.69,-2.193,1.17,1.577,-7.204,-8.723,77.515
0 days 02:02:57.646000,LEC,16,91.795,46.0,2.0,,,False,MEDIUM,15.0,True,Ferrari,167,4.0,False,5,Canadian Grand Prix,True,C4,False,14.725,19.106,17.585,23.696,12.569,15.865,93.979
0 days 02:04:13.006000,LEC,16,75.36,47.0,2.0,,,False,MEDIUM,16.0,True,Ferrari,1,4.0,True,5,Canadian Grand Prix,True,C4,True,-1.71,-2.219,1.15,1.55,-1.43,-1.862,77.592
0 days 02:05:28.609000,LEC,16,75.603,48.0,2.0,,,False,MEDIUM,17.0,True,Ferrari,1,4.0,True,5,Canadian Grand Prix,True,C4,True,-1.467,-1.903,1.393,1.877,-0.978,-1.277,77.884
0 days 02:06:44.307000,LEC,16,75.698,49.0,2.0,,,False,MEDIUM,18.0,True,Ferrari,1,4.0,True,5,Canadian Grand Prix,True,C4,True,-1.372,-1.78,1.488,2.005,-0.825,-1.078,78.027
0 days 02:07:59.740000,LEC,16,75.433,50.0,2.0,,,False,MEDIUM,19.0,True,Ferrari,1,4.0,True,5,Canadian Grand Prix,True,C4,True,-1.637,-2.124,1.223,1.648,-0.673,-0.884,77.811
0 days 02:09:16.860000,LEC,16,77.12,51.0,2.0,,,False,MEDIUM,20.0,True,Ferrari,1,4.0,True,5,Canadian Grand Prix,True,C4,True,0.05,0.065,2.91,3.921,-4.466,-5.474,79.546
0 days 02:10:40.097000,LEC,16,83.237,52.0,2.0,,,False,MEDIUM,21.0,True,Ferrari,16,4.0,False,5,Canadian Grand Prix,True,C4,False,6.167,8.002,9.027,12.164,-6.299,-7.035,85.712
0 days 02:12:27.364000,LEC,16,107.267,53.0,2.0,,,False,MEDIUM,22.0,True,Ferrari,671,4.0,False,5,Canadian Grand Prix,True,C4,False,30.197,39.181,33.057,44.545,25.643,31.416,109.791
0 days 02:13:45.281000,LEC,16,77.917,54.0,2.0,,,False,MEDIUM,23.0,True,Ferrari,1,4.0,True,5,Canadian Grand Prix,True,C4,True,0.847,1.099,3.707,4.995,0.537,0.694,80.489
0 days 02:15:01.890000,LEC,16,76.609,55.0,2.0,,,False,MEDIUM,24.0,True,Ferrari,1,4.0,True,5,Canadian Grand Prix,True,C4,True,-0.461,-0.598,2.399,3.233,0.061,0.08,79.23
0 days 02:16:17.862000,LEC,16,75.972,56.0,2.0,,,False,MEDIUM,25.0,True,Ferrari,1,4.0,True,5,Canadian Grand Prix,True,C4,True,-1.098,-1.425,1.762,2.374,-0.06,-0.079,78.641
0 days 02:17:33.737000,LEC,16,75.875,57.0,2.0,,,False,MEDIUM,26.0,True,Ferrari,1,4.0,True,5,Canadian Grand Prix,True,C4,True,-1.195,-1.551,1.665,2.244,-0.251,-0.33,78.593
0 days 02:18:49.707000,LEC,16,75.97,58.0,2.0,,,False,MEDIUM,27.0,True,Ferrari,1,4.0,True,5,Canadian Grand Prix,True,C4,True,-1.1,-1.427,1.76,2.372,-0.434,-0.568,78.736
0 days 02:20:05.688000,LEC,16,75.981,59.0,2.0,,,False,MEDIUM,28.0,True,Ferrari,1,4.0,True,5,Canadian Grand Prix,True,C4,True,-1.089,-1.413,1.771,2.386,-0.167,-0.219,78.796
0 days 02:21:21.238000,LEC,16,75.55,60.0,2.0,,,False,MEDIUM,29.0,True,Ferrari,1,4.0,True,5,Canadian Grand Prix,True,C4,True,-1.52,-1.972,1.34,1.806,-0.621,-0.815,78.413
0 days 02:22:36.635000,LEC,16,75.397,61.0,2.0,,,False,MEDIUM,30.0,True,Ferrari,12,4.0,True,5,Canadian Grand Prix,True,C4,False,-1.673,-2.171,1.187,1.6,-0.879,-1.152,78.309
0 days 02:23:52.209000,LEC,16,75.574,62.0,2.0,,,False,MEDIUM,31.0,True,Ferrari,1,4.0,True,5,Canadian Grand Prix,True,C4,True,-1.496,-1.941,1.364,1.838,-0.769,-1.007,78.534
0 days 02:25:08.126000,LEC,16,75.917,63.0,2.0,,,False,MEDIUM,32.0,True,Ferrari,1,4.0,True,5,Canadian Grand Prix,True,C4,True,-1.153,-1.496,1.707,2.3,-0.369,-0.484,78.926
0 days 02:26:24.777000,LEC,16,76.651,64.0,2.0,,,False,MEDIUM,33.0,True,Ferrari,1,4.0,True,5,Canadian Grand Prix,True,C4,True,-0.419,-0.544,2.441,3.289,0.34,0.446,79.708
0 days 02:27:41.249000,LEC,16,76.472,65.0,2.0,,,False,MEDIUM,34.0,True,Ferrari,1,4.0,True,5,Canadian Grand Prix,True,C4,True,-0.598,-0.776,2.262,3.048,0.151,0.198,79.578
0 days 02:28:58.459000,LEC,16,77.21,66.0,2.0,,,False,MEDIUM,35.0,True,Ferrari,1,4.0,True,5,Canadian Grand Prix,True,C4,True,0.14,0.182,3.0,4.043,0.702,0.918,80.364
0 days 02:30:14.927000,LEC,16,76.468,67.0,2.0,,,False,MEDIUM,36.0,True,Ferrari,1,4.0,True,5,Canadian Grand Prix,True,C4,True,-0.602,-0.781,2.258,3.043,1.042,1.381,79.671
0 days 02:31:32.453000,LEC,16,77.526,68.0,2.0,,,False,MEDIUM,37.0,True,Ferrari,1,4.0,True,5,Canadian Grand Prix,True,C4,True,0.456,0.592,3.316,4.468,3.004,4.031,80.777
0 days 01:04:14.389000,STR,18,101.845,1.0,1.0,0 days 01:02:46.593000,,False,SOFT,1.0,True,Aston Martin,1,20.0,False,5,Canadian Grand Prix,True,C5,False,24.775,32.146,27.635,37.239,7.267,7.684,101.845
0 days 01:05:39.467000,STR,18,85.078,2.0,1.0,,,True,SOFT,2.0,True,Aston Martin,1,16.0,True,5,Canadian Grand Prix,True,C5,True,8.008,10.391,10.868,14.645,2.396,2.898,85.127
0 days 01:07:03.980000,STR,18,84.513,3.0,1.0,,,True,SOFT,3.0,True,Aston Martin,1,15.0,True,5,Canadian Grand Prix,True,C5,True,7.443,9.657,10.303,13.884,3.519,4.345,84.61
0 days 01:08:26.498000,STR,18,82.518,4.0,1.0,,,True,SOFT,4.0,True,Aston Martin,1,16.0,True,5,Canadian Grand Prix,True,C5,True,5.448,7.069,8.308,11.195,1.947,2.417,82.664
0 days 01:09:48.361000,STR,18,81.863,5.0,1.0,,,True,SOFT,5.0,True,Aston Martin,1,16.0,True,5,Canadian Grand Prix,True,C5,True,4.793,6.219,7.653,10.313,2.597,3.276,82.057
0 days 01:11:09.198000,STR,18,80.837,6.0,1.0,,,True,SOFT,6.0,True,Aston Martin,1,16.0,True,5,Canadian Grand Prix,True,C5,True,3.767,4.888,6.627,8.93,1.78,2.252,81.08
0 days 01:12:30.099000,STR,18,80.901,7.0,1.0,,,False,SOFT,7.0,True,Aston Martin,1,16.0,True,5,Canadian Grand Prix,True,C5,True,3.831,4.971,6.691,9.016,2.358,3.002,81.192
0 days 01:13:53.692000,STR,18,83.593,8.0,1.0,,,False,SOFT,8.0,True,Aston Martin,1,17.0,True,5,Canadian Grand Prix,True,C5,True,6.523,8.464,9.383,12.644,5.447,6.97,83.933
0 days 01:15:14.596000,STR,18,80.904,9.0,1.0,,,False,SOFT,9.0,True,Aston Martin,1,18.0,True,5,Canadian Grand Prix,True,C5,True,3.834,4.975,6.694,9.02,2.986,3.832,81.292
0 days 01:16:34.862000,STR,18,80.266,10.0,1.0,,,True,SOFT,10.0,True,Aston Martin,1,18.0,True,5,Canadian Grand Prix,True,C5,True,3.196,4.147,6.056,8.161,2.452,3.151,80.703
0 days 01:17:55.436000,STR,18,80.574,11.0,1.0,,,False,SOFT,11.0,True,Aston Martin,1,19.0,True,5,Canadian Grand Prix,True,C5,True,3.504,4.547,6.364,8.576,2.573,3.299,81.059
0 days 01:19:15.569000,STR,18,80.133,12.0,1.0,,,True,SOFT,12.0,True,Aston Martin,12,17.0,True,5,Canadian Grand Prix,True,C5,False,3.063,3.974,5.923,7.981,1.949,2.493,80.667
0 days 01:20:36.095000,STR,18,80.526,13.0,1.0,,,False,SOFT,13.0,True,Aston Martin,21,18.0,True,5,Canadian Grand Prix,True,C5,False,3.456,4.484,6.316,8.511,2.247,2.871,81.108
0 days 01:22:12.306000,STR,18,96.211,14.0,1.0,,0 days 01:21:49.716000,False,SOFT,14.0,True,Aston Martin,1,19.0,False,5,Canadian Grand Prix,True,C5,False,19.141,24.836,22.001,29.647,18.513,23.827,96.842
0 days 01:23:38.117000,STR,18,85.811,15.0,2.0,0 days 01:22:13.966000,,False,SOFT,1.0,True,Aston Martin,1,19.0,False,5,Canadian Grand Prix,True,C5,False,8.741,11.342,11.601,15.633,8.302,10.711,86.49
0 days 01:25:00.153000,STR,18,82.036,16.0,2.0,,,False,SOFT,2.0,True,Aston Martin,1,19.0,True,5,Canadian Grand Prix,True,C5,True,4.966,6.443,7.826,10.546,4.492,5.793,82.764
0 days 01:26:21.288000,STR,18,81.135,17.0,2.0,,,False,SOFT,3.0,True,Aston Martin,12,19.0,True,5,Canadian Grand Prix,True,C5,False,4.065,5.274,6.925,9.332,3.914,5.069,81.911
0 days 01:27:40.968000,STR,18,79.68,18.0,2.0,,,True,SOFT,4.0,True,Aston Martin,21,19.0,True,5,Canadian Grand Prix,True,C5,False,2.61,3.387,5.47,7.371,2.224,2.871,80.505
0 days 01:29:01.004000,STR,18,80.036,19.0,2.0,,,False,SOFT,5.0,True,Aston Martin,1,19.0,True,5,Canadian Grand Prix,True,C5,True,2.966,3.848,5.826,7.851,2.617,3.38,80.91
0 days 01:30:24.046000,STR,18,83.042,20.0,2.0,,,False,SOFT,6.0,True,Aston Martin,1,19.0,True,5,Canadian Grand Prix,True,C5,True,5.972,7.749,8.832,11.901,5.967,7.742,83.964
0 days 01:31:43.908000,STR,18,79.862,21.0,2.0,,,False,SOFT,7.0,True,Aston Martin,1,19.0,True,5,Canadian Grand Prix,True,C5,True,2.792,3.623,5.652,7.616,2.763,3.584,80.833
0 days 01:33:05.161000,STR,18,81.253,22.0,2.0,,,False,SOFT,8.0,True,Aston Martin,1,19.0,True,5,Canadian Grand Prix,True,C5,True,4.183,5.428,7.043,9.491,3.812,4.922,82.272
0 days 01:34:24.283000,STR,18,79.122,23.0,2.0,,,True,SOFT,9.0,True,Aston Martin,1,19.0,True,5,Canadian Grand Prix,True,C5,True,2.052,2.663,4.912,6.619,1.494,1.925,80.19
0 days 01:35:43.425000,STR,18,79.142,24.0,2.0,,,False,SOFT,10.0,True,Aston Martin,1,19.0,True,5,Canadian Grand Prix,True,C5,True,2.072,2.688,4.932,6.646,1.878,2.431,80.258
0 days 01:37:02.501000,STR,18,79.076,25.0,2.0,,,True,SOFT,11.0,True,Aston Martin,1,18.0,True,5,Canadian Grand Prix,True,C5,True,2.006,2.603,4.866,6.557,1.757,2.272,80.241
0 days 01:38:23.072000,STR,18,80.571,26.0,2.0,,,False,SOFT,12.0,True,Aston Martin,1,18.0,True,5,Canadian Grand Prix,True,C5,True,3.501,4.543,6.361,8.572,3.473,4.505,81.784
0 days 01:39:42.467000,STR,18,79.395,27.0,2.0,,,False,SOFT,13.0,True,Aston Martin,1,18.0,True,5,Canadian Grand Prix,True,C5,True,2.325,3.017,5.185,6.987,2.191,2.838,80.657
0 days 01:41:05.326000,STR,18,82.859,28.0,2.0,,,False,SOFT,14.0,True,Aston Martin,12,18.0,True,5,Canadian Grand Prix,True,C5,False,5.789,7.511,8.649,11.655,5.8,7.527,84.169
0 days 01:42:48.219000,STR,18,102.893,29.0,2.0,,,False,SOFT,15.0,True,Aston Martin,26,18.0,False,5,Canadian Grand Prix,True,C5,False,25.823,33.506,28.683,38.651,26.026,33.858,104.252
0 days 01:44:32.986000,STR,18,104.767,30.0,2.0,,,False,SOFT,16.0,True,Aston Martin,671,17.0,False,5,Canadian Grand Prix,True,C5,False,27.697,35.937,30.557,41.176,12.129,13.093,106.174
0 days 01:45:55.216000,STR,18,82.23,31.0,2.0,,,False,SOFT,17.0,True,Aston Martin,1,17.0,True,5,Canadian Grand Prix,True,C5,True,5.16,6.695,8.02,10.807,-10.396,-11.224,83.686
0 days 01:47:16.613000,STR,18,81.397,32.0,2.0,,,False,SOFT,18.0,True,Aston Martin,1,17.0,True,5,Canadian Grand Prix,True,C5,True,4.327,5.614,7.187,9.685,1.892,2.38,82.901
0 days 01:48:37.078000,STR,18,80.465,33.0,2.0,,,False,SOFT,19.0,True,Aston Martin,1,17.0,True,5,Canadian Grand Prix,True,C5,True,3.395,4.405,6.255,8.429,1.948,2.481,82.018
0 days 01:50:01.034000,STR,18,83.956,34.0,2.0,,,False,SOFT,20.0,True,Aston Martin,1,17.0,True,5,Canadian Grand Prix,True,C5,True,6.886,8.935,9.746,13.133,6.546,8.456,85.557
0 days 01:51:20.936000,STR,18,79.902,35.0,2.0,,,False,SOFT,21.0,True,Aston Martin,1,17.0,True,5,Canadian Grand Prix,True,C5,True,2.832,3.675,5.692,7.67,2.788,3.615,81.552
0 days 01:52:41.483000,STR,18,80.547,36.0,2.0,,,False,SOFT,22.0,True,Aston Martin,1,17.0,True,5,Canadian Grand Prix,True,C5,True,3.477,4.511,6.337,8.539,3.706,4.823,82.246
0 days 01:54:01.449000,STR,18,79.966,37.0,2.0,,,False,SOFT,23.0,True,Aston Martin,1,17.0,True,5,Canadian Grand Prix,True,C5,True,2.896,3.758,5.756,7.756,3.288,4.288,81.713
0 days 01:55:20.699000,STR,18,79.25,38.0,2.0,,,False,SOFT,24.0,True,Aston Martin,12,17.0,True,5,Canadian Grand Prix,True,C5,False,2.18,2.829,5.04,6.792,2.702,3.53,81.046
0 days 01:56:39.420000,STR,18,78.721,39.0,2.0,,,True,SOFT,25.0,True,Aston Martin,1,16.0,True,5,Canadian Grand Prix,True,C5,True,1.651,2.142,4.511,6.079,2.042,2.663,80.565
0 days 01:57:59.714000,STR,18,80.294,40.0,2.0,,,False,SOFT,26.0,True,Aston Martin,1,16.0,True,5,Canadian Grand Prix,True,C5,True,3.224,4.183,6.084,8.198,3.606,4.702,82.187
0 days 01:59:18.640000,STR,18,78.926,41.0,2.0,,,False,SOFT,27.0,True,Aston Martin,1,15.0,True,5,Canadian Grand Prix,True,C5,True,1.856,2.408,4.716,6.355,2.205,2.874,80.867
0 days 02:00:40.368000,STR,18,81.728,42.0,2.0,,,False,SOFT,28.0,True,Aston Martin,1,15.0,True,5,Canadian Grand Prix,True,C5,True,4.658,6.044,7.518,10.131,5.218,6.82,83.718
0 days 02:02:11.339000,STR,18,90.971,43.0,2.0,,,False,SOFT,29.0,True,Aston Martin,16,15.0,False,5,Canadian Grand Prix,True,C5,False,13.901,18.037,16.761,22.586,14.529,19.007,93.009
0 days 02:03:34.184000,STR,18,82.845,44.0,2.0,,,False,SOFT,30.0,True,Aston Martin,671,15.0,False,5,Canadian Grand Prix,True,C5,False,5.775,7.493,8.635,11.636,5.572,7.211,84.932
0 days 02:04:55.096000,STR,18,80.912,45.0,2.0,,,False,SOFT,31.0,True,Aston Martin,1,15.0,True,5,Canadian Grand Prix,True,C5,True,3.842,4.985,6.702,9.031,-1.672,-2.025,83.047
0 days 02:06:15.438000,STR,18,80.342,46.0,2.0,,,False,SOFT,32.0,True,Aston Martin,1,15.0,True,5,Canadian Grand Prix,True,C5,True,3.272,4.245,6.132,8.263,1.116,1.409,82.526
0 days 02:07:36.725000,STR,18,81.287,47.0,2.0,,,False,SOFT,33.0,True,Aston Martin,1,15.0,True,5,Canadian Grand Prix,True,C5,True,4.217,5.472,7.077,9.536,4.497,5.856,83.519
0 days 02:08:57.257000,STR,18,80.532,48.0,2.0,,,False,SOFT,34.0,True,Aston Martin,1,15.0,True,5,Canadian Grand Prix,True,C5,True,3.462,4.492,6.322,8.519,3.951,5.159,82.813
0 days 02:10:34.144000,STR,18,96.887,49.0,2.0,,0 days 02:10:11.608000,False,SOFT,35.0,True,Aston Martin,16,15.0,False,5,Canadian Grand Prix,True,C5,False,19.817,25.713,22.677,30.558,20.364,26.612,99.216
0 days 02:12:19.824000,STR,18,105.68,50.0,3.0,0 days 02:10:35.733000,,False,MEDIUM,1.0,True,Aston Martin,67,15.0,False,5,Canadian Grand Prix,True,C4,False,28.61,37.122,31.47,42.407,29.574,38.859,108.058
0 days 02:13:41.848000,STR,18,82.024,51.0,3.0,,,False,MEDIUM,2.0,True,Aston Martin,71,15.0,False,5,Canadian Grand Prix,True,C4,False,4.954,6.428,7.814,10.53,0.438,0.537,84.45
0 days 02:15:02.693000,STR,18,80.845,52.0,3.0,,,False,MEDIUM,3.0,True,Aston Martin,1,15.0,True,5,Canadian Grand Prix,True,C4,True,3.775,4.898,6.635,8.941,-8.691,-9.707,83.32
0 days 02:16:22.302000,STR,18,79.609,53.0,3.0,,,False,MEDIUM,4.0,True,Aston Martin,1,15.0,True,5,Canadian Grand Prix,True,C4,True,2.539,3.294,5.399,7.275,-2.015,-2.469,82.133
0 days 02:17:41.462000,STR,18,79.16,54.0,3.0,,,False,MEDIUM,5.0,True,Aston Martin,1,15.0,True,5,Canadian Grand Prix,True,C4,True,2.09,2.712,4.95,6.67,1.78,2.3,81.732
0 days 02:19:01.608000,STR,18,80.146,55.0,3.0,,,False,MEDIUM,6.0,True,Aston Martin,1,15.0,True,5,Canadian Grand Prix,True,C4,True,3.076,3.991,5.936,7.999,3.598,4.7,82.767
0 days 02:20:24.149000,STR,18,82.541,56.0,3.0,,,False,MEDIUM,7.0,True,Aston Martin,1,15.0,True,5,Canadian Grand Prix,True,C4,True,5.471,7.099,8.331,11.226,6.509,8.561,85.21
0 days 02:21:44.946000,STR,18,80.797,57.0,3.0,,,False,MEDIUM,8.0,True,Aston Martin,1,15.0,True,5,Canadian Grand Prix,True,C4,True,3.727,4.836,6.587,8.876,4.671,6.136,83.515
0 days 02:23:04.082000,STR,18,79.136,58.0,3.0,,,False,MEDIUM,9.0,True,Aston Martin,12,15.0,True,5,Canadian Grand Prix,True,C4,False,2.066,2.681,4.926,6.638,2.732,3.576,81.902
0 days 02:24:22.959000,STR,18,78.877,59.0,3.0,,,False,MEDIUM,10.0,True,Aston Martin,1,15.0,True,5,Canadian Grand Prix,True,C4,True,1.807,2.345,4.667,6.289,2.729,3.584,81.692
0 days 02:25:42.371000,STR,18,79.412,60.0,3.0,,,False,MEDIUM,11.0,True,Aston Martin,1,15.0,True,5,Canadian Grand Prix,True,C4,True,2.342,3.039,5.202,7.01,3.241,4.255,82.275
0 days 02:27:01.383000,STR,18,79.012,61.0,3.0,,,False,MEDIUM,12.0,True,Aston Martin,1,15.0,True,5,Canadian Grand Prix,True,C4,True,1.942,2.52,4.802,6.471,2.736,3.587,81.924
0 days 02:28:20.818000,STR,18,79.435,62.0,3.0,,,False,MEDIUM,13.0,True,Aston Martin,1,15.0,True,5,Canadian Grand Prix,True,C4,True,2.365,3.069,5.225,7.041,3.092,4.05,82.395
0 days 02:29:40.067000,STR,18,79.249,63.0,3.0,,,False,MEDIUM,14.0,True,Aston Martin,1,15.0,True,5,Canadian Grand Prix,True,C4,True,2.179,2.827,5.039,6.79,2.963,3.884,82.258
0 days 02:31:06.699000,STR,18,86.632,64.0,3.0,,,False,MEDIUM,15.0,True,Aston Martin,1,15.0,True,5,Canadian Grand Prix,True,C4,True,9.562,12.407,12.422,16.739,10.321,13.525,89.689
0 days 01:04:11.707000,ALB,23,99.163,1.0,1.0,,,False,SOFT,1.0,True,Williams,1,19.0,False,5,Canadian Grand Prix,True,C5,False,22.093,28.666,24.953,33.625,4.585,4.848,99.163
0 days 01:05:37.221000,ALB,23,85.514,2.0,1.0,,,False,SOFT,2.0,True,Williams,1,14.0,True,5,Canadian Grand Prix,True,C5,True,8.444,10.956,11.304,15.232,2.832,3.425,85.563
0 days 01:07:00.025000,ALB,23,82.804,3.0,1.0,,,True,SOFT,3.0,True,Williams,1,13.0,True,5,Canadian Grand Prix,True,C5,True,5.734,7.44,8.594,11.581,1.81,2.235,82.901
0 days 01:08:20.392000,ALB,23,80.367,4.0,1.0,,,True,SOFT,4.0,True,Williams,1,13.0,True,5,Canadian Grand Prix,True,C5,True,3.297,4.278,6.157,8.297,-0.204,-0.253,80.513
0 days 01:09:39.451000,ALB,23,79.059,5.0,1.0,,,True,SOFT,5.0,True,Williams,1,13.0,True,5,Canadian Grand Prix,True,C5,True,1.989,2.581,4.849,6.534,-0.207,-0.261,79.253
0 days 01:10:58.984000,ALB,23,79.533,6.0,1.0,,,False,SOFT,6.0,True,Williams,1,12.0,True,5,Canadian Grand Prix,True,C5,True,2.463,3.196,5.323,7.173,0.476,0.602,79.776
0 days 01:12:17.622000,ALB,23,78.638,7.0,1.0,,,True,SOFT,7.0,True,Williams,1,12.0,True,5,Canadian Grand Prix,True,C5,True,1.568,2.035,4.428,5.967,0.095,0.121,78.929
0 days 01:13:36.839000,ALB,23,79.217,8.0,1.0,,,False,SOFT,8.0,True,Williams,1,12.0,True,5,Canadian Grand Prix,True,C5,True,2.147,2.786,5.007,6.747,1.071,1.371,79.557
0 days 01:14:54.480000,ALB,23,77.641,9.0,1.0,,,True,SOFT,9.0,True,Williams,1,12.0,True,5,Canadian Grand Prix,True,C5,True,0.571,0.741,3.431,4.623,-0.277,-0.356,78.029
0 days 01:16:11.976000,ALB,23,77.496,10.0,1.0,,,True,SOFT,10.0,True,Williams,1,12.0,True,5,Canadian Grand Prix,True,C5,True,0.426,0.553,3.286,4.428,-0.318,-0.409,77.933
0 days 01:17:29.197000,ALB,23,77.221,11.0,1.0,,,True,SOFT,11.0,True,Williams,1,12.0,True,5,Canadian Grand Prix,True,C5,True,0.151,0.196,3.011,4.057,-0.78,-1.0,77.706
0 days 01:19:59.197000,ALB,23,,12.0,1.0,,,True,SOFT,12.0,True,Williams,12,,False,5,Canadian Grand Prix,True,C5,False,,,,,,,
0 days 01:04:06.407000,HUL,27,93.863,1.0,1.0,,,False,INTERMEDIATE,1.0,True,Audi,1,10.0,False,5,Canadian Grand Prix,False,INTERMEDIATE,False,6.186,7.055,19.653,26.483,-0.715,-0.756,93.863
0 days 01:05:49.474000,HUL,27,103.067,2.0,1.0,,0 days 01:05:26.104000,False,INTERMEDIATE,2.0,True,Audi,1,18.0,False,5,Canadian Grand Prix,False,INTERMEDIATE,False,15.39,17.553,28.857,38.886,20.385,24.655,103.116
0 days 01:07:14.725000,HUL,27,85.251,3.0,2.0,0 days 01:05:51.080000,,False,SOFT,5.0,False,Audi,1,17.0,False,5,Canadian Grand Prix,True,C5,False,8.181,10.615,11.041,14.878,4.257,5.256,85.348
0 days 01:08:35.776000,HUL,27,81.051,4.0,2.0,,,False,SOFT,6.0,False,Audi,1,17.0,True,5,Canadian Grand Prix,True,C5,True,3.981,5.165,6.841,9.218,0.48,0.596,81.197
0 days 01:09:55.701000,HUL,27,79.925,5.0,2.0,,,True,SOFT,7.0,False,Audi,1,17.0,True,5,Canadian Grand Prix,True,C5,True,2.855,3.704,5.715,7.701,0.659,0.831,80.119
0 days 01:11:17.577000,HUL,27,81.876,6.0,2.0,,,False,SOFT,8.0,False,Audi,1,18.0,True,5,Canadian Grand Prix,True,C5,True,4.806,6.236,7.666,10.33,2.819,3.566,82.119
0 days 01:12:36.100000,HUL,27,78.523,7.0,2.0,,,True,SOFT,9.0,False,Audi,1,18.0,True,5,Canadian Grand Prix,True,C5,True,1.453,1.885,4.313,5.812,-0.02,-0.025,78.814
0 days 01:13:54.196000,HUL,27,78.096,8.0,2.0,,,True,SOFT,10.0,False,Audi,1,18.0,True,5,Canadian Grand Prix,True,C5,True,1.026,1.331,3.886,5.236,-0.05,-0.064,78.436
0 days 01:15:13.382000,HUL,27,79.186,9.0,2.0,,,False,SOFT,11.0,False,Audi,1,17.0,True,5,Canadian Grand Prix,True,C5,True,2.116,2.746,4.976,6.705,1.268,1.627,79.574
0 days 01:16:31.723000,HUL,27,78.341,10.0,2.0,,,False,SOFT,12.0,False,Audi,1,17.0,True,5,Canadian Grand Prix,True,C5,True,1.271,1.649,4.131,5.567,0.527,0.677,78.778
0 days 01:17:49.724000,HUL,27,78.001,11.0,2.0,,,True,SOFT,13.0,False,Audi,1,17.0,True,5,Canadian Grand Prix,True,C5,True,0.931,1.208,3.791,5.108,0.0,0.0,78.486
0 days 01:19:07.712000,HUL,27,77.988,12.0,2.0,,,True,SOFT,14.0,False,Audi,12,15.0,True,5,Canadian Grand Prix,True,C5,False,0.918,1.191,3.778,5.091,-0.196,-0.251,78.522
0 days 01:20:25.921000,HUL,27,78.209,13.0,2.0,,,False,SOFT,15.0,False,Audi,2,15.0,True,5,Canadian Grand Prix,True,C5,False,1.139,1.478,3.999,5.389,-0.07,-0.089,78.791
0 days 01:21:43.597000,HUL,27,77.676,14.0,2.0,,,True,SOFT,16.0,False,Audi,21,15.0,True,5,Canadian Grand Prix,True,C5,False,0.606,0.786,3.466,4.671,-0.022,-0.028,78.307
0 days 01:23:00.986000,HUL,27,77.389,15.0,2.0,,,True,SOFT,17.0,False,Audi,1,15.0,True,5,Canadian Grand Prix,True,C5,True,0.319,0.414,3.179,4.284,-0.12,-0.155,78.068
0 days 01:24:20.025000,HUL,27,79.039,16.0,2.0,,,False,SOFT,18.0,False,Audi,1,13.0,True,5,Canadian Grand Prix,True,C5,True,1.969,2.555,4.829,6.507,1.495,1.928,79.767
0 days 01:25:37.723000,HUL,27,77.698,17.0,2.0,,,False,SOFT,19.0,False,Audi,1,12.0,True,5,Canadian Grand Prix,True,C5,True,0.628,0.815,3.488,4.7,0.477,0.618,78.474
0 days 01:26:55.219000,HUL,27,77.496,18.0,2.0,,,False,SOFT,20.0,False,Audi,12,12.0,True,5,Canadian Grand Prix,True,C5,False,0.426,0.553,3.286,4.428,0.04,0.052,78.321
0 days 01:28:12.345000,HUL,27,77.126,19.0,2.0,,,True,SOFT,21.0,False,Audi,1,12.0,True,5,Canadian Grand Prix,True,C5,True,0.056,0.073,2.916,3.929,-0.293,-0.378,78.0
0 days 01:29:52.782000,HUL,27,100.437,20.0,2.0,,0 days 01:29:23.472000,False,SOFT,22.0,False,Audi,1,14.0,False,5,Canadian Grand Prix,True,C5,False,23.367,30.319,26.227,35.342,23.362,30.311,101.359
0 days 01:31:15.423000,HUL,27,82.641,21.0,3.0,0 days 01:29:54.422000,,False,MEDIUM,1.0,False,Audi,1,14.0,False,5,Canadian Grand Prix,True,C4,False,5.571,7.228,8.431,11.361,5.542,7.188,83.612
0 days 01:32:33.687000,HUL,27,78.264,22.0,3.0,,,False,MEDIUM,2.0,False,Audi,1,14.0,True,5,Canadian Grand Prix,True,C4,True,1.194,1.549,4.054,5.463,0.823,1.063,79.283
0 days 01:33:51.413000,HUL,27,77.726,23.0,3.0,,,False,MEDIUM,3.0,False,Audi,1,14.0,True,5,Canadian Grand Prix,True,C4,True,0.656,0.851,3.516,4.738,0.098,0.126,78.794
0 days 01:35:09.002000,HUL,27,77.589,24.0,3.0,,,False,MEDIUM,4.0,False,Audi,1,14.0,True,5,Canadian Grand Prix,True,C4,True,0.519,0.673,3.379,4.553,0.325,0.421,78.705
0 days 01:36:26.454000,HUL,27,77.452,25.0,3.0,,,False,MEDIUM,5.0,False,Audi,1,14.0,True,5,Canadian Grand Prix,True,C4,True,0.382,0.496,3.242,4.369,0.133,0.172,78.617
0 days 01:37:43.926000,HUL,27,77.472,26.0,3.0,,,False,MEDIUM,6.0,False,Audi,1,14.0,True,5,Canadian Grand Prix,True,C4,True,0.402,0.522,3.262,4.396,0.374,0.485,78.685
0 days 01:39:01.656000,HUL,27,77.73,27.0,3.0,,,False,MEDIUM,7.0,False,Audi,1,14.0,True,5,Canadian Grand Prix,True,C4,True,0.66,0.856,3.52,4.743,0.526,0.681,78.992
0 days 01:40:19.289000,HUL,27,77.633,28.0,3.0,,,False,MEDIUM,8.0,False,Audi,1,14.0,True,5,Canadian Grand Prix,True,C4,True,0.563,0.731,3.423,4.613,0.574,0.745,78.943
0 days 01:41:48.985000,HUL,27,89.696,29.0,3.0,,,False,MEDIUM,9.0,False,Audi,126,14.0,False,5,Canadian Grand Prix,True,C4,False,12.626,16.383,15.486,20.868,12.829,16.69,91.055
0 days 01:43:33.067000,HUL,27,104.082,30.0,3.0,,,False,MEDIUM,10.0,False,Audi,6,13.0,False,5,Canadian Grand Prix,True,C4,False,27.012,35.049,29.872,40.253,11.444,12.353,105.489
0 days 01:45:06.360000,HUL,27,93.293,31.0,3.0,,,False,MEDIUM,11.0,False,Audi,671,13.0,False,5,Canadian Grand Prix,True,C4,False,16.223,21.05,19.083,25.715,0.667,0.72,94.749
0 days 01:46:24.748000,HUL,27,78.388,32.0,3.0,,,False,MEDIUM,12.0,False,Audi,1,13.0,True,5,Canadian Grand Prix,True,C4,True,1.318,1.71,4.178,5.63,-1.117,-1.405,79.892
0 days 01:47:42.650000,HUL,27,77.902,33.0,3.0,,,False,MEDIUM,13.0,False,Audi,1,13.0,True,5,Canadian Grand Prix,True,C4,True,0.832,1.08,3.692,4.975,-0.615,-0.783,79.455
0 days 01:48:59.682000,HUL,27,77.032,34.0,3.0,,,True,MEDIUM,14.0,False,Audi,1,13.0,True,5,Canadian Grand Prix,True,C4,True,-0.038,-0.049,2.822,3.803,-0.378,-0.488,78.633
0 days 01:50:16.733000,HUL,27,77.051,35.0,3.0,,,False,MEDIUM,15.0,False,Audi,1,13.0,True,5,Canadian Grand Prix,True,C4,True,-0.019,-0.025,2.841,3.828,-0.063,-0.082,78.701
0 days 01:51:33.571000,HUL,27,76.838,36.0,3.0,,,True,MEDIUM,16.0,False,Audi,1,13.0,True,5,Canadian Grand Prix,True,C4,True,-0.232,-0.301,2.628,3.541,-0.003,-0.004,78.537
0 days 01:52:50.149000,HUL,27,76.578,37.0,3.0,,,True,MEDIUM,17.0,False,Audi,1,13.0,True,5,Canadian Grand Prix,True,C4,True,-0.492,-0.638,2.368,3.191,-0.1,-0.13,78.325
0 days 01:54:07.177000,HUL,27,77.028,38.0,3.0,,,False,MEDIUM,18.0,False,Audi,1,13.0,True,5,Canadian Grand Prix,True,C4,True,-0.042,-0.054,2.818,3.797,0.48,0.627,78.824
0 days 01:55:23.866000,HUL,27,76.689,39.0,3.0,,,False,MEDIUM,19.0,False,Audi,12,12.0,True,5,Canadian Grand Prix,True,C4,False,-0.381,-0.494,2.479,3.341,0.01,0.013,78.533
0 days 01:56:40.516000,HUL,27,76.65,40.0,3.0,,,False,MEDIUM,20.0,False,Audi,1,12.0,True,5,Canadian Grand Prix,True,C4,True,-0.42,-0.545,2.44,3.288,-0.038,-0.05,78.543
0 days 01:57:57.353000,HUL,27,76.837,41.0,3.0,,,False,MEDIUM,21.0,False,Audi,1,12.0,True,5,Canadian Grand Prix,True,C4,True,-0.233,-0.302,2.627,3.54,0.116,0.151,78.778
0 days 01:59:14.151000,HUL,27,76.798,42.0,3.0,,,False,MEDIUM,22.0,False,Audi,1,12.0,True,5,Canadian Grand Prix,True,C4,True,-0.272,-0.353,2.588,3.487,0.288,0.376,78.788
0 days 02:00:31.002000,HUL,27,76.851,43.0,3.0,,,False,MEDIUM,23.0,False,Audi,1,12.0,True,5,Canadian Grand Prix,True,C4,True,-0.219,-0.284,2.641,3.559,0.409,0.535,78.889
0 days 02:01:53.027000,HUL,27,82.025,44.0,3.0,,,False,MEDIUM,24.0,False,Audi,16,12.0,False,5,Canadian Grand Prix,True,C4,False,4.955,6.429,7.815,10.531,4.752,6.15,84.112
0 days 02:03:20.276000,HUL,27,87.249,45.0,3.0,,,False,MEDIUM,25.0,False,Audi,671,12.0,False,5,Canadian Grand Prix,True,C4,False,10.179,13.207,13.039,17.57,4.665,5.649,89.384
0 days 02:04:37.345000,HUL,27,77.069,46.0,3.0,,,False,MEDIUM,26.0,False,Audi,1,12.0,True,5,Canadian Grand Prix,True,C4,True,-0.001,-0.001,2.859,3.853,-2.157,-2.723,79.253
0 days 02:05:54.446000,HUL,27,77.101,47.0,3.0,,,False,MEDIUM,27.0,False,Audi,1,12.0,True,5,Canadian Grand Prix,True,C4,True,0.031,0.04,2.891,3.896,0.311,0.405,79.333
0 days 02:07:11.016000,HUL,27,76.57,48.0,3.0,,,True,MEDIUM,28.0,False,Audi,1,12.0,True,5,Canadian Grand Prix,True,C4,True,-0.5,-0.649,2.36,3.18,-0.011,-0.014,78.851
0 days 02:08:27.640000,HUL,27,76.624,49.0,3.0,,,False,MEDIUM,29.0,False,Audi,1,12.0,True,5,Canadian Grand Prix,True,C4,True,-0.446,-0.579,2.414,3.253,0.101,0.132,78.953
0 days 02:09:43.924000,HUL,27,76.284,50.0,3.0,,,True,MEDIUM,30.0,False,Audi,1,12.0,True,5,Canadian Grand Prix,True,C4,True,-0.786,-1.02,2.074,2.795,0.178,0.234,78.662
0 days 02:11:18.164000,HUL,27,94.24,51.0,3.0,,,False,MEDIUM,31.0,False,Audi,16,11.0,False,5,Canadian Grand Prix,True,C4,False,17.17,22.278,20.03,26.991,12.654,15.51,96.666
0 days 02:12:54,HUL,27,95.836,52.0,3.0,,,False,MEDIUM,32.0,False,Audi,671,11.0,False,5,Canadian Grand Prix,True,C4,False,18.766,24.349,21.626,29.142,6.3,7.036,98.311
0 days 02:14:11.497000,HUL,27,77.497,53.0,3.0,,,False,MEDIUM,33.0,False,Audi,1,11.0,True,5,Canadian Grand Prix,True,C4,True,0.427,0.554,3.287,4.429,-4.127,-5.056,80.021
0 days 02:15:28.576000,HUL,27,77.079,54.0,3.0,,,False,MEDIUM,34.0,False,Audi,1,11.0,True,5,Canadian Grand Prix,True,C4,True,0.009,0.012,2.869,3.866,-0.301,-0.389,79.651
0 days 02:16:45.034000,HUL,27,76.458,55.0,3.0,,,False,MEDIUM,35.0,False,Audi,1,11.0,True,5,Canadian Grand Prix,True,C4,True,-0.612,-0.794,2.248,3.029,-0.09,-0.118,79.079
0 days 02:18:01.544000,HUL,27,76.51,56.0,3.0,,,False,MEDIUM,36.0,False,Audi,1,11.0,True,5,Canadian Grand Prix,True,C4,True,-0.56,-0.727,2.3,3.099,0.478,0.629,79.179
0 days 02:19:17.819000,HUL,27,76.275,57.0,3.0,,,True,MEDIUM,37.0,False,Audi,1,11.0,True,5,Canadian Grand Prix,True,C4,True,-0.795,-1.032,2.065,2.783,0.149,0.196,78.993
0 days 02:20:34.876000,HUL,27,77.057,58.0,3.0,,,False,MEDIUM,38.0,False,Audi,1,11.0,True,5,Canadian Grand Prix,True,C4,True,-0.013,-0.017,2.847,3.836,0.653,0.855,79.823
0 days 02:21:51.205000,HUL,27,76.329,59.0,3.0,,,False,MEDIUM,39.0,False,Audi,1,11.0,True,5,Canadian Grand Prix,True,C4,True,-0.741,-0.961,2.119,2.855,0.181,0.238,79.144
0 days 02:23:16.911000,HUL,27,85.706,60.0,3.0,,,False,MEDIUM,40.0,False,Audi,12,11.0,True,5,Canadian Grand Prix,True,C4,False,8.636,11.205,11.496,15.491,9.535,12.518,88.569
0 days 02:24:33.796000,HUL,27,76.885,61.0,3.0,,,False,MEDIUM,41.0,False,Audi,1,11.0,True,5,Canadian Grand Prix,True,C4,True,-0.185,-0.24,2.675,3.605,0.609,0.798,79.797
0 days 02:25:52.239000,HUL,27,78.443,62.0,3.0,,,False,MEDIUM,42.0,False,Audi,1,11.0,True,5,Canadian Grand Prix,True,C4,True,1.373,1.781,4.233,5.704,2.1,2.751,81.403
0 days 02:27:09.259000,HUL,27,77.02,63.0,3.0,,,False,MEDIUM,43.0,False,Audi,1,11.0,True,5,Canadian Grand Prix,True,C4,True,-0.05,-0.065,2.81,3.787,0.734,0.962,80.029
0 days 02:28:26.445000,HUL,27,77.186,64.0,3.0,,,False,MEDIUM,44.0,False,Audi,1,12.0,True,5,Canadian Grand Prix,True,C4,True,0.116,0.151,2.976,4.01,0.875,1.147,80.243
0 days 02:29:42.898000,HUL,27,76.453,65.0,3.0,,,False,MEDIUM,45.0,False,Audi,1,12.0,True,5,Canadian Grand Prix,True,C4,True,-0.617,-0.801,2.243,3.023,0.132,0.173,79.559
0 days 02:31:02.484000,HUL,27,79.586,66.0,3.0,,,False,MEDIUM,46.0,False,Audi,1,12.0,True,5,Canadian Grand Prix,True,C4,True,2.516,3.265,5.376,7.244,3.078,4.023,82.74
0 days 01:04:02.468000,VER,3,89.924,1.0,1.0,,,False,SOFT,6.0,False,Red Bull Racing,1,5.0,False,5,Canadian Grand Prix,True,C5,False,12.854,16.678,15.714,21.175,-4.654,-4.921,89.924
0 days 01:05:22.744000,VER,3,80.276,2.0,1.0,,,True,SOFT,7.0,False,Red Bull Racing,1,4.0,True,5,Canadian Grand Prix,True,C5,True,3.206,4.16,6.066,8.174,-2.406,-2.91,80.325
0 days 01:06:42.361000,VER,3,79.617,3.0,1.0,,,True,SOFT,8.0,False,Red Bull Racing,1,4.0,True,5,Canadian Grand Prix,True,C5,True,2.547,3.305,5.407,7.286,-1.377,-1.7,79.714
0 days 01:08:00.195000,VER,3,77.834,4.0,1.0,,,True,SOFT,9.0,False,Red Bull Racing,1,4.0,True,5,Canadian Grand Prix,True,C5,True,0.764,0.991,3.624,4.883,-2.737,-3.397,77.98
0 days 01:09:17.416000,VER,3,77.221,5.0,1.0,,,True,SOFT,10.0,False,Red Bull Racing,1,4.0,True,5,Canadian Grand Prix,True,C5,True,0.151,0.196,3.011,4.057,-2.045,-2.58,77.415
0 days 01:10:34.622000,VER,3,77.206,6.0,1.0,,,True,SOFT,11.0,False,Red Bull Racing,1,4.0,True,5,Canadian Grand Prix,True,C5,True,0.136,0.176,2.996,4.037,-1.851,-2.341,77.449
0 days 01:11:51.296000,VER,3,76.674,7.0,1.0,,,True,SOFT,12.0,False,Red Bull Racing,1,4.0,True,5,Canadian Grand Prix,True,C5,True,-0.396,-0.514,2.464,3.32,-1.869,-2.38,76.965
0 days 01:13:07.872000,VER,3,76.576,8.0,1.0,,,True,SOFT,13.0,False,Red Bull Racing,1,4.0,True,5,Canadian Grand Prix,True,C5,True,-0.494,-0.641,2.366,3.188,-1.57,-2.009,76.916
0 days 01:14:24.676000,VER,3,76.804,9.0,1.0,,,False,SOFT,14.0,False,Red Bull Racing,1,3.0,True,5,Canadian Grand Prix,True,C5,True,-0.266,-0.345,2.594,3.495,-1.114,-1.43,77.192
0 days 01:15:41.135000,VER,3,76.459,10.0,1.0,,,True,SOFT,15.0,False,Red Bull Racing,1,3.0,True,5,Canadian Grand Prix,True,C5,True,-0.611,-0.793,2.249,3.031,-1.355,-1.741,76.896
0 days 01:16:57.632000,VER,3,76.497,11.0,1.0,,,False,SOFT,16.0,False,Red Bull Racing,1,3.0,True,5,Canadian Grand Prix,True,C5,True,-0.573,-0.743,2.287,3.082,-1.504,-1.928,76.982
0 days 01:18:13.984000,VER,3,76.352,12.0,1.0,,,True,SOFT,17.0,False,Red Bull Racing,1,3.0,True,5,Canadian Grand Prix,True,C5,True,-0.718,-0.932,2.142,2.886,-1.832,-2.343,76.886
0 days 01:19:30.516000,VER,3,76.532,13.0,1.0,,,False,SOFT,18.0,False,Red Bull Racing,12,3.0,True,5,Canadian Grand Prix,True,C5,False,-0.538,-0.698,2.322,3.129,-1.747,-2.232,77.114
0 days 01:20:46.888000,VER,3,76.372,14.0,1.0,,,False,SOFT,19.0,False,Red Bull Racing,21,3.0,True,5,Canadian Grand Prix,True,C5,False,-0.698,-0.906,2.162,2.913,-1.326,-1.707,77.003
0 days 01:22:03.062000,VER,3,76.174,15.0,1.0,,,True,SOFT,20.0,False,Red Bull Racing,1,3.0,True,5,Canadian Grand Prix,True,C5,True,-0.896,-1.163,1.964,2.647,-1.335,-1.722,76.853
0 days 01:23:19.194000,VER,3,76.132,16.0,1.0,,,True,SOFT,21.0,False,Red Bull Racing,1,3.0,True,5,Canadian Grand Prix,True,C5,True,-0.938,-1.217,1.922,2.59,-1.412,-1.821,76.86
0 days 01:24:35.282000,VER,3,76.088,17.0,1.0,,,True,SOFT,22.0,False,Red Bull Racing,1,3.0,True,5,Canadian Grand Prix,True,C5,True,-0.982,-1.274,1.878,2.531,-1.133,-1.467,76.864
0 days 01:25:51.288000,VER,3,76.006,18.0,1.0,,,True,SOFT,23.0,False,Red Bull Racing,1,3.0,True,5,Canadian Grand Prix,True,C5,True,-1.064,-1.381,1.796,2.42,-1.45,-1.872,76.831
0 days 01:27:07.491000,VER,3,76.203,19.0,1.0,,,False,SOFT,24.0,False,Red Bull Racing,12,3.0,True,5,Canadian Grand Prix,True,C5,False,-0.867,-1.125,1.993,2.686,-1.216,-1.571,77.077
0 days 01:28:23.671000,VER,3,76.18,20.0,1.0,,,False,SOFT,25.0,False,Red Bull Racing,1,3.0,True,5,Canadian Grand Prix,True,C5,True,-0.89,-1.155,1.97,2.655,-0.895,-1.161,77.102
0 days 01:29:40.415000,VER,3,76.744,21.0,1.0,,,False,SOFT,26.0,False,Red Bull Racing,1,3.0,True,5,Canadian Grand Prix,True,C5,True,-0.326,-0.423,2.534,3.415,-0.355,-0.46,77.715
0 days 01:30:56.252000,VER,3,75.837,22.0,1.0,,,True,SOFT,27.0,False,Red Bull Racing,1,3.0,True,5,Canadian Grand Prix,True,C5,True,-1.233,-1.6,1.627,2.192,-1.604,-2.071,76.856
0 days 01:32:12.514000,VER,3,76.262,23.0,1.0,,,False,SOFT,28.0,False,Red Bull Racing,1,3.0,True,5,Canadian Grand Prix,True,C5,True,-0.808,-1.048,2.052,2.765,-1.366,-1.76,77.33
0 days 01:33:29.385000,VER,3,76.871,24.0,1.0,,,False,SOFT,29.0,False,Red Bull Racing,1,3.0,True,5,Canadian Grand Prix,True,C5,True,-0.199,-0.258,2.661,3.586,-0.393,-0.509,77.987
0 days 01:34:45.808000,VER,3,76.423,25.0,1.0,,,False,SOFT,30.0,False,Red Bull Racing,1,3.0,True,5,Canadian Grand Prix,True,C5,True,-0.647,-0.839,2.213,2.982,-0.896,-1.159,77.588
0 days 01:36:02.143000,VER,3,76.335,26.0,1.0,,,False,SOFT,31.0,False,Red Bull Racing,1,3.0,True,5,Canadian Grand Prix,True,C5,True,-0.735,-0.954,2.125,2.863,-0.763,-0.99,77.548
0 days 01:37:18.405000,VER,3,76.262,27.0,1.0,,,False,SOFT,32.0,False,Red Bull Racing,1,3.0,True,5,Canadian Grand Prix,True,C5,True,-0.808,-1.048,2.052,2.765,-0.942,-1.22,77.524
0 days 01:38:34.506000,VER,3,76.101,28.0,1.0,,,False,SOFT,33.0,False,Red Bull Racing,1,3.0,True,5,Canadian Grand Prix,True,C5,True,-0.969,-1.257,1.891,2.548,-0.958,-1.243,77.411
0 days 01:39:50.761000,VER,3,76.255,29.0,1.0,,,False,SOFT,34.0,False,Red Bull Racing,1,3.0,True,5,Canadian Grand Prix,True,C5,True,-0.815,-1.057,2.045,2.756,-0.612,-0.796,77.614
0 days 01:41:06.771000,VER,3,76.01,30.0,1.0,,,False,SOFT,35.0,False,Red Bull Racing,12,2.0,True,5,Canadian Grand Prix,True,C5,False,-1.06,-1.375,1.8,2.426,-16.628,-17.949,77.417
0 days 01:43:05.873000,VER,3,119.102,31.0,1.0,,0 days 01:42:42.217000,False,SOFT,36.0,False,Red Bull Racing,26,2.0,False,5,Canadian Grand Prix,True,C5,False,42.032,54.537,44.892,60.493,26.476,28.584,120.558
0 days 01:44:46.215000,VER,3,100.342,32.0,2.0,0 days 01:43:07.502000,,False,MEDIUM,1.0,True,Red Bull Racing,671,2.0,False,5,Canadian Grand Prix,True,C4,False,23.272,30.196,26.132,35.214,20.837,26.208,101.846
0 days 01:46:04.535000,VER,3,78.32,33.0,2.0,,,False,MEDIUM,2.0,True,Red Bull Racing,1,2.0,True,5,Canadian Grand Prix,True,C4,True,1.25,1.622,4.11,5.538,-0.197,-0.251,79.873
0 days 01:47:21.595000,VER,3,77.06,34.0,2.0,,,False,MEDIUM,3.0,True,Red Bull Racing,1,2.0,True,5,Canadian Grand Prix,True,C4,True,-0.01,-0.013,2.85,3.84,-0.35,-0.452,78.661
0 days 01:48:38.025000,VER,3,76.43,35.0,2.0,,,False,MEDIUM,4.0,True,Red Bull Racing,1,2.0,True,5,Canadian Grand Prix,True,C4,True,-0.64,-0.83,2.22,2.992,-0.684,-0.887,78.08
0 days 01:49:54.595000,VER,3,76.57,36.0,2.0,,,False,MEDIUM,5.0,True,Red Bull Racing,1,2.0,True,5,Canadian Grand Prix,True,C4,True,-0.5,-0.649,2.36,3.18,-0.271,-0.353,78.269
0 days 01:51:10.130000,VER,3,75.535,37.0,2.0,,,True,MEDIUM,6.0,True,Red Bull Racing,1,2.0,True,5,Canadian Grand Prix,True,C4,True,-1.535,-1.992,1.325,1.785,-1.143,-1.491,77.282
0 days 01:52:25.820000,VER,3,75.69,38.0,2.0,,,False,MEDIUM,7.0,True,Red Bull Racing,1,2.0,True,5,Canadian Grand Prix,True,C4,True,-1.38,-1.791,1.48,1.994,-0.858,-1.121,77.486
0 days 01:53:41.455000,VER,3,75.635,39.0,2.0,,,False,MEDIUM,8.0,True,Red Bull Racing,1,2.0,True,5,Canadian Grand Prix,True,C4,True,-1.435,-1.862,1.425,1.92,-1.044,-1.362,77.479
0 days 01:54:57.051000,VER,3,75.596,40.0,2.0,,,False,MEDIUM,9.0,True,Red Bull Racing,12,2.0,True,5,Canadian Grand Prix,True,C4,False,-1.474,-1.913,1.386,1.868,-1.092,-1.424,77.489
0 days 01:56:12.669000,VER,3,75.618,41.0,2.0,,,False,MEDIUM,10.0,True,Red Bull Racing,1,2.0,True,5,Canadian Grand Prix,True,C4,True,-1.452,-1.884,1.408,1.897,-1.103,-1.438,77.559
0 days 01:57:28.084000,VER,3,75.415,42.0,2.0,,,True,MEDIUM,11.0,True,Red Bull Racing,1,2.0,True,5,Canadian Grand Prix,True,C4,True,-1.655,-2.147,1.205,1.624,-1.095,-1.431,77.405
0 days 01:58:43.471000,VER,3,75.387,43.0,2.0,,,True,MEDIUM,12.0,True,Red Bull Racing,1,2.0,True,5,Canadian Grand Prix,True,C4,True,-1.683,-2.184,1.177,1.586,-1.055,-1.38,77.425
0 days 01:59:58.976000,VER,3,75.505,44.0,2.0,,,False,MEDIUM,13.0,True,Red Bull Racing,1,2.0,True,5,Canadian Grand Prix,True,C4,True,-1.565,-2.031,1.295,1.745,-1.768,-2.288,77.592
0 days 02:01:14.198000,VER,3,75.222,45.0,2.0,,,True,MEDIUM,14.0,True,Red Bull Racing,1,2.0,True,5,Canadian Grand Prix,True,C4,True,-1.848,-2.398,1.012,1.364,-7.362,-8.915,77.357
0 days 02:02:46.542000,VER,3,92.344,46.0,2.0,,,False,MEDIUM,15.0,True,Red Bull Racing,167,2.0,False,5,Canadian Grand Prix,True,C4,False,15.274,19.818,18.134,24.436,13.118,16.558,94.528
0 days 02:04:02.018000,VER,3,75.476,47.0,2.0,,,False,MEDIUM,16.0,True,Red Bull Racing,1,2.0,True,5,Canadian Grand Prix,True,C4,True,-1.594,-2.068,1.266,1.706,-1.314,-1.711,77.708
0 days 02:05:17.470000,VER,3,75.452,48.0,2.0,,,False,MEDIUM,17.0,True,Red Bull Racing,1,2.0,True,5,Canadian Grand Prix,True,C4,True,-1.618,-2.099,1.242,1.674,-1.129,-1.474,77.733
0 days 02:06:33.005000,VER,3,75.535,49.0,2.0,,,False,MEDIUM,18.0,True,Red Bull Racing,1,2.0,True,5,Canadian Grand Prix,True,C4,True,-1.535,-1.992,1.325,1.785,-0.988,-1.291,77.864
0 days 02:07:48.026000,VER,3,75.021,50.0,2.0,,,True,MEDIUM,19.0,True,Red Bull Racing,1,2.0,True,5,Canadian Grand Prix,True,C4,True,-2.049,-2.659,0.811,1.093,-1.085,-1.426,77.399
0 days 02:09:03.520000,VER,3,75.494,51.0,2.0,,,False,MEDIUM,20.0,True,Red Bull Racing,1,2.0,True,5,Canadian Grand Prix,True,C4,True,-1.576,-2.045,1.284,1.73,-6.092,-7.467,77.92
0 days 02:10:22.126000,VER,3,78.606,52.0,2.0,,,False,MEDIUM,21.0,True,Red Bull Racing,16,2.0,False,5,Canadian Grand Prix,True,C4,False,1.536,1.993,4.396,5.924,-10.93,-12.207,81.081
0 days 02:12:06.460000,VER,3,104.334,53.0,2.0,,,False,MEDIUM,22.0,True,Red Bull Racing,6,2.0,False,5,Canadian Grand Prix,True,C4,False,27.264,35.376,30.124,40.593,22.71,27.823,106.858
0 days 02:13:27.964000,VER,3,81.504,54.0,2.0,,,False,MEDIUM,23.0,True,Red Bull Racing,671,2.0,False,5,Canadian Grand Prix,True,C4,False,4.434,5.753,7.294,9.829,4.124,5.33,84.076
0 days 02:14:43.417000,VER,3,75.453,55.0,2.0,,,False,MEDIUM,24.0,True,Red Bull Racing,1,2.0,True,5,Canadian Grand Prix,True,C4,True,-1.617,-2.098,1.243,1.675,-1.095,-1.43,78.074
0 days 02:15:58.976000,VER,3,75.559,56.0,2.0,,,False,MEDIUM,25.0,True,Red Bull Racing,1,2.0,True,5,Canadian Grand Prix,True,C4,True,-1.511,-1.961,1.349,1.818,-0.473,-0.622,78.228
0 days 02:17:14.926000,VER,3,75.95,57.0,2.0,,,False,MEDIUM,26.0,True,Red Bull Racing,1,2.0,True,5,Canadian Grand Prix,True,C4,True,-1.12,-1.453,1.74,2.345,-0.176,-0.231,78.668
0 days 02:18:30.262000,VER,3,75.336,58.0,2.0,,,False,MEDIUM,27.0,True,Red Bull Racing,1,2.0,True,5,Canadian Grand Prix,True,C4,True,-1.734,-2.25,1.126,1.517,-1.068,-1.398,78.102
0 days 02:19:45.053000,VER,3,74.791,59.0,2.0,,,True,MEDIUM,28.0,True,Red Bull Racing,1,2.0,True,5,Canadian Grand Prix,True,C4,True,-2.279,-2.957,0.581,0.783,-1.357,-1.782,77.606
0 days 02:20:59.907000,VER,3,74.854,60.0,2.0,,,False,MEDIUM,29.0,True,Red Bull Racing,1,2.0,True,5,Canadian Grand Prix,True,C4,True,-2.216,-2.875,0.644,0.868,-1.317,-1.729,77.717
0 days 02:22:15.004000,VER,3,75.097,61.0,2.0,,,False,MEDIUM,30.0,True,Red Bull Racing,12,2.0,True,5,Canadian Grand Prix,True,C4,False,-1.973,-2.56,0.887,1.195,-1.179,-1.546,78.009
0 days 02:23:30.567000,VER,3,75.563,62.0,2.0,,,False,MEDIUM,31.0,True,Red Bull Racing,1,3.0,True,5,Canadian Grand Prix,True,C4,True,-1.507,-1.955,1.353,1.823,-0.78,-1.022,78.523
0 days 02:24:45.720000,VER,3,75.153,63.0,2.0,,,False,MEDIUM,32.0,True,Red Bull Racing,1,3.0,True,5,Canadian Grand Prix,True,C4,True,-1.917,-2.487,0.943,1.271,-1.133,-1.485,78.162
0 days 02:26:00.956000,VER,3,75.236,64.0,2.0,,,False,MEDIUM,33.0,True,Red Bull Racing,1,3.0,True,5,Canadian Grand Prix,True,C4,True,-1.834,-2.38,1.026,1.383,-1.075,-1.409,78.293
0 days 02:27:15.379000,VER,3,74.423,65.0,2.0,,,True,MEDIUM,34.0,True,Red Bull Racing,1,3.0,True,5,Canadian Grand Prix,True,C4,True,-2.647,-3.435,0.213,0.287,-1.898,-2.487,77.529
0 days 02:28:30.086000,VER,3,74.707,66.0,2.0,,,False,MEDIUM,35.0,True,Red Bull Racing,1,3.0,True,5,Canadian Grand Prix,True,C4,True,-2.363,-3.066,0.497,0.67,-1.801,-2.354,77.861
0 days 02:29:45.180000,VER,3,75.094,67.0,2.0,,,False,MEDIUM,36.0,True,Red Bull Racing,1,3.0,True,5,Canadian Grand Prix,True,C4,True,-1.976,-2.564,0.884,1.191,-0.332,-0.44,78.297
0 days 02:30:59.578000,VER,3,74.398,68.0,2.0,,,True,MEDIUM,37.0,True,Red Bull Racing,1,3.0,True,5,Canadian Grand Prix,True,C4,True,-2.672,-3.467,0.188,0.253,-0.124,-0.166,77.649
0 days 01:04:05.766000,LAW,30,93.222,1.0,1.0,,,False,MEDIUM,1.0,True,Racing Bulls,1,9.0,False,5,Canadian Grand Prix,True,C4,False,16.152,20.958,19.012,25.619,-1.356,-1.434,93.222
0 days 01:05:28.448000,LAW,30,82.682,2.0,1.0,,,True,MEDIUM,2.0,True,Racing Bulls,1,8.0,True,5,Canadian Grand Prix,True,C4,True,5.612,7.282,8.472,11.416,0.0,0.0,82.731
0 days 01:06:49.768000,LAW,30,81.32,3.0,1.0,,,True,MEDIUM,3.0,True,Racing Bulls,1,8.0,True,5,Canadian Grand Prix,True,C4,True,4.25,5.514,7.11,9.581,0.326,0.402,81.417
0 days 01:08:09.893000,LAW,30,80.125,4.0,1.0,,,True,MEDIUM,4.0,True,Racing Bulls,1,8.0,True,5,Canadian Grand Prix,True,C4,True,3.055,3.964,5.915,7.971,-0.446,-0.554,80.271
0 days 01:09:29.391000,LAW,30,79.498,5.0,1.0,,,True,MEDIUM,5.0,True,Racing Bulls,1,8.0,True,5,Canadian Grand Prix,True,C4,True,2.428,3.15,5.288,7.126,0.232,0.293,79.692
0 days 01:10:48.261000,LAW,30,78.87,6.0,1.0,,,True,MEDIUM,6.0,True,Racing Bulls,1,8.0,True,5,Canadian Grand Prix,True,C4,True,1.8,2.336,4.66,6.279,-0.187,-0.237,79.113
0 days 01:12:07.005000,LAW,30,78.744,7.0,1.0,,,True,MEDIUM,7.0,True,Racing Bulls,1,8.0,True,5,Canadian Grand Prix,True,C4,True,1.674,2.172,4.534,6.11,0.201,0.256,79.035
0 days 01:13:25.151000,LAW,30,78.146,8.0,1.0,,,True,MEDIUM,8.0,True,Racing Bulls,1,8.0,True,5,Canadian Grand Prix,True,C4,True,1.076,1.396,3.936,5.304,0.0,0.0,78.486
0 days 01:14:43.469000,LAW,30,78.318,9.0,1.0,,,False,MEDIUM,9.0,True,Racing Bulls,1,8.0,True,5,Canadian Grand Prix,True,C4,True,1.248,1.619,4.108,5.536,0.4,0.513,78.706
0 days 01:16:01.637000,LAW,30,78.168,10.0,1.0,,,False,MEDIUM,10.0,True,Racing Bulls,1,8.0,True,5,Canadian Grand Prix,True,C4,True,1.098,1.425,3.958,5.334,0.354,0.455,78.605
0 days 01:17:20.495000,LAW,30,78.858,11.0,1.0,,,False,MEDIUM,11.0,True,Racing Bulls,1,8.0,True,5,Canadian Grand Prix,True,C4,True,1.788,2.32,4.648,6.263,0.857,1.099,79.343
0 days 01:18:38.679000,LAW,30,78.184,12.0,1.0,,,False,MEDIUM,12.0,True,Racing Bulls,12,8.0,True,5,Canadian Grand Prix,True,C4,False,1.114,1.445,3.974,5.355,0.0,0.0,78.718
0 days 01:19:57.063000,LAW,30,78.384,13.0,1.0,,,False,MEDIUM,13.0,True,Racing Bulls,2,8.0,True,5,Canadian Grand Prix,True,C4,False,1.314,1.705,4.174,5.625,0.105,0.134,78.966
0 days 01:21:15.377000,LAW,30,78.314,14.0,1.0,,,False,MEDIUM,14.0,True,Racing Bulls,21,8.0,True,5,Canadian Grand Prix,True,C4,False,1.244,1.614,4.104,5.53,0.616,0.793,78.945
0 days 01:22:33.266000,LAW,30,77.889,15.0,1.0,,,True,MEDIUM,15.0,True,Racing Bulls,1,8.0,True,5,Canadian Grand Prix,True,C4,True,0.819,1.063,3.679,4.958,0.38,0.49,78.568
0 days 01:23:51.067000,LAW,30,77.801,16.0,1.0,,,True,MEDIUM,16.0,True,Racing Bulls,1,8.0,True,5,Canadian Grand Prix,True,C4,True,0.731,0.948,3.591,4.839,0.257,0.331,78.529
0 days 01:25:08.647000,LAW,30,77.58,17.0,1.0,,,True,MEDIUM,17.0,True,Racing Bulls,1,8.0,True,5,Canadian Grand Prix,True,C4,True,0.51,0.662,3.37,4.541,0.359,0.465,78.356
0 days 01:26:26.196000,LAW,30,77.549,18.0,1.0,,,True,MEDIUM,18.0,True,Racing Bulls,12,8.0,True,5,Canadian Grand Prix,True,C4,False,0.479,0.622,3.339,4.499,0.093,0.12,78.374
0 days 01:27:43.749000,LAW,30,77.553,19.0,1.0,,,False,MEDIUM,19.0,True,Racing Bulls,1,8.0,True,5,Canadian Grand Prix,True,C4,True,0.483,0.627,3.343,4.505,0.134,0.173,78.427
0 days 01:29:01.625000,LAW,30,77.876,20.0,1.0,,,False,MEDIUM,20.0,True,Racing Bulls,1,8.0,True,5,Canadian Grand Prix,True,C4,True,0.806,1.046,3.666,4.94,0.801,1.039,78.798
0 days 01:30:19.467000,LAW,30,77.842,21.0,1.0,,,False,MEDIUM,21.0,True,Racing Bulls,1,8.0,True,5,Canadian Grand Prix,True,C4,True,0.772,1.002,3.632,4.894,0.743,0.964,78.813
0 days 01:31:36.951000,LAW,30,77.484,22.0,1.0,,,True,MEDIUM,22.0,True,Racing Bulls,1,8.0,True,5,Canadian Grand Prix,True,C4,True,0.414,0.537,3.274,4.412,0.043,0.056,78.503
0 days 01:32:54.579000,LAW,30,77.628,23.0,1.0,,,False,MEDIUM,23.0,True,Racing Bulls,1,8.0,True,5,Canadian Grand Prix,True,C4,True,0.558,0.724,3.418,4.606,0.0,0.0,78.696
0 days 01:34:12.042000,LAW,30,77.463,24.0,1.0,,,True,MEDIUM,24.0,True,Racing Bulls,1,8.0,True,5,Canadian Grand Prix,True,C4,True,0.393,0.51,3.253,4.384,0.199,0.258,78.579
0 days 01:35:29.795000,LAW,30,77.753,25.0,1.0,,,False,MEDIUM,25.0,True,Racing Bulls,1,8.0,True,5,Canadian Grand Prix,True,C4,True,0.683,0.886,3.543,4.774,0.434,0.561,78.918
0 days 01:36:47.364000,LAW,30,77.569,26.0,1.0,,,False,MEDIUM,26.0,True,Racing Bulls,1,8.0,True,5,Canadian Grand Prix,True,C4,True,0.499,0.647,3.359,4.526,0.471,0.611,78.782
0 days 01:38:04.747000,LAW,30,77.383,27.0,1.0,,,True,MEDIUM,27.0,True,Racing Bulls,1,8.0,True,5,Canadian Grand Prix,True,C4,True,0.313,0.406,3.173,4.276,0.179,0.232,78.645
0 days 01:39:22.280000,LAW,30,77.533,28.0,1.0,,,False,MEDIUM,28.0,True,Racing Bulls,1,8.0,True,5,Canadian Grand Prix,True,C4,True,0.463,0.601,3.323,4.478,0.474,0.615,78.843
0 days 01:40:39.545000,LAW,30,77.265,29.0,1.0,,,True,MEDIUM,29.0,True,Racing Bulls,12,8.0,True,5,Canadian Grand Prix,True,C4,False,0.195,0.253,3.055,4.117,0.398,0.518,78.624
0 days 01:42:30.863000,LAW,30,111.318,30.0,1.0,,0 days 01:42:08.207000,False,MEDIUM,30.0,True,Racing Bulls,26,7.0,False,5,Canadian Grand Prix,True,C4,False,34.248,44.438,37.108,50.004,18.68,20.165,112.725
0 days 01:44:19.095000,LAW,30,108.232,31.0,2.0,0 days 01:42:32.360000,,False,SOFT,1.0,True,Racing Bulls,67,7.0,False,5,Canadian Grand Prix,True,C5,False,31.162,40.433,34.022,45.846,15.606,16.848,109.688
0 days 01:45:40.343000,LAW,30,81.248,32.0,2.0,,,False,SOFT,2.0,True,Racing Bulls,71,7.0,False,5,Canadian Grand Prix,True,C5,False,4.178,5.421,7.038,9.484,1.743,2.192,82.752
0 days 01:46:58.776000,LAW,30,78.433,33.0,2.0,,,False,SOFT,3.0,True,Racing Bulls,1,7.0,True,5,Canadian Grand Prix,True,C5,True,1.363,1.769,4.223,5.691,-0.084,-0.107,79.986
0 days 01:48:16.953000,LAW,30,78.177,34.0,2.0,,,False,SOFT,4.0,True,Racing Bulls,1,7.0,True,5,Canadian Grand Prix,True,C5,True,1.107,1.436,3.967,5.346,0.767,0.991,79.778
0 days 01:49:34.323000,LAW,30,77.37,35.0,2.0,,,False,SOFT,5.0,True,Racing Bulls,1,7.0,True,5,Canadian Grand Prix,True,C5,True,0.3,0.389,3.16,4.258,0.256,0.332,79.02
0 days 01:50:51.167000,LAW,30,76.844,36.0,2.0,,,True,SOFT,6.0,True,Racing Bulls,1,7.0,True,5,Canadian Grand Prix,True,C5,True,-0.226,-0.293,2.634,3.549,0.003,0.004,78.543
0 days 01:52:08.141000,LAW,30,76.974,37.0,2.0,,,False,SOFT,7.0,True,Racing Bulls,1,7.0,True,5,Canadian Grand Prix,True,C5,True,-0.096,-0.125,2.764,3.725,0.296,0.386,78.721
0 days 01:53:25.134000,LAW,30,76.993,38.0,2.0,,,False,SOFT,8.0,True,Racing Bulls,1,7.0,True,5,Canadian Grand Prix,True,C5,True,-0.077,-0.1,2.783,3.75,0.445,0.581,78.789
0 days 01:54:42.326000,LAW,30,77.192,39.0,2.0,,,False,SOFT,9.0,True,Racing Bulls,12,7.0,True,5,Canadian Grand Prix,True,C5,False,0.122,0.158,2.982,4.018,0.513,0.669,79.036
0 days 01:55:59.798000,LAW,30,77.472,40.0,2.0,,,False,SOFT,10.0,True,Racing Bulls,1,7.0,True,5,Canadian Grand Prix,True,C5,True,0.402,0.522,3.262,4.396,0.784,1.022,79.365
0 days 01:57:16.807000,LAW,30,77.009,41.0,2.0,,,False,SOFT,11.0,True,Racing Bulls,1,7.0,True,5,Canadian Grand Prix,True,C5,True,-0.061,-0.079,2.799,3.772,0.288,0.375,78.95
0 days 01:58:33.525000,LAW,30,76.718,42.0,2.0,,,True,SOFT,12.0,True,Racing Bulls,1,7.0,True,5,Canadian Grand Prix,True,C5,True,-0.352,-0.457,2.508,3.38,0.208,0.272,78.708
0 days 01:59:50.123000,LAW,30,76.598,43.0,2.0,,,True,SOFT,13.0,True,Racing Bulls,1,7.0,True,5,Canadian Grand Prix,True,C5,True,-0.472,-0.612,2.388,3.218,0.156,0.204,78.636
0 days 02:01:06.809000,LAW,30,76.686,44.0,2.0,,,False,SOFT,14.0,True,Racing Bulls,1,7.0,True,5,Canadian Grand Prix,True,C5,True,-0.384,-0.498,2.476,3.336,-0.587,-0.76,78.773
0 days 02:02:40.369000,LAW,30,93.56,45.0,2.0,,,False,SOFT,15.0,True,Racing Bulls,167,7.0,False,5,Canadian Grand Prix,True,C5,False,16.49,21.396,19.35,26.075,10.976,13.291,95.695
0 days 02:03:58.708000,LAW,30,78.339,46.0,2.0,,,False,SOFT,16.0,True,Racing Bulls,1,7.0,True,5,Canadian Grand Prix,True,C5,True,1.269,1.647,4.129,5.564,-0.887,-1.12,80.523
0 days 02:05:15.593000,LAW,30,76.885,47.0,2.0,,,False,SOFT,17.0,True,Racing Bulls,1,7.0,True,5,Canadian Grand Prix,True,C5,True,-0.185,-0.24,2.675,3.605,0.095,0.124,79.117
0 days 02:06:32.446000,LAW,30,76.853,48.0,2.0,,,False,SOFT,18.0,True,Racing Bulls,1,7.0,True,5,Canadian Grand Prix,True,C5,True,-0.217,-0.282,2.643,3.562,0.272,0.355,79.134
0 days 02:07:51.642000,LAW,30,79.196,49.0,2.0,,,False,SOFT,19.0,True,Racing Bulls,1,7.0,True,5,Canadian Grand Prix,True,C5,True,2.126,2.759,4.986,6.719,2.673,3.493,81.525
0 days 02:09:07.788000,LAW,30,76.146,50.0,2.0,,,True,SOFT,20.0,True,Racing Bulls,1,7.0,True,5,Canadian Grand Prix,True,C5,True,-0.924,-1.199,1.936,2.609,0.04,0.053,78.524
0 days 02:10:29.614000,LAW,30,81.826,51.0,2.0,,,False,SOFT,21.0,True,Racing Bulls,16,7.0,False,5,Canadian Grand Prix,True,C5,False,4.756,6.171,7.616,10.263,0.24,0.294,84.252
0 days 02:12:12.263000,LAW,30,102.649,52.0,2.0,,,False,SOFT,22.0,True,Racing Bulls,67,7.0,False,5,Canadian Grand Prix,True,C5,False,25.579,33.189,28.439,38.322,13.113,14.646,105.124
0 days 02:13:34.883000,LAW,30,82.62,53.0,2.0,,,False,SOFT,23.0,True,Racing Bulls,71,7.0,False,5,Canadian Grand Prix,True,C5,False,5.55,7.201,8.41,11.333,0.996,1.22,85.144
0 days 02:14:51.214000,LAW,30,76.331,54.0,2.0,,,False,SOFT,24.0,True,Racing Bulls,1,7.0,True,5,Canadian Grand Prix,True,C5,True,-0.739,-0.959,2.121,2.858,-1.049,-1.356,78.903
0 days 02:16:07.294000,LAW,30,76.08,55.0,2.0,,,True,SOFT,25.0,True,Racing Bulls,1,7.0,True,5,Canadian Grand Prix,True,C5,True,-0.99,-1.285,1.87,2.52,-0.468,-0.611,78.701
0 days 02:17:23.234000,LAW,30,75.94,56.0,2.0,,,True,SOFT,26.0,True,Racing Bulls,1,7.0,True,5,Canadian Grand Prix,True,C5,True,-1.13,-1.466,1.73,2.331,-0.092,-0.121,78.609
0 days 02:18:39.040000,LAW,30,75.806,57.0,2.0,,,True,SOFT,27.0,True,Racing Bulls,1,7.0,True,5,Canadian Grand Prix,True,C5,True,-1.264,-1.64,1.596,2.151,-0.32,-0.42,78.524
0 days 02:19:55.143000,LAW,30,76.103,58.0,2.0,,,False,SOFT,28.0,True,Racing Bulls,1,7.0,True,5,Canadian Grand Prix,True,C5,True,-0.967,-1.255,1.893,2.551,-0.301,-0.394,78.869
0 days 02:21:10.747000,LAW,30,75.604,59.0,2.0,,,True,SOFT,29.0,True,Racing Bulls,1,7.0,True,5,Canadian Grand Prix,True,C5,True,-1.466,-1.902,1.394,1.878,-0.544,-0.714,78.419
0 days 02:22:26.899000,LAW,30,76.152,60.0,2.0,,,False,SOFT,30.0,True,Racing Bulls,12,7.0,True,5,Canadian Grand Prix,True,C5,False,-0.918,-1.191,1.942,2.617,-0.019,-0.025,79.015
0 days 02:23:42.880000,LAW,30,75.981,61.0,2.0,,,False,SOFT,31.0,True,Racing Bulls,1,7.0,True,5,Canadian Grand Prix,True,C5,True,-1.089,-1.413,1.771,2.386,-0.295,-0.387,78.893
0 days 02:24:58.897000,LAW,30,76.017,62.0,2.0,,,False,SOFT,32.0,True,Racing Bulls,1,7.0,True,5,Canadian Grand Prix,True,C5,True,-1.053,-1.366,1.807,2.435,-0.326,-0.427,78.977
0 days 02:26:14.953000,LAW,30,76.056,63.0,2.0,,,False,SOFT,33.0,True,Racing Bulls,1,7.0,True,5,Canadian Grand Prix,True,C5,True,-1.014,-1.316,1.846,2.488,-0.23,-0.301,79.065
0 days 02:27:31.807000,LAW,30,76.854,64.0,2.0,,,False,SOFT,34.0,True,Racing Bulls,1,7.0,True,5,Canadian Grand Prix,True,C5,True,-0.216,-0.28,2.644,3.563,0.543,0.712,79.911
0 days 02:28:49.669000,LAW,30,77.862,65.0,2.0,,,False,SOFT,35.0,True,Racing Bulls,1,7.0,True,5,Canadian Grand Prix,True,C5,True,0.792,1.028,3.652,4.921,1.541,2.019,80.968
0 days 02:30:06.110000,LAW,30,76.441,66.0,2.0,,,False,SOFT,36.0,True,Racing Bulls,1,7.0,True,5,Canadian Grand Prix,True,C5,True,-0.629,-0.816,2.231,3.006,-0.067,-0.088,79.595
0 days 02:31:22.537000,LAW,30,76.427,67.0,2.0,,,False,SOFT,37.0,True,Racing Bulls,1,7.0,True,5,Canadian Grand Prix,True,C5,True,-0.643,-0.834,2.217,2.987,1.001,1.327,79.63
0 days 01:04:09.306000,OCO,31,96.762,1.0,1.0,,,False,SOFT,1.0,True,Haas F1 Team,1,15.0,False,5,Canadian Grand Prix,True,C5,False,19.692,25.551,22.552,30.389,2.184,2.309,96.762
0 days 01:05:35.002000,OCO,31,85.696,2.0,1.0,,,True,SOFT,2.0,True,Haas F1 Team,1,12.0,True,5,Canadian Grand Prix,True,C5,True,8.626,11.192,11.486,15.478,3.014,3.645,85.745
0 days 01:06:56.687000,OCO,31,81.685,3.0,1.0,,,True,SOFT,3.0,True,Haas F1 Team,1,12.0,True,5,Canadian Grand Prix,True,C5,True,4.615,5.988,7.475,10.073,0.691,0.853,81.782
0 days 01:08:18.312000,OCO,31,81.625,4.0,1.0,,,True,SOFT,4.0,True,Haas F1 Team,1,12.0,True,5,Canadian Grand Prix,True,C5,True,4.555,5.91,7.415,9.992,1.054,1.308,81.771
0 days 01:09:39.020000,OCO,31,80.708,5.0,1.0,,,True,SOFT,5.0,True,Haas F1 Team,1,12.0,True,5,Canadian Grand Prix,True,C5,True,3.638,4.72,6.498,8.756,1.442,1.819,80.902
0 days 01:10:59.645000,OCO,31,80.625,6.0,1.0,,,True,SOFT,6.0,True,Haas F1 Team,1,13.0,True,5,Canadian Grand Prix,True,C5,True,3.555,4.613,6.415,8.644,1.568,1.983,80.868
0 days 01:12:23.171000,OCO,31,83.526,7.0,1.0,,,False,SOFT,7.0,True,Haas F1 Team,1,15.0,True,5,Canadian Grand Prix,True,C5,True,6.456,8.377,9.316,12.554,4.983,6.344,83.817
0 days 01:13:42.824000,OCO,31,79.653,8.0,1.0,,,True,SOFT,8.0,True,Haas F1 Team,1,15.0,True,5,Canadian Grand Prix,True,C5,True,2.583,3.351,5.443,7.335,1.507,1.928,79.993
0 days 01:15:01.926000,OCO,31,79.102,9.0,1.0,,,True,SOFT,9.0,True,Haas F1 Team,1,15.0,True,5,Canadian Grand Prix,True,C5,True,2.032,2.637,4.892,6.592,1.184,1.52,79.49
0 days 01:16:20.431000,OCO,31,78.505,10.0,1.0,,,True,SOFT,10.0,True,Haas F1 Team,1,15.0,True,5,Canadian Grand Prix,True,C5,True,1.435,1.862,4.295,5.788,0.691,0.888,78.942
0 days 01:17:39.432000,OCO,31,79.001,11.0,1.0,,,False,SOFT,11.0,True,Haas F1 Team,1,15.0,True,5,Canadian Grand Prix,True,C5,True,1.931,2.506,4.791,6.456,1.0,1.282,79.486
0 days 01:18:59.045000,OCO,31,79.613,12.0,1.0,,,False,SOFT,12.0,True,Haas F1 Team,12,13.0,True,5,Canadian Grand Prix,True,C5,False,2.543,3.3,5.403,7.281,1.429,1.828,80.147
0 days 01:20:18.589000,OCO,31,79.544,13.0,1.0,,,False,SOFT,13.0,True,Haas F1 Team,2,13.0,True,5,Canadian Grand Prix,True,C5,False,2.474,3.21,5.334,7.188,1.265,1.616,80.126
0 days 01:21:37.704000,OCO,31,79.115,14.0,1.0,,,False,SOFT,14.0,True,Haas F1 Team,21,14.0,True,5,Canadian Grand Prix,True,C5,False,2.045,2.653,4.905,6.61,1.417,1.824,79.746
0 days 01:22:57.387000,OCO,31,79.683,15.0,1.0,,,False,SOFT,15.0,True,Haas F1 Team,1,13.0,True,5,Canadian Grand Prix,True,C5,True,2.613,3.39,5.473,7.375,2.174,2.805,80.362
0 days 01:24:35.778000,OCO,31,98.391,16.0,1.0,,0 days 01:24:12.564000,False,SOFT,16.0,True,Haas F1 Team,1,16.0,False,5,Canadian Grand Prix,True,C5,False,21.321,27.664,24.181,32.585,20.847,26.884,99.119
0 days 01:26:00.940000,OCO,31,85.162,17.0,2.0,0 days 01:24:37.392000,,False,MEDIUM,1.0,True,Haas F1 Team,1,17.0,False,5,Canadian Grand Prix,True,C4,False,8.092,10.5,10.952,14.758,7.941,10.283,85.938
0 days 01:27:20.459000,OCO,31,79.519,18.0,2.0,,,False,MEDIUM,2.0,True,Haas F1 Team,12,17.0,True,5,Canadian Grand Prix,True,C4,False,2.449,3.178,5.309,7.154,2.063,2.663,80.344
0 days 01:28:39.844000,OCO,31,79.385,19.0,2.0,,,False,MEDIUM,3.0,True,Haas F1 Team,1,16.0,True,5,Canadian Grand Prix,True,C4,True,2.315,3.004,5.175,6.973,1.966,2.539,80.259
0 days 01:29:58.534000,OCO,31,78.69,20.0,2.0,,,False,MEDIUM,4.0,True,Haas F1 Team,1,16.0,True,5,Canadian Grand Prix,True,C4,True,1.62,2.102,4.48,6.037,1.615,2.095,79.612
0 days 01:31:17.142000,OCO,31,78.608,21.0,2.0,,,False,MEDIUM,5.0,True,Haas F1 Team,1,15.0,True,5,Canadian Grand Prix,True,C4,True,1.538,1.996,4.398,5.926,1.509,1.957,79.579
0 days 01:32:35.782000,OCO,31,78.64,22.0,2.0,,,False,MEDIUM,6.0,True,Haas F1 Team,1,15.0,True,5,Canadian Grand Prix,True,C4,True,1.57,2.037,4.43,5.97,1.199,1.548,79.659
0 days 01:33:54.069000,OCO,31,78.287,23.0,2.0,,,True,MEDIUM,7.0,True,Haas F1 Team,1,15.0,True,5,Canadian Grand Prix,True,C4,True,1.217,1.579,4.077,5.494,0.659,0.849,79.355
0 days 01:35:12.406000,OCO,31,78.337,24.0,2.0,,,False,MEDIUM,8.0,True,Haas F1 Team,1,15.0,True,5,Canadian Grand Prix,True,C4,True,1.267,1.644,4.127,5.561,1.073,1.389,79.453
0 days 01:36:30.978000,OCO,31,78.572,25.0,2.0,,,False,MEDIUM,9.0,True,Haas F1 Team,1,15.0,True,5,Canadian Grand Prix,True,C4,True,1.502,1.949,4.362,5.878,1.253,1.621,79.737
0 days 01:37:49.242000,OCO,31,78.264,26.0,2.0,,,True,MEDIUM,10.0,True,Haas F1 Team,1,15.0,True,5,Canadian Grand Prix,True,C4,True,1.194,1.549,4.054,5.463,1.166,1.512,79.477
0 days 01:39:08.378000,OCO,31,79.136,27.0,2.0,,,False,MEDIUM,11.0,True,Haas F1 Team,1,16.0,True,5,Canadian Grand Prix,True,C4,True,2.066,2.681,4.926,6.638,1.932,2.502,80.398
0 days 01:40:26.984000,OCO,31,78.606,28.0,2.0,,,False,MEDIUM,12.0,True,Haas F1 Team,1,16.0,True,5,Canadian Grand Prix,True,C4,True,1.536,1.993,4.396,5.924,1.547,2.008,79.916
0 days 01:42:01.124000,OCO,31,94.14,29.0,2.0,,,False,MEDIUM,13.0,True,Haas F1 Team,126,16.0,False,5,Canadian Grand Prix,True,C4,False,17.07,22.149,19.93,26.856,17.273,22.471,95.499
0 days 01:44:12.112000,OCO,31,130.988,30.0,2.0,,0 days 01:43:38.334000,False,MEDIUM,14.0,True,Haas F1 Team,6,15.0,False,5,Canadian Grand Prix,True,C4,False,53.918,69.96,56.778,76.51,38.35,41.398,132.395
0 days 01:45:40.388000,OCO,31,88.276,31.0,3.0,0 days 01:44:13.714000,,False,SOFT,1.0,True,Haas F1 Team,671,15.0,False,5,Canadian Grand Prix,True,C5,False,11.206,14.54,14.066,18.954,-4.35,-4.696,89.732
0 days 01:46:59.893000,OCO,31,79.505,32.0,3.0,,,False,SOFT,2.0,True,Haas F1 Team,1,15.0,True,5,Canadian Grand Prix,True,C5,True,2.435,3.159,5.295,7.135,0.0,0.0,81.009
0 days 01:48:18.209000,OCO,31,78.316,33.0,3.0,,,False,SOFT,3.0,True,Haas F1 Team,1,15.0,True,5,Canadian Grand Prix,True,C5,True,1.246,1.617,4.106,5.533,-0.201,-0.256,79.869
0 days 01:49:38.425000,OCO,31,80.216,34.0,3.0,,,False,SOFT,4.0,True,Haas F1 Team,1,15.0,True,5,Canadian Grand Prix,True,C5,True,3.146,4.082,6.006,8.093,2.806,3.625,81.817
0 days 01:50:55.684000,OCO,31,77.259,35.0,3.0,,,True,SOFT,5.0,True,Haas F1 Team,1,15.0,True,5,Canadian Grand Prix,True,C5,True,0.189,0.245,3.049,4.109,0.145,0.188,78.909
0 days 01:52:13.042000,OCO,31,77.358,36.0,3.0,,,False,SOFT,6.0,True,Haas F1 Team,1,15.0,True,5,Canadian Grand Prix,True,C5,True,0.288,0.374,3.148,4.242,0.517,0.673,79.057
0 days 01:53:30.634000,OCO,31,77.592,37.0,3.0,,,False,SOFT,7.0,True,Haas F1 Team,1,15.0,True,5,Canadian Grand Prix,True,C5,True,0.522,0.677,3.382,4.557,0.914,1.192,79.339
0 days 01:54:48.767000,OCO,31,78.133,38.0,3.0,,,False,SOFT,8.0,True,Haas F1 Team,12,16.0,True,5,Canadian Grand Prix,True,C5,False,1.063,1.379,3.923,5.286,1.585,2.071,79.929
0 days 01:56:09.004000,OCO,31,80.237,39.0,3.0,,,False,SOFT,9.0,True,Haas F1 Team,1,14.0,True,5,Canadian Grand Prix,True,C5,True,3.167,4.109,6.027,8.122,3.558,4.64,82.081
0 days 01:57:26.406000,OCO,31,77.402,40.0,3.0,,,False,SOFT,10.0,True,Haas F1 Team,1,15.0,True,5,Canadian Grand Prix,True,C5,True,0.332,0.431,3.192,4.301,0.714,0.931,79.295
0 days 01:58:44.989000,OCO,31,78.583,41.0,3.0,,,False,SOFT,11.0,True,Haas F1 Team,1,14.0,True,5,Canadian Grand Prix,True,C5,True,1.513,1.963,4.373,5.893,1.862,2.427,80.524
0 days 02:00:03.542000,OCO,31,78.553,42.0,3.0,,,False,SOFT,12.0,True,Haas F1 Team,1,14.0,True,5,Canadian Grand Prix,True,C5,True,1.483,1.924,4.343,5.852,2.043,2.67,80.543
0 days 02:01:20.217000,OCO,31,76.675,43.0,3.0,,,True,SOFT,13.0,True,Haas F1 Team,1,14.0,True,5,Canadian Grand Prix,True,C5,True,-0.395,-0.513,2.465,3.322,0.233,0.305,78.713
0 days 02:02:53.420000,OCO,31,93.203,44.0,3.0,,,False,SOFT,14.0,True,Haas F1 Team,167,14.0,False,5,Canadian Grand Prix,True,C5,False,16.133,20.933,18.993,25.594,15.93,20.615,95.29
0 days 02:04:11.173000,OCO,31,77.753,45.0,3.0,,,False,SOFT,15.0,True,Haas F1 Team,1,14.0,True,5,Canadian Grand Prix,True,C5,True,0.683,0.886,3.543,4.774,-4.831,-5.85,79.888
0 days 02:05:30.027000,OCO,31,78.854,46.0,3.0,,,False,SOFT,16.0,True,Haas F1 Team,1,14.0,True,5,Canadian Grand Prix,True,C5,True,1.784,2.315,4.644,6.258,-0.372,-0.47,81.038
0 days 02:06:49.772000,OCO,31,79.745,47.0,3.0,,,False,SOFT,17.0,True,Haas F1 Team,1,14.0,True,5,Canadian Grand Prix,True,C5,True,2.675,3.471,5.535,7.459,2.955,3.848,81.977
0 days 02:08:08.723000,OCO,31,78.951,48.0,3.0,,,False,SOFT,18.0,True,Haas F1 Team,1,14.0,True,5,Canadian Grand Prix,True,C5,True,1.881,2.441,4.741,6.389,2.37,3.095,81.232
0 days 02:09:26.037000,OCO,31,77.314,49.0,3.0,,,False,SOFT,19.0,True,Haas F1 Team,1,14.0,True,5,Canadian Grand Prix,True,C5,True,0.244,0.317,3.104,4.183,0.791,1.034,79.643
0 days 02:10:58.569000,OCO,31,92.532,50.0,3.0,,,False,SOFT,20.0,True,Haas F1 Team,16,14.0,False,5,Canadian Grand Prix,True,C5,False,15.462,20.062,18.322,24.689,16.426,21.583,94.91
0 days 02:12:37.149000,OCO,31,98.58,51.0,3.0,,,False,SOFT,21.0,True,Haas F1 Team,671,14.0,False,5,Canadian Grand Prix,True,C5,False,21.51,27.91,24.37,32.839,16.994,20.83,101.006
0 days 02:13:57.624000,OCO,31,80.475,52.0,3.0,,,False,SOFT,22.0,True,Haas F1 Team,1,14.0,True,5,Canadian Grand Prix,True,C5,True,3.405,4.418,6.265,8.442,-9.061,-10.12,82.95
0 days 02:15:15.964000,OCO,31,78.34,53.0,3.0,,,False,SOFT,23.0,True,Haas F1 Team,1,14.0,True,5,Canadian Grand Prix,True,C5,True,1.27,1.648,4.13,5.565,-3.284,-4.023,80.864
0 days 02:16:32.942000,OCO,31,76.978,54.0,3.0,,,False,SOFT,24.0,True,Haas F1 Team,1,14.0,True,5,Canadian Grand Prix,True,C5,True,-0.092,-0.119,2.768,3.73,-0.402,-0.52,79.55
0 days 02:17:51.326000,OCO,31,78.384,55.0,3.0,,,False,SOFT,25.0,True,Haas F1 Team,1,14.0,True,5,Canadian Grand Prix,True,C5,True,1.314,1.705,4.174,5.625,1.836,2.398,81.005
0 days 02:19:08.050000,OCO,31,76.724,56.0,3.0,,,False,SOFT,26.0,True,Haas F1 Team,1,14.0,True,5,Canadian Grand Prix,True,C5,True,-0.346,-0.449,2.514,3.388,0.692,0.91,79.393
0 days 02:20:24.962000,OCO,31,76.912,57.0,3.0,,,False,SOFT,27.0,True,Haas F1 Team,1,14.0,True,5,Canadian Grand Prix,True,C5,True,-0.158,-0.205,2.702,3.641,0.786,1.032,79.63
0 days 02:21:41.876000,OCO,31,76.914,58.0,3.0,,,False,SOFT,28.0,True,Haas F1 Team,1,14.0,True,5,Canadian Grand Prix,True,C5,True,-0.156,-0.202,2.704,3.644,0.51,0.668,79.68
0 days 02:22:58.758000,OCO,31,76.882,59.0,3.0,,,False,SOFT,29.0,True,Haas F1 Team,12,14.0,True,5,Canadian Grand Prix,True,C5,False,-0.188,-0.244,2.672,3.601,0.734,0.964,79.697
0 days 02:24:15.523000,OCO,31,76.765,60.0,3.0,,,False,SOFT,30.0,True,Haas F1 Team,1,14.0,True,5,Canadian Grand Prix,True,C5,True,-0.305,-0.396,2.555,3.443,0.594,0.78,79.628
0 days 02:25:33.039000,OCO,31,77.516,61.0,3.0,,,False,SOFT,31.0,True,Haas F1 Team,1,14.0,True,5,Canadian Grand Prix,True,C5,True,0.446,0.579,3.306,4.455,1.24,1.626,80.428
0 days 02:26:50.031000,OCO,31,76.992,62.0,3.0,,,False,SOFT,32.0,True,Haas F1 Team,1,14.0,True,5,Canadian Grand Prix,True,C5,True,-0.078,-0.101,2.782,3.749,0.649,0.85,79.952
0 days 02:28:06.867000,OCO,31,76.836,63.0,3.0,,,False,SOFT,33.0,True,Haas F1 Team,1,14.0,True,5,Canadian Grand Prix,True,C5,True,-0.234,-0.304,2.626,3.539,0.55,0.721,79.845
0 days 02:29:23.444000,OCO,31,76.577,64.0,3.0,,,True,SOFT,34.0,True,Haas F1 Team,1,14.0,True,5,Canadian Grand Prix,True,C5,True,-0.493,-0.64,2.367,3.19,0.266,0.349,79.634
0 days 02:30:40.183000,OCO,31,76.739,65.0,3.0,,,False,SOFT,35.0,True,Haas F1 Team,1,14.0,True,5,Canadian Grand Prix,True,C5,True,-0.331,-0.429,2.529,3.408,0.418,0.548,79.845
0 days 02:31:56.937000,OCO,31,76.754,66.0,3.0,,,False,SOFT,36.0,True,Haas F1 Team,1,14.0,True,5,Canadian Grand Prix,True,C5,True,-0.316,-0.41,2.544,3.428,0.246,0.322,79.908
0 days 01:03:58.725000,LIN,41,,1.0,1.0,,,False,MEDIUM,1.0,True,Racing Bulls,1,,False,5,Canadian Grand Prix,True,C4,False,,,,,,,
0 days 01:04:05.219000,COL,43,92.675,1.0,1.0,,,False,MEDIUM,1.0,True,Alpine,1,8.0,False,5,Canadian Grand Prix,True,C4,False,15.605,20.248,18.465,24.882,-1.903,-2.012,92.675
0 days 01:05:27.444000,COL,43,82.225,2.0,1.0,,,True,MEDIUM,2.0,True,Alpine,1,7.0,True,5,Canadian Grand Prix,True,C4,True,5.155,6.689,8.015,10.8,-0.457,-0.553,82.274
0 days 01:06:48.438000,COL,43,80.994,3.0,1.0,,,True,MEDIUM,3.0,True,Alpine,1,7.0,True,5,Canadian Grand Prix,True,C4,True,3.924,5.091,6.784,9.142,0.0,0.0,81.091
0 days 01:08:08.481000,COL,43,80.043,4.0,1.0,,,True,MEDIUM,4.0,True,Alpine,1,7.0,True,5,Canadian Grand Prix,True,C4,True,2.973,3.858,5.833,7.86,-0.528,-0.655,80.189
0 days 01:09:27.457000,COL,43,78.976,5.0,1.0,,,True,MEDIUM,5.0,True,Alpine,1,7.0,True,5,Canadian Grand Prix,True,C4,True,1.906,2.473,4.766,6.422,-0.29,-0.366,79.17
0 days 01:10:46.322000,COL,43,78.865,6.0,1.0,,,True,MEDIUM,6.0,True,Alpine,1,7.0,True,5,Canadian Grand Prix,True,C4,True,1.795,2.329,4.655,6.273,-0.192,-0.243,79.108
0 days 01:12:04.865000,COL,43,78.543,7.0,1.0,,,True,MEDIUM,7.0,True,Alpine,1,7.0,True,5,Canadian Grand Prix,True,C4,True,1.473,1.911,4.333,5.839,0.0,0.0,78.834
0 days 01:13:23.152000,COL,43,78.287,8.0,1.0,,,True,MEDIUM,8.0,True,Alpine,1,7.0,True,5,Canadian Grand Prix,True,C4,True,1.217,1.579,4.077,5.494,0.141,0.18,78.627
0 days 01:14:41.460000,COL,43,78.308,9.0,1.0,,,False,MEDIUM,9.0,True,Alpine,1,7.0,True,5,Canadian Grand Prix,True,C4,True,1.238,1.606,4.098,5.522,0.39,0.501,78.696
0 days 01:15:59.464000,COL,43,78.004,10.0,1.0,,,True,MEDIUM,10.0,True,Alpine,1,7.0,True,5,Canadian Grand Prix,True,C4,True,0.934,1.212,3.794,5.113,0.19,0.244,78.441
0 days 01:17:17.681000,COL,43,78.217,11.0,1.0,,,False,MEDIUM,11.0,True,Alpine,1,7.0,True,5,Canadian Grand Prix,True,C4,True,1.147,1.488,4.007,5.4,0.216,0.277,78.702
0 days 01:18:35.383000,COL,43,77.702,12.0,1.0,,,True,MEDIUM,12.0,True,Alpine,12,7.0,True,5,Canadian Grand Prix,True,C4,False,0.632,0.82,3.492,4.706,-0.482,-0.616,78.236
0 days 01:19:53.712000,COL,43,78.329,13.0,1.0,,,False,MEDIUM,13.0,True,Alpine,2,7.0,True,5,Canadian Grand Prix,True,C4,False,1.259,1.634,4.119,5.55,0.05,0.064,78.911
0 days 01:21:11.540000,COL,43,77.828,14.0,1.0,,,False,MEDIUM,14.0,True,Alpine,21,7.0,True,5,Canadian Grand Prix,True,C4,False,0.758,0.984,3.618,4.875,0.13,0.167,78.459
0 days 01:22:29.022000,COL,43,77.482,15.0,1.0,,,True,MEDIUM,15.0,True,Alpine,1,7.0,True,5,Canadian Grand Prix,True,C4,True,0.412,0.535,3.272,4.409,-0.027,-0.035,78.161
0 days 01:23:46.314000,COL,43,77.292,16.0,1.0,,,True,MEDIUM,16.0,True,Alpine,1,7.0,True,5,Canadian Grand Prix,True,C4,True,0.222,0.288,3.082,4.153,-0.252,-0.325,78.02
0 days 01:25:03.452000,COL,43,77.138,17.0,1.0,,,True,MEDIUM,17.0,True,Alpine,1,7.0,True,5,Canadian Grand Prix,True,C4,True,0.068,0.088,2.928,3.946,-0.083,-0.107,77.914
0 days 01:26:20.467000,COL,43,77.015,18.0,1.0,,,True,MEDIUM,18.0,True,Alpine,1,7.0,True,5,Canadian Grand Prix,True,C4,True,-0.055,-0.071,2.805,3.78,-0.441,-0.569,77.84
0 days 01:27:37.831000,COL,43,77.364,19.0,1.0,,,False,MEDIUM,19.0,True,Alpine,12,7.0,True,5,Canadian Grand Prix,True,C4,False,0.294,0.381,3.154,4.25,-0.055,-0.071,78.238
0 days 01:28:54.849000,COL,43,77.018,20.0,1.0,,,False,MEDIUM,20.0,True,Alpine,1,7.0,True,5,Canadian Grand Prix,True,C4,True,-0.052,-0.067,2.808,3.784,-0.057,-0.074,77.94
0 days 01:30:11.712000,COL,43,76.863,21.0,1.0,,,True,MEDIUM,21.0,True,Alpine,1,7.0,True,5,Canadian Grand Prix,True,C4,True,-0.207,-0.269,2.653,3.575,-0.236,-0.306,77.834
0 days 01:31:28.847000,COL,43,77.135,22.0,1.0,,,False,MEDIUM,22.0,True,Alpine,1,7.0,True,5,Canadian Grand Prix,True,C4,True,0.065,0.084,2.925,3.942,-0.306,-0.395,78.154
0 days 01:32:45.918000,COL,43,77.071,23.0,1.0,,,False,MEDIUM,23.0,True,Alpine,1,7.0,True,5,Canadian Grand Prix,True,C4,True,0.001,0.001,2.861,3.855,-0.557,-0.718,78.139
0 days 01:34:02.746000,COL,43,76.828,24.0,1.0,,,True,MEDIUM,24.0,True,Alpine,1,7.0,True,5,Canadian Grand Prix,True,C4,True,-0.242,-0.314,2.618,3.528,-0.436,-0.564,77.944
0 days 01:35:19.832000,COL,43,77.086,25.0,1.0,,,False,MEDIUM,25.0,True,Alpine,1,7.0,True,5,Canadian Grand Prix,True,C4,True,0.016,0.021,2.876,3.875,-0.233,-0.301,78.251
0 days 01:36:36.934000,COL,43,77.102,26.0,1.0,,,False,MEDIUM,26.0,True,Alpine,1,7.0,True,5,Canadian Grand Prix,True,C4,True,0.032,0.042,2.892,3.897,0.004,0.005,78.315
0 days 01:37:54.408000,COL,43,77.474,27.0,1.0,,,False,MEDIUM,27.0,True,Alpine,1,7.0,True,5,Canadian Grand Prix,True,C4,True,0.404,0.524,3.264,4.398,0.27,0.35,78.736
0 days 01:39:11.473000,COL,43,77.065,28.0,1.0,,,False,MEDIUM,28.0,True,Alpine,1,7.0,True,5,Canadian Grand Prix,True,C4,True,-0.005,-0.006,2.855,3.847,0.006,0.008,78.375
0 days 01:40:28.178000,COL,43,76.705,29.0,1.0,,,True,MEDIUM,29.0,True,Alpine,1,7.0,True,5,Canadian Grand Prix,True,C4,True,-0.365,-0.474,2.495,3.362,-0.162,-0.211,78.064
0 days 01:42:17.125000,COL,43,108.947,30.0,1.0,,0 days 01:41:53.114000,False,MEDIUM,30.0,True,Alpine,126,6.0,False,5,Canadian Grand Prix,True,C4,False,31.877,41.361,34.737,46.809,16.309,17.605,110.354
0 days 01:44:02.462000,COL,43,105.337,31.0,2.0,0 days 01:42:18.680000,,False,HARD,1.0,True,Alpine,6,6.0,False,5,Canadian Grand Prix,True,C3,False,28.267,36.677,31.127,41.944,12.711,13.723,106.793
0 days 01:45:28.975000,COL,43,86.513,32.0,2.0,,,False,HARD,2.0,True,Alpine,671,6.0,False,5,Canadian Grand Prix,True,C3,False,9.443,12.252,12.303,16.579,7.008,8.815,88.017
0 days 01:46:47.772000,COL,43,78.797,33.0,2.0,,,False,HARD,3.0,True,Alpine,1,6.0,True,5,Canadian Grand Prix,True,C3,True,1.727,2.241,4.587,6.181,0.28,0.357,80.35
0 days 01:48:05.594000,COL,43,77.822,34.0,2.0,,,False,HARD,4.0,True,Alpine,1,6.0,True,5,Canadian Grand Prix,True,C3,True,0.752,0.976,3.612,4.867,0.412,0.532,79.423
0 days 01:49:22.929000,COL,43,77.335,35.0,2.0,,,False,HARD,5.0,True,Alpine,1,6.0,True,5,Canadian Grand Prix,True,C3,True,0.265,0.344,3.125,4.211,0.221,0.287,78.985
0 days 01:50:40.168000,COL,43,77.239,36.0,2.0,,,False,HARD,6.0,True,Alpine,1,6.0,True,5,Canadian Grand Prix,True,C3,True,0.169,0.219,3.029,4.082,0.398,0.518,78.938
0 days 01:51:56.840000,COL,43,76.672,37.0,2.0,,,True,HARD,7.0,True,Alpine,1,6.0,True,5,Canadian Grand Prix,True,C3,True,-0.398,-0.516,2.462,3.318,-0.006,-0.008,78.419
0 days 01:53:13.386000,COL,43,76.546,38.0,2.0,,,True,HARD,8.0,True,Alpine,1,6.0,True,5,Canadian Grand Prix,True,C3,True,-0.524,-0.68,2.336,3.148,-0.002,-0.003,78.342
0 days 01:54:30.065000,COL,43,76.679,39.0,2.0,,,False,HARD,9.0,True,Alpine,12,6.0,True,5,Canadian Grand Prix,True,C3,False,-0.391,-0.507,2.469,3.327,0.0,0.0,78.523
0 days 01:55:46.944000,COL,43,76.879,40.0,2.0,,,False,HARD,10.0,True,Alpine,1,6.0,True,5,Canadian Grand Prix,True,C3,True,-0.191,-0.248,2.669,3.597,0.191,0.249,78.772
0 days 01:57:03.734000,COL,43,76.79,41.0,2.0,,,False,HARD,11.0,True,Alpine,1,6.0,True,5,Canadian Grand Prix,True,C3,True,-0.28,-0.363,2.58,3.477,0.069,0.09,78.731
0 days 01:58:20.352000,COL,43,76.618,42.0,2.0,,,False,HARD,12.0,True,Alpine,1,6.0,True,5,Canadian Grand Prix,True,C3,True,-0.452,-0.586,2.408,3.245,0.108,0.141,78.608
0 days 01:59:37.278000,COL,43,76.926,43.0,2.0,,,False,HARD,13.0,True,Alpine,1,6.0,True,5,Canadian Grand Prix,True,C3,True,-0.144,-0.187,2.716,3.66,0.484,0.633,78.964
0 days 02:00:53.527000,COL,43,76.249,44.0,2.0,,,True,HARD,14.0,True,Alpine,1,6.0,True,5,Canadian Grand Prix,True,C3,True,-0.821,-1.065,2.039,2.748,-1.024,-1.325,78.336
0 days 02:02:23.850000,COL,43,90.323,45.0,2.0,,,False,HARD,15.0,True,Alpine,167,6.0,False,5,Canadian Grand Prix,True,C3,False,13.253,17.196,16.113,21.713,7.739,9.371,92.458
0 days 02:03:43.447000,COL,43,79.597,46.0,2.0,,,False,HARD,16.0,True,Alpine,71,6.0,False,5,Canadian Grand Prix,True,C3,False,2.527,3.279,5.387,7.259,0.371,0.468,81.781
0 days 02:05:00.068000,COL,43,76.621,47.0,2.0,,,False,HARD,17.0,True,Alpine,1,6.0,True,5,Canadian Grand Prix,True,C3,True,-0.449,-0.583,2.411,3.249,-0.169,-0.22,78.853
0 days 02:06:16.678000,COL,43,76.61,48.0,2.0,,,False,HARD,18.0,True,Alpine,1,6.0,True,5,Canadian Grand Prix,True,C3,True,-0.46,-0.597,2.4,3.234,0.029,0.038,78.891
0 days 02:07:33.215000,COL,43,76.537,49.0,2.0,,,False,HARD,19.0,True,Alpine,1,6.0,True,5,Canadian Grand Prix,True,C3,True,-0.533,-0.692,2.327,3.136,0.014,0.018,78.866
0 days 02:08:49.525000,COL,43,76.31,50.0,2.0,,,False,HARD,20.0,True,Alpine,1,6.0,True,5,Canadian Grand Prix,True,C3,True,-0.76,-0.986,2.1,2.83,0.204,0.268,78.688
0 days 02:10:05.778000,COL,43,76.253,51.0,2.0,,,False,HARD,21.0,True,Alpine,1,6.0,True,5,Canadian Grand Prix,True,C3,True,-0.817,-1.06,2.043,2.753,-5.333,-6.537,78.679
0 days 02:11:48.722000,COL,43,102.944,52.0,2.0,,,False,HARD,22.0,True,Alpine,16,6.0,False,5,Canadian Grand Prix,True,C3,False,25.874,33.572,28.734,38.72,13.408,14.975,105.419
0 days 02:13:16.088000,COL,43,87.366,53.0,2.0,,,False,HARD,23.0,True,Alpine,671,6.0,False,5,Canadian Grand Prix,True,C3,False,10.296,13.359,13.156,17.728,5.742,7.035,89.89
0 days 02:14:33.765000,COL,43,77.677,54.0,2.0,,,False,HARD,24.0,True,Alpine,1,6.0,True,5,Canadian Grand Prix,True,C3,True,0.607,0.788,3.467,4.672,0.297,0.384,80.249
0 days 02:15:50.574000,COL,43,76.809,55.0,2.0,,,False,HARD,25.0,True,Alpine,1,6.0,True,5,Canadian Grand Prix,True,C3,True,-0.261,-0.339,2.599,3.502,0.261,0.341,79.43
0 days 02:17:08.504000,COL,43,77.93,56.0,2.0,,,False,HARD,26.0,True,Alpine,1,6.0,True,5,Canadian Grand Prix,True,C3,True,0.86,1.116,3.72,5.013,1.898,2.496,80.599
0 days 02:18:25.015000,COL,43,76.511,57.0,2.0,,,False,HARD,27.0,True,Alpine,1,6.0,True,5,Canadian Grand Prix,True,C3,True,-0.559,-0.725,2.301,3.101,0.385,0.506,79.229
0 days 02:19:41.383000,COL,43,76.368,58.0,2.0,,,False,HARD,28.0,True,Alpine,1,6.0,True,5,Canadian Grand Prix,True,C3,True,-0.702,-0.911,2.158,2.908,-0.036,-0.047,79.134
0 days 02:20:57.470000,COL,43,76.087,59.0,2.0,,,True,HARD,29.0,True,Alpine,1,6.0,True,5,Canadian Grand Prix,True,C3,True,-0.983,-1.275,1.877,2.529,-0.061,-0.08,78.902
0 days 02:22:13.660000,COL,43,76.19,60.0,2.0,,,False,HARD,30.0,True,Alpine,12,6.0,True,5,Canadian Grand Prix,True,C3,False,-0.88,-1.142,1.98,2.668,0.019,0.025,79.053
0 days 02:23:32.133000,COL,43,78.473,61.0,2.0,,,False,HARD,31.0,True,Alpine,1,6.0,True,5,Canadian Grand Prix,True,C3,True,1.403,1.82,4.263,5.745,2.197,2.88,81.385
0 days 02:24:47.898000,COL,43,75.765,62.0,2.0,,,True,HARD,32.0,True,Alpine,1,6.0,True,5,Canadian Grand Prix,True,C3,True,-1.305,-1.693,1.555,2.095,-0.578,-0.757,78.725
0 days 02:26:04.184000,COL,43,76.286,63.0,2.0,,,False,HARD,33.0,True,Alpine,1,6.0,True,5,Canadian Grand Prix,True,C3,True,-0.784,-1.017,2.076,2.797,0.0,0.0,79.295
0 days 02:27:20.229000,COL,43,76.045,64.0,2.0,,,False,HARD,34.0,True,Alpine,1,6.0,True,5,Canadian Grand Prix,True,C3,True,-1.025,-1.33,1.835,2.473,-0.266,-0.349,79.102
0 days 02:28:36.209000,COL,43,75.98,65.0,2.0,,,False,HARD,35.0,True,Alpine,1,6.0,True,5,Canadian Grand Prix,True,C3,True,-1.09,-1.414,1.77,2.385,-0.341,-0.447,79.086
0 days 02:29:52.350000,COL,43,76.141,66.0,2.0,,,False,HARD,36.0,True,Alpine,1,6.0,True,5,Canadian Grand Prix,True,C3,True,-0.929,-1.205,1.931,2.602,-0.367,-0.48,79.295
0 days 02:31:07.812000,COL,43,75.462,67.0,2.0,,,True,HARD,37.0,True,Alpine,1,6.0,True,5,Canadian Grand Prix,True,C3,True,-1.608,-2.086,1.252,1.687,0.036,0.048,78.665
0 days 01:04:01.066000,HAM,44,88.522,1.0,1.0,,,False,SOFT,4.0,False,Ferrari,1,4.0,False,5,Canadian Grand Prix,True,C5,False,11.452,14.859,14.312,19.286,-6.056,-6.403,88.522
0 days 01:05:21.736000,HAM,44,80.67,2.0,1.0,,,True,SOFT,5.0,False,Ferrari,1,3.0,True,5,Canadian Grand Prix,True,C5,True,3.6,4.671,6.46,8.705,-2.012,-2.433,80.719
0 days 01:06:41.444000,HAM,44,79.708,3.0,1.0,,,True,SOFT,6.0,False,Ferrari,1,3.0,True,5,Canadian Grand Prix,True,C5,True,2.638,3.423,5.498,7.409,-1.286,-1.588,79.805
0 days 01:07:59.437000,HAM,44,77.993,4.0,1.0,,,True,SOFT,7.0,False,Ferrari,1,3.0,True,5,Canadian Grand Prix,True,C5,True,0.923,1.198,3.783,5.098,-2.578,-3.2,78.139
0 days 01:09:16.892000,HAM,44,77.455,5.0,1.0,,,True,SOFT,8.0,False,Ferrari,1,3.0,True,5,Canadian Grand Prix,True,C5,True,0.385,0.5,3.245,4.373,-1.811,-2.285,77.649
0 days 01:10:33.906000,HAM,44,77.014,6.0,1.0,,,True,SOFT,9.0,False,Ferrari,1,3.0,True,5,Canadian Grand Prix,True,C5,True,-0.056,-0.073,2.804,3.778,-2.043,-2.584,77.257
0 days 01:11:50.888000,HAM,44,76.982,7.0,1.0,,,True,SOFT,10.0,False,Ferrari,1,3.0,True,5,Canadian Grand Prix,True,C5,True,-0.088,-0.114,2.772,3.735,-1.561,-1.987,77.273
0 days 01:13:07.549000,HAM,44,76.661,8.0,1.0,,,True,SOFT,11.0,False,Ferrari,1,3.0,True,5,Canadian Grand Prix,True,C5,True,-0.409,-0.531,2.451,3.303,-1.485,-1.9,77.001
0 days 01:14:25.469000,HAM,44,77.92,9.0,1.0,,,False,SOFT,12.0,False,Ferrari,1,4.0,True,5,Canadian Grand Prix,True,C5,True,0.85,1.103,3.71,4.999,0.002,0.003,78.308
0 days 01:15:41.889000,HAM,44,76.42,10.0,1.0,,,True,SOFT,13.0,False,Ferrari,1,4.0,True,5,Canadian Grand Prix,True,C5,True,-0.65,-0.843,2.21,2.978,-1.394,-1.791,76.857
0 days 01:16:58.352000,HAM,44,76.463,11.0,1.0,,,False,SOFT,14.0,False,Ferrari,1,4.0,True,5,Canadian Grand Prix,True,C5,True,-0.607,-0.788,2.253,3.036,-1.538,-1.972,76.948
0 days 01:18:14.579000,HAM,44,76.227,12.0,1.0,,,True,SOFT,15.0,False,Ferrari,1,4.0,True,5,Canadian Grand Prix,True,C5,True,-0.843,-1.094,2.017,2.718,-1.957,-2.503,76.761
0 days 01:19:31.061000,HAM,44,76.482,13.0,1.0,,,False,SOFT,16.0,False,Ferrari,12,4.0,True,5,Canadian Grand Prix,True,C5,False,-0.588,-0.763,2.272,3.062,-1.797,-2.296,77.064
0 days 01:20:47.459000,HAM,44,76.398,14.0,1.0,,,False,SOFT,17.0,False,Ferrari,21,4.0,True,5,Canadian Grand Prix,True,C5,False,-0.672,-0.872,2.188,2.948,-1.3,-1.673,77.029
0 days 01:22:03.718000,HAM,44,76.259,15.0,1.0,,,False,SOFT,18.0,False,Ferrari,1,4.0,True,5,Canadian Grand Prix,True,C5,True,-0.811,-1.052,2.049,2.761,-1.25,-1.613,76.938
0 days 01:23:19.725000,HAM,44,76.007,16.0,1.0,,,True,SOFT,19.0,False,Ferrari,1,4.0,True,5,Canadian Grand Prix,True,C5,True,-1.063,-1.379,1.797,2.422,-1.537,-1.982,76.735
0 days 01:24:35.793000,HAM,44,76.068,17.0,1.0,,,False,SOFT,20.0,False,Ferrari,1,4.0,True,5,Canadian Grand Prix,True,C5,True,-1.002,-1.3,1.858,2.504,-1.153,-1.493,76.844
0 days 01:25:51.964000,HAM,44,76.171,18.0,1.0,,,False,SOFT,21.0,False,Ferrari,1,4.0,True,5,Canadian Grand Prix,True,C5,True,-0.899,-1.166,1.961,2.643,-1.285,-1.659,76.996
0 days 01:27:08.028000,HAM,44,76.064,19.0,1.0,,,False,SOFT,22.0,False,Ferrari,12,4.0,True,5,Canadian Grand Prix,True,C5,False,-1.006,-1.305,1.854,2.498,-1.355,-1.75,76.938
0 days 01:28:23.989000,HAM,44,75.961,20.0,1.0,,,True,SOFT,23.0,False,Ferrari,1,4.0,True,5,Canadian Grand Prix,True,C5,True,-1.109,-1.439,1.751,2.36,-1.114,-1.445,76.883
0 days 01:29:40.842000,HAM,44,76.853,21.0,1.0,,,False,SOFT,24.0,False,Ferrari,1,4.0,True,5,Canadian Grand Prix,True,C5,True,-0.217,-0.282,2.643,3.562,-0.246,-0.319,77.824
0 days 01:31:01.041000,HAM,44,80.199,22.0,1.0,,,False,SOFT,25.0,False,Ferrari,1,4.0,True,5,Canadian Grand Prix,True,C5,True,3.129,4.06,5.989,8.07,2.758,3.561,81.218
0 days 01:32:17.525000,HAM,44,76.484,23.0,1.0,,,False,SOFT,26.0,False,Ferrari,1,4.0,True,5,Canadian Grand Prix,True,C5,True,-0.586,-0.76,2.274,3.064,-1.144,-1.474,77.552
0 days 01:33:34.028000,HAM,44,76.503,24.0,1.0,,,False,SOFT,27.0,False,Ferrari,1,4.0,True,5,Canadian Grand Prix,True,C5,True,-0.567,-0.736,2.293,3.09,-0.761,-0.985,77.619
0 days 01:34:50.432000,HAM,44,76.404,25.0,1.0,,,False,SOFT,28.0,False,Ferrari,1,4.0,True,5,Canadian Grand Prix,True,C5,True,-0.666,-0.864,2.194,2.956,-0.915,-1.183,77.569
0 days 01:36:06.865000,HAM,44,76.433,26.0,1.0,,,False,SOFT,29.0,False,Ferrari,1,4.0,True,5,Canadian Grand Prix,True,C5,True,-0.637,-0.827,2.223,2.996,-0.665,-0.863,77.646
0 days 01:37:23.280000,HAM,44,76.415,27.0,1.0,,,False,SOFT,30.0,False,Ferrari,1,4.0,True,5,Canadian Grand Prix,True,C5,True,-0.655,-0.85,2.205,2.971,-0.789,-1.022,77.677
0 days 01:38:39.460000,HAM,44,76.18,28.0,1.0,,,False,SOFT,31.0,False,Ferrari,1,4.0,True,5,Canadian Grand Prix,True,C5,True,-0.89,-1.155,1.97,2.655,-0.879,-1.141,77.49
0 days 01:39:55.834000,HAM,44,76.374,29.0,1.0,,,False,SOFT,32.0,False,Ferrari,1,4.0,True,5,Canadian Grand Prix,True,C5,True,-0.696,-0.903,2.164,2.916,-0.493,-0.641,77.733
0 days 01:41:14.807000,HAM,44,78.973,30.0,1.0,,,False,SOFT,33.0,False,Ferrari,126,3.0,False,5,Canadian Grand Prix,True,C5,False,1.903,2.469,4.763,6.418,-13.665,-14.751,80.38
0 days 01:43:17.761000,HAM,44,122.954,31.0,1.0,,0 days 01:42:53.424000,False,SOFT,34.0,False,Ferrari,6,3.0,False,5,Canadian Grand Prix,True,C5,False,45.884,59.535,48.744,65.684,30.328,32.742,124.41
0 days 01:44:54.172000,HAM,44,96.411,32.0,2.0,0 days 01:43:19.361000,,False,MEDIUM,1.0,True,Ferrari,671,3.0,False,5,Canadian Grand Prix,True,C4,False,19.341,25.095,22.201,29.916,16.906,21.264,97.915
0 days 01:46:12.147000,HAM,44,77.975,33.0,2.0,,,False,MEDIUM,2.0,True,Ferrari,1,3.0,True,5,Canadian Grand Prix,True,C4,True,0.905,1.174,3.765,5.073,-0.542,-0.69,79.528
0 days 01:47:28.645000,HAM,44,76.498,34.0,2.0,,,False,MEDIUM,3.0,True,Ferrari,1,3.0,True,5,Canadian Grand Prix,True,C4,True,-0.572,-0.742,2.288,3.083,-0.912,-1.178,78.099
0 days 01:48:44.417000,HAM,44,75.772,35.0,2.0,,,True,MEDIUM,4.0,True,Ferrari,1,3.0,True,5,Canadian Grand Prix,True,C4,True,-1.298,-1.684,1.562,2.105,-1.342,-1.74,77.422
0 days 01:50:00.067000,HAM,44,75.65,36.0,2.0,,,True,MEDIUM,5.0,True,Ferrari,1,3.0,True,5,Canadian Grand Prix,True,C4,True,-1.42,-1.842,1.44,1.94,-1.191,-1.55,77.349
0 days 01:51:15.352000,HAM,44,75.285,37.0,2.0,,,True,MEDIUM,6.0,True,Ferrari,1,3.0,True,5,Canadian Grand Prix,True,C4,True,-1.785,-2.316,1.075,1.449,-1.393,-1.817,77.032
0 days 01:52:30.905000,HAM,44,75.553,38.0,2.0,,,False,MEDIUM,7.0,True,Ferrari,1,3.0,True,5,Canadian Grand Prix,True,C4,True,-1.517,-1.968,1.343,1.81,-0.995,-1.3,77.349
0 days 01:53:46.291000,HAM,44,75.386,39.0,2.0,,,False,MEDIUM,8.0,True,Ferrari,1,3.0,True,5,Canadian Grand Prix,True,C4,True,-1.684,-2.185,1.176,1.585,-1.293,-1.686,77.23
0 days 01:55:01.430000,HAM,44,75.139,40.0,2.0,,,True,MEDIUM,9.0,True,Ferrari,12,3.0,True,5,Canadian Grand Prix,True,C4,False,-1.931,-2.506,0.929,1.252,-1.549,-2.02,77.032
0 days 01:56:16.887000,HAM,44,75.457,41.0,2.0,,,False,MEDIUM,10.0,True,Ferrari,1,3.0,True,5,Canadian Grand Prix,True,C4,True,-1.613,-2.093,1.247,1.68,-1.264,-1.648,77.398
0 days 01:57:32.130000,HAM,44,75.243,42.0,2.0,,,False,MEDIUM,11.0,True,Ferrari,1,3.0,True,5,Canadian Grand Prix,True,C4,True,-1.827,-2.371,1.033,1.392,-1.267,-1.656,77.233
0 days 01:58:47.415000,HAM,44,75.285,43.0,2.0,,,False,MEDIUM,12.0,True,Ferrari,1,3.0,True,5,Canadian Grand Prix,True,C4,True,-1.785,-2.316,1.075,1.449,-1.157,-1.514,77.323
0 days 02:00:02.623000,HAM,44,75.208,44.0,2.0,,,False,MEDIUM,13.0,True,Ferrari,1,3.0,True,5,Canadian Grand Prix,True,C4,True,-1.862,-2.416,0.998,1.345,-2.065,-2.672,77.295
0 days 02:01:17.583000,HAM,44,74.96,45.0,2.0,,,True,MEDIUM,14.0,True,Ferrari,1,3.0,True,5,Canadian Grand Prix,True,C4,True,-2.11,-2.738,0.75,1.011,-7.624,-9.232,77.095
0 days 02:02:49.751000,HAM,44,92.168,46.0,2.0,,,False,MEDIUM,15.0,True,Ferrari,167,3.0,False,5,Canadian Grand Prix,True,C4,False,15.098,19.59,17.958,24.199,12.942,16.336,94.352
0 days 02:04:05.162000,HAM,44,75.411,47.0,2.0,,,False,MEDIUM,16.0,True,Ferrari,1,3.0,True,5,Canadian Grand Prix,True,C4,True,-1.659,-2.153,1.201,1.618,-1.379,-1.796,77.643
0 days 02:05:20.076000,HAM,44,74.914,48.0,2.0,,,True,MEDIUM,17.0,True,Ferrari,1,3.0,True,5,Canadian Grand Prix,True,C4,True,-2.156,-2.797,0.704,0.949,-1.667,-2.177,77.195
0 days 02:06:35.262000,HAM,44,75.186,49.0,2.0,,,False,MEDIUM,18.0,True,Ferrari,1,3.0,True,5,Canadian Grand Prix,True,C4,True,-1.884,-2.445,0.976,1.315,-1.337,-1.747,77.515
0 days 02:07:50.643000,HAM,44,75.381,50.0,2.0,,,False,MEDIUM,19.0,True,Ferrari,1,3.0,True,5,Canadian Grand Prix,True,C4,True,-1.689,-2.192,1.171,1.578,-0.725,-0.953,77.759
0 days 02:09:05.605000,HAM,44,74.962,51.0,2.0,,,False,MEDIUM,20.0,True,Ferrari,1,3.0,True,5,Canadian Grand Prix,True,C4,True,-2.108,-2.735,0.752,1.013,-6.624,-8.119,77.388
0 days 02:10:25.174000,HAM,44,79.569,52.0,2.0,,,False,MEDIUM,21.0,True,Ferrari,16,3.0,False,5,Canadian Grand Prix,True,C4,False,2.499,3.243,5.359,7.221,-9.967,-11.132,82.044
0 days 02:12:07.942000,HAM,44,102.768,53.0,2.0,,,False,MEDIUM,22.0,True,Ferrari,6,3.0,False,5,Canadian Grand Prix,True,C4,False,25.698,33.344,28.558,38.483,21.144,25.904,105.292
0 days 02:13:28.987000,HAM,44,81.045,54.0,2.0,,,False,MEDIUM,23.0,True,Ferrari,671,3.0,False,5,Canadian Grand Prix,True,C4,False,3.975,5.158,6.835,9.21,3.665,4.736,83.617
0 days 02:14:44.077000,HAM,44,75.09,55.0,2.0,,,False,MEDIUM,24.0,True,Ferrari,1,3.0,True,5,Canadian Grand Prix,True,C4,True,-1.98,-2.569,0.88,1.186,-1.458,-1.905,77.711
0 days 02:15:59.249000,HAM,44,75.172,56.0,2.0,,,False,MEDIUM,25.0,True,Ferrari,1,3.0,True,5,Canadian Grand Prix,True,C4,True,-1.898,-2.463,0.962,1.296,-0.86,-1.131,77.841
0 days 02:17:15.232000,HAM,44,75.983,57.0,2.0,,,False,MEDIUM,26.0,True,Ferrari,1,3.0,True,5,Canadian Grand Prix,True,C4,True,-1.087,-1.41,1.773,2.389,-0.143,-0.188,78.701
0 days 02:18:30.691000,HAM,44,75.459,58.0,2.0,,,False,MEDIUM,27.0,True,Ferrari,1,3.0,True,5,Canadian Grand Prix,True,C4,True,-1.611,-2.09,1.249,1.683,-0.945,-1.237,78.225
0 days 02:19:45.836000,HAM,44,75.145,59.0,2.0,,,False,MEDIUM,28.0,True,Ferrari,1,3.0,True,5,Canadian Grand Prix,True,C4,True,-1.925,-2.498,0.935,1.26,-1.003,-1.317,77.96
0 days 02:21:00.587000,HAM,44,74.751,60.0,2.0,,,True,MEDIUM,29.0,True,Ferrari,1,3.0,True,5,Canadian Grand Prix,True,C4,True,-2.319,-3.009,0.541,0.729,-1.42,-1.864,77.614
0 days 02:22:15.160000,HAM,44,74.573,61.0,2.0,,,True,MEDIUM,30.0,True,Ferrari,12,3.0,True,5,Canadian Grand Prix,True,C4,False,-2.497,-3.24,0.363,0.489,-1.703,-2.233,77.485
0 days 02:23:30.276000,HAM,44,75.116,62.0,2.0,,,False,MEDIUM,31.0,True,Ferrari,1,2.0,True,5,Canadian Grand Prix,True,C4,True,-1.954,-2.535,0.906,1.221,-1.227,-1.607,78.076
0 days 02:24:45.166000,HAM,44,74.89,63.0,2.0,,,False,MEDIUM,32.0,True,Ferrari,1,2.0,True,5,Canadian Grand Prix,True,C4,True,-2.18,-2.829,0.68,0.916,-1.396,-1.83,77.899
0 days 02:26:00.235000,HAM,44,75.069,64.0,2.0,,,False,MEDIUM,33.0,True,Ferrari,1,2.0,True,5,Canadian Grand Prix,True,C4,True,-2.001,-2.596,0.859,1.158,-1.242,-1.628,78.126
0 days 02:27:14.924000,HAM,44,74.689,65.0,2.0,,,False,MEDIUM,34.0,True,Ferrari,1,2.0,True,5,Canadian Grand Prix,True,C4,True,-2.381,-3.089,0.479,0.645,-1.632,-2.138,77.795
0 days 02:28:29.725000,HAM,44,74.801,66.0,2.0,,,False,MEDIUM,35.0,True,Ferrari,1,2.0,True,5,Canadian Grand Prix,True,C4,True,-2.269,-2.944,0.591,0.796,-1.707,-2.231,77.955
0 days 02:29:44.424000,HAM,44,74.699,67.0,2.0,,,False,MEDIUM,36.0,True,Ferrari,1,2.0,True,5,Canadian Grand Prix,True,C4,True,-2.371,-3.076,0.489,0.659,-0.727,-0.964,77.902
0 days 02:30:59.070000,HAM,44,74.646,68.0,2.0,,,False,MEDIUM,37.0,True,Ferrari,1,2.0,True,5,Canadian Grand Prix,True,C4,True,-2.424,-3.145,0.436,0.588,0.124,0.166,77.897
0 days 01:04:08.093000,BOR,5,95.549,1.0,1.0,,,False,INTERMEDIATE,1.0,True,Audi,1,13.0,False,5,Canadian Grand Prix,False,INTERMEDIATE,False,7.872,8.978,21.339,28.755,0.971,1.027,95.549
0 days 01:05:55.447000,BOR,5,107.354,2.0,1.0,,0 days 01:05:28.994000,False,INTERMEDIATE,2.0,True,Audi,1,20.0,False,5,Canadian Grand Prix,False,INTERMEDIATE,False,19.677,22.443,33.144,44.662,24.672,29.84,107.403
0 days 01:07:22.588000,BOR,5,87.141,3.0,2.0,0 days 01:05:57.110000,,False,SOFT,1.0,True,Audi,1,19.0,False,5,Canadian Grand Prix,True,C5,False,10.071,13.067,12.931,17.425,6.147,7.589,87.238
0 days 01:08:43.807000,BOR,5,81.219,4.0,2.0,,,True,SOFT,2.0,True,Audi,1,19.0,True,5,Canadian Grand Prix,True,C5,True,4.149,5.383,7.009,9.445,0.648,0.804,81.365
0 days 01:10:03.647000,BOR,5,79.84,5.0,2.0,,,True,SOFT,3.0,True,Audi,1,19.0,True,5,Canadian Grand Prix,True,C5,True,2.77,3.594,5.63,7.587,0.574,0.724,80.034
0 days 01:11:22.955000,BOR,5,79.308,6.0,2.0,,,True,SOFT,4.0,True,Audi,1,19.0,True,5,Canadian Grand Prix,True,C5,True,2.238,2.904,5.098,6.87,0.251,0.317,79.551
0 days 01:12:41.500000,BOR,5,78.545,7.0,2.0,,,False,SOFT,5.0,True,Audi,1,19.0,True,5,Canadian Grand Prix,True,C5,True,1.475,1.914,4.335,5.842,0.002,0.003,78.836
0 days 01:14:00.016000,BOR,5,78.516,8.0,2.0,,,True,SOFT,6.0,True,Audi,1,19.0,True,5,Canadian Grand Prix,True,C5,True,1.446,1.876,4.306,5.802,0.37,0.473,78.856
0 days 01:15:18.369000,BOR,5,78.353,9.0,2.0,,,True,SOFT,7.0,True,Audi,1,19.0,True,5,Canadian Grand Prix,True,C5,True,1.283,1.665,4.143,5.583,0.435,0.558,78.741
0 days 01:16:36.300000,BOR,5,77.931,10.0,2.0,,,True,SOFT,8.0,True,Audi,1,19.0,True,5,Canadian Grand Prix,True,C5,True,0.861,1.117,3.721,5.014,0.117,0.15,78.368
0 days 01:17:54.768000,BOR,5,78.468,11.0,2.0,,,False,SOFT,9.0,True,Audi,1,18.0,True,5,Canadian Grand Prix,True,C5,True,1.398,1.814,4.258,5.738,0.467,0.599,78.953
0 days 01:19:13.213000,BOR,5,78.445,12.0,2.0,,,False,SOFT,10.0,True,Audi,12,16.0,True,5,Canadian Grand Prix,True,C5,False,1.375,1.784,4.235,5.707,0.261,0.334,78.979
0 days 01:20:31.492000,BOR,5,78.279,13.0,2.0,,,False,SOFT,11.0,True,Audi,21,16.0,True,5,Canadian Grand Prix,True,C5,False,1.209,1.569,4.069,5.483,0.0,0.0,78.861
0 days 01:21:49.190000,BOR,5,77.698,14.0,2.0,,,True,SOFT,12.0,True,Audi,1,16.0,True,5,Canadian Grand Prix,True,C5,True,0.628,0.815,3.488,4.7,0.0,0.0,78.329
0 days 01:23:07.094000,BOR,5,77.904,15.0,2.0,,,False,SOFT,13.0,True,Audi,1,16.0,True,5,Canadian Grand Prix,True,C5,True,0.834,1.082,3.694,4.978,0.395,0.51,78.583
0 days 01:24:24.846000,BOR,5,77.752,16.0,2.0,,,False,SOFT,14.0,True,Audi,1,15.0,True,5,Canadian Grand Prix,True,C5,True,0.682,0.885,3.542,4.773,0.208,0.268,78.48
0 days 01:25:42.547000,BOR,5,77.701,17.0,2.0,,,False,SOFT,15.0,True,Audi,1,15.0,True,5,Canadian Grand Prix,True,C5,True,0.631,0.819,3.491,4.704,0.48,0.622,78.477
0 days 01:27:16.961000,BOR,5,94.414,18.0,2.0,,0 days 01:26:54.006000,False,SOFT,16.0,True,Audi,12,16.0,False,5,Canadian Grand Prix,True,C5,False,17.344,22.504,20.204,27.225,16.958,21.894,95.239
0 days 01:28:42.069000,BOR,5,85.108,19.0,3.0,0 days 01:27:18.599000,,False,MEDIUM,1.0,False,Audi,1,17.0,False,5,Canadian Grand Prix,True,C4,False,8.038,10.429,10.898,14.685,7.689,9.932,85.982
0 days 01:30:01.059000,BOR,5,78.99,20.0,3.0,,,False,MEDIUM,2.0,False,Audi,1,17.0,True,5,Canadian Grand Prix,True,C4,True,1.92,2.491,4.78,6.441,1.915,2.485,79.912
0 days 01:31:21.039000,BOR,5,79.98,21.0,3.0,,,False,MEDIUM,3.0,False,Audi,1,16.0,True,5,Canadian Grand Prix,True,C4,True,2.91,3.776,5.77,7.775,2.881,3.737,80.951
0 days 01:32:39.249000,BOR,5,78.21,22.0,3.0,,,False,MEDIUM,4.0,False,Audi,1,16.0,True,5,Canadian Grand Prix,True,C4,True,1.14,1.479,4.0,5.39,0.769,0.993,79.229
0 days 01:33:56.960000,BOR,5,77.711,23.0,3.0,,,False,MEDIUM,5.0,False,Audi,1,16.0,True,5,Canadian Grand Prix,True,C4,True,0.641,0.832,3.501,4.718,0.083,0.107,78.779
0 days 01:35:14.443000,BOR,5,77.483,24.0,3.0,,,True,MEDIUM,6.0,False,Audi,1,16.0,True,5,Canadian Grand Prix,True,C4,True,0.413,0.536,3.273,4.41,0.219,0.283,78.599
0 days 01:36:32.126000,BOR,5,77.683,25.0,3.0,,,False,MEDIUM,7.0,False,Audi,1,16.0,True,5,Canadian Grand Prix,True,C4,True,0.613,0.795,3.473,4.68,0.364,0.471,78.848
0 days 01:37:49.834000,BOR,5,77.708,26.0,3.0,,,False,MEDIUM,8.0,False,Audi,1,16.0,True,5,Canadian Grand Prix,True,C4,True,0.638,0.828,3.498,4.714,0.61,0.791,78.921
0 days 01:39:07.805000,BOR,5,77.971,27.0,3.0,,,False,MEDIUM,9.0,False,Audi,1,15.0,True,5,Canadian Grand Prix,True,C4,True,0.901,1.169,3.761,5.068,0.767,0.993,79.233
0 days 01:40:25.161000,BOR,5,77.356,28.0,3.0,,,True,MEDIUM,10.0,False,Audi,1,15.0,True,5,Canadian Grand Prix,True,C4,True,0.286,0.371,3.146,4.239,0.297,0.385,78.666
0 days 01:41:55.485000,BOR,5,90.324,29.0,3.0,,,False,MEDIUM,11.0,False,Audi,126,15.0,False,5,Canadian Grand Prix,True,C4,False,13.254,17.197,16.114,21.714,13.457,17.507,91.683
0 days 01:43:40.289000,BOR,5,104.804,30.0,3.0,,,False,MEDIUM,12.0,False,Audi,6,14.0,False,5,Canadian Grand Prix,True,C4,False,27.734,35.985,30.594,41.226,12.166,13.133,106.211
0 days 01:45:12.915000,BOR,5,92.626,31.0,3.0,,,False,MEDIUM,13.0,False,Audi,671,14.0,False,5,Canadian Grand Prix,True,C4,False,15.556,20.184,18.416,24.816,0.0,0.0,94.082
0 days 01:46:31.706000,BOR,5,78.791,32.0,3.0,,,False,MEDIUM,14.0,False,Audi,1,14.0,True,5,Canadian Grand Prix,True,C4,True,1.721,2.233,4.581,6.173,-0.714,-0.898,80.295
0 days 01:47:49.521000,BOR,5,77.815,33.0,3.0,,,False,MEDIUM,15.0,False,Audi,1,14.0,True,5,Canadian Grand Prix,True,C4,True,0.745,0.967,3.605,4.858,-0.702,-0.894,79.368
0 days 01:49:07.029000,BOR,5,77.508,34.0,3.0,,,False,MEDIUM,16.0,False,Audi,1,14.0,True,5,Canadian Grand Prix,True,C4,True,0.438,0.568,3.298,4.444,0.098,0.127,79.109
0 days 01:50:24.138000,BOR,5,77.109,35.0,3.0,,,True,MEDIUM,17.0,False,Audi,1,14.0,True,5,Canadian Grand Prix,True,C4,True,0.039,0.051,2.899,3.906,-0.005,-0.006,78.759
0 days 01:51:41.001000,BOR,5,76.863,36.0,3.0,,,True,MEDIUM,18.0,False,Audi,1,14.0,True,5,Canadian Grand Prix,True,C4,True,-0.207,-0.269,2.653,3.575,0.022,0.029,78.562
0 days 01:52:57.685000,BOR,5,76.684,37.0,3.0,,,True,MEDIUM,19.0,False,Audi,1,14.0,True,5,Canadian Grand Prix,True,C4,True,-0.386,-0.501,2.474,3.334,0.006,0.008,78.431
0 days 01:54:14.234000,BOR,5,76.549,38.0,3.0,,,True,MEDIUM,20.0,False,Audi,1,14.0,True,5,Canadian Grand Prix,True,C4,True,-0.521,-0.676,2.339,3.152,0.001,0.001,78.345
0 days 01:55:30.652000,BOR,5,76.418,39.0,3.0,,,True,MEDIUM,21.0,False,Audi,12,13.0,True,5,Canadian Grand Prix,True,C4,False,-0.652,-0.846,2.208,2.975,-0.261,-0.34,78.262
0 days 01:56:47.267000,BOR,5,76.615,40.0,3.0,,,False,MEDIUM,22.0,False,Audi,1,13.0,True,5,Canadian Grand Prix,True,C4,True,-0.455,-0.59,2.405,3.241,-0.073,-0.095,78.508
0 days 01:58:03.894000,BOR,5,76.627,41.0,3.0,,,False,MEDIUM,23.0,False,Audi,1,13.0,True,5,Canadian Grand Prix,True,C4,True,-0.443,-0.575,2.417,3.257,-0.094,-0.123,78.568
0 days 01:59:20.296000,BOR,5,76.402,42.0,3.0,,,True,MEDIUM,24.0,False,Audi,1,13.0,True,5,Canadian Grand Prix,True,C4,True,-0.668,-0.867,2.192,2.954,-0.108,-0.141,78.392
0 days 02:00:38.440000,BOR,5,78.144,43.0,3.0,,,False,MEDIUM,25.0,False,Audi,1,13.0,True,5,Canadian Grand Prix,True,C4,True,1.074,1.394,3.934,5.301,1.702,2.227,80.182
0 days 02:02:04.194000,BOR,5,85.754,44.0,3.0,,,False,MEDIUM,26.0,False,Audi,16,13.0,False,5,Canadian Grand Prix,True,C4,False,8.684,11.268,11.544,15.556,8.481,10.975,87.841
0 days 02:03:28.451000,BOR,5,84.257,45.0,3.0,,,False,MEDIUM,27.0,False,Audi,671,13.0,False,5,Canadian Grand Prix,True,C4,False,7.187,9.325,10.047,13.539,1.673,2.026,86.392
0 days 02:04:45.114000,BOR,5,76.663,46.0,3.0,,,False,MEDIUM,28.0,False,Audi,1,13.0,True,5,Canadian Grand Prix,True,C4,True,-0.407,-0.528,2.453,3.305,-2.563,-3.235,78.847
0 days 02:06:01.771000,BOR,5,76.657,47.0,3.0,,,False,MEDIUM,29.0,False,Audi,1,13.0,True,5,Canadian Grand Prix,True,C4,True,-0.413,-0.536,2.447,3.297,-0.133,-0.173,78.889
0 days 02:07:18.037000,BOR,5,76.266,48.0,3.0,,,True,MEDIUM,30.0,False,Audi,1,13.0,True,5,Canadian Grand Prix,True,C4,True,-0.804,-1.043,2.056,2.771,-0.315,-0.411,78.547
0 days 02:08:34.799000,BOR,5,76.762,49.0,3.0,,,False,MEDIUM,31.0,False,Audi,1,13.0,True,5,Canadian Grand Prix,True,C4,True,-0.308,-0.4,2.552,3.439,0.239,0.312,79.091
0 days 02:09:51.020000,BOR,5,76.221,50.0,3.0,,,True,MEDIUM,32.0,False,Audi,1,13.0,True,5,Canadian Grand Prix,True,C4,True,-0.849,-1.102,2.011,2.71,0.115,0.151,78.599
0 days 02:11:27.991000,BOR,5,96.971,51.0,3.0,,,False,MEDIUM,33.0,False,Audi,16,12.0,False,5,Canadian Grand Prix,True,C4,False,19.901,25.822,22.761,30.671,15.385,18.857,99.397
0 days 02:13:04.290000,BOR,5,96.299,52.0,3.0,,,False,MEDIUM,34.0,False,Audi,671,12.0,False,5,Canadian Grand Prix,True,C4,False,19.229,24.95,22.089,29.766,6.763,7.553,98.774
0 days 02:14:21.959000,BOR,5,77.669,53.0,3.0,,,False,MEDIUM,35.0,False,Audi,1,12.0,True,5,Canadian Grand Prix,True,C4,True,0.599,0.777,3.459,4.661,-3.955,-4.845,80.193
0 days 02:15:39.080000,BOR,5,77.121,54.0,3.0,,,False,MEDIUM,36.0,False,Audi,1,12.0,True,5,Canadian Grand Prix,True,C4,True,0.051,0.066,2.911,3.923,-0.259,-0.335,79.693
0 days 02:16:56.031000,BOR,5,76.951,55.0,3.0,,,False,MEDIUM,37.0,False,Audi,1,12.0,True,5,Canadian Grand Prix,True,C4,True,-0.119,-0.154,2.741,3.694,0.403,0.526,79.572
0 days 02:18:12.761000,BOR,5,76.73,56.0,3.0,,,False,MEDIUM,38.0,False,Audi,1,12.0,True,5,Canadian Grand Prix,True,C4,True,-0.34,-0.441,2.52,3.396,0.698,0.918,79.399
0 days 02:19:29.560000,BOR,5,76.799,57.0,3.0,,,False,MEDIUM,39.0,False,Audi,1,12.0,True,5,Canadian Grand Prix,True,C4,True,-0.271,-0.352,2.589,3.489,0.673,0.884,79.517
0 days 02:20:46.259000,BOR,5,76.699,58.0,3.0,,,False,MEDIUM,40.0,False,Audi,1,12.0,True,5,Canadian Grand Prix,True,C4,True,-0.371,-0.481,2.489,3.354,0.295,0.386,79.465
0 days 02:22:02.630000,BOR,5,76.371,59.0,3.0,,,False,MEDIUM,41.0,False,Audi,12,12.0,True,5,Canadian Grand Prix,True,C4,False,-0.699,-0.907,2.161,2.912,0.223,0.293,79.186
0 days 02:23:19.199000,BOR,5,76.569,60.0,3.0,,,False,MEDIUM,42.0,False,Audi,21,12.0,True,5,Canadian Grand Prix,True,C4,False,-0.501,-0.65,2.359,3.179,0.398,0.523,79.432
0 days 02:24:36.524000,BOR,5,77.325,61.0,3.0,,,False,MEDIUM,43.0,False,Audi,1,12.0,True,5,Canadian Grand Prix,True,C4,True,0.255,0.331,3.115,4.198,1.049,1.375,80.237
0 days 02:25:53.457000,BOR,5,76.933,62.0,3.0,,,False,MEDIUM,44.0,False,Audi,1,12.0,True,5,Canadian Grand Prix,True,C4,True,-0.137,-0.178,2.723,3.669,0.59,0.773,79.893
0 days 02:27:10.896000,BOR,5,77.439,63.0,3.0,,,False,MEDIUM,45.0,False,Audi,1,13.0,True,5,Canadian Grand Prix,True,C4,True,0.369,0.479,3.229,4.351,1.153,1.511,80.448
0 days 02:28:31.395000,BOR,5,80.499,64.0,3.0,,,False,MEDIUM,46.0,False,Audi,1,13.0,True,5,Canadian Grand Prix,True,C4,True,3.429,4.449,6.289,8.475,4.188,5.488,83.556
0 days 02:29:47.882000,BOR,5,76.487,65.0,3.0,,,False,MEDIUM,47.0,False,Audi,1,13.0,True,5,Canadian Grand Prix,True,C4,True,-0.583,-0.756,2.277,3.068,0.166,0.218,79.593
0 days 02:31:04.458000,BOR,5,76.576,66.0,3.0,,,False,MEDIUM,48.0,False,Audi,1,13.0,True,5,Canadian Grand Prix,True,C4,True,-0.494,-0.641,2.366,3.188,0.068,0.089,79.73
0 days 01:04:10.658000,SAI,55,98.114,1.0,1.0,,,False,INTERMEDIATE,1.0,True,Williams,1,16.0,False,5,Canadian Grand Prix,False,INTERMEDIATE,False,10.437,11.904,23.904,32.211,3.536,3.739,98.114
0 days 01:05:53.117000,SAI,55,102.459,2.0,1.0,,0 days 01:05:30.088000,False,INTERMEDIATE,2.0,True,Williams,1,19.0,False,5,Canadian Grand Prix,False,INTERMEDIATE,False,14.782,16.86,28.249,38.066,19.777,23.919,102.508
0 days 01:07:19.503000,SAI,55,86.386,3.0,2.0,0 days 01:05:54.704000,,False,MEDIUM,9.0,False,Williams,1,18.0,False,5,Canadian Grand Prix,True,C4,False,9.316,12.088,12.176,16.407,5.392,6.657,86.483
0 days 01:08:39.324000,SAI,55,79.821,4.0,2.0,,,True,MEDIUM,10.0,False,Williams,1,18.0,True,5,Canadian Grand Prix,True,C4,True,2.751,3.569,5.611,7.561,-0.75,-0.931,79.967
0 days 01:09:57.929000,SAI,55,78.605,5.0,2.0,,,True,MEDIUM,11.0,False,Williams,1,18.0,True,5,Canadian Grand Prix,True,C4,True,1.535,1.992,4.395,5.922,-0.661,-0.834,78.799
0 days 01:11:16.113000,SAI,55,78.184,6.0,2.0,,,True,MEDIUM,12.0,False,Williams,1,17.0,True,5,Canadian Grand Prix,True,C4,True,1.114,1.445,3.974,5.355,-0.873,-1.104,78.427
0 days 01:12:34.249000,SAI,55,78.136,7.0,2.0,,,True,MEDIUM,13.0,False,Williams,1,17.0,True,5,Canadian Grand Prix,True,C4,True,1.066,1.383,3.926,5.29,-0.407,-0.518,78.427
0 days 01:13:52.222000,SAI,55,77.973,8.0,2.0,,,True,MEDIUM,14.0,False,Williams,1,16.0,True,5,Canadian Grand Prix,True,C4,True,0.903,1.172,3.763,5.071,-0.173,-0.221,78.313
0 days 01:15:09.818000,SAI,55,77.596,9.0,2.0,,,True,MEDIUM,15.0,False,Williams,1,16.0,True,5,Canadian Grand Prix,True,C4,True,0.526,0.682,3.386,4.563,-0.322,-0.413,77.984
0 days 01:16:27.186000,SAI,55,77.368,10.0,2.0,,,True,MEDIUM,16.0,False,Williams,1,16.0,True,5,Canadian Grand Prix,True,C4,True,0.298,0.387,3.158,4.255,-0.446,-0.573,77.805
0 days 01:17:44.640000,SAI,55,77.454,11.0,2.0,,,False,MEDIUM,17.0,False,Williams,1,16.0,True,5,Canadian Grand Prix,True,C4,True,0.384,0.498,3.244,4.371,-0.547,-0.701,77.939
0 days 01:19:03.034000,SAI,55,78.394,12.0,2.0,,,False,MEDIUM,18.0,False,Williams,12,14.0,True,5,Canadian Grand Prix,True,C4,False,1.324,1.718,4.184,5.638,0.21,0.269,78.928
0 days 01:20:20.652000,SAI,55,77.618,13.0,2.0,,,False,MEDIUM,19.0,False,Williams,2,14.0,True,5,Canadian Grand Prix,True,C4,False,0.548,0.711,3.408,4.592,-0.661,-0.844,78.2
0 days 01:21:37.698000,SAI,55,77.046,14.0,2.0,,,True,MEDIUM,20.0,False,Williams,21,13.0,True,5,Canadian Grand Prix,True,C4,False,-0.024,-0.031,2.836,3.822,-0.652,-0.839,77.677
0 days 01:22:56.659000,SAI,55,78.961,15.0,2.0,,,False,MEDIUM,21.0,False,Williams,1,11.0,True,5,Canadian Grand Prix,True,C4,True,1.891,2.454,4.751,6.402,1.452,1.873,79.64
0 days 01:24:14.203000,SAI,55,77.544,16.0,2.0,,,False,MEDIUM,22.0,False,Williams,1,11.0,True,5,Canadian Grand Prix,True,C4,True,0.474,0.615,3.334,4.493,0.0,0.0,78.272
0 days 01:25:31.424000,SAI,55,77.221,17.0,2.0,,,False,MEDIUM,23.0,False,Williams,1,11.0,True,5,Canadian Grand Prix,True,C4,True,0.151,0.196,3.011,4.057,0.0,0.0,77.997
0 days 01:26:48.593000,SAI,55,77.169,18.0,2.0,,,False,MEDIUM,24.0,False,Williams,12,11.0,True,5,Canadian Grand Prix,True,C4,False,0.099,0.128,2.959,3.987,-0.287,-0.371,77.994
0 days 01:28:06.072000,SAI,55,77.479,19.0,2.0,,,False,MEDIUM,25.0,False,Williams,1,11.0,True,5,Canadian Grand Prix,True,C4,True,0.409,0.531,3.269,4.405,0.06,0.078,78.353
0 days 01:29:23.204000,SAI,55,77.132,20.0,2.0,,,False,MEDIUM,26.0,False,Williams,1,11.0,True,5,Canadian Grand Prix,True,C4,True,0.062,0.08,2.922,3.937,0.057,0.074,78.054
0 days 01:30:40.428000,SAI,55,77.224,21.0,2.0,,,False,MEDIUM,27.0,False,Williams,1,11.0,True,5,Canadian Grand Prix,True,C4,True,0.154,0.2,3.014,4.061,0.125,0.162,78.195
0 days 01:31:57.643000,SAI,55,77.215,22.0,2.0,,,False,MEDIUM,28.0,False,Williams,1,11.0,True,5,Canadian Grand Prix,True,C4,True,0.145,0.188,3.005,4.049,-0.226,-0.292,78.234
0 days 01:33:14.641000,SAI,55,76.998,23.0,2.0,,,True,MEDIUM,29.0,False,Williams,1,11.0,True,5,Canadian Grand Prix,True,C4,True,-0.072,-0.093,2.788,3.757,-0.63,-0.812,78.066
0 days 01:34:31.781000,SAI,55,77.14,24.0,2.0,,,False,MEDIUM,30.0,False,Williams,1,11.0,True,5,Canadian Grand Prix,True,C4,True,0.07,0.091,2.93,3.948,-0.124,-0.16,78.256
0 days 01:35:48.618000,SAI,55,76.837,25.0,2.0,,,True,MEDIUM,31.0,False,Williams,1,11.0,True,5,Canadian Grand Prix,True,C4,True,-0.233,-0.302,2.627,3.54,-0.482,-0.623,78.002
0 days 01:37:05.273000,SAI,55,76.655,26.0,2.0,,,True,MEDIUM,32.0,False,Williams,1,11.0,True,5,Canadian Grand Prix,True,C4,True,-0.415,-0.538,2.445,3.295,-0.443,-0.575,77.868
0 days 01:38:22.262000,SAI,55,76.989,27.0,2.0,,,False,MEDIUM,33.0,False,Williams,1,11.0,True,5,Canadian Grand Prix,True,C4,True,-0.081,-0.105,2.779,3.745,-0.215,-0.278,78.251
0 days 01:39:39.321000,SAI,55,77.059,28.0,2.0,,,False,MEDIUM,34.0,False,Williams,1,11.0,True,5,Canadian Grand Prix,True,C4,True,-0.011,-0.014,2.849,3.839,0.0,0.0,78.369
0 days 01:40:56.057000,SAI,55,76.736,29.0,2.0,,,False,MEDIUM,35.0,False,Williams,12,11.0,True,5,Canadian Grand Prix,True,C4,False,-0.334,-0.433,2.526,3.404,-0.131,-0.17,78.095
0 days 01:42:52.340000,SAI,55,116.283,30.0,2.0,,0 days 01:42:28.362000,False,MEDIUM,36.0,False,Williams,26,10.0,False,5,Canadian Grand Prix,True,C4,False,39.213,50.88,42.073,56.695,23.645,25.524,117.69
0 days 01:44:36.923000,SAI,55,104.583,31.0,3.0,0 days 01:42:53.970000,,False,MEDIUM,1.0,True,Williams,671,10.0,False,5,Canadian Grand Prix,True,C4,False,27.513,35.699,30.373,40.928,11.957,12.909,106.039
0 days 01:45:56.715000,SAI,55,79.792,32.0,3.0,,,False,MEDIUM,2.0,True,Williams,1,10.0,True,5,Canadian Grand Prix,True,C4,True,2.722,3.532,5.582,7.522,0.287,0.361,81.296
0 days 01:47:15.315000,SAI,55,78.6,33.0,3.0,,,False,MEDIUM,3.0,True,Williams,1,10.0,True,5,Canadian Grand Prix,True,C4,True,1.53,1.985,4.39,5.916,0.083,0.106,80.153
0 days 01:48:34.057000,SAI,55,78.742,34.0,3.0,,,False,MEDIUM,4.0,True,Williams,1,10.0,True,5,Canadian Grand Prix,True,C4,True,1.672,2.169,4.532,6.107,1.332,1.721,80.343
0 days 01:49:51.225000,SAI,55,77.168,35.0,3.0,,,False,MEDIUM,5.0,True,Williams,1,10.0,True,5,Canadian Grand Prix,True,C4,True,0.098,0.127,2.958,3.986,0.054,0.07,78.818
0 days 01:51:07.824000,SAI,55,76.599,36.0,3.0,,,True,MEDIUM,6.0,True,Williams,1,10.0,True,5,Canadian Grand Prix,True,C4,True,-0.471,-0.611,2.389,3.219,-0.242,-0.315,78.298
0 days 01:52:26.785000,SAI,55,78.961,37.0,3.0,,,False,MEDIUM,7.0,True,Williams,1,10.0,True,5,Canadian Grand Prix,True,C4,True,1.891,2.454,4.751,6.402,2.283,2.977,80.708
0 days 01:53:43.302000,SAI,55,76.517,38.0,3.0,,,True,MEDIUM,8.0,True,Williams,1,10.0,True,5,Canadian Grand Prix,True,C4,True,-0.553,-0.718,2.307,3.109,-0.031,-0.04,78.313
0 days 01:55:00.066000,SAI,55,76.764,39.0,3.0,,,False,MEDIUM,9.0,True,Williams,12,9.0,True,5,Canadian Grand Prix,True,C4,False,-0.306,-0.397,2.554,3.442,0.085,0.111,78.608
0 days 01:56:18.488000,SAI,55,78.422,40.0,3.0,,,False,MEDIUM,10.0,True,Williams,1,9.0,True,5,Canadian Grand Prix,True,C4,True,1.352,1.754,4.212,5.676,1.734,2.261,80.315
0 days 01:57:35.140000,SAI,55,76.652,41.0,3.0,,,False,MEDIUM,11.0,True,Williams,1,9.0,True,5,Canadian Grand Prix,True,C4,True,-0.418,-0.542,2.442,3.291,-0.069,-0.09,78.593
0 days 01:58:51.972000,SAI,55,76.832,42.0,3.0,,,False,MEDIUM,12.0,True,Williams,1,9.0,True,5,Canadian Grand Prix,True,C4,True,-0.238,-0.309,2.622,3.533,0.322,0.421,78.822
0 days 02:00:08.375000,SAI,55,76.403,43.0,3.0,,,True,MEDIUM,13.0,True,Williams,1,9.0,True,5,Canadian Grand Prix,True,C4,True,-0.667,-0.865,2.193,2.955,-0.039,-0.051,78.441
0 days 02:01:26.876000,SAI,55,78.501,44.0,3.0,,,False,MEDIUM,14.0,True,Williams,1,9.0,True,5,Canadian Grand Prix,True,C4,True,1.431,1.857,4.291,5.782,1.228,1.589,80.588
0 days 02:03:01.777000,SAI,55,94.901,45.0,3.0,,,False,MEDIUM,15.0,True,Williams,167,9.0,False,5,Canadian Grand Prix,True,C4,False,17.831,23.136,20.691,27.882,12.317,14.915,97.036
0 days 02:04:18.244000,SAI,55,76.467,46.0,3.0,,,False,MEDIUM,16.0,True,Williams,1,9.0,True,5,Canadian Grand Prix,True,C4,True,-0.603,-0.782,2.257,3.041,-2.759,-3.482,78.651
0 days 02:05:35.228000,SAI,55,76.984,47.0,3.0,,,False,MEDIUM,17.0,True,Williams,1,9.0,True,5,Canadian Grand Prix,True,C4,True,-0.086,-0.112,2.774,3.738,0.194,0.253,79.216
0 days 02:06:51.542000,SAI,55,76.314,48.0,3.0,,,True,MEDIUM,18.0,True,Williams,1,9.0,True,5,Canadian Grand Prix,True,C4,True,-0.756,-0.981,2.104,2.835,-0.267,-0.349,78.595
0 days 02:08:08.051000,SAI,55,76.509,49.0,3.0,,,False,MEDIUM,19.0,True,Williams,1,9.0,True,5,Canadian Grand Prix,True,C4,True,-0.561,-0.728,2.299,3.098,-0.014,-0.018,78.838
0 days 02:09:24.364000,SAI,55,76.313,50.0,3.0,,,True,MEDIUM,20.0,True,Williams,1,9.0,True,5,Canadian Grand Prix,True,C4,True,-0.757,-0.982,2.103,2.834,0.207,0.272,78.691
0 days 02:10:57.021000,SAI,55,92.657,51.0,3.0,,,False,MEDIUM,21.0,True,Williams,16,9.0,False,5,Canadian Grand Prix,True,C4,False,15.587,20.224,18.447,24.858,11.071,13.57,95.083
0 days 02:12:34.997000,SAI,55,97.976,52.0,3.0,,,False,MEDIUM,22.0,True,Williams,671,9.0,False,5,Canadian Grand Prix,True,C4,False,20.906,27.126,23.766,32.025,8.44,9.426,100.451
0 days 02:13:52.759000,SAI,55,77.762,53.0,3.0,,,False,MEDIUM,23.0,True,Williams,1,9.0,True,5,Canadian Grand Prix,True,C4,True,0.692,0.898,3.552,4.786,-3.862,-4.731,80.286
0 days 02:15:09.523000,SAI,55,76.764,54.0,3.0,,,False,MEDIUM,24.0,True,Williams,1,9.0,True,5,Canadian Grand Prix,True,C4,True,-0.306,-0.397,2.554,3.442,-0.616,-0.796,79.336
0 days 02:16:26.377000,SAI,55,76.854,55.0,3.0,,,False,MEDIUM,25.0,True,Williams,1,9.0,True,5,Canadian Grand Prix,True,C4,True,-0.216,-0.28,2.644,3.563,0.306,0.4,79.475
0 days 02:17:42.468000,SAI,55,76.091,56.0,3.0,,,True,MEDIUM,26.0,True,Williams,1,9.0,True,5,Canadian Grand Prix,True,C4,True,-0.979,-1.27,1.881,2.535,0.059,0.078,78.76
0 days 02:18:58.787000,SAI,55,76.319,57.0,3.0,,,False,MEDIUM,27.0,True,Williams,1,9.0,True,5,Canadian Grand Prix,True,C4,True,-0.751,-0.974,2.109,2.842,0.193,0.254,79.037
0 days 02:20:16.031000,SAI,55,77.244,58.0,3.0,,,False,MEDIUM,28.0,True,Williams,1,9.0,True,5,Canadian Grand Prix,True,C4,True,0.174,0.226,3.034,4.088,0.84,1.099,80.01
0 days 02:21:32.362000,SAI,55,76.331,59.0,3.0,,,False,MEDIUM,29.0,True,Williams,1,9.0,True,5,Canadian Grand Prix,True,C4,True,-0.739,-0.959,2.121,2.858,0.183,0.24,79.146
0 days 02:22:48.396000,SAI,55,76.034,60.0,3.0,,,True,MEDIUM,30.0,True,Williams,12,9.0,True,5,Canadian Grand Prix,True,C4,False,-1.036,-1.344,1.824,2.458,-0.137,-0.18,78.897
0 days 02:24:05.836000,SAI,55,77.44,61.0,3.0,,,False,MEDIUM,31.0,True,Williams,1,9.0,True,5,Canadian Grand Prix,True,C4,True,0.37,0.48,3.23,4.353,1.164,1.526,80.352
0 days 02:25:22.333000,SAI,55,76.497,62.0,3.0,,,False,MEDIUM,32.0,True,Williams,1,9.0,True,5,Canadian Grand Prix,True,C4,True,-0.573,-0.743,2.287,3.082,0.154,0.202,79.457
0 days 02:26:38.706000,SAI,55,76.373,63.0,3.0,,,False,MEDIUM,33.0,True,Williams,1,9.0,True,5,Canadian Grand Prix,True,C4,True,-0.697,-0.904,2.163,2.915,0.087,0.114,79.382
0 days 02:27:54.594000,SAI,55,75.888,64.0,3.0,,,True,MEDIUM,34.0,True,Williams,1,9.0,True,5,Canadian Grand Prix,True,C4,True,-1.182,-1.534,1.678,2.261,-0.423,-0.554,78.945
0 days 02:29:10.446000,SAI,55,75.852,65.0,3.0,,,True,MEDIUM,35.0,True,Williams,1,9.0,True,5,Canadian Grand Prix,True,C4,True,-1.218,-1.58,1.642,2.213,-0.469,-0.615,78.958
0 days 02:30:29.856000,SAI,55,79.41,66.0,3.0,,,False,MEDIUM,36.0,True,Williams,1,9.0,True,5,Canadian Grand Prix,True,C4,True,2.34,3.036,5.2,7.007,2.902,3.793,82.564
0 days 02:31:46.316000,SAI,55,76.46,67.0,3.0,,,False,MEDIUM,37.0,True,Williams,1,9.0,True,5,Canadian Grand Prix,True,C4,True,-0.61,-0.791,2.25,3.032,1.034,1.371,79.663
0 days 01:04:04.101000,HAD,6,91.557,1.0,1.0,,,False,SOFT,5.0,False,Red Bull Racing,1,7.0,False,5,Canadian Grand Prix,True,C5,False,14.487,18.797,17.347,23.376,-3.021,-3.194,91.557
0 days 01:05:24.777000,HAD,6,80.676,2.0,1.0,,,True,SOFT,6.0,False,Red Bull Racing,1,6.0,True,5,Canadian Grand Prix,True,C5,True,3.606,4.679,6.466,8.713,-2.006,-2.426,80.725
0 days 01:06:44.058000,HAD,6,79.281,3.0,1.0,,,True,SOFT,7.0,False,Red Bull Racing,1,6.0,True,5,Canadian Grand Prix,True,C5,True,2.211,2.869,5.071,6.833,-1.713,-2.115,79.378
0 days 01:08:03.018000,HAD,6,78.96,4.0,1.0,,,False,SOFT,8.0,False,Red Bull Racing,1,6.0,True,5,Canadian Grand Prix,True,C5,True,1.89,2.452,4.75,6.401,-1.611,-1.999,79.106
0 days 01:09:20.931000,HAD,6,77.913,5.0,1.0,,,True,SOFT,9.0,False,Red Bull Racing,1,6.0,True,5,Canadian Grand Prix,True,C5,True,0.843,1.094,3.703,4.99,-1.353,-1.707,78.107
0 days 01:10:38.769000,HAD,6,77.838,6.0,1.0,,,True,SOFT,10.0,False,Red Bull Racing,1,6.0,True,5,Canadian Grand Prix,True,C5,True,0.768,0.996,3.628,4.889,-1.219,-1.542,78.081
0 days 01:11:55.933000,HAD,6,77.164,7.0,1.0,,,True,SOFT,11.0,False,Red Bull Racing,1,6.0,True,5,Canadian Grand Prix,True,C5,True,0.094,0.122,2.954,3.981,-1.379,-1.756,77.455
0 days 01:13:12.815000,HAD,6,76.882,8.0,1.0,,,True,SOFT,12.0,False,Red Bull Racing,1,6.0,True,5,Canadian Grand Prix,True,C5,True,-0.188,-0.244,2.672,3.601,-1.264,-1.617,77.222
0 days 01:14:29.713000,HAD,6,76.898,9.0,1.0,,,False,SOFT,13.0,False,Red Bull Racing,1,6.0,True,5,Canadian Grand Prix,True,C5,True,-0.172,-0.223,2.688,3.622,-1.02,-1.309,77.286
0 days 01:15:46.075000,HAD,6,76.362,10.0,1.0,,,True,SOFT,14.0,False,Red Bull Racing,1,6.0,True,5,Canadian Grand Prix,True,C5,True,-0.708,-0.919,2.152,2.9,-1.452,-1.866,76.799
0 days 01:17:02.297000,HAD,6,76.222,11.0,1.0,,,True,SOFT,15.0,False,Red Bull Racing,1,6.0,True,5,Canadian Grand Prix,True,C5,True,-0.848,-1.1,2.012,2.711,-1.779,-2.281,76.707
0 days 01:18:18.959000,HAD,6,76.662,12.0,1.0,,,False,SOFT,16.0,False,Red Bull Racing,1,6.0,True,5,Canadian Grand Prix,True,C5,True,-0.408,-0.529,2.452,3.304,-1.522,-1.947,77.196
0 days 01:19:36.019000,HAD,6,77.06,13.0,1.0,,,False,SOFT,17.0,False,Red Bull Racing,12,6.0,True,5,Canadian Grand Prix,True,C5,False,-0.01,-0.013,2.85,3.84,-1.219,-1.557,77.642
0 days 01:20:53.485000,HAD,6,77.466,14.0,1.0,,,False,SOFT,18.0,False,Red Bull Racing,21,6.0,True,5,Canadian Grand Prix,True,C5,False,0.396,0.514,3.256,4.388,-0.232,-0.299,78.097
0 days 01:22:10.326000,HAD,6,76.841,15.0,1.0,,,False,SOFT,19.0,False,Red Bull Racing,1,6.0,True,5,Canadian Grand Prix,True,C5,True,-0.229,-0.297,2.631,3.545,-0.668,-0.862,77.52
0 days 01:23:26.863000,HAD,6,76.537,16.0,1.0,,,False,SOFT,20.0,False,Red Bull Racing,1,6.0,True,5,Canadian Grand Prix,True,C5,True,-0.533,-0.692,2.327,3.136,-1.007,-1.299,77.265
0 days 01:24:43.362000,HAD,6,76.499,17.0,1.0,,,False,SOFT,21.0,False,Red Bull Racing,1,6.0,True,5,Canadian Grand Prix,True,C5,True,-0.571,-0.741,2.289,3.084,-0.722,-0.935,77.275
0 days 01:26:00.094000,HAD,6,76.732,18.0,1.0,,,False,SOFT,22.0,False,Red Bull Racing,1,6.0,True,5,Canadian Grand Prix,True,C5,True,-0.338,-0.439,2.522,3.398,-0.724,-0.935,77.557
0 days 01:27:16.569000,HAD,6,76.475,19.0,1.0,,,False,SOFT,23.0,False,Red Bull Racing,12,6.0,True,5,Canadian Grand Prix,True,C5,False,-0.595,-0.772,2.265,3.052,-0.944,-1.219,77.349
0 days 01:28:33.084000,HAD,6,76.515,20.0,1.0,,,False,SOFT,24.0,False,Red Bull Racing,1,6.0,True,5,Canadian Grand Prix,True,C5,True,-0.555,-0.72,2.305,3.106,-0.56,-0.727,77.437
0 days 01:29:49.366000,HAD,6,76.282,21.0,1.0,,,False,SOFT,25.0,False,Red Bull Racing,1,6.0,True,5,Canadian Grand Prix,True,C5,True,-0.788,-1.022,2.072,2.792,-0.817,-1.06,77.253
0 days 01:31:05.688000,HAD,6,76.322,22.0,1.0,,,False,SOFT,26.0,False,Red Bull Racing,1,6.0,True,5,Canadian Grand Prix,True,C5,True,-0.748,-0.971,2.112,2.846,-1.119,-1.445,77.341
0 days 01:32:21.864000,HAD,6,76.176,23.0,1.0,,,True,SOFT,27.0,False,Red Bull Racing,1,6.0,True,5,Canadian Grand Prix,True,C5,True,-0.894,-1.16,1.966,2.649,-1.452,-1.87,77.244
0 days 01:33:38.291000,HAD,6,76.427,24.0,1.0,,,False,SOFT,28.0,False,Red Bull Racing,1,6.0,True,5,Canadian Grand Prix,True,C5,True,-0.643,-0.834,2.217,2.987,-0.837,-1.083,77.543
0 days 01:34:54.851000,HAD,6,76.56,25.0,1.0,,,False,SOFT,29.0,False,Red Bull Racing,1,6.0,True,5,Canadian Grand Prix,True,C5,True,-0.51,-0.662,2.35,3.167,-0.759,-0.982,77.725
0 days 01:36:11.004000,HAD,6,76.153,26.0,1.0,,,True,SOFT,30.0,False,Red Bull Racing,1,6.0,True,5,Canadian Grand Prix,True,C5,True,-0.917,-1.19,1.943,2.618,-0.945,-1.226,77.366
0 days 01:37:27.322000,HAD,6,76.318,27.0,1.0,,,False,SOFT,31.0,False,Red Bull Racing,1,6.0,True,5,Canadian Grand Prix,True,C5,True,-0.752,-0.976,2.108,2.841,-0.886,-1.148,77.58
0 days 01:38:43.951000,HAD,6,76.629,28.0,1.0,,,False,SOFT,32.0,False,Red Bull Racing,1,6.0,True,5,Canadian Grand Prix,True,C5,True,-0.441,-0.572,2.419,3.26,-0.43,-0.558,77.939
0 days 01:40:01.044000,HAD,6,77.093,29.0,1.0,,,False,SOFT,33.0,False,Red Bull Racing,1,6.0,True,5,Canadian Grand Prix,True,C5,True,0.023,0.03,2.883,3.885,0.226,0.294,78.452
0 days 01:41:23.362000,HAD,6,82.318,30.0,1.0,,,False,SOFT,34.0,False,Red Bull Racing,126,5.0,False,5,Canadian Grand Prix,True,C5,False,5.248,6.809,8.108,10.926,-10.32,-11.14,83.725
0 days 01:43:20.880000,HAD,6,117.518,31.0,1.0,,0 days 01:42:57.689000,False,SOFT,35.0,False,Red Bull Racing,6,4.0,False,5,Canadian Grand Prix,True,C5,False,40.448,52.482,43.308,58.359,24.892,26.874,118.974
0 days 01:44:57.262000,HAD,6,96.382,32.0,2.0,0 days 01:43:22.424000,,False,MEDIUM,1.0,True,Red Bull Racing,671,4.0,False,5,Canadian Grand Prix,True,C4,False,19.312,25.058,22.172,29.877,16.877,21.228,97.886
0 days 01:46:15.956000,HAD,6,78.694,33.0,2.0,,,False,MEDIUM,2.0,True,Red Bull Racing,1,4.0,True,5,Canadian Grand Prix,True,C4,True,1.624,2.107,4.484,6.042,0.177,0.225,80.247
0 days 01:47:33.306000,HAD,6,77.35,34.0,2.0,,,False,MEDIUM,3.0,True,Red Bull Racing,1,4.0,True,5,Canadian Grand Prix,True,C4,True,0.28,0.363,3.14,4.231,-0.06,-0.078,78.951
0 days 01:48:49.788000,HAD,6,76.482,35.0,2.0,,,False,MEDIUM,4.0,True,Red Bull Racing,1,4.0,True,5,Canadian Grand Prix,True,C4,True,-0.588,-0.763,2.272,3.062,-0.632,-0.82,78.132
0 days 01:50:05.814000,HAD,6,76.026,36.0,2.0,,,True,MEDIUM,5.0,True,Red Bull Racing,1,4.0,True,5,Canadian Grand Prix,True,C4,True,-1.044,-1.355,1.816,2.447,-0.815,-1.061,77.725
0 days 01:51:21.273000,HAD,6,75.459,37.0,2.0,,,True,MEDIUM,6.0,True,Red Bull Racing,1,4.0,True,5,Canadian Grand Prix,True,C4,True,-1.611,-2.09,1.249,1.683,-1.219,-1.59,77.206
0 days 01:52:36.685000,HAD,6,75.412,38.0,2.0,,,True,MEDIUM,7.0,True,Red Bull Racing,1,4.0,True,5,Canadian Grand Prix,True,C4,True,-1.658,-2.151,1.202,1.62,-1.136,-1.484,77.208
0 days 01:53:53.197000,HAD,6,76.512,39.0,2.0,,,False,MEDIUM,8.0,True,Red Bull Racing,1,5.0,True,5,Canadian Grand Prix,True,C4,True,-0.558,-0.724,2.302,3.102,-0.167,-0.218,78.356
0 days 01:55:09.445000,HAD,6,76.248,40.0,2.0,,,False,MEDIUM,9.0,True,Red Bull Racing,12,5.0,True,5,Canadian Grand Prix,True,C4,False,-0.822,-1.067,2.038,2.746,-0.44,-0.574,78.141
0 days 01:56:25.060000,HAD,6,75.615,41.0,2.0,,,False,MEDIUM,10.0,True,Red Bull Racing,1,5.0,True,5,Canadian Grand Prix,True,C4,True,-1.455,-1.888,1.405,1.893,-1.106,-1.442,77.556
0 days 01:57:40.841000,HAD,6,75.781,42.0,2.0,,,False,MEDIUM,11.0,True,Red Bull Racing,1,5.0,True,5,Canadian Grand Prix,True,C4,True,-1.289,-1.673,1.571,2.117,-0.729,-0.953,77.771
0 days 01:58:56.304000,HAD,6,75.463,43.0,2.0,,,False,MEDIUM,12.0,True,Red Bull Racing,1,5.0,True,5,Canadian Grand Prix,True,C4,True,-1.607,-2.085,1.253,1.688,-0.979,-1.281,77.501
0 days 02:00:12.053000,HAD,6,75.749,44.0,2.0,,,False,MEDIUM,13.0,True,Red Bull Racing,1,5.0,True,5,Canadian Grand Prix,True,C4,True,-1.321,-1.714,1.539,2.074,-1.524,-1.972,77.836
0 days 02:01:27.414000,HAD,6,75.361,45.0,2.0,,,True,MEDIUM,14.0,True,Red Bull Racing,1,5.0,True,5,Canadian Grand Prix,True,C4,True,-1.709,-2.217,1.151,1.551,-7.223,-8.746,77.496
0 days 02:02:58.514000,HAD,6,91.1,46.0,2.0,,,False,MEDIUM,15.0,True,Red Bull Racing,167,5.0,False,5,Canadian Grand Prix,True,C4,False,14.03,18.204,16.89,22.76,11.874,14.988,93.284
0 days 02:04:15.402000,HAD,6,76.888,47.0,2.0,,,False,MEDIUM,16.0,True,Red Bull Racing,1,5.0,True,5,Canadian Grand Prix,True,C4,True,-0.182,-0.236,2.678,3.609,0.098,0.128,79.12
0 days 02:05:30.977000,HAD,6,75.575,48.0,2.0,,,False,MEDIUM,17.0,True,Red Bull Racing,1,5.0,True,5,Canadian Grand Prix,True,C4,True,-1.495,-1.94,1.365,1.839,-1.006,-1.314,77.856
0 days 02:06:46.650000,HAD,6,75.673,49.0,2.0,,,False,MEDIUM,18.0,True,Red Bull Racing,1,5.0,True,5,Canadian Grand Prix,True,C4,True,-1.397,-1.813,1.463,1.971,-0.85,-1.111,78.002
0 days 02:08:02.216000,HAD,6,75.566,50.0,2.0,,,False,MEDIUM,19.0,True,Red Bull Racing,1,5.0,True,5,Canadian Grand Prix,True,C4,True,-1.504,-1.951,1.356,1.827,-0.54,-0.71,77.944
0 days 02:09:17.727000,HAD,6,75.511,51.0,2.0,,,False,MEDIUM,20.0,True,Red Bull Racing,1,5.0,True,5,Canadian Grand Prix,True,C4,True,-1.559,-2.023,1.301,1.753,-6.075,-7.446,77.937
0 days 02:11:08.036000,HAD,6,110.309,52.0,2.0,,0 days 02:10:34.905000,False,MEDIUM,21.0,True,Red Bull Racing,16,5.0,False,5,Canadian Grand Prix,True,C4,False,33.239,43.128,36.099,48.644,20.773,23.201,112.784
0 days 02:12:45.717000,HAD,6,97.681,53.0,3.0,0 days 02:11:09.610000,,False,SOFT,5.0,False,Red Bull Racing,671,5.0,False,5,Canadian Grand Prix,True,C5,False,20.611,26.743,23.471,31.628,16.057,19.672,100.205
0 days 02:14:03.341000,HAD,6,77.624,54.0,3.0,,,False,SOFT,6.0,False,Red Bull Racing,1,5.0,True,5,Canadian Grand Prix,True,C5,True,0.554,0.719,3.414,4.6,0.244,0.315,80.196
0 days 02:15:19.336000,HAD,6,75.995,55.0,3.0,,,False,SOFT,7.0,False,Red Bull Racing,1,5.0,True,5,Canadian Grand Prix,True,C5,True,-1.075,-1.395,1.785,2.405,-0.553,-0.722,78.616
0 days 02:16:34.499000,HAD,6,75.163,56.0,3.0,,,True,SOFT,8.0,False,Red Bull Racing,1,5.0,True,5,Canadian Grand Prix,True,C5,True,-1.907,-2.474,0.953,1.284,-0.869,-1.143,77.832
0 days 02:17:49.509000,HAD,6,75.01,57.0,3.0,,,True,SOFT,9.0,False,Red Bull Racing,1,5.0,True,5,Canadian Grand Prix,True,C5,True,-2.06,-2.673,0.8,1.078,-1.116,-1.466,77.728
0 days 02:19:04.267000,HAD,6,74.758,58.0,3.0,,,True,SOFT,10.0,False,Red Bull Racing,1,5.0,True,5,Canadian Grand Prix,True,C5,True,-2.312,-3.0,0.548,0.738,-1.646,-2.154,77.524
0 days 02:20:19.522000,HAD,6,75.255,59.0,3.0,,,False,SOFT,11.0,False,Red Bull Racing,1,5.0,True,5,Canadian Grand Prix,True,C5,True,-1.815,-2.355,1.045,1.408,-0.893,-1.173,78.07
0 days 02:21:34.530000,HAD,6,75.008,60.0,3.0,,,False,SOFT,12.0,False,Red Bull Racing,1,5.0,True,5,Canadian Grand Prix,True,C5,True,-2.062,-2.675,0.798,1.075,-1.163,-1.527,77.871
0 days 02:22:49.579000,HAD,6,75.049,61.0,3.0,,,False,SOFT,13.0,False,Red Bull Racing,12,5.0,True,5,Canadian Grand Prix,True,C5,False,-2.021,-2.622,0.839,1.131,-1.227,-1.609,77.961
0 days 02:24:32.575000,HAD,6,102.996,62.0,3.0,,0 days 02:23:59.361000,False,SOFT,14.0,False,Red Bull Racing,1,5.0,False,5,Canadian Grand Prix,True,C5,False,25.926,33.64,28.786,38.79,26.653,34.912,105.956
0 days 02:25:52.118000,HAD,6,79.543,63.0,4.0,0 days 02:24:34.208000,,False,SOFT,15.0,False,Red Bull Racing,1,5.0,False,5,Canadian Grand Prix,True,C5,False,2.473,3.209,5.333,7.186,3.257,4.269,82.552
0 days 02:27:07.517000,HAD,6,75.399,64.0,4.0,,,False,SOFT,16.0,False,Red Bull Racing,1,5.0,True,5,Canadian Grand Prix,True,C5,True,-1.671,-2.168,1.189,1.602,-0.912,-1.195,78.456
0 days 02:28:22.527000,HAD,6,75.01,65.0,4.0,,,False,SOFT,17.0,False,Red Bull Racing,1,5.0,True,5,Canadian Grand Prix,True,C5,True,-2.06,-2.673,0.8,1.078,-1.311,-1.718,78.116
0 days 02:29:38.757000,HAD,6,76.23,66.0,4.0,,,False,SOFT,18.0,False,Red Bull Racing,1,5.0,True,5,Canadian Grand Prix,True,C5,True,-0.84,-1.09,2.02,2.722,-0.278,-0.363,79.384
0 days 02:30:53.335000,HAD,6,74.578,67.0,4.0,,,True,SOFT,19.0,False,Red Bull Racing,1,5.0,True,5,Canadian Grand Prix,True,C5,True,-2.492,-3.233,0.368,0.496,-0.848,-1.124,77.781
0 days 01:04:00.509000,RUS,63,87.965,1.0,1.0,,,False,SOFT,4.0,False,Mercedes,1,3.0,False,5,Canadian Grand Prix,True,C5,False,10.895,14.136,13.755,18.535,-6.613,-6.992,87.965
0 days 01:05:21.434000,RUS,63,80.925,2.0,1.0,,,True,SOFT,5.0,False,Mercedes,1,2.0,True,5,Canadian Grand Prix,True,C5,True,3.855,5.002,6.715,9.049,-1.757,-2.125,80.974
0 days 01:06:40.854000,RUS,63,79.42,3.0,1.0,,,True,SOFT,6.0,False,Mercedes,1,2.0,True,5,Canadian Grand Prix,True,C5,True,2.35,3.049,5.21,7.021,-1.574,-1.943,79.517
0 days 01:07:58.799000,RUS,63,77.945,4.0,1.0,,,True,SOFT,7.0,False,Mercedes,1,2.0,True,5,Canadian Grand Prix,True,C5,True,0.875,1.135,3.735,5.033,-2.626,-3.259,78.091
0 days 01:09:15.833000,RUS,63,77.034,5.0,1.0,,,True,SOFT,8.0,False,Mercedes,1,2.0,True,5,Canadian Grand Prix,True,C5,True,-0.036,-0.047,2.824,3.805,-2.232,-2.816,77.228
0 days 01:10:32.198000,RUS,63,76.365,6.0,1.0,,,True,SOFT,9.0,False,Mercedes,1,1.0,True,5,Canadian Grand Prix,True,C5,True,-0.705,-0.915,2.155,2.904,-2.692,-3.405,76.608
0 days 01:11:48.782000,RUS,63,76.584,7.0,1.0,,,False,SOFT,10.0,False,Mercedes,1,1.0,True,5,Canadian Grand Prix,True,C5,True,-0.486,-0.631,2.374,3.199,-1.959,-2.494,76.875
0 days 01:13:04.887000,RUS,63,76.105,8.0,1.0,,,True,SOFT,11.0,False,Mercedes,1,1.0,True,5,Canadian Grand Prix,True,C5,True,-0.965,-1.252,1.895,2.554,-2.041,-2.612,76.445
0 days 01:14:20.683000,RUS,63,75.796,9.0,1.0,,,True,SOFT,12.0,False,Mercedes,1,1.0,True,5,Canadian Grand Prix,True,C5,True,-1.274,-1.653,1.586,2.137,-2.122,-2.723,76.184
0 days 01:15:36.461000,RUS,63,75.778,10.0,1.0,,,True,SOFT,13.0,False,Mercedes,1,1.0,True,5,Canadian Grand Prix,True,C5,True,-1.292,-1.676,1.568,2.113,-2.036,-2.616,76.215
0 days 01:16:52.033000,RUS,63,75.572,11.0,1.0,,,True,SOFT,14.0,False,Mercedes,1,1.0,True,5,Canadian Grand Prix,True,C5,True,-1.498,-1.944,1.362,1.835,-2.429,-3.114,76.057
0 days 01:18:08.837000,RUS,63,76.804,12.0,1.0,,,False,SOFT,15.0,False,Mercedes,1,1.0,True,5,Canadian Grand Prix,True,C5,True,-0.266,-0.345,2.594,3.495,-1.38,-1.765,77.338
0 days 01:19:26.178000,RUS,63,77.341,13.0,1.0,,,False,SOFT,16.0,False,Mercedes,12,1.0,True,5,Canadian Grand Prix,True,C5,False,0.271,0.352,3.131,4.219,-0.938,-1.198,77.923
0 days 01:20:42.370000,RUS,63,76.192,14.0,1.0,,,False,SOFT,17.0,False,Mercedes,21,1.0,True,5,Canadian Grand Prix,True,C5,False,-0.878,-1.139,1.982,2.671,-1.506,-1.938,76.823
0 days 01:21:58.161000,RUS,63,75.791,15.0,1.0,,,False,SOFT,18.0,False,Mercedes,1,1.0,True,5,Canadian Grand Prix,True,C5,True,-1.279,-1.66,1.581,2.13,-1.718,-2.217,76.47
0 days 01:23:13.638000,RUS,63,75.477,16.0,1.0,,,True,SOFT,19.0,False,Mercedes,1,1.0,True,5,Canadian Grand Prix,True,C5,True,-1.593,-2.067,1.267,1.707,-2.067,-2.666,76.205
0 days 01:24:30.183000,RUS,63,76.545,17.0,1.0,,,False,SOFT,20.0,False,Mercedes,1,1.0,True,5,Canadian Grand Prix,True,C5,True,-0.525,-0.681,2.335,3.146,-0.676,-0.875,77.321
0 days 01:25:45.918000,RUS,63,75.735,18.0,1.0,,,False,SOFT,21.0,False,Mercedes,1,1.0,True,5,Canadian Grand Prix,True,C5,True,-1.335,-1.732,1.525,2.055,-1.721,-2.222,76.56
0 days 01:27:01.494000,RUS,63,75.576,19.0,1.0,,,False,SOFT,22.0,False,Mercedes,12,1.0,True,5,Canadian Grand Prix,True,C5,False,-1.494,-1.938,1.366,1.841,-1.843,-2.381,76.45
0 days 01:28:17.032000,RUS,63,75.538,20.0,1.0,,,False,SOFT,23.0,False,Mercedes,1,1.0,True,5,Canadian Grand Prix,True,C5,True,-1.532,-1.988,1.328,1.79,-1.537,-1.994,76.46
0 days 01:29:32.791000,RUS,63,75.759,21.0,1.0,,,False,SOFT,24.0,False,Mercedes,1,1.0,True,5,Canadian Grand Prix,True,C5,True,-1.311,-1.701,1.549,2.087,-1.34,-1.738,76.73
0 days 01:30:49.448000,RUS,63,76.657,22.0,1.0,,,False,SOFT,25.0,False,Mercedes,1,2.0,True,5,Canadian Grand Prix,True,C5,True,-0.413,-0.536,2.447,3.297,-0.784,-1.012,77.676
0 days 01:32:05.325000,RUS,63,75.877,23.0,1.0,,,False,SOFT,26.0,False,Mercedes,1,2.0,True,5,Canadian Grand Prix,True,C5,True,-1.193,-1.548,1.667,2.246,-1.751,-2.256,76.945
0 days 01:33:22.153000,RUS,63,76.828,24.0,1.0,,,False,SOFT,27.0,False,Mercedes,1,2.0,True,5,Canadian Grand Prix,True,C5,True,-0.242,-0.314,2.618,3.528,-0.436,-0.564,77.944
0 days 01:34:39.191000,RUS,63,77.038,25.0,1.0,,,False,SOFT,28.0,False,Mercedes,1,1.0,True,5,Canadian Grand Prix,True,C5,True,-0.032,-0.042,2.828,3.811,-0.281,-0.363,78.203
0 days 01:35:55.512000,RUS,63,76.321,26.0,1.0,,,False,SOFT,29.0,False,Mercedes,1,1.0,True,5,Canadian Grand Prix,True,C5,True,-0.749,-0.972,2.111,2.845,-0.777,-1.008,77.534
0 days 01:37:11.785000,RUS,63,76.273,27.0,1.0,,,False,SOFT,30.0,False,Mercedes,1,1.0,True,5,Canadian Grand Prix,True,C5,True,-0.797,-1.034,2.063,2.78,-0.931,-1.206,77.535
0 days 01:38:28.057000,RUS,63,76.272,28.0,1.0,,,False,SOFT,31.0,False,Mercedes,1,1.0,True,5,Canadian Grand Prix,True,C5,True,-0.798,-1.035,2.062,2.779,-0.787,-1.021,77.582
0 days 01:39:43.598000,RUS,63,75.541,29.0,1.0,,,False,SOFT,32.0,False,Mercedes,1,1.0,True,5,Canadian Grand Prix,True,C5,True,-1.529,-1.984,1.331,1.794,-1.326,-1.725,76.9
0 days 01:42:13.598000,RUS,63,,30.0,1.0,,,True,SOFT,33.0,False,Mercedes,126,,False,5,Canadian Grand Prix,True,C5,False,,,,,,,
0 days 01:04:11.275000,BOT,77,98.731,1.0,1.0,,,False,INTERMEDIATE,1.0,True,Cadillac,1,18.0,False,5,Canadian Grand Prix,False,INTERMEDIATE,False,11.054,12.608,24.521,33.043,4.153,4.391,98.731
0 days 01:05:38.952000,BOT,77,87.677,2.0,1.0,,,True,INTERMEDIATE,2.0,True,Cadillac,1,15.0,True,5,Canadian Grand Prix,False,INTERMEDIATE,False,0.0,0.0,13.467,18.147,4.995,6.041,87.726
0 days 01:07:26.756000,BOT,77,107.804,3.0,1.0,,0 days 01:07:00.092000,False,INTERMEDIATE,3.0,True,Cadillac,1,21.0,False,5,Canadian Grand Prix,False,INTERMEDIATE,False,20.127,22.956,33.594,45.269,26.81,33.101,107.901
0 days 01:08:53.550000,BOT,77,86.794,4.0,2.0,0 days 01:07:28.382000,,False,SOFT,1.0,True,Cadillac,1,21.0,False,5,Canadian Grand Prix,True,C5,False,9.724,12.617,12.584,16.957,6.223,7.724,86.94
0 days 01:10:15.788000,BOT,77,82.238,5.0,2.0,,,True,SOFT,2.0,True,Cadillac,1,21.0,True,5,Canadian Grand Prix,True,C5,True,5.168,6.706,8.028,10.818,2.972,3.749,82.432
0 days 01:11:36.828000,BOT,77,81.04,6.0,2.0,,,True,SOFT,3.0,True,Cadillac,1,21.0,True,5,Canadian Grand Prix,True,C5,True,3.97,5.151,6.83,9.204,1.983,2.508,81.283
0 days 01:12:57.117000,BOT,77,80.289,7.0,2.0,,,True,SOFT,4.0,True,Cadillac,1,21.0,True,5,Canadian Grand Prix,True,C5,True,3.219,4.177,6.079,8.192,1.746,2.223,80.58
0 days 01:14:17.042000,BOT,77,79.925,8.0,2.0,,,True,SOFT,5.0,True,Cadillac,1,21.0,True,5,Canadian Grand Prix,True,C5,True,2.855,3.704,5.715,7.701,1.779,2.277,80.265
0 days 01:15:56.481000,BOT,77,99.439,9.0,2.0,,0 days 01:15:33.182000,False,SOFT,6.0,True,Cadillac,1,21.0,False,5,Canadian Grand Prix,True,C5,False,22.369,29.024,25.229,33.997,21.521,27.62,99.827
0 days 01:17:22.511000,BOT,77,86.03,10.0,3.0,0 days 01:15:58.036000,,False,MEDIUM,1.0,True,Cadillac,1,21.0,False,5,Canadian Grand Prix,True,C4,False,8.96,11.626,11.82,15.928,8.216,10.559,86.467
0 days 01:18:42.428000,BOT,77,79.917,11.0,3.0,,,True,MEDIUM,2.0,True,Cadillac,12,21.0,True,5,Canadian Grand Prix,True,C4,False,2.847,3.694,5.707,7.69,1.916,2.456,80.402
0 days 01:20:04.666000,BOT,77,82.238,12.0,3.0,,,False,MEDIUM,3.0,True,Cadillac,2,20.0,True,5,Canadian Grand Prix,True,C4,False,5.168,6.706,8.028,10.818,4.054,5.185,82.772
0 days 01:21:27.409000,BOT,77,82.743,13.0,3.0,,,False,MEDIUM,4.0,True,Cadillac,21,20.0,True,5,Canadian Grand Prix,True,C4,False,5.673,7.361,8.533,11.498,4.464,5.703,83.325
0 days 01:22:46.770000,BOT,77,79.361,14.0,3.0,,,True,MEDIUM,5.0,True,Cadillac,1,20.0,True,5,Canadian Grand Prix,True,C4,True,2.291,2.973,5.151,6.941,1.663,2.14,79.992
0 days 01:24:05.995000,BOT,77,79.225,15.0,3.0,,,True,MEDIUM,6.0,True,Cadillac,1,20.0,True,5,Canadian Grand Prix,True,C4,True,2.155,2.796,5.015,6.758,1.716,2.214,79.904
0 days 01:25:25.527000,BOT,77,79.532,16.0,3.0,,,False,MEDIUM,7.0,True,Cadillac,1,20.0,True,5,Canadian Grand Prix,True,C4,True,2.462,3.194,5.322,7.172,1.988,2.564,80.26
0 days 01:26:47.370000,BOT,77,81.843,17.0,3.0,,,False,MEDIUM,8.0,True,Cadillac,12,20.0,True,5,Canadian Grand Prix,True,C4,False,4.773,6.193,7.633,10.286,4.622,5.985,82.619
0 days 01:28:08.475000,BOT,77,81.105,18.0,3.0,,,False,MEDIUM,9.0,True,Cadillac,1,20.0,True,5,Canadian Grand Prix,True,C4,True,4.035,5.236,6.895,9.291,3.649,4.711,81.93
0 days 01:29:28.166000,BOT,77,79.691,19.0,3.0,,,False,MEDIUM,10.0,True,Cadillac,1,20.0,True,5,Canadian Grand Prix,True,C4,True,2.621,3.401,5.481,7.386,2.272,2.935,80.565
0 days 01:30:50.719000,BOT,77,82.553,20.0,3.0,,,False,MEDIUM,11.0,True,Cadillac,1,20.0,True,5,Canadian Grand Prix,True,C4,True,5.483,7.114,8.343,11.242,5.478,7.107,83.475
0 days 01:32:10.209000,BOT,77,79.49,21.0,3.0,,,False,MEDIUM,12.0,True,Cadillac,1,20.0,True,5,Canadian Grand Prix,True,C4,True,2.42,3.14,5.28,7.115,2.391,3.101,80.461
0 days 01:33:31.173000,BOT,77,80.964,22.0,3.0,,,False,MEDIUM,13.0,True,Cadillac,1,20.0,True,5,Canadian Grand Prix,True,C4,True,3.894,5.053,6.754,9.101,3.523,4.549,81.983
0 days 01:34:51.645000,BOT,77,80.472,23.0,3.0,,,False,MEDIUM,14.0,True,Cadillac,1,20.0,True,5,Canadian Grand Prix,True,C4,True,3.402,4.414,6.262,8.438,2.844,3.664,81.54
0 days 01:36:13.492000,BOT,77,81.847,24.0,3.0,,,False,MEDIUM,15.0,True,Cadillac,1,20.0,True,5,Canadian Grand Prix,True,C4,True,4.777,6.198,7.637,10.291,4.583,5.932,82.963
0 days 01:37:34.065000,BOT,77,80.573,25.0,3.0,,,False,MEDIUM,16.0,True,Cadillac,1,19.0,True,5,Canadian Grand Prix,True,C4,True,3.503,4.545,6.363,8.574,3.254,4.209,81.738
0 days 01:38:53.523000,BOT,77,79.458,26.0,3.0,,,False,MEDIUM,17.0,True,Cadillac,1,19.0,True,5,Canadian Grand Prix,True,C4,True,2.388,3.098,5.248,7.072,2.36,3.061,80.671
0 days 01:40:12.859000,BOT,77,79.336,27.0,3.0,,,False,MEDIUM,18.0,True,Cadillac,1,19.0,True,5,Canadian Grand Prix,True,C4,True,2.266,2.94,5.126,6.907,2.132,2.762,80.598
0 days 01:41:43.287000,BOT,77,90.428,28.0,3.0,,,False,MEDIUM,19.0,True,Cadillac,126,19.0,False,5,Canadian Grand Prix,True,C4,False,13.358,17.332,16.218,21.854,13.369,17.349,91.738
0 days 01:43:45.063000,BOT,77,121.776,29.0,3.0,,0 days 01:43:22.299000,False,MEDIUM,20.0,True,Cadillac,6,19.0,False,5,Canadian Grand Prix,True,C4,False,44.706,58.007,47.566,64.096,44.909,58.424,123.135
0 days 01:45:14.446000,BOT,77,89.383,30.0,4.0,0 days 01:43:46.692000,,False,SOFT,1.0,True,Cadillac,671,18.0,False,5,Canadian Grand Prix,True,C5,False,12.313,15.976,15.173,20.446,-3.255,-3.514,90.79
0 days 01:46:35.593000,BOT,77,81.147,31.0,4.0,,,False,SOFT,2.0,True,Cadillac,1,18.0,True,5,Canadian Grand Prix,True,C5,True,4.077,5.29,6.937,9.348,-11.479,-12.393,82.603
0 days 01:47:55.560000,BOT,77,79.967,32.0,4.0,,,False,SOFT,3.0,True,Cadillac,1,18.0,True,5,Canadian Grand Prix,True,C5,True,2.897,3.759,5.757,7.758,0.462,0.581,81.471
0 days 01:49:14.723000,BOT,77,79.163,33.0,4.0,,,True,SOFT,4.0,True,Cadillac,1,18.0,True,5,Canadian Grand Prix,True,C5,True,2.093,2.716,4.953,6.674,0.646,0.823,80.716
0 days 01:50:33.963000,BOT,77,79.24,34.0,4.0,,,False,SOFT,5.0,True,Cadillac,1,18.0,True,5,Canadian Grand Prix,True,C5,True,2.17,2.816,5.03,6.778,1.83,2.364,80.841
0 days 01:51:52.958000,BOT,77,78.995,35.0,4.0,,,True,SOFT,6.0,True,Cadillac,1,18.0,True,5,Canadian Grand Prix,True,C5,True,1.925,2.498,4.785,6.448,1.881,2.439,80.645
0 days 01:53:11.845000,BOT,77,78.887,36.0,4.0,,,True,SOFT,7.0,True,Cadillac,1,18.0,True,5,Canadian Grand Prix,True,C5,True,1.817,2.358,4.677,6.302,2.046,2.663,80.586
0 days 01:54:31.506000,BOT,77,79.661,37.0,4.0,,,False,SOFT,8.0,True,Cadillac,12,18.0,True,5,Canadian Grand Prix,True,C5,False,2.591,3.362,5.451,7.345,2.983,3.89,81.408
0 days 01:55:50.435000,BOT,77,78.929,38.0,4.0,,,False,SOFT,9.0,True,Cadillac,1,18.0,True,5,Canadian Grand Prix,True,C5,True,1.859,2.412,4.719,6.359,2.381,3.11,80.725
0 days 01:57:09.210000,BOT,77,78.775,39.0,4.0,,,True,SOFT,10.0,True,Cadillac,1,17.0,True,5,Canadian Grand Prix,True,C5,True,1.705,2.212,4.565,6.151,2.096,2.733,80.619
0 days 01:58:28.066000,BOT,77,78.856,40.0,4.0,,,False,SOFT,11.0,True,Cadillac,1,17.0,True,5,Canadian Grand Prix,True,C5,True,1.786,2.317,4.646,6.261,2.168,2.827,80.749
0 days 01:59:47.125000,BOT,77,79.059,41.0,4.0,,,False,SOFT,12.0,True,Cadillac,1,16.0,True,5,Canadian Grand Prix,True,C5,True,1.989,2.581,4.849,6.534,2.338,3.047,81.0
0 days 02:01:06.537000,BOT,77,79.412,42.0,4.0,,,False,SOFT,13.0,True,Cadillac,1,16.0,True,5,Canadian Grand Prix,True,C5,True,2.342,3.039,5.202,7.01,2.902,3.793,81.402
0 days 02:02:46.079000,BOT,77,99.542,43.0,4.0,,,False,SOFT,14.0,True,Cadillac,167,16.0,False,5,Canadian Grand Prix,True,C5,False,22.472,29.158,25.332,34.136,23.1,30.219,101.58
0 days 02:04:08.194000,BOT,77,82.115,44.0,4.0,,,False,SOFT,15.0,True,Cadillac,1,16.0,True,5,Canadian Grand Prix,True,C5,True,5.045,6.546,7.905,10.652,4.842,6.266,84.202
0 days 02:05:27.298000,BOT,77,79.104,45.0,4.0,,,False,SOFT,16.0,True,Cadillac,1,16.0,True,5,Canadian Grand Prix,True,C5,True,2.034,2.639,4.894,6.595,-3.48,-4.214,81.239
0 days 02:06:52.590000,BOT,77,85.292,46.0,4.0,,,False,SOFT,17.0,True,Cadillac,1,16.0,True,5,Canadian Grand Prix,True,C5,True,8.222,10.668,11.082,14.933,6.066,7.657,87.476
0 days 02:08:12.872000,BOT,77,80.282,47.0,4.0,,,False,SOFT,18.0,True,Cadillac,1,16.0,True,5,Canadian Grand Prix,True,C5,True,3.212,4.168,6.072,8.182,3.492,4.547,82.514
0 days 02:09:31.542000,BOT,77,78.67,48.0,4.0,,,True,SOFT,19.0,True,Cadillac,1,16.0,True,5,Canadian Grand Prix,True,C5,True,1.6,2.076,4.46,6.01,2.089,2.728,80.951
0 days 02:11:31.065000,BOT,77,119.523,49.0,4.0,,0 days 02:11:01.607000,False,SOFT,20.0,True,Cadillac,16,16.0,False,5,Canadian Grand Prix,True,C5,False,42.453,55.084,45.313,61.061,43.0,56.192,121.852
0 days 02:13:10.634000,BOT,77,99.569,50.0,5.0,0 days 02:11:32.655000,,False,MEDIUM,1.0,True,Cadillac,671,16.0,False,5,Canadian Grand Prix,True,C4,False,22.499,29.193,25.359,34.172,23.463,30.829,101.947
0 days 02:14:32.220000,BOT,77,81.586,51.0,5.0,,,False,MEDIUM,2.0,True,Cadillac,1,16.0,True,5,Canadian Grand Prix,True,C4,True,4.516,5.86,7.376,9.939,0.0,0.0,84.012
0 days 02:15:54.921000,BOT,77,82.701,52.0,5.0,,,False,MEDIUM,3.0,True,Cadillac,1,16.0,True,5,Canadian Grand Prix,True,C4,True,5.631,7.306,8.491,11.442,-6.835,-7.634,85.176
0 days 02:17:16.606000,BOT,77,81.685,53.0,5.0,,,False,MEDIUM,4.0,True,Cadillac,1,16.0,True,5,Canadian Grand Prix,True,C4,True,4.615,5.988,7.475,10.073,0.061,0.075,84.209
0 days 02:18:35.964000,BOT,77,79.358,54.0,5.0,,,False,MEDIUM,5.0,True,Cadillac,1,16.0,True,5,Canadian Grand Prix,True,C4,True,2.288,2.969,5.148,6.937,1.978,2.556,81.93
0 days 02:19:54.521000,BOT,77,78.557,55.0,5.0,,,True,MEDIUM,6.0,True,Cadillac,1,16.0,True,5,Canadian Grand Prix,True,C4,True,1.487,1.929,4.347,5.858,2.009,2.624,81.178
0 days 02:21:15.587000,BOT,77,81.066,56.0,5.0,,,False,MEDIUM,7.0,True,Cadillac,1,16.0,True,5,Canadian Grand Prix,True,C4,True,3.996,5.185,6.856,9.239,5.034,6.621,83.735
0 days 02:22:33.868000,BOT,77,78.281,57.0,5.0,,,True,MEDIUM,8.0,True,Cadillac,12,16.0,True,5,Canadian Grand Prix,True,C4,False,1.211,1.571,4.071,5.486,2.155,2.831,80.999
0 days 02:23:53.452000,BOT,77,79.584,58.0,5.0,,,False,MEDIUM,9.0,True,Cadillac,1,16.0,True,5,Canadian Grand Prix,True,C4,True,2.514,3.262,5.374,7.242,3.18,4.162,82.35
0 days 02:25:11.177000,BOT,77,77.725,59.0,5.0,,,True,MEDIUM,10.0,True,Cadillac,1,16.0,True,5,Canadian Grand Prix,True,C4,True,0.655,0.85,3.515,4.737,1.577,2.071,80.54
0 days 02:26:29.260000,BOT,77,78.083,60.0,5.0,,,False,MEDIUM,11.0,True,Cadillac,1,16.0,True,5,Canadian Grand Prix,True,C4,True,1.013,1.314,3.873,5.219,1.912,2.51,80.946
0 days 02:27:47.371000,BOT,77,78.111,61.0,5.0,,,False,MEDIUM,12.0,True,Cadillac,1,16.0,True,5,Canadian Grand Prix,True,C4,True,1.041,1.351,3.901,5.257,1.835,2.406,81.023
0 days 02:29:05.622000,BOT,77,78.251,62.0,5.0,,,False,MEDIUM,13.0,True,Cadillac,1,16.0,True,5,Canadian Grand Prix,True,C4,True,1.181,1.532,4.041,5.445,1.908,2.499,81.211
0 days 02:30:23.627000,BOT,77,78.005,63.0,5.0,,,False,MEDIUM,14.0,True,Cadillac,1,16.0,True,5,Canadian Grand Prix,True,C4,True,0.935,1.213,3.795,5.114,1.719,2.253,81.014
0 days 02:31:41.692000,BOT,77,78.065,64.0,5.0,,,False,MEDIUM,15.0,True,Cadillac,1,16.0,True,5,Canadian Grand Prix,True,C4,True,0.995,1.291,3.855,5.195,1.754,2.298,81.122
0 days 01:04:18.068000,PIA,81,105.524,1.0,1.0,,0 days 01:03:55.522000,False,INTERMEDIATE,1.0,True,McLaren,1,21.0,False,5,Canadian Grand Prix,False,INTERMEDIATE,False,17.847,20.355,31.314,42.196,10.946,11.574,105.524
0 days 01:05:42.687000,PIA,81,84.619,2.0,2.0,0 days 01:04:19.635000,,False,MEDIUM,1.0,True,McLaren,1,17.0,False,5,Canadian Grand Prix,True,C4,False,7.549,9.795,10.409,14.026,1.937,2.343,84.668
0 days 01:07:04.506000,PIA,81,81.819,3.0,2.0,,,True,MEDIUM,2.0,True,McLaren,1,16.0,True,5,Canadian Grand Prix,True,C4,True,4.749,6.162,7.609,10.253,0.825,1.019,81.916
0 days 01:08:25.280000,PIA,81,80.774,4.0,2.0,,,True,MEDIUM,3.0,True,McLaren,1,15.0,True,5,Canadian Grand Prix,True,C4,True,3.704,4.806,6.564,8.845,0.203,0.252,80.92
0 days 01:09:44.546000,PIA,81,79.266,5.0,2.0,,,True,MEDIUM,4.0,True,McLaren,1,15.0,True,5,Canadian Grand Prix,True,C4,True,2.196,2.849,5.056,6.813,0.0,0.0,79.46
0 days 01:11:02.515000,PIA,81,77.969,6.0,2.0,,,True,MEDIUM,5.0,True,McLaren,1,15.0,True,5,Canadian Grand Prix,True,C4,True,0.899,1.166,3.759,5.065,-1.088,-1.376,78.212
0 days 01:12:19.920000,PIA,81,77.405,7.0,2.0,,,True,MEDIUM,6.0,True,McLaren,1,14.0,True,5,Canadian Grand Prix,True,C4,True,0.335,0.435,3.195,4.305,-1.138,-1.449,77.696
0 days 01:13:37.683000,PIA,81,77.763,8.0,2.0,,,False,MEDIUM,7.0,True,McLaren,1,14.0,True,5,Canadian Grand Prix,True,C4,True,0.693,0.899,3.553,4.788,-0.383,-0.49,78.103
0 days 01:14:55.540000,PIA,81,77.857,9.0,2.0,,,False,MEDIUM,8.0,True,McLaren,1,13.0,True,5,Canadian Grand Prix,True,C4,True,0.787,1.021,3.647,4.914,-0.061,-0.078,78.245
0 days 01:16:13.377000,PIA,81,77.837,10.0,2.0,,,False,MEDIUM,9.0,True,McLaren,1,13.0,True,5,Canadian Grand Prix,True,C4,True,0.767,0.995,3.627,4.887,0.023,0.03,78.274
0 days 01:17:30.366000,PIA,81,76.989,11.0,2.0,,,True,MEDIUM,10.0,True,McLaren,1,13.0,True,5,Canadian Grand Prix,True,C4,True,-0.081,-0.105,2.779,3.745,-1.012,-1.297,77.474
0 days 01:19:20.052000,PIA,81,109.686,12.0,2.0,,0 days 01:18:45.068000,False,MEDIUM,11.0,True,McLaren,12,19.0,False,5,Canadian Grand Prix,True,C4,False,32.616,42.32,35.476,47.805,31.502,40.292,110.22
0 days 01:20:43.895000,PIA,81,83.843,13.0,3.0,0 days 01:19:21.703000,,False,MEDIUM,5.0,False,McLaren,21,19.0,False,5,Canadian Grand Prix,True,C4,False,6.773,8.788,9.633,12.981,5.564,7.108,84.425
0 days 01:22:01.561000,PIA,81,77.666,14.0,3.0,,,False,MEDIUM,6.0,False,McLaren,1,18.0,True,5,Canadian Grand Prix,True,C4,True,0.596,0.773,3.456,4.657,-0.032,-0.041,78.297
0 days 01:23:20.760000,PIA,81,79.199,15.0,3.0,,,False,MEDIUM,7.0,False,McLaren,1,17.0,True,5,Canadian Grand Prix,True,C4,True,2.129,2.762,4.989,6.723,1.69,2.18,79.878
0 days 01:24:38.068000,PIA,81,77.308,16.0,3.0,,,False,MEDIUM,8.0,False,McLaren,1,17.0,True,5,Canadian Grand Prix,True,C4,True,0.238,0.309,3.098,4.175,-0.236,-0.304,78.036
0 days 01:25:55.233000,PIA,81,77.165,17.0,3.0,,,False,MEDIUM,9.0,False,McLaren,1,16.0,True,5,Canadian Grand Prix,True,C4,True,0.095,0.123,2.955,3.982,-0.056,-0.073,77.941
0 days 01:27:11.899000,PIA,81,76.666,18.0,3.0,,,False,MEDIUM,10.0,False,McLaren,12,15.0,True,5,Canadian Grand Prix,True,C4,False,-0.404,-0.524,2.456,3.31,-0.79,-1.02,77.491
0 days 01:28:29.422000,PIA,81,77.523,19.0,3.0,,,False,MEDIUM,11.0,False,McLaren,1,15.0,True,5,Canadian Grand Prix,True,C4,True,0.453,0.588,3.313,4.464,0.104,0.134,78.397
0 days 01:29:46.038000,PIA,81,76.616,20.0,3.0,,,True,MEDIUM,12.0,False,McLaren,1,13.0,True,5,Canadian Grand Prix,True,C4,True,-0.454,-0.589,2.406,3.242,-0.459,-0.596,77.538
0 days 01:31:02.330000,PIA,81,76.292,21.0,3.0,,,True,MEDIUM,13.0,False,McLaren,1,13.0,True,5,Canadian Grand Prix,True,C4,True,-0.778,-1.009,2.082,2.806,-0.807,-1.047,77.263
0 days 01:32:19.057000,PIA,81,76.727,22.0,3.0,,,False,MEDIUM,14.0,False,McLaren,1,13.0,True,5,Canadian Grand Prix,True,C4,True,-0.343,-0.445,2.517,3.392,-0.714,-0.922,77.746
0 days 01:33:36.426000,PIA,81,77.369,23.0,3.0,,,False,MEDIUM,15.0,False,McLaren,1,13.0,True,5,Canadian Grand Prix,True,C4,True,0.299,0.388,3.159,4.257,-0.259,-0.334,78.437
0 days 01:34:56.673000,PIA,81,80.247,24.0,3.0,,,False,MEDIUM,16.0,False,McLaren,1,13.0,True,5,Canadian Grand Prix,True,C4,True,3.177,4.122,6.037,8.135,2.983,3.861,81.363
0 days 01:36:13.678000,PIA,81,77.005,25.0,3.0,,,False,MEDIUM,17.0,False,McLaren,1,13.0,True,5,Canadian Grand Prix,True,C4,True,-0.065,-0.084,2.795,3.766,-0.314,-0.406,78.17
0 days 01:37:30.458000,PIA,81,76.78,26.0,3.0,,,False,MEDIUM,18.0,False,McLaren,1,13.0,True,5,Canadian Grand Prix,True,C4,True,-0.29,-0.376,2.57,3.463,-0.318,-0.412,77.993
0 days 01:38:47.662000,PIA,81,77.204,27.0,3.0,,,False,MEDIUM,19.0,False,McLaren,1,13.0,True,5,Canadian Grand Prix,True,C4,True,0.134,0.174,2.994,4.034,0.0,0.0,78.466
0 days 01:40:04.154000,PIA,81,76.492,28.0,3.0,,,False,MEDIUM,20.0,False,McLaren,1,13.0,True,5,Canadian Grand Prix,True,C4,True,-0.578,-0.75,2.282,3.075,-0.567,-0.736,77.802
0 days 01:41:30.830000,PIA,81,86.676,29.0,3.0,,,False,MEDIUM,21.0,False,McLaren,126,13.0,False,5,Canadian Grand Prix,True,C4,False,9.606,12.464,12.466,16.798,9.809,12.761,88.035
0 days 01:43:13.880000,PIA,81,103.05,30.0,3.0,,,False,MEDIUM,22.0,False,McLaren,6,12.0,False,5,Canadian Grand Prix,True,C4,False,25.98,33.71,28.84,38.863,10.412,11.239,104.457
0 days 01:44:54.884000,PIA,81,101.004,31.0,3.0,,,False,MEDIUM,23.0,False,McLaren,671,12.0,False,5,Canadian Grand Prix,True,C4,False,23.934,31.055,26.794,36.106,8.378,9.045,102.46
0 days 01:46:14.313000,PIA,81,79.429,32.0,3.0,,,False,MEDIUM,24.0,False,McLaren,1,12.0,True,5,Canadian Grand Prix,True,C4,True,2.359,3.061,5.219,7.033,-0.076,-0.096,80.933
0 days 01:47:34.907000,PIA,81,80.594,33.0,3.0,,,False,MEDIUM,25.0,False,McLaren,1,12.0,True,5,Canadian Grand Prix,True,C4,True,3.524,4.572,6.384,8.603,2.077,2.645,82.147
0 days 01:48:52.220000,PIA,81,77.313,34.0,3.0,,,False,MEDIUM,26.0,False,McLaren,1,12.0,True,5,Canadian Grand Prix,True,C4,True,0.243,0.315,3.103,4.181,-0.097,-0.125,78.914
0 days 01:50:09.161000,PIA,81,76.941,35.0,3.0,,,False,MEDIUM,27.0,False,McLaren,1,12.0,True,5,Canadian Grand Prix,True,C4,True,-0.129,-0.167,2.731,3.68,-0.173,-0.224,78.591
0 days 01:51:25.540000,PIA,81,76.379,36.0,3.0,,,False,MEDIUM,28.0,False,McLaren,1,12.0,True,5,Canadian Grand Prix,True,C4,True,-0.691,-0.897,2.169,2.923,-0.462,-0.601,78.078
0 days 01:52:42.074000,PIA,81,76.534,37.0,3.0,,,False,MEDIUM,29.0,False,McLaren,1,12.0,True,5,Canadian Grand Prix,True,C4,True,-0.536,-0.695,2.324,3.132,-0.144,-0.188,78.281
0 days 01:53:58.610000,PIA,81,76.536,38.0,3.0,,,False,MEDIUM,30.0,False,McLaren,1,12.0,True,5,Canadian Grand Prix,True,C4,True,-0.534,-0.693,2.326,3.134,-0.012,-0.016,78.332
0 days 01:55:15.160000,PIA,81,76.55,39.0,3.0,,,False,MEDIUM,31.0,False,McLaren,12,11.0,True,5,Canadian Grand Prix,True,C4,False,-0.52,-0.675,2.34,3.153,-0.129,-0.168,78.394
0 days 01:56:31.887000,PIA,81,76.727,40.0,3.0,,,False,MEDIUM,32.0,False,McLaren,1,11.0,True,5,Canadian Grand Prix,True,C4,True,-0.343,-0.445,2.517,3.392,0.039,0.051,78.62
0 days 01:57:48.511000,PIA,81,76.624,41.0,3.0,,,False,MEDIUM,33.0,False,McLaren,1,11.0,True,5,Canadian Grand Prix,True,C4,True,-0.446,-0.579,2.414,3.253,-0.097,-0.126,78.565
0 days 01:59:04.521000,PIA,81,76.01,42.0,3.0,,,True,MEDIUM,34.0,False,McLaren,1,11.0,True,5,Canadian Grand Prix,True,C4,True,-1.06,-1.375,1.8,2.426,-0.5,-0.654,78.0
0 days 02:00:20.464000,PIA,81,75.943,43.0,3.0,,,True,MEDIUM,35.0,False,McLaren,1,11.0,True,5,Canadian Grand Prix,True,C4,True,-1.127,-1.462,1.733,2.335,-0.499,-0.653,77.981
0 days 02:01:39.070000,PIA,81,78.606,44.0,3.0,,,False,MEDIUM,36.0,False,McLaren,16,11.0,False,5,Canadian Grand Prix,True,C4,False,1.536,1.993,4.396,5.924,1.333,1.725,80.693
0 days 02:03:10.397000,PIA,81,91.327,45.0,3.0,,,False,MEDIUM,37.0,False,McLaren,671,11.0,False,5,Canadian Grand Prix,True,C4,False,14.257,18.499,17.117,23.066,8.743,10.587,93.462
0 days 02:04:27.586000,PIA,81,77.189,46.0,3.0,,,False,MEDIUM,38.0,False,McLaren,1,11.0,True,5,Canadian Grand Prix,True,C4,True,0.119,0.154,2.979,4.014,-2.037,-2.571,79.373
0 days 02:05:44.014000,PIA,81,76.428,47.0,3.0,,,False,MEDIUM,39.0,False,McLaren,1,11.0,True,5,Canadian Grand Prix,True,C4,True,-0.642,-0.833,2.218,2.989,-0.362,-0.471,78.66
0 days 02:07:01.067000,PIA,81,77.053,48.0,3.0,,,False,MEDIUM,40.0,False,McLaren,1,11.0,True,5,Canadian Grand Prix,True,C4,True,-0.017,-0.022,2.843,3.831,0.472,0.616,79.334
0 days 02:08:17.331000,PIA,81,76.264,49.0,3.0,,,False,MEDIUM,41.0,False,McLaren,1,11.0,True,5,Canadian Grand Prix,True,C4,True,-0.806,-1.046,2.054,2.768,-0.259,-0.338,78.593
0 days 02:09:33.132000,PIA,81,75.801,50.0,3.0,,,True,MEDIUM,42.0,False,McLaren,1,11.0,True,5,Canadian Grand Prix,True,C4,True,-1.269,-1.647,1.591,2.144,-0.305,-0.401,78.179
0 days 02:11:33.253000,PIA,81,120.121,51.0,3.0,,0 days 02:10:58.956000,False,MEDIUM,43.0,False,McLaren,16,13.0,False,5,Canadian Grand Prix,True,C4,False,43.051,55.86,45.911,61.866,38.535,47.232,122.547
0 days 02:13:08.399000,PIA,81,95.146,52.0,4.0,0 days 02:11:34.799000,,False,SOFT,5.0,False,McLaren,671,13.0,False,5,Canadian Grand Prix,True,C5,False,18.076,23.454,20.936,28.212,5.61,6.266,97.621
0 days 02:14:26.796000,PIA,81,78.397,53.0,4.0,,,False,SOFT,6.0,False,McLaren,1,13.0,True,5,Canadian Grand Prix,True,C5,True,1.327,1.722,4.187,5.642,-3.227,-3.953,80.921
0 days 02:15:43.933000,PIA,81,77.137,54.0,4.0,,,False,SOFT,7.0,False,McLaren,1,13.0,True,5,Canadian Grand Prix,True,C5,True,0.067,0.087,2.927,3.944,-0.243,-0.314,79.709
0 days 02:17:00.619000,PIA,81,76.686,55.0,4.0,,,False,SOFT,8.0,False,McLaren,1,13.0,True,5,Canadian Grand Prix,True,C5,True,-0.384,-0.498,2.476,3.336,0.138,0.18,79.307
0 days 02:18:16.553000,PIA,81,75.934,56.0,4.0,,,False,SOFT,9.0,False,McLaren,1,13.0,True,5,Canadian Grand Prix,True,C5,True,-1.136,-1.474,1.724,2.323,-0.098,-0.129,78.603
0 days 02:19:32.208000,PIA,81,75.655,57.0,4.0,,,True,SOFT,10.0,False,McLaren,1,13.0,True,5,Canadian Grand Prix,True,C5,True,-1.415,-1.836,1.445,1.947,-0.471,-0.619,78.373
0 days 02:20:48.647000,PIA,81,76.439,58.0,4.0,,,False,SOFT,11.0,False,McLaren,1,13.0,True,5,Canadian Grand Prix,True,C5,True,-0.631,-0.819,2.229,3.004,0.035,0.046,79.205
0 days 02:22:04.855000,PIA,81,76.208,59.0,4.0,,,False,SOFT,12.0,False,McLaren,12,13.0,True,5,Canadian Grand Prix,True,C5,False,-0.862,-1.118,1.998,2.692,0.06,0.079,79.023
0 days 02:23:22.332000,PIA,81,77.477,60.0,4.0,,,False,SOFT,13.0,False,McLaren,1,13.0,True,5,Canadian Grand Prix,True,C5,True,0.407,0.528,3.267,4.402,1.306,1.715,80.34
0 days 02:24:37.788000,PIA,81,75.456,61.0,4.0,,,True,SOFT,14.0,False,McLaren,1,13.0,True,5,Canadian Grand Prix,True,C5,True,-1.614,-2.094,1.246,1.679,-0.82,-1.075,78.368
0 days 02:25:54.131000,PIA,81,76.343,62.0,4.0,,,False,SOFT,15.0,False,McLaren,1,13.0,True,5,Canadian Grand Prix,True,C5,True,-0.727,-0.943,2.133,2.874,0.0,0.0,79.303
0 days 02:27:10.014000,PIA,81,75.883,63.0,4.0,,,False,SOFT,16.0,False,McLaren,1,12.0,True,5,Canadian Grand Prix,True,C5,True,-1.187,-1.54,1.673,2.254,-0.403,-0.528,78.892
0 days 02:28:25.956000,PIA,81,75.942,64.0,4.0,,,False,SOFT,17.0,False,McLaren,1,11.0,True,5,Canadian Grand Prix,True,C5,True,-1.128,-1.464,1.732,2.334,-0.369,-0.484,78.999
0 days 02:29:42.531000,PIA,81,76.575,65.0,4.0,,,False,SOFT,18.0,False,McLaren,1,11.0,True,5,Canadian Grand Prix,True,C5,True,-0.495,-0.642,2.365,3.187,0.254,0.333,79.681
0 days 02:31:01.001000,PIA,81,78.47,66.0,4.0,,,False,SOFT,19.0,False,McLaren,1,11.0,True,5,Canadian Grand Prix,True,C5,True,1.4,1.817,4.26,5.74,1.962,2.564,81.624
0 days 01:04:07.838000,BEA,87,95.294,1.0,1.0,,,False,SOFT,6.0,False,Haas F1 Team,1,11.0,False,5,Canadian Grand Prix,True,C5,False,18.224,23.646,21.084,28.411,0.716,0.757,95.294
0 days 01:05:31.695000,BEA,87,83.857,2.0,1.0,,,True,SOFT,7.0,False,Haas F1 Team,1,9.0,True,5,Canadian Grand Prix,True,C5,True,6.787,8.806,9.647,13.0,1.175,1.421,83.906
0 days 01:06:53.443000,BEA,87,81.748,3.0,1.0,,,True,SOFT,8.0,False,Haas F1 Team,1,9.0,True,5,Canadian Grand Prix,True,C5,True,4.678,6.07,7.538,10.158,0.754,0.931,81.845
0 days 01:08:15.024000,BEA,87,81.581,4.0,1.0,,,True,SOFT,9.0,False,Haas F1 Team,1,9.0,True,5,Canadian Grand Prix,True,C5,True,4.511,5.853,7.371,9.933,1.01,1.254,81.727
0 days 01:09:35.087000,BEA,87,80.063,5.0,1.0,,,True,SOFT,10.0,False,Haas F1 Team,1,9.0,True,5,Canadian Grand Prix,True,C5,True,2.993,3.883,5.853,7.887,0.797,1.005,80.257
0 days 01:10:54.408000,BEA,87,79.321,6.0,1.0,,,True,SOFT,11.0,False,Haas F1 Team,1,9.0,True,5,Canadian Grand Prix,True,C5,True,2.251,2.921,5.111,6.887,0.264,0.334,79.564
0 days 01:12:14.038000,BEA,87,79.63,7.0,1.0,,,False,SOFT,12.0,False,Haas F1 Team,1,9.0,True,5,Canadian Grand Prix,True,C5,True,2.56,3.322,5.42,7.304,1.087,1.384,79.921
0 days 01:13:32.928000,BEA,87,78.89,8.0,1.0,,,True,SOFT,13.0,False,Haas F1 Team,1,9.0,True,5,Canadian Grand Prix,True,C5,True,1.82,2.361,4.68,6.306,0.744,0.952,79.23
0 days 01:14:51.021000,BEA,87,78.093,9.0,1.0,,,True,SOFT,14.0,False,Haas F1 Team,1,9.0,True,5,Canadian Grand Prix,True,C5,True,1.023,1.327,3.883,5.232,0.175,0.225,78.481
0 days 01:16:08.950000,BEA,87,77.929,10.0,1.0,,,True,SOFT,15.0,False,Haas F1 Team,1,9.0,True,5,Canadian Grand Prix,True,C5,True,0.859,1.115,3.719,5.011,0.115,0.148,78.366
0 days 01:17:28.702000,BEA,87,79.752,11.0,1.0,,,False,SOFT,16.0,False,Haas F1 Team,1,11.0,True,5,Canadian Grand Prix,True,C5,True,2.682,3.48,5.542,7.468,1.751,2.245,80.237
0 days 01:18:49.004000,BEA,87,80.302,12.0,1.0,,,False,SOFT,17.0,False,Haas F1 Team,12,11.0,True,5,Canadian Grand Prix,True,C5,False,3.232,4.194,6.092,8.209,2.118,2.709,80.836
0 days 01:20:07.528000,BEA,87,78.524,13.0,1.0,,,False,SOFT,18.0,False,Haas F1 Team,2,11.0,True,5,Canadian Grand Prix,True,C5,False,1.454,1.887,4.314,5.813,0.245,0.313,79.106
0 days 01:21:25.733000,BEA,87,78.205,14.0,1.0,,,False,SOFT,19.0,False,Haas F1 Team,21,11.0,True,5,Canadian Grand Prix,True,C5,False,1.135,1.473,3.995,5.383,0.507,0.653,78.836
0 days 01:22:43.242000,BEA,87,77.509,15.0,1.0,,,False,SOFT,20.0,False,Haas F1 Team,1,10.0,True,5,Canadian Grand Prix,True,C5,True,0.439,0.57,3.299,4.445,0.0,0.0,78.188
0 days 01:24:01.362000,BEA,87,78.12,16.0,1.0,,,False,SOFT,21.0,False,Haas F1 Team,1,10.0,True,5,Canadian Grand Prix,True,C5,True,1.05,1.362,3.91,5.269,0.576,0.743,78.848
0 days 01:25:18.882000,BEA,87,77.52,17.0,1.0,,,True,SOFT,22.0,False,Haas F1 Team,1,10.0,True,5,Canadian Grand Prix,True,C5,True,0.45,0.584,3.31,4.46,0.299,0.387,78.296
0 days 01:26:36.345000,BEA,87,77.463,18.0,1.0,,,True,SOFT,23.0,False,Haas F1 Team,12,10.0,True,5,Canadian Grand Prix,True,C5,False,0.393,0.51,3.253,4.384,0.007,0.009,78.288
0 days 01:27:53.934000,BEA,87,77.589,19.0,1.0,,,False,SOFT,24.0,False,Haas F1 Team,1,10.0,True,5,Canadian Grand Prix,True,C5,True,0.519,0.673,3.379,4.553,0.17,0.22,78.463
0 days 01:29:11.580000,BEA,87,77.646,20.0,1.0,,,False,SOFT,25.0,False,Haas F1 Team,1,10.0,True,5,Canadian Grand Prix,True,C5,True,0.576,0.747,3.436,4.63,0.571,0.741,78.568
0 days 01:30:29.065000,BEA,87,77.485,21.0,1.0,,,False,SOFT,26.0,False,Haas F1 Team,1,10.0,True,5,Canadian Grand Prix,True,C5,True,0.415,0.538,3.275,4.413,0.386,0.501,78.456
0 days 01:31:46.515000,BEA,87,77.45,22.0,1.0,,,True,SOFT,27.0,False,Haas F1 Team,1,10.0,True,5,Canadian Grand Prix,True,C5,True,0.38,0.493,3.24,4.366,0.009,0.012,78.469
0 days 01:33:04.144000,BEA,87,77.629,23.0,1.0,,,False,SOFT,28.0,False,Haas F1 Team,1,10.0,True,5,Canadian Grand Prix,True,C5,True,0.559,0.725,3.419,4.607,0.001,0.001,78.697
0 days 01:34:21.408000,BEA,87,77.264,24.0,1.0,,,True,SOFT,29.0,False,Haas F1 Team,1,10.0,True,5,Canadian Grand Prix,True,C5,True,0.194,0.252,3.054,4.115,0.0,0.0,78.38
0 days 01:35:38.805000,BEA,87,77.397,25.0,1.0,,,False,SOFT,30.0,False,Haas F1 Team,1,10.0,True,5,Canadian Grand Prix,True,C5,True,0.327,0.424,3.187,4.295,0.078,0.101,78.562
0 days 01:36:56.324000,BEA,87,77.519,26.0,1.0,,,False,SOFT,31.0,False,Haas F1 Team,1,10.0,True,5,Canadian Grand Prix,True,C5,True,0.449,0.583,3.309,4.459,0.421,0.546,78.732
0 days 01:38:13.994000,BEA,87,77.67,27.0,1.0,,,False,SOFT,32.0,False,Haas F1 Team,1,10.0,True,5,Canadian Grand Prix,True,C5,True,0.6,0.779,3.46,4.662,0.466,0.604,78.932
0 days 01:39:31.368000,BEA,87,77.374,28.0,1.0,,,False,SOFT,33.0,False,Haas F1 Team,1,10.0,True,5,Canadian Grand Prix,True,C5,True,0.304,0.394,3.164,4.264,0.315,0.409,78.684
0 days 01:40:48.651000,BEA,87,77.283,29.0,1.0,,,False,SOFT,34.0,False,Haas F1 Team,12,10.0,True,5,Canadian Grand Prix,True,C5,False,0.213,0.276,3.073,4.141,0.416,0.541,78.642
0 days 01:43:02.477000,BEA,87,133.826,30.0,1.0,,0 days 01:42:19.133000,False,SOFT,35.0,False,Haas F1 Team,26,11.0,False,5,Canadian Grand Prix,True,C5,False,56.756,73.642,59.616,80.334,41.188,44.461,135.233
0 days 01:44:44.378000,BEA,87,101.901,31.0,2.0,0 days 01:43:04.080000,,False,MEDIUM,1.0,True,Haas F1 Team,671,11.0,False,5,Canadian Grand Prix,True,C4,False,24.831,32.219,27.691,37.314,9.275,10.013,103.357
0 days 01:46:03.493000,BEA,87,79.115,32.0,2.0,,,False,MEDIUM,2.0,True,Haas F1 Team,1,11.0,True,5,Canadian Grand Prix,True,C4,True,2.045,2.653,4.905,6.61,-0.39,-0.491,80.619
0 days 01:47:23.021000,BEA,87,79.528,33.0,2.0,,,False,MEDIUM,3.0,True,Haas F1 Team,1,11.0,True,5,Canadian Grand Prix,True,C4,True,2.458,3.189,5.318,7.166,1.011,1.288,81.081
0 days 01:48:40.286000,BEA,87,77.265,34.0,2.0,,,False,MEDIUM,4.0,True,Haas F1 Team,1,11.0,True,5,Canadian Grand Prix,True,C4,True,0.195,0.253,3.055,4.117,-0.145,-0.187,78.866
0 days 01:49:57.711000,BEA,87,77.425,35.0,2.0,,,False,MEDIUM,5.0,True,Haas F1 Team,1,11.0,True,5,Canadian Grand Prix,True,C4,True,0.355,0.461,3.215,4.332,0.311,0.403,79.075
0 days 01:51:14.581000,BEA,87,76.87,36.0,2.0,,,True,MEDIUM,6.0,True,Haas F1 Team,1,11.0,True,5,Canadian Grand Prix,True,C4,True,-0.2,-0.26,2.66,3.584,0.029,0.038,78.569
0 days 01:52:32.664000,BEA,87,78.083,37.0,2.0,,,False,MEDIUM,7.0,True,Haas F1 Team,1,11.0,True,5,Canadian Grand Prix,True,C4,True,1.013,1.314,3.873,5.219,1.405,1.832,79.83
0 days 01:53:49.400000,BEA,87,76.736,38.0,2.0,,,True,MEDIUM,8.0,True,Haas F1 Team,1,11.0,True,5,Canadian Grand Prix,True,C4,True,-0.334,-0.433,2.526,3.404,0.188,0.246,78.532
0 days 01:55:05.958000,BEA,87,76.558,39.0,2.0,,,True,MEDIUM,9.0,True,Haas F1 Team,12,10.0,True,5,Canadian Grand Prix,True,C4,False,-0.512,-0.664,2.348,3.164,-0.121,-0.158,78.402
0 days 01:56:23.215000,BEA,87,77.257,40.0,2.0,,,False,MEDIUM,10.0,True,Haas F1 Team,1,10.0,True,5,Canadian Grand Prix,True,C4,True,0.187,0.243,3.047,4.106,0.569,0.742,79.15
0 days 01:57:42.172000,BEA,87,78.957,41.0,2.0,,,False,MEDIUM,11.0,True,Haas F1 Team,1,10.0,True,5,Canadian Grand Prix,True,C4,True,1.887,2.448,4.747,6.397,2.236,2.914,80.898
0 days 01:58:58.849000,BEA,87,76.677,42.0,2.0,,,False,MEDIUM,12.0,True,Haas F1 Team,1,10.0,True,5,Canadian Grand Prix,True,C4,True,-0.393,-0.51,2.467,3.324,0.167,0.218,78.667
0 days 02:00:15.330000,BEA,87,76.481,43.0,2.0,,,True,MEDIUM,13.0,True,Haas F1 Team,1,10.0,True,5,Canadian Grand Prix,True,C4,True,-0.589,-0.764,2.271,3.06,0.039,0.051,78.519
0 days 02:01:31.820000,BEA,87,76.49,44.0,2.0,,,False,MEDIUM,14.0,True,Haas F1 Team,1,10.0,True,5,Canadian Grand Prix,True,C4,True,-0.58,-0.753,2.28,3.072,-0.783,-1.013,78.577
0 days 02:03:03.794000,BEA,87,91.974,45.0,2.0,,,False,MEDIUM,15.0,True,Haas F1 Team,167,10.0,False,5,Canadian Grand Prix,True,C4,False,14.904,19.338,17.764,23.937,9.39,11.37,94.109
0 days 02:04:20.646000,BEA,87,76.852,46.0,2.0,,,False,MEDIUM,16.0,True,Haas F1 Team,1,10.0,True,5,Canadian Grand Prix,True,C4,True,-0.218,-0.283,2.642,3.56,-2.374,-2.996,79.036
0 days 02:05:37.341000,BEA,87,76.695,47.0,2.0,,,False,MEDIUM,17.0,True,Haas F1 Team,1,10.0,True,5,Canadian Grand Prix,True,C4,True,-0.375,-0.487,2.485,3.349,-0.095,-0.124,78.927
0 days 02:06:53.933000,BEA,87,76.592,48.0,2.0,,,False,MEDIUM,18.0,True,Haas F1 Team,1,10.0,True,5,Canadian Grand Prix,True,C4,True,-0.478,-0.62,2.382,3.21,0.011,0.014,78.873
0 days 02:08:11.676000,BEA,87,77.743,49.0,2.0,,,False,MEDIUM,19.0,True,Haas F1 Team,1,10.0,True,5,Canadian Grand Prix,True,C4,True,0.673,0.873,3.533,4.761,1.22,1.594,80.072
0 days 02:09:28.257000,BEA,87,76.581,50.0,2.0,,,False,MEDIUM,20.0,True,Haas F1 Team,1,10.0,True,5,Canadian Grand Prix,True,C4,True,-0.489,-0.634,2.371,3.195,0.475,0.624,78.959
0 days 02:11:00.733000,BEA,87,92.476,51.0,2.0,,,False,MEDIUM,21.0,True,Haas F1 Team,16,10.0,False,5,Canadian Grand Prix,True,C4,False,15.406,19.99,18.266,24.614,10.89,13.348,94.902
0 days 02:12:38.919000,BEA,87,98.186,52.0,2.0,,,False,MEDIUM,22.0,True,Haas F1 Team,671,10.0,False,5,Canadian Grand Prix,True,C4,False,21.116,27.398,23.976,32.308,8.65,9.661,100.661
0 days 02:13:56.948000,BEA,87,78.029,53.0,2.0,,,False,MEDIUM,23.0,True,Haas F1 Team,1,10.0,True,5,Canadian Grand Prix,True,C4,True,0.959,1.244,3.819,5.146,-3.595,-4.404,80.553
0 days 02:15:13.860000,BEA,87,76.912,54.0,2.0,,,False,MEDIUM,24.0,True,Haas F1 Team,1,10.0,True,5,Canadian Grand Prix,True,C4,True,-0.158,-0.205,2.702,3.641,-0.468,-0.605,79.484
0 days 02:16:30.348000,BEA,87,76.488,55.0,2.0,,,False,MEDIUM,25.0,True,Haas F1 Team,1,10.0,True,5,Canadian Grand Prix,True,C4,True,-0.582,-0.755,2.278,3.07,-0.06,-0.078,79.109
0 days 02:17:46.641000,BEA,87,76.293,56.0,2.0,,,True,MEDIUM,26.0,True,Haas F1 Team,1,10.0,True,5,Canadian Grand Prix,True,C4,True,-0.777,-1.008,2.083,2.807,0.261,0.343,78.962
0 days 02:19:02.911000,BEA,87,76.27,57.0,2.0,,,True,MEDIUM,27.0,True,Haas F1 Team,1,10.0,True,5,Canadian Grand Prix,True,C4,True,-0.8,-1.038,2.06,2.776,0.144,0.189,78.988
0 days 02:20:20.233000,BEA,87,77.322,58.0,2.0,,,False,MEDIUM,28.0,True,Haas F1 Team,1,10.0,True,5,Canadian Grand Prix,True,C4,True,0.252,0.327,3.112,4.194,0.918,1.202,80.088
0 days 02:21:36.983000,BEA,87,76.75,59.0,2.0,,,False,MEDIUM,29.0,True,Haas F1 Team,1,10.0,True,5,Canadian Grand Prix,True,C4,True,-0.32,-0.415,2.54,3.423,0.602,0.791,79.565
0 days 02:22:53.486000,BEA,87,76.503,60.0,2.0,,,False,MEDIUM,30.0,True,Haas F1 Team,12,10.0,True,5,Canadian Grand Prix,True,C4,False,-0.567,-0.736,2.293,3.09,0.332,0.436,79.366
0 days 02:24:10.058000,BEA,87,76.572,61.0,2.0,,,False,MEDIUM,31.0,True,Haas F1 Team,1,10.0,True,5,Canadian Grand Prix,True,C4,True,-0.498,-0.646,2.362,3.183,0.296,0.388,79.484
0 days 02:25:26.721000,BEA,87,76.663,62.0,2.0,,,False,MEDIUM,32.0,True,Haas F1 Team,1,10.0,True,5,Canadian Grand Prix,True,C4,True,-0.407,-0.528,2.453,3.305,0.32,0.419,79.623
0 days 02:26:43.097000,BEA,87,76.376,63.0,2.0,,,False,MEDIUM,33.0,True,Haas F1 Team,1,10.0,True,5,Canadian Grand Prix,True,C4,True,-0.694,-0.9,2.166,2.919,0.09,0.118,79.385
0 days 02:27:59.099000,BEA,87,76.002,64.0,2.0,,,True,MEDIUM,34.0,True,Haas F1 Team,1,10.0,True,5,Canadian Grand Prix,True,C4,True,-1.068,-1.386,1.792,2.415,-0.309,-0.405,79.059
0 days 02:29:15.288000,BEA,87,76.189,65.0,2.0,,,False,MEDIUM,35.0,True,Haas F1 Team,1,10.0,True,5,Canadian Grand Prix,True,C4,True,-0.881,-1.143,1.979,2.667,-0.132,-0.173,79.295
0 days 02:30:31.303000,BEA,87,76.015,66.0,2.0,,,False,MEDIUM,36.0,True,Haas F1 Team,1,10.0,True,5,Canadian Grand Prix,True,C4,True,-1.055,-1.369,1.805,2.432,-0.493,-0.644,79.169
0 days 02:31:47.351000,BEA,87,76.048,67.0,2.0,,,False,MEDIUM,37.0,True,Haas F1 Team,1,10.0,True,5,Canadian Grand Prix,True,C4,True,-1.022,-1.326,1.838,2.477,0.622,0.825,79.251
